name,N,board_1,solution,score,tier,is_solved
puzzle_1,17,A*A*****AA*AAA*AAAAAA*AAAAAAAA*A*AA*AA*AAA*A**AAA*AAAAAAAA******A**AAA**AAA*AAA*AA*AAA*AAAAAAA***AAA*AAAAA**AAA*A*AAAA**AAA*A*AAAA*AAAAA**AAAAAA*AAAA*AAA*A*AAA*A*AAAA*A*AAA*A*AAAAAAA*AA*AAAAAAA****AAA*AAA**AAA*AAAA*AAA*A*AAAAA*AAA**AA*AAA*AAA**AAA*AAAAA**AAAAAAAAA***A***A*A***AAAAAA*AAAAA,.........x.x.x.x..x.x.x.x..................x..x.x.xx.x.x.x..................x.x.x..x.x.x.x.x..................x.x.x.x...x.x.x..........x.......x..x.x.x...x.x.x..........x.......x.x.x.x....x.x.x.........x........x.x.x.x...x.x.x..........x.......x.x..x.x...x.x.x...........x......x.x.x...x..,866,Expert,True
puzzle_2,17,*A*A*AA***AAAAAAAAAAA*AAA*AA*AA*A**AAAAA**AAAA*AAAA*AAAAAAAAAAA*AAA*AA*AAA*AA**AAA***AA***AAAAA*AAAAA*AAAAA*A*A*AAAAAA*AAAAA*AAAAAA**AA*AAAAA*A**AAAA**AAA***A*AAAA**A*AAAA*A**AAAAAA*A**A***AAAAAAA******AAAAAAAA*AAAAAA*AAAA*A*A*A**AAAAAA*AA*AA*AAAAAAA**AA*A**AAA**AAA*A***AAA*A*AAAAA*AAAAAA,.x.x.......x.x........x.x.x.....x..x.x.......x.x........x.x.x.....x..x.x.......x.x........x.x.x.....x.x.x........x.x.......x.x.x......x.x.x.......x.x........x.x.......x.xx.......x.x.x......x.x.x.........x........x.x.x.x....x.x.x.........xx.......x.x...x.....x.x......x...x.x.....x.x....x..,866,Expert,True
puzzle_3,17,*AAAAAAAAAAAA*A*AAAA***AA*A**A*AAAA*AAAA*AAA*AAAAAAA*A**AAAAA*A*A*A*AAAAAAAAAA*A*A*AAAA*A*AAAAA*A**AAAA*AAAA***A*AAA**AAAAA***AA*AAA*AA*AA*AAAAAAA*AAA****A*AA**AAAAAAA**AA***AAA**AAAAAA*AAAAA****AA*A****AA**AA*A**AAAAAAAAAAA*AA*AA*A*AAAAA*A*AAAA**AAA**AA**AAAA*A*AAA*AAAAAA*A*AAAAAA****A*A,....x...x.x.x....x.x...x........x.....x....x.x.x...x.x....x.......x......x...x.x.x....x.x...x.......x......x...x.x.x....x.x...x.......x......x...x.x.x....x.x...x........x.....x....x.x.x...x.x....x.......x......x...x.x.x..x.x.....x.......x....x.x...x...x....x.....x...x...xx...x.x.......x..,869,Expert,True
puzzle_4,17,AAAAAAA***AA*A*A**A*AA*AA*AAA*AAAAAAAA*AAAA**AAAAA**AAA*AAAAAAAAAAA****AAA**AA*AAA*A**AAAAA*AAAAA***AA*AAAAAA*A*A*AAAAA*AA**AAAAAA*AAAAAAA**AAAA**A*AAAAAAAA*A**AAAA*A***A*A**A*AAAAAA**A*AAA******AAAAAAA**AAA*AAAAAA*AAAAAAA*AAAA*A**A*A*A*A*AA**AAAAAAA*AA*AA***A*AAA**AAA**AAAAAAA*AAAAA*A*AA,...x.x.......x.x..x.....x.x.x........x.x.......x.x..x.....x.x.x........x.x.......x.x..x.....x.x.x........x.x........x.x.x......x.x.x........x.x.......x.xx.x.......x.x........x.x.x.......xx.........x.x.x....x.x.x.x........x.........x.x.x....x...x.x.......xx...x......x.x.....x....x.x.....x.,872,Expert,True
puzzle_5,17,AA*AAAAA**AAA*AAA*AAAA****A*AAAAA*AAAAA*A**A*A**AAA*A*AA*AAA*A*AAA***A*AA*AAAAA***AAA**A*AAAAAAAAAAAAA*AAAA*AA*A**A***AAAA*AAAAA*AAAAAAAAA*A*A*AAA*AAAA*AA*AA***AAA*AAAAAAAAA*A*A*A**AAA*AAAAAA**A*A*AAAAAAAAAAAA*AAA*A*A*A*A*AA*AA*AAAAAA*AAAAA*A*A**AAA*AAAAA*AAA*A*AAA*AA**AAA**AAAA*AAAAAAAA*,.x.x.x.x..................x.x.x.x.x.x.x.x..................x.x.x.x...x..x.x.........x........x.x.x.x....x.x.x.........x........x.x.x.x...x.x.x..........x.......x.x.x.x...x.x.x..........x.......x.x.x.x....x.x...........x.x.....x.x.x.x......x.x.........x.x......x.x.x.x.....x..x.........x.x.,882,Expert,True
puzzle_6,17,A*A*AAAAAAAAAAAA*AAA*AA*A*AAA*AAAAAAAAAA*AAA*AAAA*A*A*A*A*AAAAA**A*AAA*A*AAAAAAAAAAAAAAA**A*AAAAA*A*AAA*AAAA*A***AAAA*A*AA*AAA*AA***AAAA***AAA*AAAAAAAAAAA**AAAAAAA**AA*A*A*AAAAAA**AAA***AA****A*AA****AAAAAAAAAAAA**A*AA**AAAAAA*A*AA*AA*AAA*AA**AAA*AAAAA*A*AAAAA*AAA*AAAAAA*A*A****AAAAAA*A*A,....x.x.x...x.....x........x...x.x...x.x.x....x.....x.......x....x.x...x.x.x...x......x.......x...x.x....x.x.x...x......x.......x...x.x....x.x.x...x.....x........x...x.x...x.x.x....x.....x.......x....x.x...x.x.x...x......x.......x.....x.x..x...x...x.x....x...x...x.....x....x.......x.x...x,882,Expert,True
puzzle_7,17,AA*AAAAA**AAA*AAA*AAAA****A*AAAAA*AAAAA*A**AAA**AAA*A*AA*AAA*A*AAA***A*AA*AAAAA***AAA**A*AAAAAAAAAAAAA*AAAA*AA*A**A***AAAA*AAAAA*AAAAAAAAA*A*A*AAA*AAAA*AAAAA***AAA*AAAAAAAAA*A*A*A**AAA*AAAAAA**A*A*AAAAAAAAAAAA*AAA*A*A*A*A*AA*AA*AAAAAA*AAAAA*A*A**AAA*AAAAA*AAA*A*AAA*AA**AAA**AAAA*AAAAAAAA*,.x.x.x.x..................x.x.x.x.x.x.x.x..................x.x.x.x...x..x.x.........x........x.x.x.x....x.x.x.........x........x.x.x.x...x.x.x..........x.......x.x.x.x...x.x.x..........x.......x.x.x.x....x.x...........x.x.....x.x.x.x......x.x.........x.x......x.x.x.x.....x..x.........x.x.,882,Expert,True
puzzle_8,17,AAA*AAA**AAAAA*AA*AAAAA*A****AAAA*AAA**AAA**A*AAAAA**AAA*A*AAA*AA*A*AAA***AAAAA*AA*A*AAAAAAAAAAAAA*A**A***A**A*AA*AAAA*AAAAAAAAAAAAA*AAAA*AAAA*AAA*A*A*AAAAAAAA*AAA***AAAAAA*AAA**A*A*A*AAAAAAAAAA*A*A**AAAAA*A*A*A*AAA*AAAAAAAA*AAAAAA*AA*AA*AAAAA*AAA**A*A*AAAA**AA*AAA*A*AAA**AAAAAAAA*AAAA**A,.........x.x.x.x..x.x.x.x...................x.x.x.x..x.x.x.x........x.........x.x..x...x.x.x.x........x.........x.x.x....x.x.x.x........x..........x.x.x....x.x.x.x........x..........x.x.x....x.x.x.x......x.x...........x.x.....x.x.x.x......x.x.........x.x......x.x.x.x......x.x.........x..x,883,Expert,True
puzzle_9,17,A*A****AAAAAA*A*AAAAAA*AAA*A*AAAA**AA**AAA**AAAA*A*AAAAA*A*AA*AA*AAAAAAAAAAA**A*AA**AA****A*AA****AAAAA*AAAAAA**AAA***AA**AAAAAAA**AA*A****AAA*AAAAAAA*AA*AA*AAA*AA***AAAAA**AAA*A***AAA**AAAA**A*AAAAA*A*AAAA*A*A*AAAAAAAAAA*A*A*A*AAAAA**A*AAAAAAA*AAA*AAAA*AAAA*A**A*AA***AAAA*A*AAAAAAAAAAAA*,..x.......x.x...xx...x...x.....x....x...x...x.x....x.......x.....x.x..x.x.x...x......x.......x....x.x...x.x.x....x.....x........x...x.x....x.x.x...x......x.......x...x.x....x.x.x...x......x.......x...x.x....x.x.x...x......x.......x....x.x...x.x.x....x.....x........x...x.x....x.x.x...x....,889,Expert,True
puzzle_10,17,A*A****AAAAAA*A*AAAAAA*AAA*A*AAAA**AA**AAA**AAAA*A*AAAAA*A*AA*AA*AAAAAAAAAAA**A*AA**AA****A*AA****AAAAA*AAAAAA**AAA***AA**AAAAAAA**AA*A****AAA*AAAAAAA*AA*AA*AAA*AA***AAAAA**AAA*A***AAAA*AAAA**A*AAAAA*A*AAAA*A*A*AAAAAAAAAA*A*A*A*AAAAA**A*AAAAAAA*AAA*AAAA*AAAA*A**A*AA**AAAAA*A*AAAAAAAAAAAA*,..x.......x.x...xx...x...x.....x....x...x...x.x....x.......x.....x.x..x.x.x...x......x.......x....x.x...x.x.x....x.....x........x...x.x....x.x.x...x......x.......x...x.x....x.x.x...x......x.......x...x.x....x.x.x...x......x.......x....x.x...x.x.x....x.....x........x...x.x....x.x.x...x....,891,Expert,True
puzzle_11,17,AAA*AAA**AAAAA*AA*AAAAA*A****AAAA*AAA**A*A**A*AAAAA**AAA*A*AAA*AA*A*AAA***AAAAA*AA*A*A*AAAAAAAAAAA*A**A******A*AA*AAAA*AAAAAAA*AAAAA*AAAA*AAAA*AAA*A*A*AAAAAAAA*AAA***A**AAA*AAA**A*A*A*AAAA*AAAAA*A*A**AAAAA*A*A*A*AAA*AAAAAAAA*AAAAAA*AA*AA*AAAAA*AA***A*A*AAAA**AA*AAA*A*AAA**AAAAAAAA*AAAA**A,.........x.x.x.x..x.x.x.x...................x.x.x.x..x.x.x.x........x.........x.x..x...x.x.x.x........x.........x.x.x....x.x.x.x........x..........x.x.x....x.x.x.x........x..........x.x.x....x.x.x.x......x.x...........x.x.....x.x.x.x......x.x.........x.x......x.x.x.x......x.x.........x..x,891,Expert,True
puzzle_12,17,AAA*AAA**AAAAA*AA*AAAAA*A****AAAA*AAA**A*A**A*AAAAA**AAA*A*AAA*AA*A*AAA***AAAAA*AA*A*A*AAAAAAAAAAA*A**A******A*AA*AAAA*AAAAAAA*AAAAA*AAAA*AAAA*AAA*A*A*AAAAAAAA*AAA***AA*AAA*AAA**A*A*A*AAAA*AAAAA*A*A**AAAAA*A*A*A*AAA*AAAAAAAA*AAAAAA*AA*AA*AAAAA*AA***A*A*AAAA**AA*AAA*A*AAA**AAAAAAAA*AAAA**A,.........x.x.x.x..x.x.x.x...................x.x.x.x..x.x.x.x........x.........x.x..x...x.x.x.x........x.........x.x.x....x.x.x.x........x..........x.x.x....x.x.x.x........x..........x.x.x....x.x.x.x......x.x...........x.x.....x.x.x.x......x.x.........x.x......x.x.x.x......x.x.........x..x,892,Expert,True
puzzle_13,17,A**AAAA*AAAAAAAA**AAA*A*AAA*AA**AAAA*A*A**AAA*AAAAA*AA*AA*AAAAAA*AAAAAAAA*AAA*A*A*A*AAAAA**A*A*AAAAA*AAAA*A*A*A**AAA*AAA*AA***AAA*AAAAAAAA*A*A*AAA*AAAA*AAAA*AAAAA*AAAAAAA*AAAA*AA*A******A**A*AAAAAAAAAAA*A*A*AA*AAAAA***AAA*A*AA*AAA*A*AAA**AAAAA*A**A*A**AAA*AAAA****A*AAAAA*AA*AAAAA**AAA*AAA,x..x.........x.x......x.x.x.x......x.x.........x.x......x.x.x.x.....x.x...........x.x......x.x.x.x....x.x.x..........x........x.x.x.x....x.x.x..........x........x.x.x.x....x.x.x.........x........x.x.x.x...x..x.x.........x........x.x.x.x..x.x.x.x...................x.x.x.x..x.x.x.x.........,892,Expert,True
puzzle_14,17,A*A*AAAAAA****A*A*AAAAAA*AAA*AAAAA*A*AAAAA*AAA**AA*AAA*AA*AA*A*AAAAAA**AA*A**AAAAAAAAAAAA****AA*A****AA***AAA**AAAAAA*A*A*AA**AAAAAAA**AAAAAAAAAAA*AAA***AAAA***AA*AAA*AA*A*AAAA***A*AAA**AAA*A*AAAAA*A**AAAAAAAAAAAAAAA*A*AAA*A**AAAAA*A*A*A*A*AAAA*AAA*AAAAAAAAAA**AA*A**A*AAA*AAAAAAAAAAAA*A*A,x...x.x.......x....x.....x...x...x....x.x...x...x..x.x.....x.......x......x...x.x.x...x.x....x.......x.....x....x.x.x...x.x...x........x.....x...x.x.x....x.x...x.......x......x...x.x.x....x.x...x.......x......x...x.x.x...x.x....x.......x.....x....x.x.x...x.x...x........x.....x...x.x.x....,892,Expert,True
puzzle_15,17,AA*AAAAA**AAA*AAA*AAAA****A*AAAAA*AAAAA*A**A*A**AAA*A*AA*AAA*A*AAA***A*AA*AAAAA***AAA**A*AAAAAAAAAAAAA*AAAA*AA*A**A***AAAA*AAAAA*AAAAAAAAA*A*A*AAA*AAAA*AA*AA***AAA*AAAAAAAAA*A*A*A**AAA*AAAAAA**A*A*AAAAA*AAAAAA*AAA*A*A*A*A*AA*AA*AAAAAA*AAAAA*A*A**AAA*AAAAA*AAA*A*AAA*AA**AAA**AAAA*AAAAAAAA*,.x.x.x.x..................x.x.x.x.x.x.x.x..................x.x.x.x...x..x.x.........x........x.x.x.x....x.x.x.........x........x.x.x.x...x.x.x..........x.......x.x.x.x...x.x.x..........x.......x.x.x.x....x.x...........x.x.....x.x.x.x......x.x.........x.x......x.x.x.x.....x..x.........x.x.,892,Expert,True
puzzle_16,17,AA*AAA*AA*****A*AA*A*AAAAAAAA*AAAAA*AAA**A*AAA*AA*AA**A******A*AAAAAAA*AA*AAA*AAA**AAA*AAA***AAAAAAA*A*AA*A*A*AAA**AAAAAAAAA*AAAA*A*AAA*AAA*AAAA*AAAAAA**A*A*AAAA*A*AAA*A*A*AA*AAAAAAA*A*AAAA**AAA****AAAAAA*A*AAA*AAAA*AAA**AAA*AA**AAA*AAAAA**AAAAA*AAA**AAA*A***A***AAAAAAAAAAAAAA*AAAAAA***A*,.x.x.x.x..................x.x.x.x.x.x.x..x...................x.x.x.x.x..x.x.x..................x.x.x.x..x.x.x.x........x..........x.x.x...x.x.x..x.......x..........x.x.x....x.x.x.x........x.........x.x.x....x.x.x.x........x..........x.x.x...x.x..x.x......x...........x.x.x..x...x.x.x......,901,Expert,True
puzzle_17,17,A*A*****AA*AAA*AAAAAA*AAAAAAAA*A*AA*AA*AAA*A**AAA*AAAAAA*A******A**AAA**AAA*AAA*AA*AAA*AAAAAAA***AAA*AAAAA**AAA*A*A*AA**AAA*A*AAAA*AAAAA**AAAAAA*AAAA*AAA*A*AAA*A*AAAA*A*AAA*A*AAAAAAA*AA*AAAAAAA****AAA*AAA**AAA*AAAA*AAA*A*AAAAA*AAA**AA*AAA*AAA**AAA*AAAAA**AAAAAAAAA***A***A*A***AAAAAA*AAAAA,.........x.x.x.x..x.x.x.x..................x..x.x.xx.x.x.x..................x.x.x..x.x.x.x.x..................x.x.x.x...x.x.x..........x.......x..x.x.x...x.x.x..........x.......x.x.x.x....x.x.x.........x........x.x.x.x...x.x.x..........x.......x.x..x.x...x.x.x...........x......x.x.x...x..,921,Expert,True
puzzle_18,17,AAAAAA*AAAAA*A*AAA***A*AAA*AAAA**A*AAA*AAAAAAAAAA*AA*AAAAAA**A*AAAAAAAA*AAAAAA*AAAAAAAA****A*AAAAAAA***A**A*AAAAAAA*A*AAAA*A**AAAA*A***AAA**AAAA**A*AAAAA*AA**AAAAAA*AAAAA*AAAAAA*A*AAAAAAA*AAAAA*AAAAA***AA***AAA**AA*AAA*AA*AAA*AAAAAAAAAAA*AAAA*AAAA**AAAAA**A*AA*AA*AAA*AAAAAAAAAAA***AA*A*A*,..x....x.x.....x.x...x......x.x.....x...x.x.......xx.........x.x.x....x.x.x.x........x.........x.x.x......x.x.x.......xx.x.......x.x........x.x.......x.x.x......x.x.x.......x.x........x.x.x.....x.x.x........x.x.......x.x..x.....x.x.x........x.x.......x.x..x.....x.x.x........x.x.......x.x.,950,Expert,True
puzzle_19,17,AAAAA*AAAAAAA**A*A***A***AAAAAAAAA**AAAAA*AAA**AAA*AAA*AA**AAA*AAAAA*A*AAAAAAAA*AAA**AAA*AAA****AAAAAAA*AA*AAAAAAA*A*AAA*A*AAAA*A*AAA*A*AAA*AAAA*AAAAAA**AAAAA*AAAA*A*AAA**AAAA*A*AAA**AAAAA*AAA***AAAAAAA*AAA*AA*AAA*AAA**AAA**A******AAAAAAAA*AAA**A*AAA*AA*AA*A*AAAAAAAA*AAAAAA*AAA*AA*****A*A,..x...x.x.x......x...........x.x.x...x.x..x.x.......x..........x.x.x...x.x.x.x........x.........x.x.x....x.x.x.x.......x..........x.x.x...x.x.x..x.......x..........x.x.x...x.x.x.x..................x.x.x.x.x..x.x.x..................x.x.x.xx.x.x..x..................x.x.x.x..x.x.x.x.........,957,Expert,True
puzzle_20,17,AAAAAAA***AA*A*A**A*AA*AA*AAA*AAAAAAAA*AAAA**AAAAA**AAA*AAAAAAAAAAA****AAA**AA*AAA*AA*AAAAA*AAAAA***AA*AAAAAA*A*A*AAAAA*AA**AAAAAA*AAAAAAA**AAAA**A*AAAAAAAA*A**AAAA*A***A*A**A*AAAAAAA*A*AAA******AAAAAAA**AAA*AAAAAA*AAAAAAA*AAAAAA**A*A*A*A*AAA*AAAAAAA*AA*AA***A*AAA**AAA**AAAAAAA*AAAAA*A*AA,...x.x.......x.x..x.....x.x.x........x.x.......x.x..x.....x.x.x........x.x.......x.x..x.....x.x.x........x.x........x.x.x......x.x.x........x.x.......x.xx.x.......x.x........x.x.x.......xx.........x.x.x....x.x.x.x........x.........x.x.x....x...x.x.......xx...x......x.x.....x....x.x.....x.,957,Expert,True
puzzle_21,17,*A**AAAAAAA*AAAAAAAAAAAAAA***AA**A*AAA**AAA*AAAAA**AAAAA*AAA**AA*AAA**AAA*AAAAAAAA*A*AAAAAAA***AAA*AAAAA*A*AAAAAAA*AAAA*A*AAA*A*AAAA*A*A**AAAAAA*AAAA*AAA*AAA*A*AAAA*AAAAAAAAA**AAA*A*AAAA*A*AAAAAAA***AAA*AAA**AAA*AAA*AA*AAAAAAAAA******AA*AA*AA*AAA*A**AAA*AAAAA*AAAAAAAA*A*AA*A*****AA*AAA*AA,......x.x.x...x..x.x.x...........x......x.x..x.x...x.x.x..........x........x.x.x.x....x.x.x.........x........x.x.x.x....x.x.x..........x.......x..x.x.x...x.x.x..........x........x.x.x.x..x.x.x.x..................x.x.x..x.x.x.x.x...................x..x.x.x.x.x.x.x..................x.x.x.x.,959,Expert,True
puzzle_22,17,A*A*****AA*AAA*AAAAAA*AAAAAAAA*A*AA*AA*AAA*A**AAA*AAAAAAAA******AA*AAA**AAA*AAA*AA*AAA*AAAAAAA***AAA*AAAAA**AAA*A*AAAA**AAA*A*AAAA*AAAAA**AAAAAA*AAAA*AAA*A*AAA*A*AAAA*A*AAA*A*AAAAAAA*AAAAAAAAAAA***AAA*AAA**AAA*AAAAAAAA*A*AAAAA*AAA**AAAAAA*AAA**AAA*AAAAA**AAAAAAAAA***AA**A*A**AAAAAAA*AAAAA,.........x.x.x.x..x.x.x.x..................x..x.x.xx.x.x.x..................x.x.x..x.x.x.x.x..................x.x.x.x...x.x.x..........x.......x..x.x.x...x.x.x..........x.......x.x.x.x....x.x.x.........x........x.x.x.x...x.x.x..........x.......x.x..x.x...x.x.x...........x......x.x.x...x..,959,Expert,True
puzzle_23,17,*A*A*AA***AAAAAAAAAAA*AAA*AA*AA*A**AAAAA**AAAA*AAAA*AAAAAAAAAAA*AAA*AA*AAA*AA**AAA***AA***AAAAA*AAAAA*AAAAA*A*A*AAAAAA*AAAAA*AAAAAA**AA*AAAAA*A**AAAA**AAA***A*AAAA**A*AAAA*A*AAAAAAA*A**A***AAAAAAA******AAAAAAAA*AAAAAA*AAAAAA*A*A**AAAAAA*AA*AA*AAAAAAA*AAA*A**AAA**AAA*A***AAA*A*AAAAA*AAAAAA,.x.x.......x.x........x.x.x.....x..x.x.......x.x........x.x.x.....x..x.x.......x.x........x.x.x.....x.x.x........x.x.......x.x.x......x.x.x.......x.x........x.x.......x.xx.......x.x.x......x.x.x.........x........x.x.x.x....x.x.x.........xx.......x.x...x.....x.x......x...x.x.....x.x....x..,967,Expert,True
puzzle_24,17,AAAAAAA***AA*A*A**A*AA*AA*AAA*AAAAAAAA*AAAA**AAAAA**AAA*AAAAAAAAAAA****AAA**AA*AAA*AA*AAAAA*AAAAA***AA*AAAAAA*A*A*AAAAA*AA**AAAAAA*AAAAAAA**AAAA**A*AAAAAAAA*A**AAAA*A***A*A**A*AAAAAAA*A*AAA******AAAAAAA**AAA*AAAAAA*AAAAAAA*AAAAAA**A*A*AAA*AAA*AAAAAAA*AA*AA***A*AAA*AAAA**AAAAAAA*AAAAA*A*AA,...x.x.......x.x..x.....x.x.x........x.x.......x.x..x.....x.x.x........x.x.......x.x..x.....x.x.x........x.x........x.x.x......x.x.x........x.x.......x.xx.x.......x.x........x.x.x.......xx.........x.x.x....x.x.x.x........x.........x.x.x....x...x.x.......xx...x......x.x.....x....x.x.....x.,967,Expert,True
puzzle_25,17,AA*AAA*AA*****A*AA*A*AAAAAAAA*AAAAA*AAA**A*AAA*AA*AA*AA******AAAAAAAAA*AA*AAA*AAA**AAA*AAA***AAAAAAA*A*AAAA*A*AAA**AAAAAAAAA*AAAA*A*AAA*AAA*AAAA*AAAAAA**A*A*AAAA*A*AAA*A*AAAA*AAAAAAA*A*AAAAA*AAA***AAAAAAA*AAAAAAAAAA*AAA**AAAAAA**AAA*AAAAA**AAAAA*AAA**AAA*A**AA***AAAAAAAAAAAAAA*AAAAAAA**A*,.x.x.x.x..................x.x.x.x.x.x.x..x...................x.x.x.x.x..x.x.x..................x.x.x.x..x.x.x.x........x..........x.x.x...x.x.x..x.......x..........x.x.x....x.x.x.x........x.........x.x.x....x.x.x.x........x..........x.x.x...x.x..x.x......x...........x.x.x..x...x.x.x......,969,Expert,True
puzzle_26,17,*A**AAAAAAA*AAAAAAAAAAAAAA***AA**A*AAA**AAA*AAAAA**AAAAAAAAA**AAAAAA**AAA*AAAAAAAAAA*AAAAAAA***AAA*AAAAA*A*AAAAAAA*AAAA*A*AAA*A*AAAA*A*A**AAAAAA*AAAA*AAA*AAA*A*AAAA*AAAAAAAAA**AAA*AAAAAA*A*AAAAAAA***AAA*AAA**AAA*AAA*AA*AAAAAAAAA******AA*AA*AA*AAA*A**AAA*AAAAA*AAAAAAAA*A*AA*A*****AA*AAA*AA,......x.x.x...x..x.x.x...........x......x.x..x.x...x.x.x..........x........x.x.x.x....x.x.x.........x........x.x.x.x....x.x.x..........x.......x..x.x.x...x.x.x..........x........x.x.x.x..x.x.x.x..................x.x.x..x.x.x.x.x...................x..x.x.x.x.x.x.x..................x.x.x.x.,1089,Expert,True
puzzle_27,17,*A*A*AA***AAAAAAAAAAA*AAA*AA*AA*A**AAAAA**AAAA*AAAA*AAAAAAAAAAA*AAA*AA*AAA*AA**AAA***AA*A*AAAAA*AAAAA*AAAAAAA*A*AAAAAA*AAAAA*AAAAAA**AA*AAAAA*A**AAAA**AAA**AA*AAAA**A*AAAA*A*AAAAAAA*A**A***AAAAAAA*A****AAAAAAAA*AAAAAA*AAAAAAAA*A**AAAAAA*AA*AAAAAAAAAA*AAA*A**AAAA*AAA*A***AAA*A*AAAAA*AAAAAA,.x.x.......x.x........x.x.x.....x..x.x.......x.x........x.x.x.....x..x.x.......x.x........x.x.x.....x.x.x........x.x.......x.x.x......x.x.x.......x.x........x.x.......x.xx.......x.x.x......x.x.x.........x........x.x.x.x....x.x.x.........xx.......x.x...x.....x.x......x...x.x.....x.x....x..,1089,Expert,True
puzzle_28,17,AA*AAA*AA*****A*AA*A*AAAAAAAA*AAAAA*AAA**A*AAA*AA*AA*AA******AAAAAAAAA*AA*AAA*AAA**AAA*AAA***AAAAAAA*A*AAAAAA*AAA**AAAAAAAAA*AAAA*A*AAA*AAA*AAAA*AAAAAA**A*A*AAAA*A*AAA*A*AAAA*AAAAAAA*A*AAAAA*AAA*A*AAAAAAA*AAAAAAAAAA*AAA**AAAAAA*AAAAAAAAAA**AAAAA*AAA**AAA*A**AA***AAAAAAAAAAAAAA*AAAAAAA**A*,.x.x.x.x..................x.x.x.x.x.x.x..x...................x.x.x.x.x..x.x.x..................x.x.x.x..x.x.x.x........x..........x.x.x...x.x.x..x.......x..........x.x.x....x.x.x.x........x.........x.x.x....x.x.x.x........x..........x.x.x...x.x..x.x......x...........x.x.x..x...x.x.x......,1089,Expert,True
puzzle_29,17,*A*A*AA***AAAAAAAAAAA*AAA*AA*AA*A**AAAAA**AAAAAAAAA*AAAAAAAAAAA*AAA*AA*AAA*AA**AAA***AA*A*AAAAA*AAAAA*AAAAAAA*A*AAAAAA*AAAAA*AAAAAA**AA*AAAAAAA**AAAA**AAA**AA*AAAA**A*AAAA*A*AAAAAAA*A**A***AAAAAAA*A****AAAAAAAA*AAAAAA*AAAAAAAA*A**AAAAAA*AA*AAAAAAAAAA*AAA*A**AAAA*AAA*A***AAA*A*AAAAA*AAAAAA,.x.x.......x.x........x.x.x.....x..x.x.......x.x........x.x.x.....x..x.x.......x.x........x.x.x.....x.x.x........x.x.......x.x.x......x.x.x.......x.x........x.x.......x.xx.......x.x.x......x.x.x.........x........x.x.x.x....x.x.x.........xx.......x.x...x.....x.x......x...x.x.....x.x....x..,1089,Expert,True
puzzle_30,17,*AA*A*AA*A*AA*AAAAAAAAAAA*AAA*AAAA*AA*AAAAAA*AA**AAAAAAAA**A**AAAAAAAA*AA*AAAAAAAAAAAAAAA*AAA*AAAAAAAAA*AAAAAAAAAAAAA***AAAAAA*AAAA*AAAAAAA*A*A*A*AAAAA**AAAAAAA*A*AAA*A*AAAA**AA*AAAAAAAA*AAA*A*AAA**AAAAAAAA*AAAAAAA*A*AA*AA*AAA***AAAAAA*AAAAA***AA*AAA*AAAAAA**A**AAAA*AAAAA*AAAAA*AAAAA**AA*,.x.....x.x.x........x.x.......x.x..x.....x.x.x........x.x.......x.x..x.....x.x.x........x.x.......x.x.x......x.x.x.......x.x........x.x.x.....x.x.x........x.x.......x...x......x.x.x...x....x.x.......x...xx.....x.x.....x......x.....x.x...xx.x...x.......x..........x.x.x...x.x.x.x........x..,1139,Expert,True
puzzle_31,17,AAAAAAAAAAAAAA*A*AA*AAAA*AAAAAAAAAAAA*AAA*AAAAAAAA**AAAAAA**AA*AA**AAAA*AAAAAAAAA*AAAAAAAAAA***AAA*AAAA*AAAAAAA*AAAAAA*AAA*AA*AAAAAA***AAAAAA**AA***AAAAAAAAAAAAAAAAAAAAAAAA*A*AAAA*AA*AA*AA**AAA*AAAA**AAAAAAA**AAA*AAA*AAAAAA*A*AAAAAAA*A**A*AA***AAAAAAAAAAAAAAA*A*AAAAA***AAAAA*AA*A*AAAAA*AA,..x...x.x......x.x...x.....x.x......x...x.x.....x......x.....x.x...xx.....x.x.....x....x.x.....x.....xx.....x.....x.x....x.x...x.x......x...........x.x.x...x.x.x.x........x.........x.x..x...x.x.x.x........x.........x.x.x....x.x.x.x........x.........x.x.x....x.x.x.x........x.........x.x.x.,1139,Expert,True
puzzle_32,17,AAAAAAAAA*AAA*A*A**A**AA**AAAAA*AAAA*AAAAAAA*AA*AAAAAA*AAAAAAAAAAAAAA*AAAAAA****AAAAAAAA**AA**AAAAAAA**AAAAA*AAAAAAAA**A*AAAAAA**A*A*A*A*AAAAAA*AAAAAAAAAAAAAA*AAAAAA**AAA*AAAAA*AAAAAA*A*AAAAAAAAA**AA*AAAAAAAA*A*AAAA*AAAA*AAA**AAA*AA**AAAAAAAAAAAAAAAAAA*A*AAA**AAAAAAA**AAAA*AAA*AAAA*AAAA**,.x.x.x.x..................x.x.x.x..x.x.x.x..................x.x.x.x.x.x..x.x..................x.x.x.x..x.x.x.x...................x.x.x.x..x.x.x.x........x.........x...x.x..x.x...x...x....x.....x.......x.x...x....x.x.x.....x....x.......x.x....x...x.x.x....x.x...x........x.....x....x.x.x...,1147,Expert,True
puzzle_33,17,AAAAAA*A*A*AAAA*A*AAAAAAAA*AA*AAAAAAAAAAAAAAAAAA*AAA*A*AAAAAAA*A*A*AA*A**AAAAAA*AAA*A*AAAAAA*AAAAAAAAAAAAA*A*AAA*AAAAAAAAAAAAAA*AA*AAA*AAAA*A*AAA*A**AA*AAAAAA*AAA*AA*AAA**AAAAAAAAAAA*A*AAAAA**AAAA*AA*AAAAA*A*A*A*AAAAAAAAAA*AAAA**A*AAAA*A*AA*AAAAAAAAAAAA*A*AAAAA*AA**AAAAA**A*A*AAAAA**AAAAA,.x...x.x....x.......x......x...x.x.x....x.x...x........x.....x...x.xx.x...x.x..................x.x.x.x.x.x.x..x..................x.x.x.x..x.x.x.x........x..........x.x.x...x.x..x.x.......x..........x.x.x...x.x.x..x.......x..........x.x.x....x.x.x.x........x.........x.x.x....x.x.x.x.......,1157,Expert,True
puzzle_34,17,A*A*AAAAAA****A*A*AAAAAAAAAA*AAAAA*A*AAAAA*AAA**AA*AAA*AA*AAAA*AAAAAA**AAAA**AAAAAAAAAAAA****AAAA****AA***AAA**AAAAAA*A*A*AA**AAAAAAA**AAAAAAAAAAA*AAA***AAAA*A*AAAAAA*AA*A*AAAA***A*AAAA*AAA*A*AAAAA*A**AAAAAAAAAAAAAAA*A*AAA*A**AAAAA*A*A*A*A*AAAA*AAA*AAAAAAAAAA*AAA*A*AA*AAA*AAAAAAAAAAAA*A*A,x...x.x.......x....x.....x...x...x....x.x...x...x..x.x.....x.......x......x...x.x.x...x.x....x.......x.....x....x.x.x...x.x...x........x.....x...x.x.x....x.x...x.......x......x...x.x.x....x.x...x.......x......x...x.x.x...x.x....x.......x.....x....x.x.x...x.x...x........x.....x...x.x.x....,1167,Expert,True
puzzle_35,17,AA*AAAAA**AAA*AAA*AAAA****A*AAAAA*AAAAA*A**AAA**AAA*A*AA*AAA*A*AAA***A*AA*AAAAA***AAA**A*AAAAAAAAAAAAA*AAAAAAA*A**A***AAAA*AAAAAAAAAAAAAAA*A*A*AAA*AAAA*AAAAA***AAA*AAAAAAAAA*A*A*A**AAA*AAAAAA**A*A*AAAAAAAAAAAA*AAA*A*A*A*A*AA*AA*AAAAAA*AAAAA*A*A**AAA*AAAAA*AAA*A*AAA*AA**AAA**AAAA*AAAAAAAA*,.x.x.x.x..................x.x.x.x.x.x.x.x..................x.x.x.x...x..x.x.........x........x.x.x.x....x.x.x.........x........x.x.x.x...x.x.x..........x.......x.x.x.x...x.x.x..........x.......x.x.x.x....x.x...........x.x.....x.x.x.x......x.x.........x.x......x.x.x.x.....x..x.........x.x.,1216,Expert,True
puzzle_36,17,AA*AAAAA**AAA*AAA*AAAA****A*AAAAA*AAAAA*A**AAA**AAA*A*AA*AAA*A*AAA***A*AA*AAAAA***AAA**A*AAAAAAAAAAAAA*AAAAAAA*A**A***AAAAAAAAAAAAAAAAAAAA*A*A*AAA*AAAA*AAAAA***AAA*AAAAAAAAA*A*A*A**AAA*AAAAAA**A*A*AAAAAAAAAAAA*AAA*A*A*A*A*AA*AA*AAAAAA*AAAAA*A*A**AAA*AAAAA*AAA*A*AAA*AA**AAA**AAAA*AAAAAAAA*,.x.x.x.x..................x.x.x.x.x.x.x.x..................x.x.x.x...x..x.x.........x........x.x.x.x....x.x.x.........x........x.x.x.x...x.x.x..........x.......x.x.x.x...x.x.x..........x.......x.x.x.x....x.x...........x.x.....x.x.x.x......x.x.........x.x......x.x.x.x.....x..x.........x.x.,1216,Expert,True
puzzle_37,17,A*A****AAAAAA*A*AAAAAA*AAAAAAAAAA**AA**AAA*AAAAA*A*AAAAA*AAAA*AA*AAAAAAAAAAA**AAAA**AA****AAAA****AAAAA*AAAAAA**AAA***AA**AAAAAAA**AA*A****AAA*AAAAAAAAAA*AA*AAAAAA***AAAAA*AAAA*A***AAAA*AAAA**A*AAAAA*A*AAAA*A*AAAAAAAAAAAA*A*A*A*AAAAA**A*AAAAAAA*AAA*AAAA*AAAA*AA*A*AAA*AAAAA*A*AAAAAAAAAAAA*,..x.......x.x...xx...x...x.....x....x...x...x.x....x.......x.....x.x..x.x.x...x......x.......x....x.x...x.x.x....x.....x........x...x.x....x.x.x...x......x.......x...x.x....x.x.x...x......x.......x...x.x....x.x.x...x......x.......x....x.x...x.x.x....x.....x........x...x.x....x.x.x...x....,1216,Expert,True
puzzle_38,17,A*AAA*AAAA*AAAA**AAA**AAAAAAA**AAAAAAAAAAAAAAAAA*A*AAA**AAA*AA**AAAAAAAA*A*AAAA*AAAA*AAAAAAAA**AA*AAAA*AAAAA*AAAAAA*A*AAAAAA*A*AAAA**AAA*AAAAAA*AAAAAAAAAA*AAAAAA**A*A*A*A*AAAAA*AAAAAAAA**AAA**AA**AAAAAAA*A*AAAAAA****AAAAAA*A*AAAAAAAAAAAAAAA*AAAAAAA*AA*AAA**A**AA**AAAAA*AAAAAAAAAAA*AAA*A*A,....x....x.x.x...x.x...x........x.....x...x.x.x.....x....x.......x.x...x....x.x.x....x.....x.......x.x..x.x...x...x....x.........x...x.x..x.x.x.x..................x.x.x.x.x.x.x.x..................x.x.x.x.x.x..x.x..................x.x.x.x..x.x.x.x..................x.x.x.x..x.x.x.x.........,1216,Expert,True
puzzle_39,17,*A*A*AAAAA**AAAAA*AAAAA*AA**AAAAA*AA*AAAAAAAAAAAA*AA*AAAA**A*AAAA*A*A*A*A*A*AAAAAAAAAAAA**AAAA*AA*AAAA*AAAAAAAAAAA*A*AAAAAAA*AAA*AA*AAA*AAA*A*AAA*A**AA*AAAAAAAA**AA*AAA*AAAAA*A*AAA*AAAAAA*AAAAAA*AAAAAAAAAA*A**AAAAAA*AAA*AA*A*AAAAAAA*A*A*AAAAAAAAAAAAAAA*AA*AAAAAAAA*AA*AA*AAAAAAA*A*A*AAAA*A,...x.x.x.x........x.........x.x.x....x.x.x.x.......x..........x.x.x...x.x.x..x.......x..........x.x.x...x.x..x.x.......x..........x.x.x...x.x.x.x..................x.x.x.x.x.x.x..x..................x.x.x.xx.x...x.x............x.....x...x.x.x....x.x...x.......x......x...x.x.x...x.x....x....,1216,Expert,True
puzzle_40,17,A*A****AAAAAA*A*AAAAAA*AAAAAAAAAA**AA**AAA*AAAAA*A*AAAAA*AAAA*AA*AAAAAAAAAAA**AAAA**AA****AAAA****AAAAA*AAAAAA**AAA***AA**AAAAAAA**AA*A*A*AAAA*AAAAAAAAAA*AA*AAAAAA*A*AAAAA*AAAA*A***AAAA*AAAA**A*AAAAA*A*AAAA*A*AAAAAAAAAAAA*A*A*A*AAAAA**A*AAAAAAA*AAA*AAAA*AAAA*AA*A*AAA*AAAAA*A*AAAAAAAAAAAA*,..x.......x.x...xx...x...x.....x....x...x...x.x....x.......x.....x.x..x.x.x...x......x.......x....x.x...x.x.x....x.....x........x...x.x....x.x.x...x......x.......x...x.x....x.x.x...x......x.......x...x.x....x.x.x...x......x.......x....x.x...x.x.x....x.....x........x...x.x....x.x.x...x....,1255,Expert,True
puzzle_41,17,AAAA*A**A*A**A*A*AA***A*AAAAAAA*AAA*A*AAA*A*AAAAAAAAA*AAAAAAAAAAAAAAAAAAAAAA*AAAAAAA*AAAA****AAAAA*AAAAAA*AAA*AAA*A*AAAAA*AA**AAAAAAAA**A*AAAAAAAA*AAAAAA*AAAA*A*A*AAAA*AAAAAAAAAAAAA*AA*AA*AAA**AAAA*AAAAAAAA*AAAAAAAA*AAAAA**AAAA**AAAAAAA*A*AAAAA*AAAAAAAAAAA*AA*AAA*AAAAAA*AAAAAAA*AAAAA*AAAA,.x.x.x.......x..........x.x.x....xx.x.x.........x..........x.x.x...x.x.x..x.......x..........x.x.x...x..x.x.x.......x..x.......x.x.x........x.x.......x.x..x.....x.x.x....x...x.x........x...x......x.x.x...x....x.x.......x....x.....x.x.x....x...x.x.......x....x.....x.x.x....x...x.x.......x.,1259,Expert,True
puzzle_42,17,A*AAAA*A*A*AAAAAAA*A**AA*AAAAAAAA*AA*AAAAAAAAAAAAAAA*A*A*AAA*AAA*A*AA*AAA*AAAAAA**A*AAAAAAAAAA*AAAAAA*AAAAAA*AAA*A*AAAAA*AAA*AA**AAAAAAAA*AA**A*AAA*A*AAA*AAA*AA*AAA*AAAAAAA*A*AAAAAAAAAAA*AAAA*AA**AAA**AAAAAAAAAAAA*A*A*A*A*A*AAAA*A**AAAA*AA*AAAAAAAAAAAA*AA*AAAAA**AA*AAAAA*AAAAA**AAAAA*A*A*,....x....x.x...x.x.x...x......x.......x...x.x....x.x.x...x.....x............x.x...x.xx.x.x.x..................x..x.x.x.x.x.x.x..................x.x.x.x...x.x.x..........x.......x.x..x.x...x.x.x..........x.......x..x.x.x...x.x.x..........x.......x.x.x.x....x.x.x.........x........x.x.x.x...,1287,Expert,True
puzzle_43,17,AAAAAAAAA*AAA*A*A**A**AA**AAAAA*AAAA*AAAAAAA*AA*AAAA*A*AAAAAAAAAAAAAA*AAAAAA****AAAAAAAA**AA**AAAAAAA**AAAAA*AAAAAAAA**A*AAAAAA**A*A*A*A*AAAAAA*AAA*AAAAAAAAAA*A*AAAA**AAA*AAAAA*AAAAAA*A*AAAAAAAAA**AA*AAAAAAAA*A*AAAA*AAAA*AAA**AAA*AA**AAAAAAAAAAAAAAAAAA*A*AAA**AAAAAAA**AAAA*AAA*AAAA*AAAA**,.x.x.x.x..................x.x.x.x..x.x.x.x..................x.x.x.x.x.x..x.x..................x.x.x.x..x.x.x.x...................x.x.x.x..x.x.x.x........x.........x...x.x..x.x...x...x....x.....x.......x.x...x....x.x.x.....x....x.......x.x....x...x.x.x....x.x...x........x.....x....x.x.x...,1287,Expert,True
puzzle_44,17,A*AAA*AAA*AAAAA*A*AA*AAAAAAAA*AA**AAAAAAAA*AA*AAAA*AAAAAAAAAAAA*AAAAAAAAAA*AAAAAAAAAAA*AAAAAA*A*A***AAAAAAAAAAAA*AAA*A*A*AAA*AAAAAAAA*AA*AAAAAAA*****AA*A*A*AAAAAA*AAAAAAAAAA*AAAAA**AA*AAAAA*AAAA*AAAAAAAA*AAAA*AAAAAA*A*AAAAAAA*AAAA*A*AAAAA*AAA*AAAAAA**AA*AAAAA*AAAAAA*A**AAAAAAAAAAAAAAAAAA*,...x...x.....x..x.x...x...x.x........x...x.....x.x..x...x...x.x........x...x.....x.x.x....x...x.x.......x....x.....x.x.x...x....x.x.......x...x.......x.x....x...x.x.x....x.x...x........x.....x...x.x.x....x.x...x.......x..........x.x.x...x.x.x.x........x..........x.x.x...x.x..x.x.......x..,1289,Expert,True
puzzle_45,17,AAAAAA*AAAAAAAAA*****AAAAAA**AA*AAAAAAAA**AA*A*AAAAAAAAAAAA*AAAAAAA*AAA*AAAA*AAAA*AAA*AAAA*AAAAA*A****A*A**A**AAA*AAAA*A**AAAAAAAA**AA*AAAA*A*AAA*AAAAA*AA**AAAAAAA**AAA*AA*****AA*AAA*A*AA**A*A*A*A**A****A**AAAA**A*AAA*A*A*A*AAA*A*A***A*AA******AAAAAA*A*A*A*AAA*AAA*A**A**A*A*AA*AAAAAA*AAAA,.x.x.......x...x......x.x.x...x....x.x.......x....x.....x.x.x....x..x.x.........x...x....x.x.x.x......x.x.........x.x......x.x.x.x.......x..........x.x.x...x.x.x.x.......x..........x.x.x...x.x.x.x..................x.x.x.x.x.x.x.x..................x.x.x.x.x.x.x.x..................x.x..x.x.,1290,Expert,True
puzzle_46,17,AA*AAAAAAAAAA*AAA*AAAA****A*AAAAA*AAAAA*A*AAAA**AAA*A*AA*AAA*A*AAA***A*AA*AAAAA***AAA**A*AAAAAAAAAAAAA*AAAAAAA*A**A***AAAAAAAAAAAAAAAAAAAA*A*A*AAA*AAAA*AAAAA***AAA*AAAAAAAAA*A*A*A**AAA*AAAAAAA*A*AAAAAAAAAAAAAA*AAA*A*A*A*A*AA*AA*AAAAAA*AAAAA*A*A**AAA*AAAAA*AAA*A*AAA*AA**AAA**AAAA*AAAAAAAA*,.x.x.x.x..................x.x.x.x.x.x.x.x..................x.x.x.x...x..x.x.........x........x.x.x.x....x.x.x.........x........x.x.x.x...x.x.x..........x.......x.x.x.x...x.x.x..........x.......x.x.x.x....x.x...........x.x.....x.x.x.x......x.x.........x.x......x.x.x.x.....x..x.........x.x.,1302,Expert,True
puzzle_47,17,A*A*AAAAAA****A*A*AAAAAAAAAA*AAAAA*A*AAAAA*AAA**AA*AAA*AA*AAAA*AAAAAA**AAAA**AAAAAAAAAAAA****AAAA****AA***AAA**AAAAAA*A*A*AA*AAAAAAAA**AAAAAAAAAAA*AAAA*AAAAA*A*AAAAAA*AAAA*AAAA***A*AAAA*AAA*A*AAAAA*A**AAAAAAAAAAAAAAA*A*AAA*A**AAAAA*A*A*A*A*AAAA*AAA*AAAAAAAAAA*AAA*A*AA*AAA*AAAAAAAAAAAA*A*A,x...x.x.......x....x.....x...x...x....x.x...x...x..x.x.....x.......x......x...x.x.x...x.x....x.......x.....x....x.x.x...x.x...x........x.....x...x.x.x....x.x...x.......x......x...x.x.x....x.x...x.......x......x...x.x.x...x.x....x.......x.....x....x.x.x...x.x...x........x.....x...x.x.x....,1302,Expert,True
puzzle_48,17,AAAAAA*A*AAAAAAAAAAA*A*AAAAAAAAAAAA*AAAAAAAA*A**AAAA*AAAA*AAAAAAAAAAAAA*AAAAA*AA*AAA*AAAAA*AA*AAAAAAAAAAAAAAAA***AAAA*AA*AAA*A*AAAAAAAAAA*A*A*A*A*A*AAA**AAAAAA**AAAAAA**A*AAA*AAAA*A**AA*AAA*A**AAA*AAAAA*AAAAAAAAAA*AAAAAA*AAA**A*AAAAAA**AA*AAA**AAA*AAAAAA***AAAAA*AAAA****AAAAAAAAAA*A*AAAA*,.x.x.x.x..................x.x.x.x.x..x.x.x..................x.x.x.x.x.x.x..x..................x.x.x.x..x.x.x.x..................x.x.x.x.x.x.x.x..................x.x.x...x.x.x.x........x..........x.x.x...x..x.x.x.......x..x.......x.x.....x..x...x.....x.x......x...x.x.....x.x....x.....x.x..,1304,Expert,True
puzzle_49,17,AAAAAAA***AA*A*A*AA*AA*AA*AAA*AAAAAAAAAAAAA**AAAAA**AAA*AAAAAAAAAAA****AAA**AA*AAA*AA*AAAAA*AAAAA*A*AA*AAAAAA*A*AAAAAAA*AA**AAAAAA*AAAAAAA**AAAA**AAAAAAAAAA*A**AAAA*AA**A*A**A*AAAAAAA*A*AAA****A*AAAAAAA**AAA*AAAAAA*AAAAAAA*AAAAAA**A*AAAAA*AAA*AAAAAAAAAA*AA***A*AAA*AAAA**AAAAAAA*AAAAA*A*AA,...x.x.......x.x..x.....x.x.x........x.x.......x.x..x.....x.x.x........x.x.......x.x..x.....x.x.x........x.x........x.x.x......x.x.x........x.x.......x.xx.x.......x.x........x.x.x.......xx.........x.x.x....x.x.x.x........x.........x.x.x....x...x.x.......xx...x......x.x.....x....x.x.....x.,1328,Expert,True
puzzle_50,17,*A*A*AA***AAAAAAAAAAA*AAA*AA*AA*AA*AAAAA**AAAAAAAAAAAAAAAAAAAAA*AAA*AA*AAA*AA**AAA***AA*A*AAAAA*AAAAA*AAAAAAA*A*AAAAAA*AAAAA*AAAAAA**AA*AAAAAAA**AAAA**AAA**AA*AAAA**A*AAAA*A*AAAAAAA*A**A***AAAAAAA*A****AAAAAAAA*AAAAAA*AAAAAAAA*A**AAAAAA*AA*AAAAAAAAAA*AAA*A**AAAA*AAA*A***AAA*A*AAAAA*AAAAAA,.x.x.......x.x........x.x.x.....x..x.x.......x.x........x.x.x.....x..x.x.......x.x........x.x.x.....x.x.x........x.x.......x.x.x......x.x.x.......x.x........x.x.......x.xx.......x.x.x......x.x.x.........x........x.x.x.x....x.x.x.........xx.......x.x...x.....x.x......x...x.x.....x.x....x..,1328,Expert,True
puzzle_51,17,AAAAAA*AAAAA*A*AAA***A*AAA*AAAA**A*AAA*AAAAAAAAAA*AA*AAAAAA**A*AAAAAAAA*AAAAAA*AAAAAAAA****A*AAAAAAA***A**A*AAAAAAA*A*AAAA*A**AAAA*AAA*AAA**AAAA**AAAAAAA*AA**AAAAAA*AAAAA*AAAAAA*A*AAAAAAA*AAAAA*AAAAA*A*AA***AAA**AA*AAA*AA*AAA*AAAAAAAAAAAAAAAAAAAAA**AAAAA*AA*AA*AA*AAA*AAAAAAAAAAA***AA*A*A*,..x....x.x.....x.x...x......x.x.....x...x.x.......xx.........x.x.x....x.x.x.x........x.........x.x.x......x.x.x.......xx.x.......x.x........x.x.......x.x.x......x.x.x.......x.x........x.x.x.....x.x.x........x.x.......x.x..x.....x.x.x........x.x.......x.x..x.....x.x.x........x.x.......x.x.,1328,Expert,True
puzzle_52,17,AAA**AA*AA*AAA*AAAAA***AAAAAA*AAAAAAAAAA*AAAAAAAAAA**AA*AAAAA*AAAA*AA*AA*AAA**AAAAAAA**AAAAAAAAAAAAAA*AAAAAA*AAAAAAAAA*A*AAA*AAA*A*A*A*AA*AAAAA*AAAAAAAAA*A**A*AAA*AAAAAA*AAAAAAAA**A*AAAAAAAAAAAA*AAAA**AAAAAAAA****A*AA*AA*AA*AAAA*AAA*A*A*AAAAAAA****A*A*A*A*AAAAAAAAAAAAAA*AAAAAAAA*AAAAAAA*A,x.x..x.........x........x.x.x.x....x.x.x.........x........x.x.x.x...x..x.x.........x........x.x.x.x...x.x.x..........x.......x.x.x.x......x.x.........x.x......x.x.x.x....x.x.x.........x........x.x.x.....x.x..x.......x.x........x.x.x.....x.x.x........x.x.......x.x.x......x.x.x.......x.x...,1349,Expert,True
puzzle_53,17,*A*AAAAAAA*AAA*A***AA*AAAAA*AAA**AAAAAAA*AAAA**AAAAAA*AAAA*AAAAAA**A*AAAAAAAAA*A**AAAA**AA*AAAAAAAA*A*AAAAAAAAAAA*A**A*AAA*AAAA*AAA*A*AAA*A*AAAA*AA**A*AAAAAAAA*A*A*A*AAAA*AAA*AAA**AA**AAA*AAAA**AAAAAAAA*AAAAAAAAAA****A**AA**AAAA**AA*AAA**A*AAAAA*AAAAAAAAAAAA*AAA****A*A*AAAAAA*AAA*AAAAA*A*,.x.x.........x.x......x.x.x.x......x.x..........x.x......x.x.x.x.....x..x.........x.x......x.x.x.x....x.x.x..........x........x.x.x.x...x.x..x.........x........x.x.x.x....x.x.x..........x........x.x.x.x....x.x.x.........xx.........x.x.x....x.x.x.x........x..........x.x.x....x.x.x.x.......,1352,Expert,True
puzzle_54,17,AAAA*A*AAAA*A**AA*A**AAAAA*AAA*AAAAAAA*AAA**A**AAAAAA*AA*AAAA*AAAAAAA***A*AAAAAAA*AA**AAAAAA*AAAAA*AAAA*AAA*AA*AAAA**AAAAAAAAAAAA*AA*AAAA**AAAAAAAAA***AAAAAAA*A**AAA*A*A*AAAAAAAAA**A*A*AAAAA**AAA*AAAAAAA*AA*A*AAAAA**AAAAA*AAAAAA**A*AAAA**A*AAAAAA*AA*AA*AAAA*AAA*AAAAAAA*A*A*AAAA*AAAAA*AAAA,.x.x.x....x..............x...x.x.x.x.x..x...x..............x...x.x.xx...x.x...x........x.....x...x.x......x.x...x.....xx.x.........x.x......x..x.x......xx.x........x.x.......x.x.x......x.x.x........x.x........x.x.x.....x..x.x.......x.x........x.x.x.....x..x.x.......x.x........x.x.x.....x.,1366,Expert,True
puzzle_55,17,AA*A*A**AAAAAA*A**AAAAA*AA***AA**AAA*A**AA*AA*AAA*AAA*AAAAAAAAAAA***AAA***AAAAAA*AAAAA*AAAAAAA*AAAA**AAAA*AA*AA*AAAAAAAAA*AAA*A*AAAA*AAAAAA****A*A*A*AAAAAAAA*AAAAA*AAA**AAAA*AA*A*AAAAAA*AAAAAAAAAAAA*AAAAAAAAAAAAAA*AAAAA*A*AA*A***A**AA*AAAAAAAA*AAAAA*AAA**AAAAA**AAAAAAAAA*A*A**AA*AA*A*A**A,.........x.x.x.x..x.x.x.x...................x.x.x.x.x.x.x.x..................x.x.x.x.x.x.x.x..................x.x.x.x...x.x.x..........x.......x.x.x..x...x.x.x..........x.......x.x.x.x...x.x.x..........x.......x.x.x.x......x.x.........x.xx.....x.x...x......x.x.....x....x.x.....x.x....x...,1393,Expert,True
puzzle_56,17,AA*AAAAAAAAA*A*AAAAAA*AAAAAA*A*AAAAA*A*AAA*AA***AAAAAA*A**AAAA*AAAAAAAAAAAA*A**AA*AAAAA*A*AAA*AAAAAA*A*A*A**AAAAAAA*A*AAA*AA*AAAAAAAAA*A**AAAAA*AAAAA*AAAA**AAAAA*AAAAA*AAAAA*AAAAAAA*AA*A*AAA*AAAAAA*AAAAAA*AAAAA*AAA***AAAAA*AAAAAA*AAAAAAA*AA*AAAAAAA**A*AA*AAAAAA*AAAAA*AA***AAAAA*A*AAA*A*AA,.x..x.x.x..................x.x.x.x.x.x.x.x...................x.x.x.xx.x.x...x..............x...x.x.x...x.x....x.......x......x...x.x.x....x.x...x.......xx.....x....x.x.....x.x....x.....x.x......x...x.x.....x..x...x.....x.x......x...x.x......x.x...x.....x..x.....x...x.x......x.x...x.....x.,1395,Expert,True
puzzle_57,17,*AAAAAA*AAA*AAAAAAAAAA*A*AAAAAAA*AA*AA***AAAAAAAAA*AAA**A*AAAAAAAA*AAAAAAA*AAAA**AAAA*A*AAAA**AAAAA*AAAAAAAAAAAAAAAAAA*AA*AAA*AAAAAA*AA*AAAAAAAAAAA*A*AAAAAAAAAA**AAAA**A*AAAA*A*AA*AAA*AAAAA*AAAA*AAAAAAA*A*AA*A*AAAAA*AAA*AAAAAA*AAA*A*AAA*AAAAAA*AAAA*AA*A*AAA*AAAA*AA**AAAA*AAA*AAAAAAA*AA*AA,..x...x......x.x.x...x....x.x.......x....x.....x.x.x....x...x.x........x...x.....x.x..x...x...x.x........x...x.....x.x..x...x...x.x........x...x......x.x.x...x....x.x.......x....x.....x.x.x....x...x.x........x...x.....x.xx.....x...x.x......x.x...x.......xx.....x.....x.x....x.x...x.x......,1410,Expert,True
puzzle_58,17,AAAAAAAAAAA*AA*AAAAA*AAAAAA*AAAAAA*AAAA*AAA*AAAA*AAAA*A*AA**AAA*AAA*AAAA*AAAAAAA*AAAAAAA*AA*AAAAAAAAAAA*AAAA*AAAA*AAA*AAAAA*A*AA*AAAAAAAAAAAAAAAAA*AAA*AAAA*AAA*AAAAAAAAAAA*AA*AAA**AAA***AAAAAAAA*AAAAAAAAAAAAAAA*AAAA*AAAAAAAAAAAAAAAA*AAA**AAA***AAAAA*AAA*AAAA*AAAAA*AAAAA*AAAAAA*A*AAAAAAAAA,..x.x.x..x.......x..........x.x.x...x.x.x.x........x..........x.x.x....x.x.x.x........x.........x.x.x....x.x.x.x........x.........x.x.x....x.x.x.x........x..........x.x.x...x.x.x..x......x...........x.x.x..x.x...x.x......x.....x.....x.x....x.....x.x.....x....x.x.....x.x...x......x.x.....x,1416,Expert,True
puzzle_59,17,A*AA**AAAAAAAAAA*AAAAAAA**A*AAA**AAAA*AAAAA**AA*A*AA*AAAAAA**AAAAA*AAAAA**AAA*AAAAAAAA*AAA*AAAA****AA**AA*AAA*AAA*AAAAAAAA*AA*AAAAAAAAAAA*AAAAAA*AAAAAA*AAAAAAAAA*AAA**AAAA*A**A*AAAAAAA**AAAAA*AAAAAAAA*AAAAAAAAAA*A*AAAAAAAAAAAAAAA*AAAAA*AAA*AAAAAAAA*AAAAA*AAAAAAAAA*AAAA*AAA*A*A*AA*AA*AAAAA,......x..x.x...x.x.x.x........x.........x.x..x....xx.x.x.........x........x.x.x.x....x.x.x..........x.......x.x.x..x...x.x.x..........x........x.x.x.x....x.x.x.........x........x.x.x.x....x.x.x..........x........x.x.x.x...x.x.x..........x.......x.x..x.x...x.x.x..........x.......x..x.x.x..,1435,Expert,True
puzzle_60,17,AAAAAAAAAAAAAAAAAAAAAAA*AAAAA*AAAAA**A*AAAAAAAAAAAAAAAA*AAA**A**AAAAA**A**AA*AAAAAAA*AAA*AAAAA****A*AAAAA*AAAAA*AAAA*AAA*A*AA*AAAAAAAAA*AAA*AAAAAAAAAAAA*AAAAA*AA**AAA*AAA*A**AA*AAAAAAA*AAA*AAA*AAAAAAA*AAAA*AAAAA*A*A**AA*A*AA*AAAAAA*AA*AAAAA*AAAAA*AA***AAAAAAAAAA*AAA*AAAAAAAA*A*A*A*AA***AA,.......x.x.x.x....x.x.x.........x........x.x.x.x....x.x.x.........x........x.x.x.x...x.x.x..........x.......x.x..x.x...x.x.x..........x.......x.x.x.x.....x.x..........x.x.....x..x.x.x....x.x...........x.x....x.x.x.x.......x..........x.x.x...x.x.x.x.......x...........x.x.x..x.x.x...x......,1457,Expert,True
puzzle_61,17,AAAAA*A*AAAA*A**A***AAA**A*AAAAAAAAAAAA*A*A**AAAAAAA**AAAAAAAAA*AAAAA*A**A*A**AAAAA***AA*AAAAA*A*AAAAA*AA**AA***AAAAAAAA*AA*AAA*AAAA*AAAAAAA**AAAAAAAAAA*A*AAAAAAA***A*A**A*AA*A**AAAAAAAAAAAAAAAAA***AAAAA*AAA***A*AA*AAA*AAAA*AAAAA*AA**A**AAA*AAA*A*AAAAAAAAAAAAAAAAAAAAAAAAA*A*AAAAAAAAAA*AAA,x.x...x......x.......x...x.x....x.x.x...x.....x........x...x.x.....xx.x.........x.x......x.x.x.x.......x..........x.x.x...x.x.x.x.......x..........x.x.x...x.x.x.x..................x.x.x.x.x.x.x.x..................x.x.x.x..x.x.x.x..................x.x.x.x..x.x.x.x..................x.x..x.x,1461,Expert,True
puzzle_62,17,AAAAAAAA*AAA*AAAA*AA*AAAAAAAAA*AAAAA*AAAA**A*A*AAAAA**AAA*AAAA**A*A*AAAAAA**AAAA*AAAA*AA*AA*AAAAAAAAA*A*A***AAA**AAAA**AAAAAAAAAAAAAAAA*A*AA*AAAAAAAAAAAAAAAAAAAAAAAAA*AAAAAAA*AAA*AAAAAAAA*AAAAAAAA*A***AAAAAAAAA*A*AAAAAAAAA*AAAAAAAAAAA***AA*AA*AAAAAAAAAAAAAAAAAAAAAAAAA*AA**A*AAAAAAAAA*AAA*,.x.x.......x..x.......x.x.x......x.x.x.......x.x........x.x.x.....x..x.x.......x.x........x.x.x.....x.x.x........x.x.......x.x.x......x.x.x.......x.x........x.x.x.......x.x........x.x.x.....x.x.x........xx........x..x.x....x.x.x.........x........x.x.x.x..x.x.x.x..................x.x..x.x.,1467,Expert,True
puzzle_63,17,*AAAAAAAAAAAA*A*AAAAA*AAA*A*AA*AAAA*AAAA*AAA*AAAAAAA*A**AAAAA*A*A*A*AAAAAAAAAAAA*A*AAAA*A*AAAAA*A**AAAA*AAAA***A*AAAA*AAAAA*A*AAAAAA*AA*AAAAAAAAAA*AAA**A*A*AA**AAAAAAA**AA***AAA**AAAAAA*AAAAA****AAAA****AA**AAAA**AAAAAAAAAAA*AA*AAAA*AAAAA*A*AAAAA*AAA**AA**AAAAAAAAAA*AAAAAA*A*AAAAAA****A*A,....x...x.x.x....x.x...x........x.....x....x.x.x...x.x....x.......x......x...x.x.x....x.x...x.......x......x...x.x.x....x.x...x.......x......x...x.x.x....x.x...x........x.....x....x.x.x...x.x....x.......x......x...x.x.x..x.x.....x.......x....x.x...x...x....x.....x...x...xx...x.x.......x..,1474,Expert,True
puzzle_64,17,A*A*AAAA*AAAAAAAAA*AAAAAA**AAAA*AA*AA*AAAAA*A*A*AAAAAAAAA*AAAA*AAA*AAA***AAAAAAAAA*AA*AAAA*AAA*AAA*AAAAA*AA*AAA*AAAAA*AAAAA***AAAAA*AAAA*AA**A*AAAAA*AAAAAAAAAAAAAAAAAAAA**A*A*AAAAAAA****AAAAAAAA*A**AAAAA**AA*A*AAAAAAAA*AAAAAAAAA*AAAAAAAAAA*AAAAA*AAAAAAAA*AAAAA*AAAA*AAAAAAAA*A*AAAA*AAAAAAA,....x....x.x.x...x.x...x........x.....x...x.x.x....x.x...........x.x.....x.x.x..x.....x.x..........x.x......x.x.x.x.....x.x..........x.x.....x.x.x.x......x.x.........x.x......x.x.x.x.....x.x..........x.x.....x.x.x..x.....x.x..........x.x.....x.x.x.x.......x..........x.x.x...x.x.x..x......,1489,Expert,True
puzzle_65,17,AAAAAAAAAAA*AAA***A*A**AAA*AAA*AAAAAAAA**AAAAAA*A*AAAAAAAAAAA*AAAAAAAAA*AAA*AAA*AAAAA*AAAAAAA***AA*AA*AAAAAAAAAAAA***AAA*A***AAAAAAAAA*A*AA*A*A*AAAA*A**AAAAAAAAAAAAAAAAAAAAAAAAA*AA*AAA*AAAAAA**AAAAAAAAAAAAA*AAAAAA*AAA*AAA*AAA***AAAA*AA***AAAA*AAAAA*AA*AA**AA*A**AAAAAAAAAA***AAAAA*A*A*AAAA,.x..x...x.x............x.....x.x.xx.x.....x.x..........x.x.....x.x..x.x......x......x.....x.x....x.x...x.x......x.....x......x.x...x.x....x.x.....x.....xx.....x.x....x.....x.x......x...x.x......x.x...x......x.x.....x...x..x.....x.x...x......x.x.....x...x..x.....x.x...x......x.x.....x...x.,1500,Expert,True
puzzle_66,17,AAAAAAAA*AAAA*AAAAAAA*AA*A*A*AAAAAAAAA*AAAAAAAA*A*AAAAAAAAA*AAAAAA*AA*A*A*AAA*A**A*AAAA***AAAAAAAA*AA*AA*AAAAAA**AA*A*AAAAAAA*AAAAAAAAA*AAAA*AA*AA**AAAAAAAAAAAAAA*AAA*A**AAAA*AAAA*AAAAA*AAAAAAAAA*AA*AA*A*AA***AAA*A*AAAAAAA*AAAA*AAAAAA*AA*A*A*AA*AAAAAAA*AAAAAAAAA*AAAA*AAAAAAA**AAAA*AAA*AA*,..x.x.x.........x........x.x.x.x...x.x.x..........x.......x.x.x.x...x.x.x..........x.......x.x.x.x.....x.x..........x.x.....x.x.x.x.....x.x..........x.x.....x.x.x.x.......x..........x.x.x...x.x.x.x........x.........x.x.x....x.x.x.x.......x..........x.x.x...x.x.x.x........x.........x.x.x..,1509,Expert,True
puzzle_67,17,*AAAAA*AAAAAA*AA**AAAA*AA*AAA*AAAAAAA*AAAA*A*AAA*AA*AA***AAAAAAAAAAAAA*AAAAA*A*AAA*AA*A**A**A*AAA*AA**AAAAAAAAA**AAA*AAA**AA*AAAAAA*AAA*AAA*A*AA*AAAA**AAAAAA*AAAAAAAAAAAAA*AA***AA*AA*AAAAA*AAAAAAAAAAA*AAAA*A**A*AAA**AAAAA*AAAAAAAAAAA**AA*AAAA*AAAAAAAA*AAAAAAA*AAA**A*AAAAAAAA*AAAAAAAAAAAAA,.x.x.x.x..................x.x.x.x.x.x.x.x..................x.x.x.x...x.x.x..........x.......x.x.x.x....x.x.x.........x........x.x.x.x...x.x.x..........x.......x.x.x.x....x.x...........x.x....x.x.x.x......x...........x.x.x..x.x.x.x..................x.x.x.x.x.x.x.x..................x.x.x.x.,1514,Expert,True
puzzle_68,17,AAAAAAAAAAA*A*A***AAA*AAAAAAAA*AAAAAAAAA*AAAA*AA*AA*A*AAAAAAAAAAAAAA*A*AAA*AAA**AAAA**AAA*AAAAAAAAA*AAAAAAAAAAAAAA*AA*A*AAAAAAAA*AAAAAA*AAAA*AAA*AAA**AAAAA*AAAAAAA*AAA*AAAAAAA*A*AAAAA*AAAAAAAA*A**AA*AAA*AAAAA**AA*A*A**A*AAAA**AAAAAAAAAAAAA*AAAAA*AAA*A***A*AAAAA**AAAA*AAAAAAA*AAAA*AAAAAAAA,.x.x....x.x...........x......x.x.x.x.x...x.x............x.....x.x.x..x.x...x.x............x.....x.x.x..x.x...x.x............x.....x.x.x.x.x....x.x...........x......x.x.x.x.x...x.x............x.....x.x.x..x.x...x.........x........x.x.x.x..x...x.x.........x..x.....x.x...x......x.x.....x...x,1516,Expert,True
puzzle_69,17,AAAAAA*AAAA*AAAAAAAAAAAAA*AAAAAAA*AAAAA*AAAAA*AAAAAAAAA*AAAAAAAAAAAA**A**A*AAAAAAAAAA*AAAAA*AAAAA*AAAAAA*AA*AAAAAAAAAA*AAAAAAAA*AAAAAAAAA*AAAAAA*AAAAAAA*AAA*A*AAAA*A*AAAAA*AAAAAAAAA*AA***A*A**AA**AA*AAAAAA**AAAAAA*A*AAAAAAAAAAAAAA*AAAAAAAAA*AAAAAA*AAAAA*AA*AAAAAAAA*AAAAAAA*AAAAAAAAAAAAA*A,........x.x..x.x.x.x.x.x..................x.x.x.x...x.x.x..........x.......x.x.x.x....x.x.x.........x........x.x.x.x....x.x.x.........x........x.x.x.x...x.x.x..........x.......x.x.x.x....x.x...........x.x....x.x.x...x.....x........x...x.x...x.x.x....x....x........x....x.x..x.x.x....x.....,1520,Expert,True
puzzle_70,17,AA*A**AAAAAAAAAAA*A*A**AAAAAAAAAAA*AAAAAAAAAAAAA*AAAAA***A**AA**A*A*AAAAAAAAA*AA*AAAA*A***AAA*AAAA*AAAAA*A*AAAAA*A*A**AA*AAA*A*AAAAAAAAA**AAA*AA*AAAA**AAAAAAA*A**AAAAA*A**AAAAAAAAA*A*A*AAA*AA**AAAAAAAAA*AAAAA*AAAAAAAA*AAA*AAA*A*AAA*AAAAAAAAAA*A*A**A*AAAAA*A*A*AAA*AA*AAAAAAAA*AAAAAA*AA*AA*,......x.x.x.x.....x.x..........x.x.....x.x.x.x.....x.x..........x.x.....x.x.x.x.......x..........x.x.x...x.x.x.x.......x..........x.x.x...x.x.x..x.......x..........x.x.x...x.x.x.x..................x.x.x.x.x.x.x.x..................x.x.x.x..x.x.x.x...................x.x.x.xx.x.x...x........,1528,Expert,True
puzzle_71,17,**AA*AAA**AAAAA*AAAAAAAA**A*AA**AAAA***AAAAAAAAAAAAA*AAA*AA***AAAAAAA**AA*AAAAAAA*A*AA*A*AA*AA*AAA*A***A**AAAAAAA**AAAAAAAAAAAAAA**AAAA*****AA*AAAA**AAAA*A*AAA**AAAAA**AA*AAA*AAAAA*AAAAAAAA*A*A*AAAAA**AAAA*AA**AA*AA*AAAA*AAAA*A*A*A*A**A*AA*AA*A*A*A*A*AA*AAAA*AAA*A*AAAAAA*AA*A**AAAAAAAAAA*,......x...x...x.xx.x.x.......x..........x.x.x....x.x.x.x.......x..........x.x.x...x..x.x.x.......x............x.x...x.x.x.x.x......x...........x.x....x.x.x.x.x.....x............x.x...x.x..x.x.x.....x............x.x...x.x..x.x.x.....x............x.x...x..xx.x.x......x...........x.x....x.x.,1528,Expert,True
puzzle_72,17,*AAAAAAAAAA**A*AA*AAAAAA*A*AAA*AAAA*AA*A*A*A*A*AA*AA*A**A*A*A*A*AAAA*AAAA*AA*AA**AA*AAAAA*AAAAA*A*A*AAAAAAAA*AAAAA*AAA*AA**AAAAA**AAA*A*AAAA**AAAA*AA*****AAAA**AAAAAAAAAAAAAA**AAAAAAA**A***A*AAA*AA*AA*A*AA*A*AAAAAAA*AA**AAAAAAA***AA*AAA*AAAAAAAAAAAAA***AAAA**AA*A**AAAAAAAA*AAAAA**AAA*AA**,.x.x....x.x...........x......x.x.xx..x...x.x............x.....x.x.x..x.x...x.x............x.....x.x.x..x.x...x.x............x.....x.x.x.x.x....x.x...........x......x.x.x.x.x...x.x............x.......x.x.x..x...x.x.x..........x.......x.x.x.x....x.x.x..........x.......x.x.xx.x...x...x......,1528,Expert,True
puzzle_73,17,AAA*A*AAAAAA**AAAA**AAAA*A*AAAAA**AAAAAAA*AAAA**AAAAAAA***AAA*AAAAAAAAAAAAAAAAAAAAAAA*AAA****AAAAA*AAAAAAAAA*AA*AAAAA***AAA*AA*AAAAA*AAAA*AAA*A*AAAA**AAA*AA*A*AA**AAAAAAAA*A*AAAAAA*AAAAAAAA*AAAAAAAAAAA*AA*AA*AAAAAAAA***AAAAAAAAA**AAAAA*AAAAAAA**AAAAAAAAA*AA***AAA**AAAAAAA**AA*AAAAAAA*A*AA,.x..x.x.........x........x.x.x.x..x.x.x.x...................x.x.x.x..x.x.x.x...................x.x.x.x.x.x.x..x..................x.x.x.xx.x...x.x............x.....x.x.x....x...x.x.......xx...x......x.x.....x....x.x.....x.x....x.....x.x......x...x.x.....x..x...x.....x.x......x...x.x.....x.,1529,Expert,True
puzzle_74,17,*A*A*AA***AAAAAAAAAAA*AAA*AA*AA*AA*AAAAA**AAAAAAAAAAAAAAAAAAAAA*AAA*AA*AAA*AA**AAA***AA*A*AAAAA*AAAAA*AAAAAAA*A*AAAAAA*AAAAA*AAAAAA**AA*AAAAAAA**AAAA*AAAA*AAA*AAAA**A*AAAA*A*AAAAAAA*A**A***AAAAAAA*A****AAAAAAAA*AAAAAA*AAAAAAAA*A**AAAAAA*AA*AAAAAAAAAA*AAA*A**AAAA*AAA*A***AAA*A*AAAAA*AAAAAA,.x.x.......x.x........x.x.x.....x..x.x.......x.x........x.x.x.....x..x.x.......x.x........x.x.x.....x.x.x........x.x.......x.x.x......x.x.x.......x.x........x.x.......x.xx.......x.x.x......x.x.x.........x........x.x.x.x....x.x.x.........xx.......x.x...x.....x.x......x...x.x.....x.x....x..,1529,Expert,True
puzzle_75,17,*A*AAAAAAAA*AAAAAAAAAAAAAA***AA**A*AAA**AAAAAAAAA**AAAAAAAAAA*AAAAAA**AAA*AAAAAAAAAA*AAAAAAA*A*AAA*AAAAA*AAAAAAAAA*AAAA*A*AAA*A*AAAA*A*A**AAAAAA*AAAA*AAA*AAA*A*AAAA*AAAAAAAAA**AAA*AAAAAA*A*AAAAAAA***AAA*AAAA*AAA*AAA*AA*AAAAAAAAA******AA*AA*AA*AAAAA**AAA*AAAAA*AAAAAAAA*A*AAAA*****AA*AAA*AA,......x.x.x...x..x.x.x...........x......x.x..x.x...x.x.x..........x........x.x.x.x....x.x.x.........x........x.x.x.x....x.x.x..........x.......x..x.x.x...x.x.x..........x........x.x.x.x..x.x.x.x..................x.x.x..x.x.x.x.x...................x..x.x.x.x.x.x.x..................x.x.x.x.,1529,Expert,True
puzzle_76,17,AAAAA*AAAAAAAA*A*A**AA***AAAAAAAAA**AAAAAAAAA**AAA*AAAAAA*AAAAAAAAAA*AAAAAAAAAA*AAA**AAA*AAA*A*AAAAAAAAAAA*AAAAAAAAA*AAAAA*AAAA*A*AAA*A*AAA*AAAA*AAAAAA**AAAAA*AAAA*A*AAA**AAAAAA*AAA**AAAAA*AAA***AAAAAAA*AAA*AA*AAA*AAA*AAAA*AA******AAAAAAAA*AAA**AAAAA*AA*AA*A*AAAAAAAA*AAAAAA*AAA*AA*****AAA,..x...x.x.x......x...........x.x.x...x.x..x.x.......x..........x.x.x...x.x.x.x........x.........x.x.x....x.x.x.x.......x..........x.x.x...x.x.x..x.......x..........x.x.x...x.x.x.x..................x.x.x.x.x..x.x.x..................x.x.x.xx.x.x..x..................x.x.x.x..x.x.x.x.........,1539,Expert,True
puzzle_77,17,*AAAAAAA*AAA*AAAAAAAAAAAAAA**AAAAAA*AA*AAAA*AAAAAA**AAA*AAAA*AAA*AAA*A*AAAAAAA*A*AAAAAAAAAAAAAAA*AA*A*AAAA*A*AAAAAAA*AAA*A**A*AAAAAAAAA*A*AAAAAAAAAA*AAAAAAAAAA**A*AAAAAA*AA**AA*AAA*AAAAAAA*AA***AAA*AAAAAA*A*AAAA*AAAAA**AAAAAAA*AAAAAAAAAAAAAAA*AAAAA**AAAAA*AAAAA*AAAAAAAAAAA*AAAAAA*A*AAAAAA,......x..x.x.x...x.x.x..........x.......x.x.x.x.....x.x..........x.x.....x.x.x.x......x.x.........x.x......x.x.x.x.....x.x..........x.x.....x.x.x.x......x.x..........x.x.....x..x.x.x.....x.x...........x.x....x.x.x...x.....x........x...x.x...x.x..x...x.....x........x...x.x...x.x.x....x....,1550,Expert,True
puzzle_78,17,*AAA*A*AAAAAAAAAAAAAA*A*A*A*AAA*AA*AA****AAAAA*AAAAAAAAAAAAAAA*A**AA**AAA*AAAAAAAAAAAA*A*AAAA*A*A*AAAAA*AAAA*AA*AAAAAA*A*AAA*A*AAAAAAAAAAAAA**AAA**A*AAAA*AAAAAAAA*AAAA*AAAAA*AAA*A*AAAAAAA**A*AAAAAAA*AAA*AA*A*A*A*AAAAA**AAA*AAAAAA**AAAAAAAAAAA*AAAA*AAAAAAA**AAAAA**AAAAAA**AA*A***AAAAA*AA*A,.........x.x.x.x..x.x.x.x..................x.x.x.x..x.x.x.x..................x.x.x.x.x.x.x.x..................x.x.x.x....x.x.x.........xx.......x..x.x.....x.x.x........x.x.......x.x.x......x.x.x.......x..x.......x.x.....x...x.x......x.x...x.....x..x.....x...x.x......x.x...x.....x.x......x,1560,Expert,True
puzzle_79,17,AA*AAAAAAA*A*AAAAAA*AAAAAAAA*AAAA**AAAA*AAAAAAA*AAAAA**AAAAAAAAA*A*AA*A*AAA**AAAAAAA***AAA*AAAAAA*AA*AAAAAAAAAA*AA*A*A***A**AA*AAAAA*AAAAAAAA*AA**A*AAA*AAAA*AAA*AAA**AA*AAAAAAAAAAAA*A**A*A****AAAAAA*AAAAA*AAA*AAA*AAA*A**AAAAAA**AAAAAAAAAAAAAAAAAA***AA*AAAAAAAAAAA*A***AAA*A*AAAAAAAAAA*AAA*,.x.........x.x.x....x.x.x.x........x..........x.x.x....x.x.x.x......x.x.........x.x........x.x.x.....xx.x.x........x.........x.x.x....x.x.x.x.......x............x.x...x.x..x.x.x.....x....x........x....x.x...x.x.x...x......x.......x...x.x....x.x.x...x......x.......x...x.x....x.x.x...x.....,1573,Expert,True
puzzle_80,17,*A*AAAAAA*A*AAAAAAAAA*AA**AAAAAAAAAA*AAAAAA*A**A*AA*AAA*A*AA*AAA*AAA*A**AAA*A*AAA*A*AAAA*A*AAA*AA*AAAA***AA*AAAAA*AA***AAAA**A*A*AAAAA*AAAA*AAAAA*AAAA**AAAAAAAA*AA*AAA*AAAAAAAAAAAAAA*AAAAA*AAAA**AA*A*A*AAA**AA*AAAAAAAAAAAAAAAAA*AAAAA*A*AAAA*AAA*AAA*A*AAAAAAAAAAAA*A*AAAAAAAAA**AA*A*A*AAAAA,...x.x.x.......x..x.......x.x.x......x.x.x........x.x........x.x.x......x.x.x.......xx.x.......x...x......x.x.x...x....x.x...........x.x......x.x.x.x....x.x.x..........x.......x..x.x.x...x.x.x..........x........x.x.x.x....x.x.x.........x........x.x.x.x....x.x.x..........x........x.x.x.x..,1592,Expert,True
puzzle_81,17,*AAAAA***AAAAAAAAA**A**A*AAAAAAAAA**AAAAA***AAAAAAAAA*AA*AAAAAAA*A*AA*AAA**A**AAA*AA***AAA*A*AAAA**AAAAAAAA*A*AAAAA*AAA*AAA**A*AAAAAA*AAAAA*AAAAA**AAAAAA**AA*AAAAA*AA***AA*AA*AAAAAAAAAAA*AAAAAA*AAAAAA*A*AAAA**AAAAA*AAAA*AA**AAAAAAAAA***AA*A*AAAA***A*AAAAAAAAA**AAAAAAAA*AAAAA*AAA*AA****AAA,.x.x........x.x........x.x.x.....x..x.x.......x.x........x.x.x.....xx...x.......x.x....x...x.x.x......x...x.......x..x...x...x.x.x......x...x........x.x...x....x.x.x.....x....x.......x.x....x...x.x.x......x...x.......x..x...x...x.x.x......x...x.......x.x....x...x.x.x......x...x........x.x,1593,Expert,True
puzzle_82,17,A*AA*AAAA*AAA**AAAAAAAAAAAAA*AAAAAAAA***A*AAAA*AA*AAAAAA*AAA*AAAAAAAAAA*AAAAAAAAA***AAAAA***AA**AA*AAAA*AAAAAAAAAAAA*AA*AA*AAA**AAAAAAAAA*AAAA*AAAAAAAA*AAA*AA**AAA*AAA*AAAAA*AAAA*AAA*AAA*AAA**AAAAAAAAAAAAAAAAAAAAAAAAA*A*AAAA*A***AAAAAAA*AA*A*AA*AAAA*A*AAA*A*A*A*AAAAAAAAAAAA*AAA*A**AAA*AAA,.....x..x.x.....x.x.x........x.x........x.x.x.....xx.x.........x.x......x.x.x.x.......x..........x.x.x...x.x.x.x........x.........x.x.x....x.x.x.x.......x..........x.x.x...x.x.x..x.......x..........x.x.x...x.x.x.x..................x.x.x.xx.x.x..x..................x.x.x.x..x.x.x.x.........,1595,Expert,True
puzzle_83,17,AAAAA*AAA*AAAA*AA*A*AA**AAAAAA*A*A*A*AAAA*AAAAAA**AAA**A**A**AAA*AAAAAAAA*AAAAA*A**AAAA*A*A**A*A*A*AAAA*AAAA*AA*AAA*A**AA*AAAAAAA**AAA*A*AA*AAA*AAAA**A*AAAAAA****A***A*A*AAAAAAAA*AAAA**AAAAAAAAAAAAAA*AAA*A**AAAA*AAAA***AAA*AA*AA**AAA*AAAAAAAAAA*A*AAAAAAA*AA*AAA**AA**AAAAAAAAAAAAAAAAA**AAA,.x.x..x.x..................x.x.x.x.x.x.x..x..................x.x.x.x..x.x.x.x........x...........x.x.x...x.x.x..x.......x..........x.x.x....x.x.x.x......x.x..........x.x.....x..x.x.x.....x.x..........x.x.....x.x..x.x.....x.x..........x.x......x.x.x.x......x.x.........x.x......x.x.x.x.....,1618,Expert,True
puzzle_84,17,AA*A*AA*AAAA*A*AAAAAAAAAAA*AAAAAAA*A*AAAAAAAAA*AAAAAAA*AAA*A*AAAAA*AA*A*AAAAA*AAAAA*AAAAAAA*AAAA*AAAAA*AAAAAAAA*AAAAAAAAAAAAAAAAA**A*AA*AAAAAAAAA*AAAAAAAAA*A*AAAAAAAAAA*AAAAAA***AAA*AAAAA*AA*AA*AA*AAA*AAAAA*AA**AAA*AAAAA*AA*AAAAAAAAAAAAAAAA*AA*AA*A**AA**AA**AAAAA*AAAAAAA*AAAAAA*AAAAAAAAAA,......x.x..x...x.x.x.x........x.........x.x.x....x.x.x.x.......x..........x...x...x.xx...x...x...x......x.......x...x.x....x.x.x...x....x.x.......x...x.......x.x....x...x.x.x.....x....x.......x.x...x....x.x.x.....x...x........x.x...x...x..x.x.....x...x........x.x...x...x..x.x.....x...x...,1624,Expert,True
puzzle_85,17,AAAA*AAAAAAAAAAAAAAAAAAAAAAAA**A*A*AAA*AAA*AAA*AAAAAAAAAAA*AAAAAAAA*AAA*A*AAAAAAAAAA*AAAAAAAAAAAAA*AA*AA****AA*AAAAAA*AAAAA*AAAAAAAAAAAA**AAAA*AAA**A*AAAAA*AA*AA*AAAA**A*AAA*A**AAAAAAAAA*AA*AAAAAAAAAAAAAAAAAAAAA*AAAAAAA*AAAA*A*A*AAAAAAAA*AAAAAAA**AAAAAAA*A*AAAAAA*AAAAAA*AAAAAAAA*AAAAA*AAA,.......x...x.x.x..x.x.x...x..............x...x.x.x..x.x.x...x..............x...x.x.x..x.x.x...x..............x....x.x.x.x.x.x....x..............x...x.x.xx...x.x...x........x.....x...x.x..x...x.x.........x..x.....x.x.x....x...x.x........x...x......x.x.x...x...x.x.........x..x.....x.x...x..,1625,Expert,True
puzzle_86,17,AAAAAAAA*AAA*AAA*AA*AA*AAAAAAA*AAA*A*AAAA*AA*AAAAAAAA*AAAAA*AAA**AA*AAAAAA*AAAAAAA*A***AAA*AAAA*AAAAAAAA*AAAAAA*AA*AAA*AAAA***AAAAAAA*A*AAAAAA*A*A*A*A**AAAAAAAAAAAA*A*A*AAAAAAAA**A**A*AAAAAAA*AAAAAAA**AAAA**AAAAA**AAAAA**AAAAA*A**AA**AAAAAAA***A*AAA*AAAAA*AAAA*AAAAAAAAA*AAAAAAA**AAA*AA*AA,.x.x.x........x.........x.x.x....x.x.x.x.......x..........x.x.x...x..x.x.x.......x..........x.x.x...x..x.x.x.......x..........x.x.x...x.x.x.x........x.........x.x.x.....x..x.x.......x.x........x.x.x.....xx...x.......x.x....x...x...x.....xx.......x...x.x....x.x.x...x......x.......x...x..x.,1625,Expert,True
puzzle_87,17,AAAAAAAAAAAAAAAAAA*A*A*A*****AA**A**AAA**AAAAAAAAAAAAAAAAA**AAAA**AAA*A*AAA*AAA*AAA***AAA*AAAAA*AAAAAA*AA*AAAA*AAAA*AAAAAAAA*AAAAAA*AAAAAAA*AAAA*AAAA**AA*A*A*A*AAA*AAAAA****AAAAAAAAAAA**AAAAAA****AA**AAAAAAAAAA*AAAAAAAA*AAAAAAA*AAAAAA*AAA**A*AAAAA*AAAAAAA**AAAAA***AAAAA*AAA**AAA***A*A*AAA,........x.x..x.x.x.x.x.x..................x.x.x.x..x.x.x...........x......x.x.x.x.....x.x..........x.x.....x.x.x.x......x.x.........x.x......x.x.x.x......x.x.........x.x......x.x.x.x......x.x.........x.x......x.x.x.x.....x.x...........x.x....x.x.x...x......x.......x...x.xx...x.x.....x....,1649,Expert,True
puzzle_88,17,AAAA*AAAAAAAAAA**A*AAAA*AAAAA*AAAAAAAAAAA***AAAAA***A*AA**AAAAA*AAAAAAAA*AA*AAAAAAA*AA*AAA**AAAAA**AAAAAAA*AAA***AAAA*AAAAAAAAAAAAAA*AAAA*A*A*AAAAA*AA*AAA*A*AAA*AAA*A*AAAAAAAA**AA***A*AA*A**AA*AAAAAAAAAAAAAAAAA*AAA*AA*AAA**AAAAA*AA*AAAA*AA*AA*AAA**AAAAAAAAA**AA**AAA*AAAA**AAA*AAA*AAAAAAAA,.x.x.x........x.........x.x.x....x.x.x.x.......x..........x.x.x...x..x.x.x.......x..........x.x.x...x..x.x.x.......x..........x.x.x...x.x.x.x........x.........x.x.x....x.x.x.x.......x..........x.x.x...x..x.x.........x...x....x.x.x.....x....x.......x.x...xx...x...x.....x........x...x.x...x,1652,Expert,True
puzzle_89,17,A*A*AAAAAAAA*AAAAA*A*AA*AAAAAAAAAAAAAAAAAAAAAAA*A*AAA*AAAA**AA*A*AAAAAA*AA*AAA**AA**AA***AAAA*AA*AAAAAAAAAAAAAAA*AAA*A*A**AAA*AAAAAAAAAAA*AAAAAAAA*A*AAA**A*A**AAAAAAAA*A*AAAAAAA*AAA**AAA*AAAA*AA*AAAA*AAAAAAAAA**AA*A*AAA*AAAAAA*AAAAAAAAAAAAAAA*AAA**AAAAAA*AA*A*AA*AAA*AAA*AAAA*AAA*AAAAAAAAA,..x.x.x.x..................x.x.x.x.x.x..x.x..................x.x.x.xx.x..x..x..................x.x.x.x.x.x.x.x..................x.x.x.x.x..x.x.x..................x.x.x.x.x.x.x.x...................x.x.x.x.x.x.x..x..................x.x.x.x..x.x.x.x...................x.x.x.x.x..x.x.x........,1660,Expert,True
puzzle_90,17,AA*A**AAAAAAAAAA*AAA*AAA*A*AAAAAA*A*AA*A*A*A*A*AA*AAAAA*A*A*A*A**A*AA*AA**AA*AAAAAAA*AA*A*A*AAAAA*AAAA*AAA*AAAAA*AAAAAA*A*AAA**AAAAA**AA****AA*AAAA**AAAAAAAAAAAAAA**AAAA**A**AAAAAAA**AAAAA*A*AA*AA*AAA*A**A**AA*AAAAAAA*A*AA*AAA*AA***AAAAAAAA**AAAAAAAAAAAAAAAAAAAA**A*AA**AA**AA*AAA**AAAAA*A,......x.x....x.x.x.x.x......x............x.x...x..x.x.x.x.....x............x.x...x.x..x.x.x.....x............x.x...x.x..x.x.x.....x............x.x....x.x.x.x.x......x............x.x...x.xx.x.x.......x..........x.x.x...x..x.x.x.......x..........x.x.x....x.x.x.x.......x..........x...x...x.x,1669,Expert,True
puzzle_91,17,*AAAAAAA*A**A*AAAAA*A*AAAAAAAAAAAAA*AAAAA*AAAAAA*A*AAA*AAAA*AAA**AAAA*A*A*A**AAAAAAA*A*AAA*AAAAAAA**A*A*AAAAA*AA*AAAAAAAAAAAAAAAA**AAAAAA*AAA*AAAA*A*AA*AAA*AAAA**AAAA**AAAAAAA*AAAA*A*A*AAA*AAAAAA*A*A****AAAAAAAAAAAAA*AAA**AAAAA***AA*AAAAAAAAAAAA*AAA*A*AA*AA*A*AA*A**AAAA*A**AA*A*AAAA*AAA*A,.....x.x.x..x.....x.x..........x.x......x.x.x.x....x.x.x..........x.......x..x.x.x...x.x.x..........x.......x.x..x.x...x.x.x..........x........x.x.x.x....x.x.x.........x........x.x.x.x...x.x.x...........x......x.x.x...x...x.x........x...x.....x..x.x...x...x.x........x...x.....x.x..x...x..,1671,Expert,True
puzzle_92,17,*A*AAAAAAAA**A*A*AAA*AAAA***AA*AA*AA***AAAAAAAAAAA*AAAAAAA*AAA*AAAAAA*AAAAAAAAAAAA*A*AAAAAAAAAAA*A*AAAAA*A**AA**A*A*AAAAAAAAAAAAAAA***A****A*A*AAAAAA*A*AAA*AAAAAAA**AA**AAAAAA*AAAAAAAAAA*AAAAAA*AAAAAAA*AAAAAA**AAAAAA**AAAAA*AAA*AA**A*AAAAAA*A*AA**A*AAA*A*AAAAA*AA*AA*A*AAA*AAAAAAAAA*AAAAAA,........x.x..x.x.x.x.x.x..................x.x.x.x..x.x.x.x..................x.x.x..x.x.x.x.x....................x.x.x.x.x.x.x.x..................x..x.x.x.x.x.x.x..................x.x.x.x..x.x.x.x..................x.x..x.x.x.x.x.x..................x.x.x.x.x.x.x.x..................x..x.x..x,1672,Expert,True
puzzle_93,17,AAAAAAA*AAA*AAAAAAA**AAAAAAA*A*AAA**A*AA*AAA*AAA**AA**A*AAAAAAAA*AAA*AAAAAAAA*A*AA*AAAAAA*AAA*AA**AAAA***AAA*AAA*AAA*A*AAAA*A*AAAAAAAAAAAA*AAAAAA*AA**A*AAAAAAAAA*AAAAAAAAAAAAAAAAA**A*AAAAAAAAAA*A*A*AAAAAA*AAAAAA*AAAA**AAAA*AAA*AAA*AA*AAAAA*AAAAAAAAAAAA*A*A****A*AAAAAAAAAAA*A*AAAA**A**A*A*,.x..x...x...x..........x...x...x.x..x.x...x...x....x.........x...x.x...x.x.x....x.....x.......x....x.x...x.x.x...x......x.......x...x.x....x.x.x...x......x.......x...x.x....x.x.x...x.....x........x...x.x...x.x.x....x.....x.......x....x.x...x.x.x...x..............x...x.x.xx.x...x...x......,1674,Expert,True
puzzle_94,17,A*AAAAA**AAA*AAA*AAAAA**AAA*AAAA*AAAAA*AAAAA**AAAA*AAAAAAAA*A*A*AA*A*A*AAAAAAA*AAA*A**AAA*A*AAAAA*A*AAA**AAA*A*AAAA*AAAA*AAAAA*AAAAAA*A*AA*AA*AAAAAAAAAAAAAA**A*AAAAAA*A*A*A*AAA*AAA*AAAA*AAAAAAAA**AAAA*AAA**A*AAA*AA*AA***AA***AA*A**AAA*A*A*AAAAAAAAA****AA**AA**AA*AAA*AAA*A*A*A*AAAAAA*A***A,....x.x..x.....x.x.x........x.x........x.x.x.....x..x.x.......x.x........x.x.x.....x..x.x.......x.x........x.x.x.....x.x.x........x.x.......x.x.x.......x.x........x.x.x.....x.x.x........xx.........x.x.x....x.x...x.......xx.........x.x.x....x.x.x.x..................x.x.x.x.x.x..x.x........,1674,Expert,True
puzzle_95,17,*A*A*AA*AAAAAA*AAA*A*AAAAA*AA**A**AAAA**A*AAAA*AAA*AAAAAA*AA*A****A**AA*A*AAAAAAAA*AAAA*AAAAAAAAAAA***A****AAAAA*A*A*AAAAAAAAAAAAAAA*AAA*AA*AA*AAAA*A*AAA*AAAAAA*AAA**AA*AA*AAA**AA**AA*AAAA*AAAAAA*AAAAAAAAAA*AA*AAA*AAAAA**AAAAAAAAA*AA**A*AAAAA*A*A*A*AA*AA**AAAAA**AAAA**AAAAAAA**AAAA*A*A***,........x.x.x..x.x.x.x.x...................x.x.x.x..x.x.x.x..................x.x.x.x..x.x.x.x..................x.x.x.x.x.x.x.x..................x...x.x.x..x.x.x...x......x.......x.....x.x..x.x.x...x......x.......x...x.x.....x.x....x.....x.x.....x....x.x.....x.x...x......x.x.....x...x.x...,1674,Expert,True
puzzle_96,17,***A*A*AAAA**AAAAAAA**AAAA**AAAAA**AA*AA*A*A*A*AAAAA*A**AA*AAAAAAAAA**AAAAA*AAA*AA*AAAAAAAAAA*AAAAAA*AAAA*AA**AA**AAA*AA*AA**AAA*AAAAAA*AAA*A*AAAA*AA*AA*AAA*AAAAAAAAAAAAAAA*A*A*AAAAA****A***AAAAAAAAAAA*AAAA*AAAAAAAA*A*AA*AA****A*AA*AAAAAA*AAA*AAAA*A**AAAA**A**AA*AAAAA*A*AAA*AAAAAA*AA*A*A*,...x.x...x.....x.x......x...x.x.....x.x....x.....x.x.....x....x.x.....x.x...x.......x......x...x.x.x..x.x.....x.......x......x...x.x.x..x.x.x...x..................x.x.x.x.x.x.x.x..................x.x.x.x..x.x.x.x..................x.x.x.x..x.x.x.x...................x.x.x.x.x..x.x.x........,1674,Expert,True
puzzle_97,17,A**AA*AAAAAA*A*A*A*AAA*AAA*AA**AA**AA****AAAAAAAAA*A*A*AAA**A*AA**AAA***AA*AA*AAA*A**AAA*AAAA**AAAAAAAAAAAAA*AAA*AAA*A*A*A*AAAAAA*A**AAAAAAAAAAAAAA*AA*AA*A*AAAAAA*AAAAA*AAAA*AAAA*A*AAA**AAA*A*AAAAA*A*AAA**A*AAA*AAAAAAA*A*A*AA*A*A*AAAAAAAA*AAAA**AAAAA*AAAAA*AAAA*AAA**AAAAA*AAA*AAA**AAAAA*A,........x.x..x.x.x.x.x.x..................x.x.x.x....x.x.x.........xx.......x...x.x....x.x.x.........xx........x.x.x.....x.x.x........x.x.......x.x.x.......x.x........x.x.x.....x.x.x........x.x.......x.x..x.....x.x.x........x.x.......x.x..x.....x.x.x........x.x........x.x.x.....x..x.x....,1674,Expert,True
puzzle_98,17,**A*AAA*AAA*A*A**AAAAA****AA**AAAAA***AA*AAAAAA*AA*AA*A*AAAAAAAAAA*A***A*AA*A*AAA*A**AAAAAAA*A*AA*AAA*AA*AAAA*AAA*AAA*AAAA*A*A**AA*A**A*A**AA*A*AAAA*AA*AAAA*A**AAA*AAA*A*AAAA*AAAAAAA*AAAAAAAAAA*A*AAAAA*A*A**AA**A*AAA*AAAA*A*AAA**AAAAA**AAA*A*A*AAAAAA*AAAAAAA*A**AAA*AAAA*AA***A*AAA*A**AAA*,.....x..x.x.x.....x.x..........x.x.....x.x..x.x.....x.x..........x.x......x.x.x.x....x.x.x.........x........x.x.x.....xx.x.x.......x..........x..x....x.xx.x.x......x............x.x...x.x..x.x.x.....x............x.x...x.x..x.x.x.....x............x.x...x.x.x.x.x......x...........x.x....x.x.,1677,Expert,True
puzzle_99,17,AA**AAAAAAAAAAA*AAAA*AAAAAA**A*AA*AAAAA**AAAAAA*AAA*AA*AA*A**AAAAAAAAAAAAAAAA*AAAAAA***AA*AA**A*AA*A*AAAAAAAAAA***AAA*AAAAAA****AA*A*A*AAAAAAAA*AA**A*AA*A*AA**AAAAAAA*AAA*AAAAAAAA***A*AAAAA*AA*AAAAAAAAAAAAAAAAA*A*A*A*AA*A*AAA**AAAA*AAA*AA*AAAAAAAAA*AAAAA**AAAAA*AAA*A*AAA**AAAAAAAA**AAAAA*,x........x.x.x.....x.x.x........x.x.......x.x.x......x.x.........x.xx.....x.x.x........x.........x.x.xx...x.x.x..................x.x.x.x..x.x.x.x..................x.x.x.x.x.x.x.x..................x.x.x.x..x.x.x.x..................x.x.x.x..x.x.x.x..................x.x.x.x..x.x.x.x.........,1693,Expert,True
puzzle_100,17,AAA*AAA**A*AAA*AAAAAAAAAAAA*A*A*A*AAA*A*AAAA*AA*A*AA*AAAAAAA***A*AAAA*A*AAAAAAAAAAAAAAAAAAAAAAAAA**AAA*AAA*AAA*AAAA*AAAAA*AAA*AAA**AA*AAA*AA*AAAAA*AAAA*AAAAAAAAA**AAA*AA*AA*AAAAAAAAAAAA*AAAA*AA**AA***AAAAA***AAAAAAAAA*AAAAAAAAAA*AAA*AAAAAA*AA*AAAA*A***AAAAAAAA*AAAAAAAAAAAAA**AAA*AAAA*AA*A,.........x.x.x.x..x.x.x.x..................x..x.x.xx.x.x.x..................x.x.x.x...x.x.x..........x.......x..x.x.x...x.x.x..........x.......x.x.x.x....x.x.x.........x........x.x.x.x...x.x.x..........x.......x.x.x.x......x.x.........x.xx.....x.x.x........x.x........x.x.x.....x.x..x.....,1694,Expert,True
puzzle_101,17,*AAAAAAAAAAA*AA*AA*A*AAA*AAAA*AAAAAAAAA*A*AAA*AAAA*AAAAA*AA*AA*AAAAAAAA*A*AAAAA*A*AA*AA*A*A**AAA*AAAAAAA*A*A*AAAAAAAAAAAAAAAAA*AAA*A*AAAAAAAAAAAAAAAAAA*AAAAAAA*A**A***A*AAAAAAAA**AAA*AAAAAAAAAAAAAA*AAAAA*A*AA**A*AAAAAAAAAAAAAA*AAAA*AAAAAAAAA*AAAAAAAA*AAAAAAAAAAAAAAAAAAAAAAAA*AAA**AAA*AAAA,......x.x.x..x...x.x.x..........x.......x.x.x.x....x.x.x...........x.......x.x..x.x...x.x.x..........x........x.x.x.x..x.x.x.x...................x.x..x.x.x.x.x.x..................x.x.x.x..x.x.x.x...................x.x.x.x..x.x.x.x........x..........x.x.x....x.x.x.x........x.........x.x.x.,1695,Expert,True
puzzle_102,17,*AAA*AAA**AAAAA*AAAAAAA*AAA*AAAAAA*AAAA**AAAAA*AAAAA*AA*A*A*AAAAAAAA*A*AAA*AAAAAAA*A*AA*A*AAAAA*A*AAA*AAA*AAAA*A*AAA*AA*A*AAAAAA*AAAAA*AAAAAAAAAAAA*AA*AAA*A*AAAAAA*A**AAAAAAAAA*AAA*AAA*A*AAA*AAAA**AAAAAAAA*A*AA*AA*AAA*A**A*A*AAA**A*AA**AA*AA****AAAAAAAAA*A*AAA*AAA*AA**AA*A**AA*AAAAAA*A*AA,.x.....x..x.x.......x.x........x.x.x.....x.x.x........x.x.......x.x..x.....x.x.x........x.x.......x.x..x.....x.x.x........x.x........x.xx.......x.x.x......x.x.x........x.x........x.x.x.....x.x.x.........xx.......x...x.x....x.x.x.........x........x.x.x.x..x.x.x.x..................x.x..x.x.,1697,Expert,True
puzzle_103,17,AA*AAAAAA*AA*AAA***A**AA*AAAAA*AAA*AAAAAAAA*A**AAAAAA****A*AA*AAAAAAAA*AAAAAAAA*A*AA****AAAAAAAAAAA*AAAA*A*A*AAAAA****AAAA*AAAAAAAAAAAAAAAA*A*AAAA*AA*AA*A*AA**AAA*AAAAAA*AAA*AA**AA**AAA*AAAAAAAAA*AAAAAAAA**AAAAA*AAA*AA*AAA*A**AA*AAAAAAAAA*AA*AA*A*A*A*AAAAAAAA*AAAA*AAAAAA*A**A*A*AAAA**AAAA,.x..x.x.x..................x.x.x.x.x.x.x.x..................x.x.x.x..x.x.x.x..................x.x.x.x..x.x.x.x...................x.x.x.xx.x.x...x..............x...x.x.x..x.x.....x.......x......x...x.x.x....x.x...x.......xx.....x....x.x.....x.x....x.....x.x......x...x.x......x.x...x.....x.,1697,Expert,True
puzzle_104,17,*AAA*AAA**AAAAA*AAAAAAAAAAA*AAAAAAAAAAA**AAAAA*AAAAA*AA*A*A*AAAAAAAA*A*AAA*AAAAAAA*A*AA*A*AAAAA*A*AAA*AAA*AAAA*A*AAA*AA*A*AAAAAA*AAAAA*AAAAAAAAAAAA*AA*AAA*A*AAAAAA*A**AAAAAAAAA*AAA*AAA*A*AAA*AAAA**AAAAAAAA*A*AA*AA*AAA*A**A*A*AAA**A*AA**AA*AA****AAAAAAAAA*A*AAA*AAA*AA**AA*A**AA*AAAAAA*A*AA,.x.....x..x.x.......x.x........x.x.x.....x.x.x........x.x.......x.x..x.....x.x.x........x.x.......x.x..x.....x.x.x........x.x........x.xx.......x.x.x......x.x.x........x.x........x.x.x.....x.x.x.........xx.......x...x.x....x.x.x.........x........x.x.x.x..x.x.x.x..................x.x..x.x.,1697,Expert,True
puzzle_105,17,AAA*AAAAAAAAAA*AA*AAAAA*A****AAAA*AAA**AAAA*A*AAAAA**AAA*A*AAA*AA*A*AAA*A*AAAAA*AA*A*AAAAAAAAAAAAA*A**A***A*AA*AAAAAAA*AAAAAAAAAAAAAAAAAA*AAAAAAAA*A*A*AAAAAAAA*AAA***AAAAAA*AAA**AAA*A*AAAAAAAAAAAA*A*AAAAAA*A*A*A*AAA*AAAAAAAA*AAAAAA*AA*AA*AAAAA*AAA**A*A*AAAA**AA*AAA*A*AAA**AAAAAAAA*AAAA**A,.........x.x.x.x..x.x.x.x...................x.x.x.x..x.x.x.x........x.........x.x..x...x.x.x.x........x.........x.x.x....x.x.x.x........x..........x.x.x....x.x.x.x........x..........x.x.x....x.x.x.x......x.x...........x.x.....x.x.x.x......x.x.........x.x......x.x.x.x......x.x.........x..x,1700,Expert,True
puzzle_106,17,*AAAAAAAA*AAAA**AAA**AA*AAA*A*AAA*AAAAA*AAA**A*A*AAAAA*AAAAAA*AA*AA*A*A*A*A*AAA*AAAAAAAAAAAAAA*A*AAAAAAA*AAA**AAA*AAAAAAAAAAA*AAA***AAAAA*AAAAAAAA*A*A*AAAAAAAAAAAAAAAAAAAA***A*AA*AAAAAAA*AAAAAAAAAAAAA*A**AAA*A*AAAAA*AA*A***AAA*A*AAA*AA*A*AAA**AAAA*A*AAAAA*AAAAA*A****AAAA*AAA*AAAAAAAAAA*AA,.x.x.........x..x.....x.x.x.x......x.x.........x.x......x.x.x.x.....x.x...........x.x....x.x.x.x.......x..........x.x.x...x.x.x.x.......x..........x.x.x...x.x.x.x........x.........x.x.x....x.x.x.x........x.........x.x..x...x.x.x.x..................x.x.x.x.x.x.x.x..................x.x.x.x.,1700,Expert,True
puzzle_107,17,*AAAAAAAAAA**A*AA*AAAAAA*A*AAA*AAAA*AA*A*A*A*A*AA*AA*A**A*A*A*A*AAAA*AAAA*AA*AA**AA*AAAAA*AAAAA*A*A*AAAAAAAA*AAAAA*AAA*AA**AAAAA**AAA*A*AAAA**AAAA*AA*****AAAA**AAAAAAAAAAAAAA**AAAAAAA**A***A*AAA*AA*AA*A*AA*A*AAAAAAA*AA**AAAAAAA***AA*AAA*AAAAAAAAAAAAAA**AAAA**AA*A**AAAAAAAA*AAAAA**AAA*AA**,.x.x....x.x...........x......x.x.xx..x...x.x............x.....x.x.x..x.x...x.x............x.....x.x.x..x.x...x.x............x.....x.x.x.x.x....x.x...........x......x.x.x.x.x...x.x............x.......x.x.x..x...x.x.x..........x.......x.x.x.x....x.x.x..........x.......x.x.xx.x...x...x......,1707,Expert,True
puzzle_108,17,*AAAAAAAAA*AAAA*AA****AAAAAAAA*A*AAA*AAA*AA*AAA*AAAAAAAA*AAAAAAAAAAAAAAAA*AAAAAA*AAAAAAAA*AAAAAA*AAAAAAA*AA**AAAA**AA*AAAAAA*AA*A*AAAAAAAAA*AA*AA*AA**AA***A*AAAAA*AAAAAAAAAAAAAAAAAAAAAAAAA*AA***AAA*AAA*AAAAAA*AAA*A*AAA*AAA**AAAAAAA*AAAAA*A**AAA*AAA*AAAAAA**AA*AAA*AAA*AAAAAA*A*AAAAAAAA*AAA,.x.x...x.x............x......x.x.x.x.x....x.x............x.....x.x.x..x.x...x.x............x.....x.x.x.x..x...x.x............x.....x.x.xx.x.x.....x............x.x....x.x.x.x.x......x............x.x...x.x.x.x..x.....x............x.x...x.x.x..x.x.....x............x.x...x.x..x.x.x.....x.....,1712,Expert,True
puzzle_109,17,AAAAAA**AAAAAAAAAAAA**A*AAAA*AAAAAAA*AAAAAAAAAAAAAAA**AAA*AAAAA*AAA*A**AAA*AAA*A*AA**AA***AAAAAAAAAAAAAAA**AAAAA*AAA*AAAA*AAAAAAAAAAAAAAAA*A*AAAA*AAAAAAA*A*A*AAAAAAAAA*AAAAAAAAAAAA*AA*AAA*AA**A*AAAA**AA*AAA*AAAA***AAAAAAAA*A**AA*AAAA*AAAAA*AAAAA*AAAAAAAAAA*AA**A*AAAAAAAAAAAA*AAAA*AA*A**AA,x.x.x...x..................x.x.x.x.x.x.x.x..................x.x.x.x.x..x.x.x..................x.x.x.x.x.x..x.x..................x.x.x.x..x.x.x.x..................x.x.x.x.x.x.x.x..................x.x...x.x.x.x..x.....x............x.x...x.x..x.x.x.....x............x.x...x.x.x..x.x.....x....,1714,Expert,True
puzzle_110,17,AA*AAAA*AA*AAAAAAA**A**AAAAA*AAAAA*AAAAAAAAAAAA**AAAAAA*A*AAA*A*AAA*AAAAA**A*AAAA***AAA*A*AA*AA**AAAA*AAA*AA**A*AAA**AA*AA*AAAAAAAAA*AAAAAA*AAAA*AAAA**AAAA*AAAA*AAA*AAAAAAAAAAA*AAAAA*A*AA*AAAA*AA**AA*AAAA*AAA*AAAAAAA*AAAAAAAAAA*A**A*A*AAAAAA*AAAAA*AAA*A*A*AA***A*AA**AAAAAAAA*AAAAA*A*A***A,.x.x.x.....x............x.x...x.x..x.x.x.....x............x.x...x.x.x.x.x......x...........x.x....x.x.x.x.x.....x..............x...x.x.x..x.x.x...x......x...........x.x.x...x.x.x.x........x.........x.x.x....x.x.x.x........x..........x.x.x....x.x.x.x........x.........x.x.xx.....x.x.x......,1715,Expert,True
puzzle_111,17,AAAAAAAAAAA*A*AAA*A*AAAAAAAAA*AAAA*AAAAA*A*A*A*A*AA*A**AAAA***A*A*AAAAAA***AAAAAA*AAA**A*AAA*AAA*AAA*AA*AAAAAAAAA*A*AA**A**A*AAAA*AAAAAAAAA*A*AA*AAA*AAAAA*AAAAA*AA**AAAA*AAA*AA*AAA*A**AAAA*AAA*AAAAAA*AA*AA*AA*AAAAAA*A*AAA***AAAAA***AAAAAAAAAAAAA*AAA*AAA**AAAAAAAAAAAAAAA*AA*AA**AAA*AAAA*AA,.x.x...x.x............x.....x.x.x..x.x...x.x............x.....x.x.x..x.x...x.x............x......x.x.xx.x.....x.x..........x.x......x.x.x.x......x.x.........x.x......x.x.x.x.....x..x.........x.x.......x.x..x.....x.x.x........x.x.......x.x.x......x.x.x.......x.x........x.xx......x..x.x....,1715,Expert,True
puzzle_112,17,AAAAAAA*AAAAAAA*A*AAA*AA**AAAAA*AAAAAAA*AA*A*AAA**A*AAAAAA**AA*AAAAAA**AA*AAAAAAAAA**AAAAA*A*AA**A*AAA*AAA**AAA*AAAA**AAA*AAAAAA*A**AAAA*A*A*AAA*AAAA**AAAA*A*A***AAA**AAA**AAAAAAAAAAAAA*AAAAAA*A**AAA*A*AAAA*AAAAAAAAA**AAAAAAAAAA*****A*AAA*A**AAA*AAAAAAA*AA*AA***AA**AA**A***A*AAA*AA*A*AA*A,........x.x.x.x...x.x.x..........x.......x.x.x.x....x.x.x.........x........x.x.x.x...x.x.x..........x.......x.x.x.x.....x.x..........x.x.....x.x.x..x.....x.x..........x.x.....x.x.x.x.....x.x..........x.x.....x.x.x.x......x.x...........x.x....x.x...x.x....x.x.....x......x.....x.x....x.x...,1718,Expert,True
puzzle_113,17,A*AAAAAAA*AAAAAAAAA*AAAAA**AA*AAA*A**AAA*A*AA*AAAAAAAAAA*AA**AAAAAA***AAAAAAAAA*AA**AAAA*A**AA*A*AAAAAA**AAAA*AAA**AAA*AAAA**A*AAAAAA*AAAA**AAAA*AAA*A*A*AAA**AAA***A*A*AAA*AAAAAAAAAAAAA*AAA*A*AAA**A*AAAAAAAA**AAAAAAAAA*AAAAA*A*****AAAAAAAA*AAAAAAA*AAA**A**A**AA**AA***AA*AA*AA*A*AA*AAA*A**,..x.x.x.x........x..........x.x.x....x.x.x.x........x.........x.x.x....x.x.x.x........x..........x.x.x....x.x.x.x......x.x..........x.x.....x..x.x.x.....x.x..........x.x......x.x.x.x......x.x..........x.x......x.x.x.x....x.x...........x.x....x.x...x.x.....x......x.....x.x...x.x....x.x....,1718,Expert,True
puzzle_114,17,AAA*A*AAAAAAAAAAAAAAA*AAAAAAAAA*AAAA*AAA*A*A*AAAAA*AA*A*A***AAAA**A*AAA*AAAAAA***AAAAA*AAA*AAA*AAA*A***AA*A*AAAAAAAAA*AAAAAAA*AAAA*A**A*AAAA*AAA*AA*A*AAA*AAAA**AA*AAAAA*AAAA**A*AAA*AA*AAAA*AA*AAAAAA*AAA*AAAA*A*AAAAAA*AA*AAAAAAA***AAAAA*****AAA*AAA*AAAAAAAA*AAAAAAAAAAAAAAAAA*AAAA*AAA**AA*A,.......x.x...x.x..x.x.x.....x............x.x...x.x..x.x.x.....x............x.x...x.x.x.x.x......x...........x.x.....x.x.x.x......x.x.........x.x......x.x.x.x......x.x.........x..x.....x.xx.x.......x.x........x.x.x.....x..x.x.......x.x........x.x.x......x.x.x........x.x.......x.x..x......x,1725,Expert,True
puzzle_115,17,AAAAAAAAAAA*A*AAAAA*AAAAAAAAA*AAAA*AAAAA*A*A*AAA*AA*A**AAAA***A*A*AAAAAA***AAAAAA*AAA**A*AAA*AAA*AAA*AA*AAAAAAAAA*A*AA**AA*A*AAAA*AAAAAAAAA*A*AA*AAA*AAAAA*AAAAA*AA**AAAA*AAA*AA*AAA*A**AAAA*AAA*AAAAAA*AA*AA*AA*AAAAAA*A*AAA***AAAAA***AAAAAAAAAAAAA*AAA*AAA**AAAAAAAAAAAAAAA*AA*AA**AAA*AAAA*AA,.x.x...x.x............x.....x.x.x..x.x...x.x............x.....x.x.x..x.x...x.x............x......x.x.xx.x.....x.x..........x.x......x.x.x.x......x.x.........x.x......x.x.x.x.....x..x.........x.x.......x.x..x.....x.x.x........x.x.......x.x.x......x.x.x.......x.x........x.xx......x..x.x....,1725,Expert,True
puzzle_116,17,AAA*A*AAAAAAAAAAAAAAA*AAAAAAAAA*AAAA*AAA*A*A*AAAAA*AA*A*A***AAAA**A*AAA*AAAAAA***AAAAA*AAA*AAAAAAA*A***AA*A*AAAAAAAAA*AAAAAAA*AAAA*A*AA*AAAA*AAA*AA*A*AAA*AAAA**AA*AAAAA*AAAA**A*AAA*AA*AAAA*AA*AAAAAA*AAA*AAAA*A*AAAAAA*AA*AAAAAAA***AAAAA*****AAA*AAA*AAAAAAAA*AAAAAAAAAAAAAAAAA*AAAA*AAA**AA*A,.......x.x...x.x..x.x.x.....x............x.x...x.x..x.x.x.....x............x.x...x.x.x.x.x......x...........x.x.....x.x.x.x......x.x.........x.x......x.x.x.x......x.x.........x..x.....x.xx.x.......x.x........x.x.x.....x..x.x.......x.x........x.x.x......x.x.x........x.x.......x.x..x......x,1726,Expert,True
puzzle_117,17,AA**A*A*AAAAA*AAAAAAAA**AA*A***AA*A*A*AAAAAAAAA*AAAAAA*A*A**A*AAAAAAAAAA*AAAAAAA*AAA*AAAA*AA**AA*AAAA*AA*A*AAAAA*AAAAAAAAAAAAAAA*AAAA*AAAA**AAAA*AAAA*AAAAAA*AAAAAAAAA*AA*AA*AAAA*A**AA*AAA*AAAA**AA*AA*A*AAA*A*AAAA*A**AAAAA*AAA*A*AAA*A*AAAAAA**AAAAAAAAAAAA*AAAAA*AAAAA*AA**AAAAAAA*AA*AAAA*AA,......x.x.x.....xx.x.x.........x........x.x.x.x....x.x.x..........x........x.x.x.x....x.x.x.........x........x.x.x.x...x.x.x...........x......x...x.x.x..x.x.x...x..............x.....x.x.x.x.x....x.x...........x......x.x.x.x.x...x.x............x.....x.x.x..x.x...x.x............x.....x.x.x.,1726,Expert,True
puzzle_118,17,AAAA*A*AAAAAAAA**A*AAAAAAA*AAAAAAAA*A*AAAAAAAAAA**A**AAAAAAAAAAAA*A*AA**AAAAAAA*AAA**AAAAAAAA*AA***AA*AAAAAAAAA*A*AAAAAAAA*AAAAA*AA**AAAA***AA**AAAAAAA*A*AAA*AAAAAAAAAAAAAA*AA***AAAAAA*AAAAAAAAAAAAA*AAAAAAAAA**AAAAA*AAAA**A*A*AAA**AA**A*AAAAAAA*A*AAAAAAA*AA*AAAA*A****A*AA*AAA*AAAAAAA***AA,x....x...x...x.....x....x...x...x.x...x....x...x.....x...x....x...x.x...x...x....x.....x...x...x....x.x...x...x...x......x...x.......x.x....x...x.x.x.....x....x.......x.x...x....x.x.x.....x...x........x.x...x...x..x.x.....x...x........x.x...x...x.x.x......x...x.......x.x....x...x.x.x.....,1726,Expert,True
puzzle_119,17,*AA*AAA*AAAAA*AAAAAAAAAAA*AAAA***AA*A*AA*A*AAA*AAAAAAAAAAAA**AA*A*AA*AA**AA*AAAAAAAA*AAAA*A*AAAAAAAAAAAA*AAA*A*AAAAAAA*A*AAAA*A*AAAAAAAAAA**AAAAAAA*AAAAAA*A*AAAAA**AAAA*AA*AAAAAAAAAAAAAAAA*AA**AAAA***AAAA**A*AAAAA*A*AAAAA*AA*AAAAAAA*AAAAA**AAAA*AAAAAA**AAAAA*AAAA*AAA*A*A*AA*A*AAAAAA***AA*,..........x.x.x.x.x.x.x.x..................x.x.x.x.x.x.x.x..................x.x.x.x...x.x.x..........x.......x.x.x.x...x.x.x..........x.......x.x.x.x....x.x...........x.x....x.x.x..x.....x.x..........x.x.....x.x.x.x.......x..........x.x.x...x.x.x.x........x.........x.x.x....x.x.x.x.......,1726,Expert,True
puzzle_120,17,*A*A*AAAAAA*AA**A*AA**AA*AAA*AAA*A*AAAAAAAAA****AA*AA**AA*A**AAA*A*A**A*AAA*AA*AA***AAAAAAAA**AAAA*AAA*A*AAA*AAA*AAAAAAAAA**A*AAAAAA*A*AAA*AA*AAAAAAAAAAAA*AAAAA*AAAAAA*A*AA*AAA*A*AAAA*AAA*AAA*A*AAAAA*A*AA*A*AAAAAAA*AAA*A*AAAAAAAA*A*A*AA*AAAAA*AAAAA**AAAA*AAAAA**AAA*AAAA*AA*AAAAA**AAA*AAA*,.x.x..x.x..................x.x.x.x..x.x.x.x........x.........x.x.x....x.x...x.......xx.........x.x.x.....x.x.x........x.x........x.x.x......x.x.x.......xx.x........x.x........x.x.x.....x..x.x.......x.x........x.x.x.....x..x.x.......x.x........x.x.x.....x.x.x........x.x.......x.x..x.....x.,1726,Expert,True
puzzle_121,17,A**AA*AAAAAA*A*A*A*AAA*AAA*AA**AA**AA****AAAAAAAAA*A*A*AAA**A*AA**AAA***AA*AA*AAA*A**AAA*AAAA**AAAAAAAAAAAAA*AAA*AAA*A*A*A*AAAAAA*A**AAAAAAAAAAAAAA*AA*AA*A*AAAAAA*AAAAA*AAAA*AAAA*A*AAA*AAAA*A*AAAAA*A*AAA**A*AAA*AAAAAAA*A*A*AA*A*A*AAAAAAAA*AAAA**AAAAA*AAAAA*AAAA*AAA*AAAAAA*AAA*AAA**AAAAA*A,........x.x..x.x.x.x.x.x..................x.x.x.x....x.x.x.........xx.......x...x.x....x.x.x.........xx........x.x.x.....x.x.x........x.x.......x.x.x.......x.x........x.x.x.....x.x.x........x.x.......x.x..x.....x.x.x........x.x.......x.x..x.....x.x.x........x.x........x.x.x.....x..x.x....,1726,Expert,True
puzzle_122,17,*AA*AAAAA*AAAA*AA*AAAAAAA*AAAAAA*A*AAAAAAAAA*AAAAAAAAA*AAA**AAAAAAAAAAAAAAAAAAAAAAAAAAAAA**AAAAAA*A**A**AAAAAAAAA**A*AAAAAAAA*AAAAAAAAAAAAAAA*AAAAAA*AAAAA***AA*A*AAA*A**AAAA*AAAAAA**AAAAAAA**AAAA*AAAAA*A***A*A*AAAAAAAA*AAA*A*AA*AAAAAA*AA*A*AAAAAA*AA***AAA**AAAAAAAAAAAAAAA*A*AAA*AAAA***AAA,....x.x.x.......x.x........x.x.x.....x..x.x.......x.x........x.x.x.....x.x.x........x.x.......x.x.x......x.x.x.......x.x........x.x.x.....x.x..x.......x.x........x.x.x.....x..x.x.......x.x........x.x.x.....x.x.x........x.x.......x.x.x......x.x.x.......x..........x.x.x...x.x.x.x........x..,1727,Expert,True
puzzle_123,17,AA*AAAAAA*AA*A*A***A**AA*AAAAA*A*A*AAA*AAAA*A**AAAAAA****A*AA*AAAAAAAA*AAAAAAAA*A*AA****AAAAAAAAAAA*AAAA*A*A*AAAAA****AAAA*AAAAAAAAAAAAAAAA*A*AAAA*AA*AA*A*AA**AAA*AAAAAA*AAA*AA**AA**AAA*AAAAAAAAA*AAAAAAAA**AAAAA*AAA*AA*AAA*A**AA*AAAAAAAAA*AA*AA*A*A*A*AAAAAAAA*AAAA*AAAAAA*A**A*A*AAAA**AAAA,.x..x.x.x..................x.x.x.x.x.x.x.x..................x.x.x.x..x.x.x.x..................x.x.x.x..x.x.x.x...................x.x.x.xx.x.x...x..............x...x.x.x..x.x.....x.......x......x...x.x.x....x.x...x.......xx.....x....x.x.....x.x....x.....x.x......x...x.x......x.x...x.....x.,1727,Expert,True
puzzle_124,17,A**AA*AAAAAA*A*AAA*AAA*AAA*AA**AA**AA****AAAAAAAAA*A*A*AAA**A*AA**AAA***AA*AA*AAA*A**AAA*AAAA**AAAAAAAAAAAAA*AAA*AAA*A*A*A*AAAAAA*A**AAAAAAAAAAAAAA*AA*AA*A*AAAAAA*AAAAA*AAAA*AAAA*A*AAA*AAAA*A*AAAAA*A*AAA**A*AAA*AAAAAAA*A*A*AA*A*A*AAAAAAAA*AAAA**AAAAA*AAAAAAAAAA*AAA*AAAAAA*AAA*AAA**AAAAA*A,........x.x..x.x.x.x.x.x..................x.x.x.x....x.x.x.........xx.......x...x.x....x.x.x.........xx........x.x.x.....x.x.x........x.x.......x.x.x.......x.x........x.x.x.....x.x.x........x.x.......x.x..x.....x.x.x........x.x.......x.x..x.....x.x.x........x.x........x.x.x.....x..x.x....,1727,Expert,True
puzzle_125,17,AAAAAAAAAAA***AAA*A*AAA**AAAA*AAAA*A*AAAAAAAAAAAAAAAAAAAA**A**AAAAAA**AAAAAAAAAAA**A*A*AA***AAAAAAAAAAA*AAAAAAAAAAAA*AAAAAAA**AA*AAAAAAA*AAAAAAAA***AAA*AAA*A*AAAAAAA*AAA*AAAAAA*A*AA*AAA*AAAAAAA*AA*AAAAA*AAAAA**A*AAAAAA*A*A*AAAAAAA*AAAA*AA*A**A*AAAAAAA*AAAA**AAAA*AAAAAAA*AAAAAA*AAAAA*AAA**,...x.x.x.x........x.........x.x.x....x.x.x.x.......x..........x.x.x...x.x.x..x.......x..........x.x.x...x.x.x.x..................x.x.x.x.x.x.x.x..................x.x.x.x..x.x.x.x...................x.x.x.xx.x...x.x............x.....x.x...x.x....x.x.....x......x.....x.x...xx.x.....x.....x..,1728,Expert,True
puzzle_126,17,AAAAAAAAAAA***AAA*A*AAA**AAAA*AAAA*A*AAAAAAAAAAAAAAAAAAAA**A**AAAAAA**AAAAAAAAAAA**A*A*AA***AAAAAAAAAAA*AAAAAAAAAAAA*AAAAAAA**AA*AAAAAAA*AAAAAAAA***AAA*AAA*A*AAAAAAA*AAA*AAAAAA*A*AA*AAA*AAAAAAAAAA*AAAAA*AAAAA**A*AAAAAA*A*A*AAAAAAA*AAAA*AA*A**A*AAAAAAA*AAAA**AAAA*AAAAAAA*AAAAAA*AAAAA*AAA**,...x.x.x.x........x.........x.x.x....x.x.x.x.......x..........x.x.x...x.x.x..x.......x..........x.x.x...x.x.x.x..................x.x.x.x.x.x.x.x..................x.x.x.x..x.x.x.x...................x.x.x.xx.x...x.x............x.....x.x...x.x....x.x.....x......x.....x.x...xx.x.....x.....x..,1728,Expert,True
puzzle_127,17,AAA*AAAAAAAAA*A*AAAAAA*AA**AA*AAAA*A*AA*AAAAA*AAAAAAAAAAA*AA**AA*AAAAAAAAAAA*AAA*A*AAAA*A*AAAAAAA*AAAAAAAAAAAAAAAAA*A**AAAA****AAAAA*AAAA*AA*A*AAA*AAAAA**AAA***A*AAAAAAA*AAAAAAAA**AA*AAA**AA*AAA*AAAAAAAA*A*AAAAAAA**A*AA***A*A*A*AAAAAA**AA*A*AAA*A***AAAA*AAA*AAAAAAAA*AA**A*AAAAAA**AA*AAAAA,....x..x.x.x.....x.x..........x.x.....x.x.x.x.......x..........x.x.x...x.x.x.x.......x..........x.x.x...x.x.x.x..................x.x.x.xx.x..x.x..................x.x.x.x..x.x.x.x..................x.x.x.x.x.x.x.x..................x.x.x...x.x.x.x........x..........x.x.x...x.x.x..x.......x..,1733,Expert,True
puzzle_128,17,AAAAA*AA**AAAAAA*A**AA*AAAAAAAA*AAA*AAAA***A*AAA*A*AA**AAAAAA*A*A*A***AA*A**AAAAAAA*A*AAAAAAAA*AAA*AA*AAAA*AA**AAAAAAAA*AAAAAAA*A***AAA**AAAAA*AAA*A*AA*AAAA*AAAAA****AAAA**A*AAAAAAAAAAAAAAAAA*AAAAAAA*A*AAAA*A*AAA*AAAAAAAAAAA*AA**AA*AAAAAAAAAAA*AAAAA*AA*A*AAAA*AA**AA*AAAAAA*A*AAAAAAAAA*AAA,..x.......x..x.x.x...x.x.x..........x........x.x.x.x...x.x.x..................x.x.x.x.x.x.x.x..................x.x.x.x..x.x.x.x..................x.x..x.xx.x.x.x..................x.x.x.x...x.x.x..........x.......x.x.x.x...x.x.x..........x.......x.x.x.x.....x.x..........x.x.....x.x.x..x....,1733,Expert,True
puzzle_129,17,AAA*AA*AAAAA*AAAAAAAAAAAAA**AA*AAAAAAAAAA*AAAAA*AAAAAAAA*A*AA*A**AAAAAAAA*A*AAAA*AAAAAA*AAAAAAAAAAAA*AAAAAAAAAAAAAA*AAAAAAAAAA*AAAA**AAAAAAAA*A*AAAA*A**A**AAAAAAAA*AAA***AA*AAAAAAAAA*A*A*A*AAAAAAAAAA*AA*AAAAA**AA*AA*AAAAAAAAAAAAAA*AA*****A*AAA*AAA*AA*AAAA*AA*AAAAA*AAAAAAAAAAAAAAAAAA*AAAAA,.......x.x.x..x...x.x.x..........x........x.x.x.x..x.x.x.x...................x.x.x.x..x.x.x.x...................x.x.x.x..x.x.x.x........x..........x.x..x...x.x.x.x........x.........x.x.x....x.x.x.x........x..........x.x.x....x.x.x.x......x.x..........x.x.....x.x.x.x......x.x.........x..x.,1738,Expert,True
puzzle_130,17,AA*A*AAAAAAAA*A*AAA*AAAA**AA*AAA*A*AAAAA*AAAAAAAAAAAA*AA****A*AAAAAAAAAA*AAA*AAA***AAAAAAAAAA***AAAAAAA**AAAAAAAAAAAA**AAA**AA*AA*AAAAAAA*AAA*AAAAAAAA*AAAAAAA**A**A**AAA*A**AAAAAAAAAA*A*AA*AAAA*AAAA*AAAAA*AA*A*AAA*AA*AAAAA*AAAA*AA*AA*A**A*AAAAAAAA*AAAAA*AAAAAAAAA**AAAAAAAA**AAAAAAA*AAAA*A,.....x.x..x.x.....x.x..........x.x.....x.x.x.x......x.x.........x.x......x.x.x.x......x.x.........x.x......x.x.x.x.....x.x..........x.x.....x.x..x.x.....x.x..........x.x.....x.x.x.x......x.x.........x...x....x.x.x.....x..x.x.......x.....x....x...x...x.x...x....x...x.....x...x....x...x.x..,1739,Expert,True
puzzle_131,17,AA*AAAAAAAA*AAA*A*AAAA*AAAAAAAAAAA*AA**AAA*AAA*A*AAAAAAAAAA*AAAAA*AAA*AAAAAAAAAAAA*AAAAAAAA**AAAAAAAAAAAAAAAAAAAAAAAAAAAAAAAA**AAAAAAAA***AAAA*AAA*A**AAAAAAA*AAAAA*AAAA*AAAAAAAAA*A**AAAAAAAAAAA*AAA*AA*AAAAAAAAAAA*A*AAAAA*AAAAA**AAAAAAAAA*A*AAAA*AAAAAAA*AAAAAAAAA*AAA*A*AAAAAAAAA*AAAAAAAAAA,......x.x.x.....x.x.x........x.x.......x.x.x......xx.x........x.x.......x.x.x......x.x.x.......x.x........x.x.......x.x.x......x.x.x.......x.x........x.x.x.....x.x.x........x.x.......x.x..x.....x.x.x........x.x.......x.x.x......x.x.x.......x.x........x.x.x.....x.x.x........x.x.......x.x..,1741,Expert,True
puzzle_132,17,AAAA***AAAAAAAAAAAA*AAAAAAA*AAAAAA*A**AAAAA*A*AAA*AAAAAAAAAAAA*AAA*AAAAAA**AAAAAAAAAAAAAAAAAAA*AAAAAA*AAAAAAAAAAAA*AAA*AAAAAAAAA**AAAA***AA*A*AAAAAAA**AAA*A*A*AAAAAAAAA*AA**A**A*AAAA*AAAAAAA**AAA*AAAAAAAAA*AAAAAAAAAAA**AAAAAAAAA**AA*AAAAAAAAAAA*AAAAAAAAAAAA*AAAAA*A*AAAAAAAAAAA*AAAAA*AAAAA,.........x.x.x.x..x.x.x.x...................x.x.x.x.x.x.x.x..................x.x.x.x..x.x.x.x..................x.x.x.x.x.x.x.x..................x.x.x...xx.x.x.........x........x.x.x.....xx.x.........x.x......x.x.x.x.......x..........x.x.x...x.x.x.x.......x..........x.x.x...x.x.x.x........,1747,Expert,True
puzzle_133,17,*AAAAAAA*AA*A*A*AAAAAA**A*A*AAAAAA*A*AAAAAAAAAAA*AAA**A*AAAAAAA*AAAAA*AAAAA*AA*AA*A*AAAAAAAAAAAAAAAAA**AAAAAAAAAAAAA*A*AAAAA**AAAAAA*AAAA*AAA*AAA*A*AA***AAAAAAA*AAAAAAAAAAAAAAAAAA*AAA*AAAA*A*AAA*AAAAA*AA*AAAAAA*AAAAAA*AAAAAAAAAA**AA*A*AAA*AAA*AAA*AAA*A**AAAA*AAA*AA*AAAAAAA*AAAAAAA**AAAAA*,...x.x.x.x........x.........x.x.x....x.x.x.x.......x..........x.x.x...x.x.x..x.......x..........x.x.x...x.x.x.x..................x.x.x.xx.x.x...x..............x...x.x.x...x..x...x.......x......x...x.x.x...x.x....x.......x.....x....x.x.x...x.x...x........x.....x...x.x.x...x.x....x.......x.,1750,Expert,True
puzzle_134,17,*AAAA*AA*A**AAAAAAA*AAAAA*AAA*AAA*AA*AAAAA*A*AAA*AAAAA****AA*AA*AAA*AA*AAAAAAAAAA*AAAAAA*AAAA*AAAAAAA***AAAAAAAAAA*AA*A*AAAAA*A*AAAAAAAAAA**AAAAAAAAAAA**A*A*A*A*AAAA*AAAAAAAA*AAAA*AAAAA*AAAAAAAAA**AAAAA*AAA*AAAAAAAAAA*AAAA*AAA*AAAAAAAAAAAAAAAAAAAAAAAA**AA*AAAA*AA*AAA*AAAAAA*AAAAAAA*AAA*A*,..x.x.x..x.......x..........x.x.x....x.x.x.x........x.........x.x.x....x.x.x.x........x.........x.x.x....x.x.x.x........x..........x.x.x....x.x.x.x......x.x...........x.x.....x.x..x.x.....x.x..........x.x......x.x.x.x......x.x.........x.xx.......x.x.x......x.x.x........x.x.......x..x.x...,1750,Expert,True
puzzle_135,17,A*A*AAAAAAAAAAAAAAAAAA***AAA*A***AAA***AAAAAA*AAA*AA*AAAA*AAAAAAAA*A**AA**AAAA*AAA*AAAA*A*A*A*AA*AAA*AAAA***AA**AAAAAA*AA*A*AAA*AAAA***AAA**AA*AAAAAAAAAAAAAAAA*AAA*AA*A*AAAA*A*AAAAAAAAA*AAAAAAAAA**AA**AA****A*AAA*AAA*AAAAAAAA*AAAAAA*AAA*AAA**A*A*AA*A*AAAAA*AAAAA*A**AA*AA*AAAAAAAAAAA*A**A*,......x.x....x.x.x.x.x.....x............x.x...x.x..x.x.x...........x.......x.x.x.x....x.x.x..........x.......x..x.x.x...x.x.x..........x.......x.x.x..x...x.x.x..........x........x.x.x.x..x.x.x.x...................x.x.x.x..x.x.x.x..................x.x.x.x.x.x.x.x..................x.x.x..x.,1754,Expert,True
puzzle_136,17,AAAA*AAAA*A**A**AA**AA**AA*A*AAAAAAAAAAAA*AAA*A**AAAAAAAAAAAAAAAAAAA*AAA**AAAAA*AAAAA*A*AAAAAAAA*AAA*AA*AAAAAAA*AAA*AAA**A*AAA**AAAAAAAAA*AA*AAAA*AAA**AAA*AAAA***AAAAAAAAAAAAAAAAAA*AAAAAAAAAAA*AAA*AAAAAAA*AA*AAAAAAAAAAA*AA**AAA**A**AAA*AAAAAAA*A**AAAAAA*AA*AAAAAAAAAAAAAAAAA*AAAAAAAA**AAAA,.x.x.x..x..................x.x.x.x.x..x.x.x..................x.x.x.x.x.x..x.x..................x.x.x.xx.x.x..x..................x.x.x.x.x.x..x.x..................x.x.x.x..x.x.x.x...................x.x.x.x..x.x.x.x........x..........x.x.x...x.x.x..x.......x..........x.x.x....x.x.x.x.......,1760,Expert,True
puzzle_137,17,AA*AAAA*AAA*A*AAA**AAAAAAAAAAA*A*AA**A*A*AAAA*AAAAAAA*AAA*AAAA*AAA*AAAAA*AA**A**AAA*AAAAAAA*AAA*A*AAA*A*A**AA*AAAAAA*AAAAAAAAAAAAAAAAAAAA*AAAA*AAAAAAAAAAAA*AAAAAA*AAAA*AA*AAA*AAAAA*AAA*AAAA*AAA*AAA*A*AAAAAAAA*AAA*AAAAAAAAAAAAAA*A*AAA*AAAAA*A***AAAAAAAAA*AAAAAAAAA**AAAAAAAAA*A*AAAA*A*AA*AA,x.........x...x.x..x.x.x.x..................x.x.x.x.x.x.x.x..................x..x.x.x.x.x.x.x..................x.x.x.x.x.x.x.x..................x.x.x.x...x.x.x..........x.......x.x.x.x....x.x.x.........x........x.x.x.x...x.x.x..........x.......x.x..x.x...x.x.x..........x.......x.x.x.x....,1761,Expert,True
puzzle_138,17,AAAA**A**A*AAAAAAA**A*AAAAA*AAAAA*A*A*AAAAAAAA*AAAAAAA*AAAAA**AA*AA*AAAA*A*AAAA**AA*A**AAAAAAAAAAAA*AAAA*A*AAA*AAAA*AAAAA*A*A*AAAAAA*A*A*A*AAA**AAAA*AA*A*AAAA*AAA*AAAAAAAAA**AAA***AAA*AAAAAAAAAA*A*AAAA**AAAA*AAA***A*AAAAAAAAAA*AAAAAAAAAA*A***AAAAAAA*AA*AAAAAA*AAA*AAAAAAAA*A*AA*A*AAAAAA*AA,.x.x.....x...x........x.x...x...x.x.x......x...x........x.x...x...x..x.x.....x...x........x.x...x....x.x.x.....x....x.......x.x....x...x.x.x......x...x........x.x...x...xx...x.....x...x....x...x.x...x........x.....x...x.xx.x...x.....x........x...x.x....x.x.x...x......x.......x...x..x...x.,1764,Expert,True
puzzle_139,17,*AA***AAAAAA*A*AA*A*A*AAA*AAAA*AAAAA**AAAAAA*AAAA**AAAAA*AAAAAAA*AA*AAAAA*A*AAAAA*A**AAAA***AAAA**AA*AAAAAAAAAAAAAAAA*AA*AAAAA*AAAAA*A*AAAAAA*AAAAAAA**AAAAAAAAAA*A*AAAA*A*AAAAAAA*A*AAA*AAAAAAAAAAAA*A*AAAA*AAAAAAAA*AA**AA*AA*A*AA**AAAAAAAAAAAA*AAA*A*AA*A*AA***AAAA*AAAAAAAAAAA*AAAAA*AAA*AA*,.......x.x.x.x....x.x.x.........x........x.x.x.x...x.x.x..........x.......x.x.x.x.....x.x..........x.x.....x..x.x.x....x.x...........x.x....x.x.x.x.......x..........x.x.x...x.x.x.x.......x..........x.x.x...x.x.x.x..................x.x.x.x.x.x.x.x..................x.x.x.x.x.x.x.x..........,1776,Expert,True
puzzle_140,17,A*A*AA**AAAA*AAA*AAAA*AAA*AAAA*AA*AAA*AAAAAA*AAAAA*AAAAA*AAAA*A****AA**AAA*AAA*AAAAAAAAA*AAAAAAAAAA*AAAAA*AAAAA*AAA*AAAA*AA*AAAAAA****A**AAAAAA*AA*AAAAAA*A*A*AAAAAA**AA**AAA*A*A****AAAA*A*A***AAAA*AA**A*AAAAAA*A*AAAAAAA*AA*AAAAA*A*AAA*AA*AAA*AAA*AAA**A*AA***AA*AA*AAA*A*AA*AAAAAAA**A*AA*A*,.....x.....x.x.x..x.x...x.x............x.....x.x.x..x.x...x.x............x.....x.x.x.x.x....x.x...........x.......x.x.xx.....x.x.x........x.x.......x...x......x.x.x...x..x.x.x.......x..........x.x.x...x...x.x........x...x......x.x.x...x..x.x.x...........x.......x.x.x.x....x.x.x.........x.,1781,Expert,True
puzzle_141,17,AAAAA*AAAAAAA*AAAAAAAAA*A*A***AA*AAAA*AA*AAAAAAAA*AAAAAAAA*AAAAAA*AAA*AA*AAAAAAAAAAAAAAAA*A*AAAA**AAAAAA*AA**AAAAA*AA*AAAAAAAAAAA*AAAAAA*AAA****AAAAAAA*AAA*AAAAAAAAAAA*AAA**AAA***AAAAAAAA*A*A*A*AA*AA*AAAA*AA*AAAAAAAAAAAAAAAAAAAAAAA*AAA*A*AAAAAAAAA*AAAAAAAAAAA*AAAA*AAAA*AAA*AAAAA*AA*AA**AA,......x.x.x...x..x.x.x...........x........x.x.x.x..x.x.x.x...................x.x.x.x..x.x.x.x..................x.x.x..x.x.x.x.x...................x.x.x.x.x.x.x.x..................x.x.x.x..x.x.x.x..................x.x.x.x.x.x.x.x..................x...x.x.xx.x...x...x..........x...x...x..x.,1782,Expert,True
puzzle_142,17,AAAAAAAAA**AA*AA*AAAAAAA*AA*AAAAA*A*AA*AAA**AAA**AAA*AAAAAA*A*A*A*A*AAAAA*AA*A*A*AA****A*AA**AAAAAAAAAAAAAAAAAAA*AA**A*AAAAAAAA*A*AAAAA*A*A*AAAA*A*AA**AAA****A*AAAAAAAAAAAAAAAA*AAAAA*A***AAAA*AAAAAA*A*A*AAAA*AA*AA***A**AA*AAAA*AAAAAA*AAAAAA**A**AA*AAA*AAAA*AA*AAAA*AAAAAAAAAAAAAAAAAAAAAA*A,.x.x.x.x..................x.x.x.x.x..x.x.x..................x.x.x.x.x.x.x.x...................x.x.x.x..x.x.x.x..................x.x.x.x.x.x..x.x...................x.x.x.xx.x.x...x..............x...x...x.x..x.x...x...x..........x...x...x.x.x..x...x...x..........x...x...x.x.x.x....x...x....,1783,Expert,True
puzzle_143,17,A*A*AAAAAAAAA*AAAAAAA*AA**AA*AAAAAAAAAA*AAAAA*AA*A*AAA*AA**AA*AAAAAAAA*A*AAA*AAAAAAAAAAAA*AAAAAAA*A*AA**A*AAAAAAAAAAAAAAAA*AAAAA****AAAA*AAAAA*AAA*A*AA*A*AAAAAAA*A***AAA*AAAA*AA**AAAAAAAA*AAAAAAAA*AAA*AA***AA*A**AAAAAAA*AAA**AAAAAA*A*A*AAA*AAAA***A*AAA*AAA**AA*AAAAAAAA*AAAAAAA*AA**AAAAAA*,.....x.x.x..x.....x.x..........x.x......x.x.x.x....x.x.x..........x........x.x.x.x....x.x.x..........x........x.x.x.x..x.x.x.x...................x.x..x.x.x.x.x.x..................x.x.x.x..x.x.x.x...................x.x.x.xx...x.x.x..........x........x.x.x.x...x.x.x..........x.......x..x.x.,1783,Expert,True
puzzle_144,17,**AAA*AAAAA*A*AAAA*AAAAAAA*AAAA**AAAA*AAAAAAA*A**A*AA*AAAA*AAAAAAA*A*A**AAAAA*A**AAAAA*AAAAA*AA*AAAAAAA*AAA*AA*A*AAAAAA*AAA*AAAAAAA*A*AAA*AAA***AAAAAAAA*A*A*AAA*AA**AAAAAAA*AAAAAAAAAAAA*AAAAAAAAAAA***AA*A*A**AAAAAAAAAAA**AAAAAA**A**AAAAAAAAAAAAAAAAAAAA*A*AAAA*AAAA**AAA*A*AAA***AAAAAAAAAAA,..x.....x.....x.xx...x.x.....x......x.....x.x....x.x...x.x.....x............x.x...x.xx.x.x.x...................x.x.x.x..x.x.x.x..................x.x.x.x.x.x.x.x..................x.x.x.x...x.x.x..........x.......x..x.x.x...x.x.x..........x.......x.x.x.x....x.x.x.........x........x.x.x.x...,1785,Expert,True
puzzle_145,17,AAA***AAAAAAAAAAAAAAA*AAAA**AAA*A*AAAAAAAAAAAAAA*A*AAAAAA**A**AAAAAA*A**AAAAAAAAAAA**AAAAAAAAAA***AA*AAA*AAAAAAAAAAAA*AAAA*AAA*AA**AAAAAA*AAA***AAAAAAAA**AAA*AAAAAAA*A*AAA*AAA*AA*A*AAAAAAA*AAAAA*AA*AAAAAA*A**AAAAA*A**AAAAAA*AAAA*AAAAAAA*AAAA*AAAAAAA*A**A*A*AAAAAAA*AAAA**A**AAA*AAAAA*A*AAA,.......x.x.x.x....x.x.x.........x........x.x.x.x....x.x.x..........x.......x..x.x.x...x.x.x..........x........x.x.x.x..x.x.x.x...................x.x.x.x..x.x.x.x..................x.x.x.x.x.x.x.x..................x.x...x.xx...x.x.....x......x.....x.x....x.x...x.x.....x......x.....x.....x.x,1785,Expert,True
puzzle_146,17,AAAAAAAAAAA***AAA*A*AAA**AAAA*AAAA*A*AAAAAAAAAAAAAAAAAAAA**A**AAAAAA**AAAAAAAAAAA**A*A*AA***AAAAAAAAAAA*AAAAAAAAAAAA*AAAAAAA**AA*AAA*AAA*AAAAAAAA***AAA*AAA*A*AAAAAAA*AAA*AAAAAA*A*AA*AAA*AAAAAAA*AA*AAAAA*AAAAA**A*AAAAA**A*A*AAAAAAA*AAAA*AA*A**A*AAAAAAA*AAAA**AAAA*AAAAAAA*AAAAAA*AAAAA*AAA**,...x.x.x.x........x.........x.x.x....x.x.x.x.......x..........x.x.x...x.x.x..x.......x..........x.x.x...x.x.x.x..................x.x.x.x.x.x.x.x..................x.x.x.x..x.x.x.x...................x.x.x.xx.x...x.x............x.....x.x...x.x....x.x.....x......x.....x.x...xx.x.....x.....x..,1785,Expert,True
puzzle_147,17,A**AA*AAAAAA*A*AAA*AAA*AAA*AA**AA**AA**A*AAAAAAAAA*A*A*AAA**A*AA**AAA*A*AA*AA*AAA*A**AAA*AAAA**AAAAAAAAAAAAA*AAA*AAA*A*A*A*AAAAAA*A**AAAAAAAAAAAAAA*AA*AA*A*AAAAAA*AAAAA*AAAA*AAAA*A*AAA*AAAA*A*AAAAA*A*AAA**A*AAA*AAAAAAA*A*A*AA*A*A*AAAAAAAAAAAAA**AAAAA*AAAAAAAAAAAAAA*AAAAAA*AAA*AAA**AAAAA*A,........x.x..x.x.x.x.x.x..................x.x.x.x....x.x.x.........xx.......x...x.x....x.x.x.........xx........x.x.x.....x.x.x........x.x.......x.x.x.......x.x........x.x.x.....x.x.x........x.x.......x.x..x.....x.x.x........x.x.......x.x..x.....x.x.x........x.x........x.x.x.....x..x.x....,1787,Expert,True
puzzle_148,17,A**A*A*AAAA**AAAAAAAA*AAAA*AAAAAA**AA*AA*A*A*A*AAAAA*AA*AA*AAAAAAAAA**AAAAA*AAA*AA*AAAAAAAAAA*AAAAAAAAAAA*AA**AA**AAA*AA*AA**AAA*AAAAAA*AAA*A*AAAA*AA*AA*AAA*AAAAAAAAAAAAAAA*A*A*AAAAA***AA**AAAAAAAAAAAA*AAAA*AAAAAAAA*A*AA*AA****A*AA*AAAAAA*AAAAAAAA*A**AAAA**A**AA*AAAAA*AAAAA*AAAAAA*AA*AAA*,...x.x...x.....x.x......x...x.x.....x.x....x.....x.x.....x....x.x.....x.x...x.......x......x...x.x.x..x.x.....x.......x......x...x.x.x..x.x.x...x..................x.x.x.x.x.x.x.x..................x.x.x.x..x.x.x.x..................x.x.x.x..x.x.x.x...................x.x.x.x.x..x.x.x........,1787,Expert,True
puzzle_149,17,A*AA*AAAA*AAA**AAAAAAAAAAAAA*AAAAAAAA***A*AAAA*AA*AAAAAA*AAA*AAAAAAAAAA*AAAAAAAAA***AAAAA***AA**AA*AAAA*AAAAAAAAAAAA*AA*AA*AAA**AAAAAAAAA*AAAA*AAAAAAAA*AAA*AA**AAA*AAA*AAAAA*AAAA*AAA*AAA*AAA**AAAAAAAAAAAAAAAAAAAAAAAAA*A*AAAA*A***AAAAAAA*AA*A*AA*AAAA*A*AAA*A*A*AAAAAAAAAAAAAA*AAA*A**AAA*AAA,.....x..x.x.....x.x.x........x.x........x.x.x.....xx.x.........x.x......x.x.x.x.......x..........x.x.x...x.x.x.x........x.........x.x.x....x.x.x.x.......x..........x.x.x...x.x.x..x.......x..........x.x.x...x.x.x.x..................x.x.x.xx.x.x..x..................x.x.x.x..x.x.x.x.........,1791,Expert,True
puzzle_150,17,AA*AAAAAAAAA*AA*AAAA*AAA**AAAA*AA*A*AAAA*AAAAAAAAAA**AA**AA**AAA*AAAA*AAAA***AAAAAA**A**A*AAAAAAAA*AAAA*AAAAAAA*AAAAAA******AAAAAA*AAAAAAAAAAA*AAAAAAAA*AAAAA*A*AAAAAAAAAAAAAA*AAAAAAAA*AAAAA*AAAAAA**A*A*A*AAAAAA*AAAAA*A*A*AA**AA*AAA*A*A*A*AAA*AAAA*AAAA*AAAA***AAAAAA*A*A***AAAAAAA*AAAA*AAA*,....x...x..x.x...x.x...x........x.....x...x.x.x......x...x.......x.xx...x.....x.x..........x.x.....x.xx.x.x.....x............x.x...x.x...x.x......x.....x.....x.x....x.x...x.x.....x......x.....x.x...x.x....x.x.....x.....x......x.x...x.x...x.x......x.....x......x.x...x.x....x.x.....x.....x.,1796,Expert,True
puzzle_151,17,A*AA*AAAAAAAAA*AA*AA*AAAA**AAA*AAAAAAAAAAAAA*AAAA*AAAA*AAA**AA*AAA****AAAAAA***AAAA*AAAA*AAAAAAAA*A**A*AAAAAA*AAAAAAA*AAAAAA*AAAAAA*****A*AAAAAAAA*AAAAAAAAAAAAAAAA*A*AAAAAAA*AAAAAAAA*AAAA*A*A*A**AAAAAA*AA*A*A*AAAAA*AAAAAA*A*A*A*AAA*AA**AAAAA*AAAA*AAAA*AAA***A*A*AAAAAA***A*AAA*AAAA*AAAAAAA,...x.x..x...x.....x........x...x.x....x.x.x...x....x.x.......x...x......x.x.....x...xx.x.....x.x............x.....x.x.x..x.x...x.x......x.....x......x.x...x.x....x.x.....x......x.....x.x....x.x...x.x......x.....x.....x.x....x.x...x.x......x.....x......x.x...x.x...x.x......x.....x.....x.x.,1796,Expert,True
puzzle_152,17,AAAAAAAAA*AAA*AAAA*AAAAAAA******AAA*A*A*AAA*A*AAAA*A***AAAAA*AAAAA*AAAAAAA*AA*A*AAAAAAAAAAAAAAAAAA*AAAAAA**AA**AAA*A*AA*AAAAAAAAAAA*AA*AAA*AAAAAAAAA**A*AAAAAA*AAAA*AA*AAAA*A*A*AAAAAAAAAAAAAAAAAAAA*AAAAAAA**A***AAAAAAAAAA*AA*AAA*AAAA*A*A*AA*A***AAAAAAAAAAAA*AAAAAA*AAA*AAA***A***AAAA*A*AA*A,..x.......x.x..x.x...x.x.x..........x.......x..x.x.x...x.x.x..................x.x.x.x.x.x.x.x..................x.x.x.x..x.x.x.x..................x.x..x.xx.x.x.x..................x.x.x.x...x.x.x..........x.......x.x..x.x...x.x.x..........x.......x.x.x.x...x.x.x..........x.......x.x..x.x...,1796,Expert,True
puzzle_153,17,AA*AA*AAAAAAAAAAAA*AAAAAA**AAAAAAAA*AAAA**AAA*AAAAAAAAAAAA*A*AAAAAAA*AAA***AAAAA*AA*AAAAA*AA*AAAAAAAA*AAAAAAA*A**A**AAAAA*AAAA*AAA*AA*AAAAA*AAAAAAA**AAA*AA*AAAAAAAAAAAAAAA**AAA*A*AAA*AAA*AAAAAAAAAAAAAAAAAAAAA*A*A*A*A*AAAAAAAA*AAAA*AAAA*AAAAAAAAAA*AA**A*AAAA*A*AA*AAAA*AAAAAA*AAAAAAA*AAA**A,.x......x.....x.x....x.x...x.x....x.x...........x.x....x.x...x.x......x.....x.....x.xx.....x...x.x......x.x...x.....x..x.........x.x...x..x.x.x.x........x..........x.x.x....x.x.x.x........x.........x.x.x....x.x.x.x........x.........x.x.x....x.x.x.x........x.........x.x.x....x.x.x.x.......,1797,Expert,True
puzzle_154,17,*A*AAAAA*AAAA*AA**A**AA*AAAA*AAAAAAAAAAA*AAA*AAA*AAAAAA*AAAAAAAA*A*AA*A*AAAA**A*AAA**AAA***A*A*AAAAAA*AAA*A*A*AA**AAAAAA*A*AAAAAAAAAAAAAAAAAAAAAAAAA*AAAAAAAAAAAAA*A*****A*AAAAAAAAA*AAAAAAAAAAAAAA*AA**AAAAA**A**AAAAAAAAAAA**AAAAA*AAA*AA**A*AAAAAA*AAAAAAAAAAAAAAAAAAAAAAAA*AAAA**AAAAA*AAAAAA,.x.x.x.....x............x.x...x.x..x.x.x.....x............x.x....x.xx.x.x.......x..........x.x.x...x..x.x.........x...x....x.x.x.x......x.x..........x.x.....x.x.x.x.......x..........x.x.x...x.x.x.x.......x..........x.x.x...x.x.x.x..................x.x.x.x.x.x.x.x..................x.x.x.x.,1800,Expert,True
puzzle_155,17,AAAAAAAAA*AAA*AAAA*AAAAAAA******AAA*A*A*AAA*A*AAAA*A***AAAAA*AAAAA*AAAA*AA**A*A*A*AAAAAAAAAAAAAAAA*AAAAAA**AA**AAA*A*AA*AAAAAAAAAAA*AA*AAA*AAA*AAAAA**A*AAAAAA*AAAA*AA*A*AA*A*A*AAAAAAAAAAAAAAAAAAAA*AAAAAAA**A***AA*AAAAAAA*AA*AAA*AAAA*A*A*AA*A***AAAAAAAAAAAA*AAAAAA*AAA*AAA***A***AAAA*A*AA*A,..x.......x.x..x.x...x.x.x..........x.......x..x.x.x...x.x.x..................x.x.x.x.x.x.x.x..................x.x.x.x..x.x.x.x..................x.x..x.xx.x.x.x..................x.x.x.x...x.x.x..........x.......x.x..x.x...x.x.x..........x.......x.x.x.x...x.x.x..........x.......x.x..x.x...,1806,Expert,True
puzzle_156,17,*AAA*AAAA*AAAAAAA***A*A*AAAAAA***AAAA*AAAA*AAAA*AAA*A*A*A*AAA*A***AA*A*A*AAAAA*AAAAAA*A*A*A**AAAAAA*AAAAA*AAAAAAAA*AAAAAAAAAAAAAA*A*AAAAA*AA*AAAAA*AAAAAAAAAAA*AAAAAA******AAAAAA*AAAAAAA*AAAA*AAAAAAAA*A**A**AAAAAA***AAAA*AAAA*AAA**AA**AA**AAAAAAAAAA*AAAA*A*AA*AAA***AAA*AAAA*AA*AAAAAAAAA*AA,.x.....x.....x.x....x.x...x.x......x.....x......x.x...x.x...x.x......x.....x.....x.x....x.x...x.x.....x......x.....x.x...x.x....x.x.....x.....x......x.x...x.x...x.x............x.....x.x.xx.x.....x.x..........x.x.....x...xx.x.......x...x......x.x.x...x.....x........x...x.x...x.x..x...x....,1806,Expert,True
puzzle_157,17,**A***AAAA*A*AA*AA*AAAAAA*AAA*AAA*A*A***AAAAAAAAAAAAA*AAA*AAAA*A*A*A**A***AA*AAAAAAA*AAAAAAAAA*AAAAAAAA*A*A*AAAAAAAAAAAAAAAA*AAAA*AA*AAAAA*AAAAAAAAA**A*A*AAAAAAAAAAA*AA*AAAA**AA**AAA*A*AAAAAAAAAAAAAAA*AAAAAA*AA**A*A*A*AAAA***AAAAA*AAAAA*AA*A*A*AAA*A*AAAA*A*AAAAAAA******AAAAAAAAAAA*AAA*AAA,......x.x..x.x...x.x.x..........x........x.x.x.x....x.x.x..........x.......x.x..x.x...x.x.x..........x........x.x.x.x..x.x.x.x...................x.x..x.x.x.x.x.x..................x.x.x.x..x.x.x.x...................x.x.x.xx...x.x.x..........x.......x..x.x.x...x.x.x..........x.......x.x..x.,1806,Expert,True
puzzle_158,17,A*AA*A*AAAA***A***AAA*AAA*AAAAAA*AAAAAAAAAAAA***A*AA*A*A*AAAA*AAA*AA*AAAAAAA*AA***A**AAAAAAA*AAAAAAAAAAAAAAAAAAAA*A*A*AAAA*AA*AAAA*AAAAAA*A**AAAAAAAAA*AAA*AA*AAAAAAAAAAA*AA*A*AAA**AA**AAAAAA*AAAAAAAAAAAAAAAA*A*A*A**AAAAAAA*AAAAA*AAAAA***A*AAAA*A*AAA*A*A*AAA******AAAAAAA*AAAA*AAA*AAAAAAAAA,...x.x..x.x.......x..........x.x.x...x.x.x.x.......x..........x.x.x...x.x..x.x.......x..........x.x.x...x.x.x.x..................x.x.x.xx.x..x.x..................x.x.x.x..x.x.x.x..................x.x.x.x.x.x.x.x..................x.x.x...x.x.x..x.......x..........x.x.x...x.x..x.x.......x..,1806,Expert,True
puzzle_159,17,A*AAAAA**AAA*AAA*AAAAAA*AAAAAAAAAAAAAA*AAAAA**AAAAAAAAAAAAA*A*A*AA*A*A*AAAAAAA*AAA*A**AAA*A*AAAAAAA*AAAA*AAA*A*AAAA*AAAA*AAAAA*AAAAAA*A*AA*AA*AAAAAAAAAAAAAA**A*AAAAAA*A*A*A*AAA*AAA*AAAAAAAAAAAAA**AAAA*AAA**A*AAA*AA*AA*A*AAA*AAA*A**AAA*A*A*AAAAAAAAA*A**AA**AA**AA*AAA*AAA*AAA*A*AAAAAA*AA**A,....x.x..x.....x.x.x........x.x........x.x.x.....x..x.x.......x.x........x.x.x.....x..x.x.......x.x........x.x.x.....x.x.x........x.x.......x.x.x.......x.x........x.x.x.....x.x.x........xx.........x.x.x....x.x...x.......xx.........x.x.x....x.x.x.x..................x.x.x.x.x.x..x.x........,1807,Expert,True
puzzle_160,17,**AAA*AAAA*A**AA*AAAA*AA*AAAAAAAAAAAAAAAAAAAAAAAAA*A**AA*AAA**AAAAAA**AAAAAAAAAAAA*AAAAAAAAAA*AAA*AAAA*AAAAAAAAAAAA*AAAAA*A*AA*A*AAAAAAA*A*AAAAAA*AAAAAAAA*A*AAAA***AAAAAAAAAAAAAAA*AAA*A**A*AAA*A**AAAAAAAAA*A*AA*AAAAA**AAAAAAAA**A*AAAAAA*AA*AAAAAAAAAAAA*AAAAAAA*AAAAA**AAAAA****A*AAAAAAAAAA,..x.x....x.x.....x.....x......x.x...x.x...x.x......x...........x.x.x...x.x.x.x........x.........x.x.x....x.x.x.x........x..........x.x.x....x.x.x.x......x.x..........x.x.....x.x.x..x.....x.x..........x.x......x.x.x.x......x.x..........x.x......x.x.x.x.....x.x..........x.x.....x.x..x.x....,1808,Expert,True
puzzle_161,17,AAAAA*AAA*AAAAA*AA*AAAAAAA**AAAA*AAAAAAAAAAAAAA*AAAAAAAA*AAA**AAAAA*A*AAAAAAAA*AAAAA*AA*AAAAAAAAA*AAA*AA*AA*AAAAAAAAAA*AAAAAAAAAA*AAA**AAAAAAAAAAAAAAAA*AAAAAAAAAAAA*A*AAAAAAAAA*AAA*AAAAAAAAAAAAAAAAAA*AAAAAAA*AAAAAAAA*A**AAAAAA*A*AAA*A*AAAAAAAAA*AAA*AAAA*AAAAA*AAAA*A*AAA**AAA*AAAAA*AAAAA**,........x.x...x.xx.x.x.x..................x.x.x..x.x.x.x.x...................x.x.x.x..x.x.x.x..................x.x.x.x..x.x.x.x...................x.x.x.x.x.x.x.x..................x.x.x.x..x.x.x.x..................x.x.x..xx.x.x.x..................x...x.x.xx.x...x...x..........x...x...x.x..,1813,Expert,True
puzzle_162,17,*AAAA**AA*AAAAAAAAAAAAAAAAAAAAAA*A*AAA*AAAAAAAAAAAAAAAA*AAA*AA***AA**AAAAA*A*A*AAAAAAA**AAAAAAAAA*AAAAAAAA*AA*AAA*AAAAA*A**AAA*A*A*A*AAAA*AAA*AA*AAAAAAA*AAA*AAAAAAAA**AAA*A*AAAAAAAAA**A*AAAAAA*AAAAAAAA*A*A*AAAAA*A**A****AAAA*AAA*AAA*AAAAA**A*AAA**A*AA*AAAA***AA****AAAAAAAA*AAA*AAAA*AAAAAA,.x.........x.x.x....x.x.x.x........x.........x.x.x....x.x.x.x........x.........x.x.x....x.x.x.x.......x...........x.x.x....x.x.x.x......x.x..........x.x......x.x.x.x......x.x..........x.x......x.x.x.x....x.x.x...........x........x.x.x.x....x.x.x.........xx.........x.x.x....x.x.x.x........,1813,Expert,True
puzzle_163,17,AA**A*AA*AAAA*AAAAAAAAAAAA*A**AA*AAAAAAAAAA*AAAAA*AAAAA*AAAA*AA**A*AAAAAAAA***AAAA*AAA*A***AAAA*A**AA*AAA*AA*AAAAAAAAAAAA*AAAAAAAAA*A*A*AAAAAAA*AAAA*A*AAAAAAAAAAAAAAAA*AAAA*AAA*AAAAA**AAAAAAAAAAAAAAA***AA**AA*A*AAA*AAA**A*AAA*AAAAA*AAA**AAAAAAAAAAAAAAA*AAAAAAA*AAAA*A**AAAAAAAAAAAA**AAAAAA,....x.....x.x..x.x.x...x.x............x.....x.x.x..x.x...x.x............x.....x..x.x.x.x...x.x..................x.x.x.x.x.x.x.x..................x.x.x.x..x.x.x.x..................x.x..x.x.x.x.x.x..................x.x.x..x.x.x.x.x..................x.x.x.x.x.x.x.x..................x...x.x.x,1814,Expert,True
puzzle_164,17,AAAAAA*AA*AAAA*AAAAAAA*AAAAA*AA**AAA**AAAAAAAAAAAA**AAA*A*AAA*A*AAAAA*A*AAAA*A**AAAAA*AAAA**AA*AA*A*AAAA**AAA*A**AA*AAAAAA*AAAAAAAAA*AA*AA**AAAA*AAAA*AAAAAAAA*AAA*AAAA*AAAA*A*AAAAA*AAAAAAAAAA*AA**AA*AAAA*AAAA*AAAAAAA*AAA*AAA*A*A**A*AAAAAAA*A*AAA*AAAAA*AAAAAAAA**AA*A***AA*A***A*A*AAAAA*AAA,.....x.....x.x.x..x.x...x.x............x.....x.x.x..x.x...x.x............x......x.x.x.x.x....x.x............x.....x.x.xx.x.x...x..............x...x.x.x..x.x.x...........x.......x.x.x.x....x.x.x.........x........x.x.x.x...x.x.x..........x.......x.x.x.x....x.x.x.........x........x.x.x.....x,1815,Expert,True
puzzle_165,17,A*AAAAA*AAAAAAAAAAA*AA*A*AAAAAAAAAAAAAAA*AAAA*AAAAAA*AAAAAAAAAAAAAA*AAAA*AAAAAAAAAAAAAA*A*AAA*AAA**AAAAAAAAAAAAAAAAAAA*AAAAAAAA**AA***AAAAAA*AAAAAAAAAAAAA***AAAAAAAAAAA*AAAAAAAA*AAAAA*A*A*AAA*AAAAAAAAAAAAAA**A**A**AA**AA*AAAAAAAAA**AA***AAAA*AA***AAAAAAAAAAA*A*A**AA*AAAAAAAA*AA**AAAAAAAAA,x.x.....x....x.......x.x....x...x.x.x......x...x........x.x...x...x..x.x.....x...x........x.x...x...x..x.x.....x...x........x.x...x....x.x.x.....x....x.......x.x....x...x.x.x......x...x........x.x...x...xx...x.....x...x....x...x.x...x........x.....x...x.xx.x...x.....x........x...x.x....x.,1820,Expert,True
puzzle_166,17,*A**AAAA*AAAA*AAA*AAAAA*A*AAA*AAAA*AAAAA*AAA*AAA*AA*A*AAA*AAA*AAAAAAAA*A**AA*AAAAAAAAAAAAAAAAAA*AAAAAAAAAA**AAAAAAAA*A*AAAAAA*AAAA*A*AAA*A*AA**AAAA*A*A*AAAAAAA**A**AAA*AA*AA*AAAAAAA*AAAAAAAAAAAA**AA*A**A*A*A*AAAAAAAA**AAAAAAAA*AAAAAAAAAAA*A*AAAAA*AAA*A*A*AAAAAA*AAAAA*AAA*AAAAAAA*AA*AAAAA*,.......x.x..x.x...x.x.x..........x.......x.x.x.x....x.x.x.........x........x.x.x.x....x.x.x.........x........x.x.x.x....x.x.x..........x........x.x.x.x..x.x.x...........x......x.x.x...x..x.x.x.......x..........x...x...x.xx.x.....x...x........x.x...x....x.x.x.....x....x.......x.x....x...x.,1824,Expert,True
puzzle_167,17,AA***AAAAAAA*AAA*AA*A****A*AAAA*AA*AAAAAAA*A*AAAAAAA*A**AA**AAA*A*A**AAAA*AAAAA**AAAAAAAAA*AAAAAAAAAAAAA*AAAAAA**AAA*AAAAAAAAAAAAAA*AAA*A*AAAAAAA**AA***AAAAA*AA*AAAAA*AAAAAAAA*AAAAAAAAAAA*AA***AA*AAAAAAAA**AAA*AAAAAAA**AA*A*AAAAAAAAAAAA**A**AAAAAAAAAA*A*AAAAAAAA*AAAAAAA*A**AAAAAAAA*A*AAAA,.....x.x.x...x....x.x.......x...x......x.x.x...x...x.x........x...x.....x.x..x...x...x.x........x...x.....x.x.x....x...x.x.......x....x.....x.x.x...x....x.x.......x...x......x...x...x...x.x....x...x...x.....x....x...x...x.x...x....x...x.....x...x....x...x.x...x...x....x.....x...x...x....x,1826,Expert,True
puzzle_168,17,A*AAAA*AAAA*AAA*AAAAA*AAA*AA*A**A*A*AAA*AAAA*AAAA*AA*AAAAAA*AAAAA***AAAAAAAA*A*AAAAA*AAAAAA*A*AA*AA*AAA*AAAA*AA*AAAAAAAAAAAAAAA**AA*A**AAAA**A*AAAAAAAA*AAA*A*AAAA*AA*AAAAA*AA*A*AAAAA*A*AAAAAA*AAAA**A*A*A*A*AAA*AAAAAA*AAAAAAAAAAA*AAA*AAAA*AAAAAAA*AAAAAAAAAAAAA*AAAA*AAA*AAAAA*AA*AAAAA*AAAAA,....x...x...x.x..x.x...x...x..............x...x.x.xx.x.x.x...................x.x.x.x..x.x.x.x...................x.x.x.x.x.x.x.x..................x.x.x..x.x.x.x.x..................x.x.x.x..x.x.x.x..................x.x.x.x.x.x.x.x..................x.x...x.xx.x...x.....x........x...x.x....x.,1827,Expert,True
puzzle_169,17,A*A**AAAAAA*A*AAA*A**AAA**AAAAAAAAA*A*A*A*AA**AAAAAA*AAAAAAAAAAAAA*AAAAAAAA*A****AAAA**AAA*AAAAAAA*AA*AA*A*AAAAAA*AAAAAAAAAAA**A*A*AAA*AA*A***A*AAAAAAAAAAAAAAAAAAAAAA**AAAAAAA**A*A*AAAAAAAA*AAAAAAAAA*AAA*A*AAAAAA****AAA*AAAAAAAAA*AAAAAAAAAAAAAAAAA*AAAAAA**A**AA*AAA*A*AAAAAAAAAAAAAAAAAAAAA,..x...x.x.....x......x.....x.x...xx.x...x.......x......x...x.x.x....x.x...x........x.....x...x.x.x.....x....x.......x.x....x...x.x.x....x.x...........x.x.....x.x.x.x......x.x.........x.x......x.x.x.x.....x..x.........x..x.....x.x.x.x......x.x.........x.x......x.x.x.x......x.x.........x.x.,1827,Expert,True
puzzle_170,17,AAA*A*AAAAAA**A*AAAAAAAAA**AAA**A*AAAAA**AA*A*A*A*AA*AAAAAAAAAAAAA*AAAAA****A*AAAAAAA*AA*AAAAAAA*AAA**AAAAA*AAAAAA*A*AAA*AAA*A*A**AAAAAAAAAAAAAAA*A***A*AAA**AAAAAAAAAAAAAAAAAAA*AAA**AAAAA*AAA*AAAAAAAAA*AAA*AAA****AAAAAA*AAAAAAAAA*AAAAAAAA*AAAAAA*AAAAAAAAAAAAA*A*AAA*AA**A*AAAAAAAAAAAAAAAAA,..x.....x.x...x..x...x.x.....x......x.......x...x.x....x.x.x...x.....x........x...x.x....x.x.x...x....x.x.......x....x.....x.x.x...x....x.x...........x.x.....x.x.x.x......x.x.........x.x......x.x.x.x.....x..x.........x..x.....x.x.x.x......x.x.........x.x......x.x.x.x......x.x.........x.x.,1827,Expert,True
puzzle_171,17,AAAAA*AAAAA*AA*AAAAA*AAA*AAAA*AAAAAAAAAAAAA*AAAAAAA*AAAA*AAA*AAAAAAAAAAA*AAAAAA*AAA*A*A*A*A*AAAAA*AAAAAA*A*AAAAA*A*AA*AAAAA*AA*AAAA*A*AAA*AAAAAAAAAA**AAAA**A*AA**AAAAAAAAAAAAAAA*AA*AAAA*AAA*AA*AA*A*AAAAAA*AAAAA*A*AAAAAAAA***AAAAA*AAAAAA*AA*AAAA*AAAA*AAA*A*A**A*AA*AAA*AAAAA*AAA*AAAAAAAAA*A,.x....x.x...x........x.....x...x.xx.x...x.x..................x.x.x.x.x.x.x.x..................x.x.x.x..x.x.x.x..................x.x.x.x.x..x.x.x..................x.x.x.x.x.x.x.x...................x.x.x.x..x.x.x.x...................x.x.x.xx.x.x...x..............x...x...x.x..x.x...x...x....,1827,Expert,True
puzzle_172,17,A*AAAAAAAAA*AAA*AAAAA*AAA*AA*A**A*A*AAA*AAAA*AAAA*AA*AAAAAA*AAAAAA**AAAAAAAA*A*AAAAA*AAAAAA*A*AA*AA*AAA*AAAA*AA*AAAAAAAAAAAAAAA**AA*A**AAAA**AAAAAAAAAA*AAA*A*AAAA*AA*AAAAA*AA*A*AAAAA*A*AAAAAA*AAAAA*A*A*A*A*AAA*AAAAAA*AAAAAAAAAAA*AAA*AAAA*AAAAAAA*AAAAAAAAAAAAA*AAAA*AAA*AAAAA*AA*AAAAA*AAAAA,....x...x...x.x..x.x...x...x..............x...x.x.xx.x.x.x...................x.x.x.x..x.x.x.x...................x.x.x.x.x.x.x.x..................x.x.x..x.x.x.x.x..................x.x.x.x..x.x.x.x..................x.x.x.x.x.x.x.x..................x.x...x.xx.x...x.....x........x...x.x....x.,1827,Expert,True
puzzle_173,17,A**A*AAAA*AAAAAAA***AAAAA**A*A*A***AAAAA*AA*AAAAA*AAA**AAA*AAA*A*AAAA*AAAAA*AAAA**AAAAAAAAA**AAAAA*A*AAAA*AAAA***A*AAAAA**AAA*AAAAA*AAAAAAAAAAAAA**AAA*AAAA****AAAAAAAAAAA*AAAAAAAAAAAAAAAAAA*AA****AAAAA*AAAAAA*AAA*AAA*AAA*AAAA*AAA*AAAAAAAA**AAAAAAAA*AA*AAAAAAA*AA*A*AAAAAAAAAA*AAA*AAA*A*AAA,x..x....x.......x......x...x.x.x...x..x...x.......x......x...x.x.x..x.x.x...x..................x.x.x.xx.x..x.x..................x.x.x.x..x.x.x.x..................x.x.x.x..x.x.x.x..................x.x.x.x..x.x.x.x...................x.x.x.x..x.x.x.x........x..........x.x.x...x.x.x..x.......,1828,Expert,True
puzzle_174,17,AAAAA*AA**AAAAAA*AAAAA*AAAAAAAA*AAA*AAAA***A*AAA*AAAA**AAAAAA*A*A*AA**AA*A**AAAAAAA*A*AAAAAAAA*AAA*AA*AAAAAAA**AAAAAAAA*AAAAAAA*A***AAA**AAAAAAAAA*A*AA*AAAA*AAAAA****AAAA**A*AAAAAAAAAAAAAAAAA*AAAAAAA*A*AAAA*A*AAA*AAAAAAAAAAA*AA**AA*AAAAAAAAAAA*AAAAA*AA*A*AAAA*AA**AA*AAAAAA*A*AAAAAAAAA*AAA,..x.......x..x.x.x...x.x.x..........x........x.x.x.x...x.x.x..................x.x.x.x.x.x.x.x..................x.x.x.x..x.x.x.x..................x.x..x.xx.x.x.x..................x.x.x.x...x.x.x..........x.......x.x.x.x...x.x.x..........x.......x.x.x.x.....x.x..........x.x.....x.x.x..x....,1831,Expert,True
puzzle_175,17,*AAAA*A*AAAAAA*AAAAAA*AAA*AAAAAAAAA***AAAAAAA*AA*AAAAAAA*AAAAAAAAAA*AAA*AAA***A*AAAAAAAAAAAA*A*AAAA**AAA**AAA***AAA*AAA*AAAA*AAA*AAAAAAA*A*AAA**AAAA*AA*AAA*A*A*AAAAAA*A*AAA*A*AAA*AAAA*AAA**AAAAAAAAAAAA*AAAAAA*AAAAAA**AA*AAAA*AAAAA**AA*AA*A*A*AAAAAAAA*AAAAA**A*AAAAA*AAAAA*AAAA**A**A*AAAAAA,....x...x..x...x.x.x...x......x.......x...x.x....x.x.x...x.....x........x.....x...x.x..x...x.x...x....x...x.....x...x........x.x...x...x.x.x......x...x.......x.x....x...x.x.x.....x....x.......x.x...x....x.x.x.....x...x........x.x...x...x.x.x......x...x........x.x...x...x..x.x.....x...x...,1833,Expert,True
puzzle_176,17,*AAAAAA**AA*AAAAAAA*AAAAAAAA*AA**AAA*AAA*A***AAAA*AAA*A*A*AAAAAA**AAA*AAAAAAA**A*AA***AA*AAA*AAAAAAAA*AAAAAAAA**AAAAAAA*AAA***A*AAAAAAA*A*AA*A*AAAAAAAAA*AAAA****AAAAA*AAAAAAAAAAAAAAAA*A**AA*A*AAAAAAA*AAAAAAAAAAAA*AAA*A*AAAAAAAA*AA**AA*AAA*A*AA*AAAAA*AAAAAAAAAA*AA**AA*AAAAAAA*AAAAAAAAA*A*A,.x.x..x.......x..........x.x.x...x.x.x.x........x..........x.x.x...xx.x.x.x...................x.x.x.x..x.x.x.x..................x.x.x.x.x.x..x.x...................x.x.x.x..x.x.x.x........x..........x.x.x....x.x.x.x........x..........x.x.x....x.x.x.x......x.x..........x.x.....x..x.x.x.....,1833,Expert,True
puzzle_177,17,AAAA**A**A*AAAAAAA**A*AAAAA*AAAAA*AAA*AAAAAAAA*AAAAAAA*AAAAA**AA*AA*AAAA*AAAAAA**AA*A**AAAAAAAAAAAA*AAAA*A*AAAAAAAA*AAAAA*A*A*AAAAAA*A*A*A*AAA**AAAA*AA*A*AAAA*AAA*AAAAAAAAA**AAA***AAA*AAAAAAAAAA*A*AAAA**AAAA*AAA***A*AAAAAAAAAA*AAAAAAAAAA*A***AAAAAAA*AA*AAAAAA*AAA*AAAAAAAA*AAAA*A*AAAAAA*AA,.x.x.....x...x........x.x...x...x.x.x......x...x........x.x...x...x..x.x.....x...x........x.x...x....x.x.x.....x....x.......x.x....x...x.x.x......x...x........x.x...x...xx...x.....x...x....x...x.x...x........x.....x...x.xx.x...x.....x........x...x.x....x.x.x...x......x.......x...x..x...x.,1833,Expert,True
puzzle_178,17,A*A*AAAAAAAAA*AAAAAAA*AA**AA*AAAAAAAAAA*AAAAA*AA*A*AAA*AAA*AA*AAAAAAAA*A*AAA*AAAAAAAAAAAA*AAAAAAA*A*AA**A*AAAAAAAAAAAAAAAA*AAAAA****AAAA*AAAAAAAAA*A*AA*A*AAAAAAA*A***AAA*AAAAAAA**AAAAAAAA*AAAAAAAA*AAA*AA***AA*A**AAAAAAA*AAA**AAAAAA*A*A*AAA*AAAA***A*AAA*AAAAAAA*AAAAAAAA*AAAAAAA*AA**AAAAAA*,.....x.x.x..x.....x.x..........x.x......x.x.x.x....x.x.x..........x........x.x.x.x....x.x.x..........x........x.x.x.x..x.x.x.x...................x.x..x.x.x.x.x.x..................x.x.x.x..x.x.x.x...................x.x.x.xx...x.x.x..........x........x.x.x.x...x.x.x..........x.......x..x.x.,1835,Expert,True
puzzle_179,17,AAAA*AA*AAAAAA***A*AAAAAAA**A*AAAAAAAAAAAA*A*AAAA*AAA**AAAAAA*AA*AAAAAAAA*A*AA*AAA*A*AAAAA*A**AAA*A*A*A*AAA*A*AAAA*A*AAA**AAAAAA*AA*AAAAAAA***AAAAA*AAA*AAAAAAAA*A*A*AAAA*AAA**A**AAAAAAAAA*AAAA*A**AA*A*AAA*AAAA*AAA*A*A*A*AAAAAAA*A**A**AAA******A*A*AA*A**AAAA*AAAAAA**AAAAA*AAA*AAAAAA*AA**AA,.x.x.....x...x........x.x...x...x..x.x.....x...x........x.x...x...x.x.x......x...x.......x.x....x...x.x.x.....x....x.......x.x...x....x.x.x.....x...x........x.x...x...x..x.......x...x...x..x.x.x.......x..........x.x.x...x.x.x.x........x.........x..x.x...x.x.x.x........x.........x.x.x....x,1837,Expert,True
puzzle_180,17,*A*AAAAAAA*AAAA*A*AAAAA*AAA***AAAAA*AA*A*AAAAAAA*AAAAAA*AAAAAAAAAAA*AAAA*A*AAAAAAAAAAA*AA**AAAA*AA*A*AA*A*A*AA*AA*A*A**AAAAA*AAAAAA**AAAAA*AA*A*A*AA**AA**AAAAAA*AA*AAAAAAAAAAAAA*A*AAAAAAAAAAAAAAAA*AAAAAAAAAA*AAA**A*AAAA*AAA*AAAA*AAAAA*AA*A*A*A***A*AAA**AAAAAAAAAAAAAA*AAAAAA*A*A*AAAAA*AAA*,.....x...x.x.x....x.x...x.......x......x...x.x.x....x.x...x.......x......x...x.x.x...x.x....x........x....x.....x.x.x....x...x.x.......xx...x.....x...x........x.x...x...x.x.x......x...x........x.x...x...xx.x.x.........x........x.x.x.x....x.x.x..........x........x.x.x.x....x.x.x.........x.,1838,Expert,True
puzzle_181,17,AAAAAAAAA*AAAAAA*AAAAA**AAAAAAAAAA*AAA*AAAA*A*AAA*AA*AAAAA*A*A*AAAAA*AA*A*A*AAAAA*AAA**A*AAAAAAAA*AAAAAAAAAA**AAAAAAA*AAA*A*AAAAAAA*AAAA*AAAA*AAA*AAAAAAAAA*AAAAA*AAAA*AAAAAA*AAA*A*AAAAAAAAA**AAAAAAA******AAA*AAA*A**AAAAA*A*AAAAAAAAAAAAAAA*AAAA******AAAAAA**AAAAAAAAAA*A*AAAA*AAAA*AAAA*A**A,......x...x.x..x.x.x.x...x..............x...x.x.x..x.x.x...x..................x.x.x.x..x.x.x.x........x..........x..x.x...x.x.x.x........x.........x.x.x....x.x.x.x........x..........x.x.x....x.x.x.x......x.x..........x.x......x.x.x.x......x.x.........x.x......x.x.x.x......x.x.........x..x,1843,Expert,True
puzzle_182,17,*AAA*AAAA*AAAAAAA***A*A*AAAAAA***AAAA*AAAA*AAAA*AAA*A*A*A*AAA*AA**AA*A*A*AAAAA*AAAAAA*AAA*A**AAAAAA*AAAAA*AAAAAAAA*AAAAAAAAAAAAAA*AAAAAAA*AAAAAAAA*AAAAAAAAAAA*AAAAAA******AAAAAA*AAAAAAA*AAAA*AAAAAAAA*A**A**AAAAAA***AAAA*AAAA*AAA**AA*AAA**AAAAAAAAAA*AAAA*A*AA*AAAA**AAA*AAAA*AA*AAAAAAAAA*AA,.x.....x.....x.x....x.x...x.x......x.....x......x.x...x.x...x.x......x.....x.....x.x....x.x...x.x.....x......x.....x.x...x.x....x.x.....x.....x......x.x...x.x...x.x............x.....x.x.xx.x.....x.x..........x.x.....x...xx.x.......x...x......x.x.x...x.....x........x...x.x...x.x..x...x....,1846,Expert,True
puzzle_183,17,A*AA*A*AA*AAA*A***A**AA**AA***AA*AA*AAAAAAA*AAA**A*AAA*A*****AAAAAAA*AA**AAAAAAAAA*AAAA*A*A*A**A*AAAAAA*AAAAAA*AAAAAA**AAA**AAA***A*A*AAAA**AAAA*AAA*A*A*AAAA**A**AAAAA*AAA**AAAA*AAA**AAA*AAA*A**AA*A*AAAAA**AAAAAAAAA*AA**AAAAAA*AA**AAAAAA*A**AAA*A*AA*AA*AAAA*AAAAA**AA*AAA*A*AAAAAAA*AAAAAAA,...x.x....x.x.....x......x.....x.x....x.x...x.x....x.x...........x.x......x.x.x.x.....x.x..........x.x.....x.x.x.x.....x.x..........x.x.....x..x.x.x.....x.x..........x.x.....x.x.x.x.......x..........x.x.x...x.x.x.x........x.........x.x.x....x.x.x.x.......x..........x.x.x...x.x.x.x........,1846,Expert,True
puzzle_184,17,A*AA*AAAAAAA*AAAA*A*AAA*AAA*A*A*A*A*AAA*AA*A*AAA**AA*A**AA**AA*AAAAA*AAA**A*A*AAAAAAAAAA*AAAAA*A*A*AAA**A*A*AAAAA*AA*AAA*A*AAAAA**AAAAAAAAA*A*****AAA***A*A**A*A*AAA*A*A**A*AAAAA*AAAAAAAAAA*AAA*AAAA***A*AAA*AAAAA**A*AAAA*A*A*AAAAAAAAAAAAAAAA*A*AA***AA*AAAA**AAAA*AAAAA*AAAA*A*AAA*A*A*AA*A*A,...x...x.x.....x..x...x.....x.x......x...x.x......xx....x......x.x....x.....x.x.....xx.....x.....x.x....x.x.....x.....x......x.x...x.x...x..x.....x.....x......x.x...x.x..x.x.x.....x............x.x....x.x.x.x.x......x............x.x...x.x..x.x.x.....x............x.x...x.x..x.x.x.....x.....,1846,Expert,True
puzzle_185,17,A*AAAAAAA*AAAAAAAAA*AAAAA**AA*AAA*A**AAA*A*AA*AAAAAAAAAA*AA**AAAAAA***AAAAAAAAA*AA**AAAA*A**AA*A*AAAAAA**AAAA*AAA**AAA*AAAA**A**AAAAA*AAAA**AAAA*AAA*A*A*AAA**AAA***A*A*AAA*AAAAAA*AAAAAA**AA*A*AAA**A*AAAAA*AA**AAAAAAAAA*AAAAA*A*****AAAAAAAA*AAAAAAA*AAA**A**A**AA**AA***AA*AA*AA*A*AA*AAA*A**,..x.x.x.x........x..........x.x.x....x.x.x.x........x.........x.x.x....x.x.x.x........x..........x.x.x....x.x.x.x......x.x..........x.x.....x..x.x.x.....x.x..........x.x......x.x.x.x......x.x..........x.x......x.x.x.x....x.x...........x.x....x.x...x.x.....x......x.....x.x...x.x....x.x....,1846,Expert,True
puzzle_186,17,A*AAAAAAA*AAAAAAAAA*AAAAA**AA*AAA*A**AAA*A*AA*AAAAAAAAAA*AA**AAAAAA***AAAAAAAAA*AA**AAAA*A**AA*A*AAAAAA**AAAA*AAA**AAA*AAAA**A**AAAAA*AAAA**AAAA*AAA*A*A*AAA**AAA***A*A*AAA*AAAAAA*AAAAAA**AA*A*AAA**A*AAAAAAAA**AAAAAAAAA*AAAAA*A*****AAAAAAAA*AAAAAAA*AAA**A**A**AA**AA***AA*AA*AA*A*AA*AAA*A**,..x.x.x.x........x..........x.x.x....x.x.x.x........x.........x.x.x....x.x.x.x........x..........x.x.x....x.x.x.x......x.x..........x.x.....x..x.x.x.....x.x..........x.x......x.x.x.x......x.x..........x.x......x.x.x.x....x.x...........x.x....x.x...x.x.....x......x.....x.x...x.x....x.x....,1846,Expert,True
puzzle_187,17,**A*AAA*AA*A*AA*AA*AA***AA**AA**A**A**AAA*AAAAAAA*AAAAAAAA*****A*AAAAA*AAAAAAAAA**AAAAAAAA*A**AAA*A*AA**AAAAAA*AAAAAA*AAA*A*A***AAA**AAA*A*A*AAA*AAAA**AAAA*AAAAAA*A**AAAA*AAA**AAA*AAAA**AAAAAA*A*AA**A*AAAA**AA*AAAAAAAAA***AAAAAA**AA*AAAAAAAAAA*AA*A*AAA**A*AAA*AA**AAAAA*AAAAAAAAA*AAAAAAA*A,....x.x....x.x...x.x.....x......x.....x.x...x.x....x.x...........x.x....x.x.x.x......x.x..........x.x......x.x.x.x......x.x..........x.x.....x.x.x..x.....x.x..........x.x......x.x.x.x....x.x.x..........x........x.x.x.x....x.x.x.........x........x.x.x.x....x.x.x..........x........x.x.x.x..,1846,Expert,True
puzzle_188,17,A*AAA*AAAAAAAAA*A*A**A*AA*AAA*AAAAAAAAAA*AAAA*AAA*A**AAAAAA*AAAAAA*A*AAAAA*A*AAAAAAAAAA*AA*AA*A*AAAAAAAAAAAAA*AA*AAAA*AA**A*AA**AAAAAAAAA*AAAAAAAAAA**AAAAAAA*AA*AAAA*A*AAAA*A*AAAAA*A*AA*A*A*A*A*AAAAA*AAAAAAAA*AAAAAA*AAA*A*AAAA*AAA*AAAAAAAAAAAAAAAA*AAAAAAAAAA*AAA*AAAA*AAAAAAAAA*AAAAA*AA*AA,..x.x...x...x..........x...x...x.xx.x.x...x..................x.x.x.x.x.x.x.x..................x.x.x.x.x.x.x.x...................x.x.x.x.x..x.x.x..................x.x.x.x..x.x.x.x..................x.x.x.x..x.x.x.x...................x.x.x.xx.x...x.x............x.....x...x.x.x....x.x...x....,1847,Expert,True
puzzle_189,17,AAAAAAAAAAAAAAAAA*A**AA*AAA*A*AAAAAAAAAAAAA*AAAAAA*AAAAAAAA*AAAAAAAAA*AAAAAA****AAA*AAA*AAAAAAAAA*AAA*AAAAA**AAA*AAAAAAAAAAAAAAAAAAA**AAA*A***A*AAAAAAAAAAAAAAA**A*AAAAA*AAA*A*AAAAAA*AAAAA**AAA*AAAAAAA*AA*AAAAAAA*A****AAAAA*AAAAAAAAAAAAA*AA*AAA*A*AA**AAAAA*AA*AAA**AAAAAAAAA*A**AAAAAAAA*AAA,.x.x.........x.x......x.x.x.x......x.x.........x.x......x.x.x.x.....x..x.........x..x.....x.x.x.x......x.x.........x.x......x.x.x.x.....x.x...........x.x....x...x.x.x.....x....x.......x.x....x...x.x.x....x.x...x........x.....x...x.x.x....x.x...x.......x......x.....x.x...x..x...x.x.....x..,1847,Expert,True
puzzle_190,17,AAA*AAAAAAAA**A*AAAAAAAAA**AAA*AA*AAAAA**AA*A*AAA*AA*AAAAAAAAAAAAA*AAAAA****A*AAAAAAA*AA*AAAAAAA*AAA**AAAAA*AAAAAA*A*AAA*AAAAA*A**AAAAAAAAAAAAAAA*A***A*AAA**AAAAAAAAAAAAAAAAAAA*AAA**AAAAAAAAA*AAAAAAAAA*AAA*AAA****AAAAAA*AAAAAAAAA*AAAAAAAA*AAAAAA*AAAAAAAAAAAAA*A*AAA*AA**A*AAAAAAAAAAAAAAAAA,..x.....x.x...x..x...x.x.....x......x.......x...x.x....x.x.x...x.....x........x...x.x....x.x.x...x....x.x.......x....x.....x.x.x...x....x.x...........x.x.....x.x.x.x......x.x.........x.x......x.x.x.x.....x..x.........x..x.....x.x.x.x......x.x.........x.x......x.x.x.x......x.x.........x.x.,1847,Expert,True
puzzle_191,17,AAAAAAAAAAAAAAAAAAAAA*A*AAA*AA**A**AAAAAA*AAAAAAAAAAAAAAAAA*AAAAAAAAA*AAA****AAAAAA*AAAAA*AAAAAAAAA*AAAAAAAA*AAA**AAAAAAA**AAAAAAAAAAAAAAAAAAAAAA*A***A*AA*AAAAA*A**AAAAAAAAAAA*AAAAAA*A*AA*AAAAAAAAAA*AAA**AAAA****A*AAAAAAAA*AAAAAAAAAAAAA*AAAAAA**AA*A*AAA*AAAAAAAAA**AAA*AA*AAA*AAAAAAAA**A*A,.x.x.........x.x......x.x.x.x......x.x.........x.x......x.x.x.x.....x..x.........x..x.....x.x.x.x......x.x.........x.x......x.x.x.x.....x.x...........x.x....x.x.x...x....x.x.......x....x.....x.x.x...x.....x........x...x.x....x.x.x...x......x.......x...x.xx...x.x.....x......x.....x.x...x..,1847,Expert,True
puzzle_192,17,AAAAAAAA**AA**AAAAAAAA*AAAAAAAAA**AAAAAAAAA**AA*AAAAAAAAAAAAAAAAAAAAAAAAA**AAAAA*AAA*AAA**AAA*AAA*AA**A*AAAAA**AAA*AAAAAAAAAAAAAA*A*A*AAAAAAAAAAAAAAAAAAA*AAAA*AAAAAAA*AA*AAAAAAAAAAAAAAAAAA*AAAAAAAAA*AAA*AAAAAAAAAA*A**A*AA*A*AA*AAAAAAAAAAAAA*AAAAA*A*AA**AAA*AAAAAAAAA*AA*AA*A**AAAA**AAA*AA*,.x.x.x.........x........x.x.x.x....x.x.x.........x........x.x.x.x...x.x.x..........x........x.x.x.x...x.x..x.........x........x.x.x.x....x.x.x..........x........x.x.x.x...x.x..x.........x........x.x.x.x..x.x.x.x..................x.x...x.xx...x.x.....x......x.....x.x.....x....x.x.....x.x..,1848,Expert,True
puzzle_193,17,**AAAA*AAA*AAAA**AA*AAAAAA****AAAA*AAA*AA*AAA*AAAAAAAAAAA*AAAAAAAAA*A*AA**AAAA*A*A*A*A*AAAAAAAAAA*AAAAAAA**AAAA**AAAA**AAA*AAA**AAAAA*AA*AAAAA*AAA*A*AAA*AAAA*A***AAA*A*AAAAAAAAAAAAAAAAA*AA*AAAA**AA***AA*A*AA*AAAAAAA*A*AA*AAAAAAA*A*A*A**AA**AA*AA*AAA*AAA*A*AAAAAAA*A*AAAAAA*AAA*A*AA*AAAAAAA,.....x.x.x..x.....x.x..........x.x......x.x.x.x....x.x.x..........x.......x..x.x.x...x.x.x..........x.......x.x..x.x...x.x.x..........x........x.x.x.x....x.x.x.........x........x.x.x.x...x.x.x...........x......x.x.x...x...x.x........x...x.....x..x.x...x...x.x........x...x.....x.x..x...x..,1850,Expert,True
puzzle_194,17,*AAAAA*AAAAAAAAAAAAAAAAAAAA*A**A*AAAAAAA*AAAAA*AAAAAAAAAAAAAA*AAAA*AA*AA**AA**AAAAAA**AA**A*A*AA**AA*AAA*A*A*A*AAAAAA*AAAAA*AA*AAAAA*A**AA*AAA**A*AAAAAAAAAA**AAAAA**AAAAAA***AAAA*AA*AAAA*AAAAAAAAA*AAAA**AAAAAAA**AAA*AAAAAAAA**A*AAAA*AAAA*AAAAAAAAA*A*A*A*AAAAAA*AAAAAAAAA*AAAAA*AAAAAAAAA*AA,...x.......x.x.x..x...x.x.x..........x.......x.x.x..x...x.x.x..........x.......x.x.x..x...x.x.x..........x........x.x.x.x....x.x.x..........x.......x.x.xx.x...x.x............x.....x..x.x.x.x...x.x............x.....x.x...xx.x.....x.....x......x.x...x.x....x.x...........x.x.....x.x.x.x.....,1851,Expert,True
puzzle_195,17,AAAA*AAA*A*A**AA*AA*AA**AAA*AAAAA*AAA*AAA*A*AA*AAAAAAA**AAAAAAAAAAAAAAAAA*A**AA**AA*AAA*A**AAAAAAAA**AA*AAA*AA*A*A*AA***AA*AAAAAA*AAAA*AA*AAAAA*A*AAAAAAAAA**A*A*A*AAAA*AA*AAAA*A**AAAA*AA*AAAAAAAAAAAA*AAAA*A*AAAA*AA*A*A*AAAAAA*AAAA**AAAAAAAAAAAAAAAAAAAAA*AAA*AA*AAAAA**AAA****A*AAA*AAAAA*A*,.x.x.x.........x........x.x.x.x...x.x.x..........x.......x.x.x.x.....x.x..........x.x......x.x.x.x....x.x.x.........x........x.x...x...x..x.x.....x...x..x.....x.x.......x....x.....x.x.x..x.x....x........x.....x...x.x.x....x.x...x.......x......x...x.x.x....x.x...x.......x......x...x.x.x...,1860,Expert,True
puzzle_196,17,AAAA*AAA*A*A**AA*AA*AA**AAA*AAAAA*AAA*AAA*A*AA*AAAAAAA**AAAAAAAAAAAAAAAAA*A**AA**AA*AAA*A**AAAAAAAA**AA*AAA*AA*A*A*AA***AA*AAAAAA*AAAA*AAAAAAAA*A*AAAAAAAAA**A*A*A*AAAA*AA*AAAA*A**AAAA*AA*AAAAAAAAAAAA*AAAA*A*AAAA*AA*A*A*AAAAAA*AAAA**AAAAAAAAAAAAAAAAAAAAA*AAA*AA*AAAAA**AAA****A*AAA*AAAAA*A*,.x.x.x.........x........x.x.x.x...x.x.x..........x.......x.x.x.x.....x.x..........x.x......x.x.x.x....x.x.x.........x........x.x...x...x..x.x.....x...x..x.....x.x.......x....x.....x.x.x..x.x....x........x.....x...x.x.x....x.x...x.......x......x...x.x.x....x.x...x.......x......x...x.x.x...,1860,Expert,True
puzzle_197,17,AAAAA**AAAAA*A**A*A*AAA*AA*AAA*AAAA*AAAA*A*AAAAAAAAAAAAAAAAAA****AAAAAAA*AAAAAAAAAAA*AAAA*AAAAA**A*AAAAA**AA*AAA**AAA*AAA*A*AAA*AAAAAAA*AAAA*AA*A*AAAAA*AAAA*AA*AAAAA***A****A*AAAAAAAAAA*AAAAAA*AAAA*AA*AAA*AAAA*AAA**AAA*AAA*AAAAAAAAAAAAA*AAAAAAAAAA*AA*A*AAAAAAAAA*A*AA*A*AAAAAA*AAA*AAAA*AAA,.........x.x.x..x.x.x.x.x..................x.x..x.x.x.x.x.x..................x.x.x.x..x.x.x.x..................x..x.x.x.x.x.x.x...................x.x.x.xx.x.x...x..............x...x.x.x..x.x.x...x..............x....x.x.x.x.x.x...x..............x...x..x.x.x.x.x...x..............x...x.x..x.,1863,Expert,True
puzzle_198,17,AAAAAAAAA**AAAAAAAAAAA*AAAA*A**AAAAAAAAAAAAAAAAA*AA*AAA*AAAAA*AAA**A**AA*A*AAA*AAA**AAAAAAAAAAAAA***AAAA*AAA*AAAAA**AAAAAAAAAAAAAAAAA*AAAAAAAAA*AAAA*A*AAAA*AAAAAAAAA*A*A*AAA*AA*AAAAAAAAAAA*A***AAAA*A***A*AAAAAAA***AAAA*AAAAAA*AAAA*AA**A*AAAAAAAAAA*AAAAA*AAAAAAAAAA*A**AA*AAA**A*AA*AAAA*AAA,........x...x.x.xx.x.x.x...................x.x.x.x..x.x.x.x..................x.x.x..x.x.x.x.x..................x.x..x.x.x.x.x.x..................x.x.x.x..x.x.x.x...................x.x.x.xx.x...x.x............x.....x..x.x.x.x...x.x............x.....x.x.x..x.x...x.x............x.....x.x..x.,1864,Expert,True
puzzle_199,17,AAA*AA**A*AAA*AA*AAAAAAA*AA*A*AAA*AAA**AA*AAAAAA*AAA**AAA*AAAAAA*AAAAAAA**AAAA*AAAAA*A**AAA*AAAAAA*AAAAAAAAAAA**AAA*AAAAAA*A*A*AAAA*A**AAAAAA*AA*AAAAAAAAAAA*AAAAAAAAAA*AAAAAA*AAAA*AAAAAAAA*A*AAAAAAA*AA*AAAAA*A*A*A*AAAAAAA*A**AAAAAAAAAA*AAAA*AAAAAAAAAA*AAAAAAA**AAAAAAAAAAAAAAAA*AAAAA*AAAAA,x.........x.x.x....x.x.x.x........x..........x.x.x....x.x.x.x........x.........x.x.x....x.x.x.x........x..........x.x.x....x.x.x.x......x.x..........x.x......x.x.x.x......x.x..........x.x......x.x.x.x....x.x.x..........x........x.x.x.x....x.x.x..........x........x.x.x.x....x.x.x.........x,1867,Expert,True
puzzle_200,17,AAAAAAAAAA**AAAAA*AAA**AA**AA*AAAAAAA*AAAAA**AA*AAAAAA*AAA*AAAAA*AAAAAAAAAAAAAAA*AAAAAAAAA*AAAAAA*A*AAA**AAAAAAA*AAAAAAA*AA*AAAA**A*AAAAAAAAAAAAAA*A*A*A*AAAAAA*AAA*AAAAAAAAAA*A*AAAAAAAA*AA**AAAA*AA*AAAAAAAAAA*AAAAAA*A*AA*AAAAAAAA***AA*AAAAA*A*AAAA*AAA*AAAAAA*AAA*AA*A*AAAAAAA*AAAAAAAAAAAAA,x...x.x..x.........x........x.x.x.x...x.x.x..........x.........x.x.xx.....x.x.x........x.x........x.x.x......x.x.x........x.x.......x.x..x.....x.x.x........x.x.......x.x..x.....x.x.x........x.x........x.x.x.....x..x.x.......x.x........x.x.x......x.x.x........x.x.......x.x..x.....x.x.x....,1869,Expert,True
puzzle_201,17,AAAA*AAA*AAAAAAAAAAAAAA*AAAAAAAAAAAAAAAAAA*AA*AAAAAAA***AAAAAAAA**AAA*AAAAAA**A**AA*AAAAA*AAAAAAAAAAA*A*A*A*A****AAA*A*AA**AAAAA*AAAA**AAAA*AAAAAAAAAAAAAA*AAA*AAAAAAA*AAAAAAAAA**AAAAAAAAAAAAAAAAAAAA*AAA*AAA*A*A*AA*AAAAA*A**AAAAAAAAAAA**AAAA*AA*AAAA*AAAAAAAAAAA*AAA**AAAAAAAAAAAAAAAAAAAAA*A,.x.x.x.......x..........x.x.x...x..x.x.x.......x..........x.x.x...x.x.x.x........x.........x.x.x....x.x.x.x.......x..........x.x.x.....xx.x.........x.x......x.x.x.x.......x..........x.x.x...x.x.x.x........x.........x..x.x...x.x.x.x.......x..........x.x.x...x.x.x.x..................x.x.x.x,1869,Expert,True
puzzle_202,17,AAAAAAAAA*AAAAA*AAAAAAAAAA*A*AA*AAAAAAA*AAAA*AAAAAA*AAAAAAAAAAAAAA*AAAAAAAAAAAAA*AAAAAAA**AAA*AAA*A*AA*AAAAAAAAAAAAAAAAAA***AA**AAAAAAAAAAAAAAAAAAAA*AAAAA*AAAAAAAAAAA***AA*A*AAAAA*AAAAAAAAAAAAAAAAAAA*AAA**AA**AA**A**A**AAA***AA**AAAAAAAAAAAAAAAAA***AA*AAAAAAAA*AA**A*AAAAAAAAAAAAAA**AA*AAA,...x....x.....x.x.x...x....x.x.......x...x......x.x.x...x...x.x........x...x.....x.x..x...x...x.x........x...x.....x.x.x....x...x.x.......x....x.....x.x.x...x....x.x.......x...x......x.x.x...x...x.x........x...x.....x...x....x...x.x...x..x.x...x.....x........x.....x...x.x.x....x.x...x....,1870,Expert,True
puzzle_203,17,**AAAA*A*A*AAA*AAAAAAAA*A**AA*A*AAAAAAAAA*AA*A*AAA*A****AAAAAAAAAAAA*AAAAAA*AAAA*AAA*A*AA**AAAAAAAAA*AA*AAA*AAA*AA*AAAAAAAA**AAAAAAAAA**AAAAA**AAA*A*AAAA**AA*AAA*AA*AAAA*A*AAAAAAAAA*A**AA**AAAAA**AAAAAAA*AAAAA***AAA*AA**A**A****AAAAAA*AAA*AAAAAAA*A**AAA*AAA*AAAAA*A*AAAAAAAAAA*AAA*A**AAAAA,...x.x...x.....x..x.....x...x.x......x.x...x.....x.x......x...x.x.....x.x....x.....x.x.....x....x.x.....x.x...x.......x......x...x.x.x...x..x...x.......x......x...x.x.x..x.x.....x.......x......x...x.x.x..x.x.x...x..................x.x.x.x.x.x.x.x..................x.x.x.x..x.x.x.x.........,1876,Expert,True
puzzle_204,17,*AAA*AAAAAAAAAAAA*A**A**AAAAAAAA*AAAAA*AAA***A**AAAAAA**A*AAAAAAAAAAAA*AAAAAA*AAAA*AAAA*AAA**AAAAAAAAAAAAA*AAAAA*A*A*AAA**AAAAAAA*AAAAA**AAAAAAAAAAA*A**AAAA**AAAAAA***AA*AAAAAAAAAAAAA*AA*AAAAAAAAA**AAAAAAAAAAAAAA*AAAAAAAAAAAA**A*AAA*AAA**AAAAA*A*AAAAAA*AAAA*AAAA*AAA***A***AAAAA*AAAA*AAAAA,...x.x.x.......x..x.......x.x.x......x.x.x.......x..x.......x.x.x......x.x.x.......x..x.......x.x.x......x.x.x.......x.x........x.x.x.....x.x.x.........xx.......x.x...x....x.x.x.....x....x.......x.....x.x..x.x.....x.x....x.....x.x.....x....x.......x.x...x....x.x.x.....x...x........x.x...x,1878,Expert,True
puzzle_205,17,AA*A*A*AAAAA*AAA*AAAAAAAAAAAA*AAAAA*A*A***A*AAA**AAAA*AAAA*AAAAA*AA*AAA*AAA**A*AAAA*AAAA*AAAAA*AAAAAAAAAAAAAA*A*AAAAAAA*AAAAAA*AA*AAAAAAAA*AA*A*A*AA**AA*AAAAA*AAAAAA**AAAA*A*A*AA*AA*A*A**A*AA**AAAA*AA*A*AAAAA*A*AAAAAAAAAAAAAA*AAAAAAAAAAA*A*AA*A*AAAAA*A*AA*AAAAA*AAA***AAAA*A*AAAAAAA*AAAA*A,.x.x.x.........x........x.x.x.x...x.x.x..........x.......x.x.x.x....x.x.x.........x........x.x...x...x.x.x......x...x........x.x...x...xx...x.....x...x....x...x.x.......x....x.....x.x.x..x.x....x........x.....x...x.x.x....x.x...x.......x......x...x.x.x....x.x...x.......x......x...x.x.x...,1879,Expert,True
puzzle_206,17,*A*AAAA*AAAAAAAAAAAA*AA*AAA**A*AAA*AAAA*A*A*A**AAAAA**AAAA*AAA*AAAAAAAAAAAAAA*AA**AAA*A*A**AA**AAAAAAAA***AAA*A*AAAA*AA*AA*AA**AAAAAAA**A*A*AAAAAAAAAA**AAAA**AAAAAAAAAA*AAAAAAAAAAA****AAAAAAAA*AA**AAAAAA*AA*A*AAA*AA***AAA*AAAAAAAA**AAAAAAA*A*AAAAAA*A*A*AAAAAAAAA*AAAAAAAAAAA*A*A*AAA*AAA*AA,.x.x.x....x..............x...x.x.x.x.x..x...x..............x...x.x.xx.x.x.x....................x.x.x.xx...x.x.x..........x.......x.x.x......x.x.x.......xx.x........x.x.......x..x.x.....x.x.x........x.x........x.x.x.....x..x.x.......x.x........x.x.x.....x..x.x.......x.x........x.x.x.....x.,1881,Expert,True
puzzle_207,17,AA*AAAAAAAAAAAAAA**AAAA**AAAAAAA*A*AAAAAAAA*A*AAAAAAA**A*AA*AAAAAAA**AAAAAA*AAAAAA*A*A*AAA**A*AAAAAAAA**AA*AAAAA*AAA*A*AAAA*A*AA**AAAAA*AA*A*AAA*A*AAAA*AAA*AA*AA**AAAAAAAA*A*AAAAAAAAAAA**AAA*AA**A*AAAAAAA***AAAAAAAAA*AAAAAAA*AA**AA*AAA*AAA**AAAAAAA*AAA*A*AAAAAAAA*A**AAAAAAAAAA*A*A*A*AA*AA,.x.x.x..........x........x.x.x.x....x.x.x.........xx.........x.x.x....x.x.x.x........x..........x.x.x....x.x.x.x........x.........x.x.x....x.x.x.x........x..........x.x.x....x.x.x.x......x.x..........x.x.....x..x.x.x.....x.x..........x.x......x.x.x.x......x.x..........x.x......x.x.x.x....,1884,Expert,True
puzzle_208,17,A**A*A*AAAAA*AAAAA*AAA**AAA*A*A*AA*AA*AAAA**AA*A*AAAAA*AAAAAA**A*AAAAAAAAA***AAAAAAAAAAA*A*AAA*AAAAAA*A*AAA*A*AAA*A*AAAA*AA*AAAAAAAA*AA*AAA*A*AA**AAAAA*AAA*AAAA*A*A*AAAA*AAAAAA***AAAA***AAA*AAAAAAAAAAAA**AAAAAAAAAAAA*AAAAAAAAAAAAAAAAAAAAAAAAA*A*AAAAAA**A*A*AAAAAA*A*AAAAAAAAA**A**AA*AAA*AA,...x.x.....x.x...x......x.x.....x...x.x......x.x...x.....x.x......x...x.x.....x.x....x.....x.x.....x....x.x.....x.....x......x.x...x.x...x..x.....x.....x......x.x...x.x...x.x......x.....x.....x.x....x.x...x.x.....x......x.....x.x...x.x....x.x.....x.....x......x.x...x.x...x.x......x.....x.,1884,Expert,True
puzzle_209,17,AAAAAAAAAA*AAAAAAAAAA*AAAAAAAAAAAAAAAA*AAAA*AAAA*AAAAA*AA*AAAA*A*AAA*A*AAAAAAAAAAA*A*AA*AAAAAAAAAAAAA*AAAAAAAAAAAAAA*AAAA*AA*AAA**AAAAAAA*AA*AAAAA*A*AAA*A****A*A*AAAAAAAAA*AAA*AA*AAA**AAAAAAAA*AA*AAAAAAAAAAAAAAA*AAA*AAAAAAA*A*AAAA**AAA*AA*AA*AAAAAAA*A*AAAA*A*AAA*AAAAAAAAAAAA**AAAAAA*AAA*A,..x.x.x.....x....x.......x.....x.x...x.x....x.x.....x.....x......x.x...x.x...x.x......x.....x.....x.x....x.x...x.x......x.....x.....x.x....x.x...x.x.....x......x.....x.x...x.x....x.x.....x.....x......x.x...x.x...x.x......x.....x.....x...x..x.....x.x...x......x.x.....x...x.x......x.x...x..,1884,Expert,True
puzzle_210,17,A*AAA*AAAAAA**AAAAAAAAAAAA*AAA*A*AAAA*A*AAAAAAA*AA*AA*AAAA*AAAA*A*AAAAAAA*AAA*AAAAAAAAAAAAAAA*AA*AAAAAAAA**AAA*AA*AAA*AAAAAAAAA*A*A****A*AAA*A*AAAAA*AA*AAAAAAA**AAA*AA*AAAA*AAAAAAAAAAAAAA*AAAAAAAAAAAAA*AA*A*AAAAAAAAAAA*A*AAA*A*AAAA*AA*AAAAA*AAAA*AAAA*AAAAAAAAAAAAAAAA*AAAAAAAAAA*AAAAAAAAAA,..x...x.x......x.x...x.....x.x......x...x.x.....x..x...x.....x.....x......x.x...x.x...x.x......x.....x.....x.x....x.x...x.x.....x......x.....x.x...x.x....x.x.....x.....x......x.x...x.x....x.x.....x.....x......x.x...x.x...x.x......x.....x.....x.x....x.x...x.x.....x.......x....x.....x.x.x..,1884,Expert,True
puzzle_211,17,A*A*AAA**AAAAAAAAAA*AAAAA**AA**A**AAA*AA*AAAAAAA*AAAAAAAAAAAAAAA*A*AAAAAA****AAAAAA*A*AAAAAAA**AA**AAA**AAAAAAAA*AAAAA*A*A*A*A**AAAAAA*A*AAAA*AAA*AAAAAA*AAA**AAAA*A*A*AAAA*A*AAAAAA*AAAAA*AAAA*AA**AAAAAAAA*AAAA*AAAA*A*AAAAAAAA**AA*AAA**AAA*A*AAAAAAAAAAAAAAAAA**AAAAAAA**AAA**AAAA*AAAA*AAA*A,.........x.x.x.x..x.x.x.x..................x.x.x.x..x.x.x.x..................x.x..x.x.x.x.x.x..................x.x.x.x.x.x.x.x..................x.x.x.x..x.x...x.........x....x...x...x.x..x.x.......x.....x....x.x.x....x...x.x.......x....x.....x.x.x...x.....x........x...x.x...x.x.x....x....,1884,Expert,True
puzzle_212,17,**AAAA*AAAA*AAA*AAAA**AAAAAAA**AAA*A*AAAAAAAAAAAAAAAAAA**AA*AAA**AAA*AAAA*AAAA*A*AAAAAAAA*AA**AAAAAAAAA*A*AAAAAA*AAAAA*AAA**AAAA*A*A*AAAAAAAA*AAA*AAAAAA*A*A*A*A**AAAAAA*A**AAAAAAAA*AAAAA**AAAAAAA**AA**AAAAAAAA****AAAAAA*AAAAAAAAAAAAAA*A*AAAA*AA*AAAAAAA*AAAA*AAAAA**AA**A**A*A*AAA**AAAAAAAA,...x.x.x....x.....x........x...x.x....x.x.x...x....x.x.......x....x.....x.x.x....x...x.x.......x.....x....x...x...x.x..x.x...x.........x........x.x.x.x..x.x.x.x...................x.x.x.x..x.x.x.x..................x.x..x.x.x.x.x.x..................x.x.x.x..x.x.x.x..................x.x.x.x.,1884,Expert,True
puzzle_213,17,AAAAA*A*A***A**A**AAAAAAAAAAAAAAA*AAAAAA**A**AAAA**A**A*AAAAAA***AAA*AAAAAAAAA*AAAAA*AAAAA*A*AAAA*AA*A*AAAA*AAA*AAAA*AAAAAA*A*AAAAAAAAAAAAAAAAAA*A**AAAAAAA***AAA*AAAAAAA*AAAA*A*A*A**AAAAA*AA**A***AAAA*AA*AAAAAA*A*AA*AAAAAAAA**AAA*AAA*AA*AAAAAAAAAAAAA*AAAA*A*A*A*A**AAA*AAAA*AAAAAAAAAAA*AAA,x.x.........x..x.....x.x.x.x......x.x.........x.x........x.x.x.....x..x.x.......x.x..x.......x.x.....x..x.x.x......x...x........x.x...x....x.x.x.....x....x.......x.x...x....x.x.x.....x....x.......x.x...x....x.x.x.....x....x.......x.x....x...x.x.x......x...x........x.x...x....x.x.x.....x..,1888,Expert,True
puzzle_214,17,AAAAAA*AA*A*AAAAAAAAA*AAA*AAAAA*AAAAAAAA***AAAAA*AAAAAAAA*AAA*AAAAA*AA*AAAA**A*A*AAAA*AAA**AA*A*A**AAAA*AAAAAAAAAAA*AAAA*AAA*AAA*AAAAA*AAAAAAA*AAAA**AAAAAAAAAAAAAAAA*AA*AAA*AAA*AAAA*AAAAAAA*AAAAAAAAAA*AAA*A*AAAAAAA*A**AAA*A*AAAAAA*AAAAAAAA*AAAAAAA***A*AA*AAA**A*AA***A*AAAAAA*AAAAAAA*A*A*A,.x...x.......x.x....x...x.x.x......x...x.......x.x....x...x.x.x.....x....x.......x.x...x....x.x.x.....x...x.........x.x......x.x.x.x....x.x.x..........x........x.x.x.x....x.x.x..........x........x.x.x.x...x.x..x.........x........x.x.x.x..x.x.x.x..................x...x.x.x..x.x.x...x......,1893,Expert,True
puzzle_215,17,AAAAAAAA*AAAA**AAAAAAAAAAAAAA*AA*AAAAAAAAAAAAAAA*AAAAAAAAA*AAA*AAAAAAA**AAAAAAAAA**AAA*A***AAAAA*AAAA*AAAAA*A*A***AAAAAA*AAAAAAAA*AAAAAAAAAAAAA**AAAA*AAAAA**AA*AAAAAAAAAAAAAAAA*AAA*A***AAA*AA*AAA*AAAAAAAAAAAAAAA*AA**AA*A*AAA*AAAAAA*AAAAAA*AAAAAAAAAAAA*AAA*AAAA*AAAAAAA*AAA*AAAAAAAAAAAAAAAA,.....x.x.x.....x.x.x........x.x.......x.x.x.......x..x.......x.x.x..x...x...x.......x......x...x.x.x..x.x.x...x..............x....x.x.x.x.x.x....x..............x...x.x.x..x.x.x...x..............x...x.x.x..x.x.x...x..............x....x.x.x.x.x.x....x..............x...x.x.x.x.x..x...x......,1894,Expert,True
puzzle_216,17,AAAAA*A*A*A*AA*AAAAAAAAAA*A**AAAAAA**AAAAAAA*AAA*A*AAA*AA**AA*AAAAAA**AAAAAAAAAA*AAAAAAA*AA*AA*AAAAAAAA*A*AAAAAAAAAAAA*AA*AA*AA**AAAAAAAAA*A*AAA*A*AAAA*AAAAA*A*AA**AAAAA***AA*AAAAA*AAA*A*A*AAA**A*AAAAAAAA*AAAAAA*AAAAAA*A*AA**A*AA*AAAAAAA**AAAAAAAA*A*AAAAA*AAAAA**AAAAAAA*AAA*AAAAAAAAAAAAAA,......x.x.x.x.....x.x..........x.x.....x.x.x.x.....x.x..........x.x.....x..x.x.x.....x.x..........x.x.....x.x.x.x.......x..........x.x.x...x.x.x.x........x.........x.x.x....x.x.x.x.......x..........x.x.x...x.x.x.x........x.........x.x.x....x.x.x.........x........x.x.x.x...x.x.x..........x,1895,Expert,True
puzzle_217,17,AA*AA*A*A*A*AAAAAAAAAA**A*AAAAAAAA*A*AAA*AAAAAAA**AAAAAAA*AA**AA*AAAAAAAAAAAAAAAAAA**AAAAAAA*AA*AA*AAA*AAAAAAAAAAAA*A*AAAAAAAA**AA*AA*AAA*AAAA*A*AAA*A*AA*AAAAA**AA*A*AAAA*A*AAA*AAAAA*AA**AAAAAAAA*A**AAA*A*A*AAAAAA*AAAAAA**AAAAAAA*AA*A**AAAAAAA*A*AAAAAAAA*A*AAAAAAA**AAAAA*AAAAAAAAAAAAAA*AA,....x.x.x.x......x.x..........x.x......x.x.x.x......x.x..........x.x.....x.x.x..x.....x.x..........x.x......x.x.x.x....x.x.x..........x........x.x.x.x....x.x.x.........x........x.x.x.x....x.x.x..........x........x.x.x.x....x.x.x.........xx.........x.x.x....x.x.x.x........x..........x.x.x.,1895,Expert,True
puzzle_218,17,AA*AA*AAA*A*AAAAAAAAAA**A*AAAAAAAA*A*AAA*AAAAAAA**AAAAAAA*AA**AA*AAAAAAAAAAAAAAAAAA**AAAAAAA*AA*AA*AAA*AAAAAAAAAAAA*A*AAAAAAAA**AA*AA*AAA*AAAA*A*AAA*A*AA*AAAAA**AA*A*AAAA*A*AAA*AAAAA*AA**AAAAAAAA*A**AAA*A*A*AAAAAA*AAAAAA**AAAAAAA*AA*A**AAAAAAA*A*AAAAAAAA*A*AAAAAAA**AAAAA*AAAAAAAAAAAAAA*AA,....x.x.x.x......x.x..........x.x......x.x.x.x......x.x..........x.x.....x.x.x..x.....x.x..........x.x......x.x.x.x....x.x.x..........x........x.x.x.x....x.x.x.........x........x.x.x.x....x.x.x..........x........x.x.x.x....x.x.x.........xx.........x.x.x....x.x.x.x........x..........x.x.x.,1895,Expert,True
puzzle_219,17,AAAAA*A*AAA*AA*AAAAAAAAAA*A**AAAAAA**AAAAAAA*AAA*A*AAA*AA**AA*AAAAAA**AAAAAAAAAAAAAAAAAA*AAAAA*AAAAAAAA*A*AAAAAAAAAAAA*AA*AA*AA**AAAAAAAAA*A*AAA*A*AAAA*AAAAA*A*AA**AAAAA***AA*AAAAA*AAA*A*A*AAA**A*AAAAAAAA*AAAAAA*AAAAAA*A*AA**A*AA*AAAAAAA**AAAAAAAA*A*AAAAA*AAAAA**AAAAAAA*AAA*AAAAAAAAAAAAAA,......x.x.x.x.....x.x..........x.x.....x.x.x.x.....x.x..........x.x.....x..x.x.x.....x.x..........x.x.....x.x.x.x.......x..........x.x.x...x.x.x.x........x.........x.x.x....x.x.x.x.......x..........x.x.x...x.x.x.x........x.........x.x.x....x.x.x.........x........x.x.x.x...x.x.x..........x,1895,Expert,True
puzzle_220,17,AA*AAAAAAAAAAAAAA*AAAAA**AAAAAAA*A*AAAAAAAA*A*AAAAAAA**A*AA*AAAAAAA**AAAAAA*AAAAAA*A*A*AAA**A*AAAAAAAA**AA*AAAAA*AAA*A*AAAA*A*AA**AAAAA*AA*A*AAA*A*AAAA*AAA*AA*AA*AAAAAAAAA*A*AAAAAAAAAAAA*AAA*AAAAA*AAAAAAA**AAAAAAAAAAAAAAAAAA*AA**AA*AAAAAAA**AAAAAAA*AAA*A*AAAAAAAA*A**AAAAAAAAAA*A*AAA*AA*AA,.x.x.x..........x........x.x.x.x....x.x.x.........xx.........x.x.x....x.x.x.x........x..........x.x.x....x.x.x.x........x.........x.x.x....x.x.x.x........x..........x.x.x....x.x.x.x......x.x..........x.x.....x..x.x.x.....x.x..........x.x......x.x.x.x......x.x..........x.x......x.x.x.x....,1895,Expert,True
puzzle_221,17,AAAAAAA*AAAAAAA*A*AAA*AA**AAAAA*AAAA*AA*AA*A*AAA**A*AAAAAA**AA*AAAAAA***A*AAAAAAAAA**AAAAA*A*AA**A*AAA*AAA**AAA*AAAA**AAA*AAAAA**A**AAAA*A*A*AAA*AAAA**AAAA*A*A***AAA**AAA**AAAAAA*AAAAAA*AAAAAA*A**A*A*A*AAAA*AAAAAAAAA**AA*AAAAAAA*****A*AAA*A**AAA*AAAAAAA*AA*AA***AA**AA**A***A*AAA*AA*A*AA*A,........x.x.x.x...x.x.x..........x.......x.x.x.x....x.x.x.........x........x.x.x.x...x.x.x..........x.......x.x.x.x.....x.x..........x.x.....x.x.x..x.....x.x..........x.x.....x.x.x.x.....x.x..........x.x.....x.x.x.x......x.x...........x.x....x.x...x.x....x.x.....x......x.....x.x....x.x...,1896,Expert,True
puzzle_222,17,A*AAAA*AAAAAAA*A*AAAA***AAA*AAAAA*AA*A*AAAAA*A*AA*A*AAAAAAAAAAA*AAAAAAAAAAAAAA*A*AAAAA*A*AA*AAAA**AA*A**A*A*AA*AA*A*A*AAAA**AAAAAA*AAAAA*AA**AA*A*A*AA*AAAAAAAA*AA*AAAAAA*AAAAAAA*A*AAAAAAAAAAAAAA*AAAAAAAAAA*AAAA*A**AAA*AAA*AA*AAAAA*AAAA*AAAA**AAA*A***A*A*AAAAA*AAAAAAAAAAAA*AAA*AAAAA*A*A*AA,...x.x.x...x......x.......x...x.x....x.x.x...x......x.......x...x.x....x.x.x...x.....x........x....x.x..x.x.x.....x....x.......x.x...x....x...x.....x...xx...x...x.x........x...x......x.x.x...x...x.x........x.........x.x.x....x.x.x.x.......x..........x.x.x...x.x.x.x........x.........x.x.x.,1899,Expert,True
puzzle_223,17,*AAAAAAAAAAAAAAAAA*AAAAAAAAAAAA***AAAAA*AAAAAAA*AAAAAA*AAA*AAAAAAA**AA*AAAAAA****AAAAAAAAA*AAA*A*AAAAAA**AAAAAAAAAAA*AAAAAAAAAAAAAA*AAAAAAAA*AA**AAAAAAAAAAAAAAA*AAAAAAAA*AAA*A*AAAAA*A***AAAA*AAAAAA*AAAA*AAAAAAAAAAAAAAA*AAAAAA*AAAAA*AAAAAAAAAAAA*AA**AAAA*AAAAAAA*AAAA*AAAAAAAAAAAAA*AAAAAAAA,.....x.....x.x.x.x.x....x.x...........x.......x.x.x..x...x.x.x......x...x........x.x...x...x.x.x......x...x.......x...x......x.x.x...x...x.x........x...x......x.x.x...x..x.x.x.......x...........x.x....x.x.x.x.x.....x............x.x...x.x..x.x.x.....x............x.x...x.x..x.x.x.....x.....,1900,Expert,True
puzzle_224,17,AA*A*AAAA*A*AAAAA*AAAA*AAA*A***AAAAA*AAA*AAAAAAAA**AA*A*A*A***A*AAAA*A*AAAAAAAAA*AAA*AAAA*A**A*AAAAAAAA*AA**A*AAAAA***AAAA*A*AAA*A*AAAAAAA*AAAAAAA*A*AAA*AAAA*A*****AAA*AA*AAA*A*AAA*AAA**AAAAAA*AAAAA*A*A*AA*AAA*AAAAA*A*AAAA*AAAAA*A*AA*AAA*A*AAA*AAAAA**AAAAAAA*AAAAAA**AAAAAA*AA*AAA*AAA*A*AA,.....x..x.x.x.....x.x..........x.x.....x.x.x..x.....x.x..........x.x.....x.x.x.x......x.x..........x.x......x.x.x.x....x.x.x..........x........x.x.x.x....x.x.x.........x........x.x.x.x...x.x.x...........x......x...x.x.x..x.x.x...x..............x...x..x.x.x.x.x...x..............x....x.x.x.,1903,Expert,True
puzzle_225,17,AAAA**AAAAAAAA*AAAAAAAAAAAAAAAAA*AA*AAAAAA**A*AAAAAAA*AAA**A**AAAA*AA*AAAAAAAAAAA*AA*AAAAAAA*AAA*AAAAAAAAAAA*AAAAAAAAAAAAAAAAAA***AAAA*AAA**AAA*AAAA*AA*AAAAAAAAA**AAA*A**AAA*AAA*AAAAAAA*AA*AAA*AAAAAAAA*A*AAAAA*AAAAA**AAA*AAAAAAAAAAAAAAAAAAA**A*AAA*AAAAAAAAAAAA*A*AA**AA**AA**A**A*AAAA*AAAA,.......x.x.x.x....x.x.x..........x.......x..x.x.x...x.x.x..........x........x.x.x.x..x.x.x.x...................x.x.x.x..x.x.x.x..................x.x..x.x.x.x.x.x..................x..x.x.xx.x.x.x..................x.x..x.x.x.x.x.x..................x.x.x..x.x.x.x.x..................x..x.x.x.,1903,Expert,True
puzzle_226,17,AAAA**AAAAAAAA*AAAAAAAAAAAAAAAAA*AA*AAAAAA**A*AAAAAAA*AAA**A**AAAA*AA*AAAAAAAAAAA*AA*AAAAAAA*AAA*AAAAAAAAAAA*AAAAAAAAAAAAAAAAAA***AAAA*AAA**AAA*AAAA*AA*AAAAAAAAA**AAA*A**AAA*AAA*AAAAAAA*AA*AAA*AAAAAAAA*A*AAAAA*AAAAA**AAA*AAAAAAAAAAAAAAAAAAA*AA*AAA*AAAAAAAAAAAA*A*AA**AA**AA**A**A*AAAA*AAAA,.......x.x.x.x....x.x.x..........x.......x..x.x.x...x.x.x..........x........x.x.x.x..x.x.x.x...................x.x.x.x..x.x.x.x..................x.x..x.x.x.x.x.x..................x..x.x.xx.x.x.x..................x.x..x.x.x.x.x.x..................x.x.x..x.x.x.x.x..................x..x.x.x.,1903,Expert,True
puzzle_227,17,A*AAAAAAA*AAA*AAAA*AAAAAAAA*AA*A**AAAAAAA*AAAAAA**AAAAAAAAA*AAAAAAA*AAA*AAAA**AAAAAAAAAA*AAAAAAAAAAAA*AAAA*AAAAAAAAAAA**AAAAAAAAAAAAAAAAAA*A**AAAAAAAA*A*AAAAAAAAAAA*AA**AAAAAAAAA*A*A*AAA*AAAAAA*AAA*A*AAAAAAA*AAA**A*AAAAAA**AAAAAAAAA**A*AAAAAA**AAA*AAA**AA*A*AAAAAAAAAAA*AAAAAAA*AAAAAA*AAAA,........x.x.x.x..x.x.x.x...................x.x.x..x.x.x.x.x...................x.x.x.x..x.x.x.x........x..........x.x.x....x.x.x.x........x.........x.x.x....x.x.x.x........x.........x.x.x....x.x.x.x........x..........x.x.x....x.x.x.x......x.x.........x..x.....x.x.x.x......x.x...........x.x,1905,Expert,True
puzzle_228,17,A*A**A*AAAA*AAAAAAAA*AAAA*AA*AAAA**AAA*A*AAAAAA*AAAAAAAAAAAAA**AAA*AA**A*AA*AA*AAAAAAAAAA*AAAAAAA*AAAA**AAAAA*AA*AA*AAAAAAAAAAAAAAAA*AA*AAA**AAAAAA*AAAAAAAA*A**A*A*AAAAA*AAAAA*AAAAAAAAA*AAAAAA*AAAAAAA*A*A*AAAAAAAAAAAAAAAAAA*AAAAAAAAA*AAAAAAAAAAAAAAAAAAAAAAAAAAAAAAAAAAAAAAAAAAAAA*AAAAAAA*A,........x.x..x.x.x.x.x.x....................x.x.x.x.x.x.x.x..................x.x.x.x..x.x.x.x..................x..x.x.xx.x.x.x..................x.x.x...xx.x.x.........x........x.x.x.x.....x.x..........x.x.....x.x.x.x......x.x.........x.x......x.x.x.x.....x.x..........x.x.....x.x.x..x.....,1905,Expert,True
puzzle_229,17,A*AAAA***AAA*AA*AAAAA*AAAAAAAAA*AAA*AAA*AA*AAA**AAAAAAAAAAAAAAA*A***AAAA***A*AAAAAAAAAAAAAAAAAA*AA*A*AAAAAA*A**A*AAAAAAAAAAAAAAAAAA*AAAAAAAAA****AAAA*AA*A**AA*AAAAA*AAA**AAAA**AAA*AAAAAAAA*AAAAAAAAAA*****AAA*AA**A*AAAAAAAAA**AAAAAA**AAA*A*A**A***A*A*A*AAA*A*A*AAAA*AAA***A*AA*AAAA*AAAAAAA*,...x.......x.x..x.x...x.x.x..........x.......x..x.x.x...x.x.x..........x.......x.x.x.x....x.x.x.........x........x.x.x.x...x.x.x..........x.......x.x..x.x...x.x.x..........x.......x..x.x.x...x.x.x..........x.......x.x.x......x.x.x.......x.x........x.x.x.....x.x.x........x.x.......x..x.x..,1905,Expert,True
puzzle_230,17,*AAA*****AAAAAAAAAAAAAAAAAAAAA*AAA*AA*AAAAAAAAAAAAA*AAAAAAAAAA**AA*AAAAA*AAA***AAAAAAA*AAAAAAAAAAAAAAAAA**AAAAAA*AAAAAAAAAA*AAAAAAAAA**AAAAA*AAAAAAAAAAAA*AAAAAAAAAA*AAAAAAAAAAA**AA**AAAAAA*AAAA*A*AAAAA*AAAAAAAAAA*AAAAAA*AAA*AAAAA*AAA*A*AAAAAAAAAAAAAAAAAAA**AAAAAAAAAAA*AAAAAAAAAAAAAAAAA*A*,..x.......x.x.x..x...x.x.x..................x.x.x.x..x.x.x.x........x..........x.x.x....x.x.x.x........x.........x.x.x....x.x.x.x........x..........x.x.x....x.x.x.x......x.x..........x.x......x.x.x.x......x.x.........x..x.....x.x.x.x......x.x..........x.x......x.x.x.x....x.x.x..........x.,1911,Expert,True
puzzle_231,17,AAAA*AAA***AA*A*A**A**AA**A*AAA*AAAA*AAAAAAA*AA*AAAA*A*AAAAAAAAAAAAAA*AAAAAA****AA*AAA*A**AA**AAAAAAA**AAAAA*AAAAAAAA**A*AAAAAA**A*A*A*A*AAAA*A*AAA*AAAA*AAA*A*A**AAA**AAA*AAAAA*AAAAAA*A*AAAAAAAAA**A**AAAAAAAA*A*AAAA*AAA**AAA**AAA*AA**AAAA*AAAAAAAAAAAAA*A*AAA**AAAAAAA**AAAA*AAA*AAAA*AAAA**,.x.x.x.x..................x.x.x.x..x.x.x.x..................x.x.x.x.x.x..x.x..................x.x.x.x..x.x.x.x...................x.x.x.x..x.x.x.x........x.........x...x.x..x.x...x...x....x.....x.......x.x...x....x.x.x.....x....x.......x.x....x...x.x.x....x.x...x........x.....x....x.x.x...,1914,Expert,True
puzzle_232,17,AAAA*AAA**AAA*A*A**A**AA**A*AAA*AAAA*AAAAAAA*AA*AAAA*A*AAAAAAAAAAAAAA*AAAAAA****AA*AAA*A**AA**AAAAAAA**AAAAA*AAAAAAAA**A*AAAAAA**A*A*A*A*AAAA*A*AAA*AAAA*AAA*A*A**AAA**AAA*AAAAA*AAAAAA*A*AAAAAAAAA**A**AAAAAAAA*A*AAAA*AAA**AAA**AAA*AA**AAAA*AAAAAAAAAAAAA*A*AAA**AAAAAAA**AAAA*AAA*AAAA*AAAA**,.x.x.x.x..................x.x.x.x..x.x.x.x..................x.x.x.x.x.x..x.x..................x.x.x.x..x.x.x.x...................x.x.x.x..x.x.x.x........x.........x...x.x..x.x...x...x....x.....x.......x.x...x....x.x.x.....x....x.......x.x....x...x.x.x....x.x...x........x.....x....x.x.x...,1914,Expert,True
puzzle_233,17,AAAAAAAAAAAAA*AAAAAAA*A*AA*AAA*AAAAAA*AAA*AAAA*A*AAAAA*AA***AAAAAAAA*AA*A*AAAAAA*AAAAAAAAAA*AA*AAAA**AA*AAAAAAAA*A*AAAAAAAAAA*AAA*AAAAAA*A*A*A*AAAAAAAAAAAAAA*AA*AAAA*AA*AAAAAAA*AAAAAAA**AAA*A*AAAAAA*AAAAAAAAA*AAAAAAAAAAAAAAA*AAAAA*AAA*AAAAAA*AA**AAAAA*AAAAAAA*AA*AAA**AAA*AAAAA**AAAAAAAAAA,....x.x.x.....x..x.x.......x.x........x.x.x......x.x.x........x.x.......x.x..x.....x.x.x........x.x........x.x.x.....x..x.x.......x.x........x.x.x.....x..x.x.......x.x........x.x.x......x.x.x........x.x........x.x.x.....xx.x.x.........x..........x.x.x...x.x.x.x........x.........x..x.x...x,1921,Expert,True
puzzle_234,17,AAAAA**A*AA*AAAA**AAA*AAA*AAAAA*AAAA*AAA*A*AAAAA*AA*AAA*AA*AA****AAAAAA*AAAAAAAAAAAAA*AAAAAAA*AAAA*AAAA*AA*AAAAAAAAAA**AAAAAAAA*A*AAAAA***AAAAAAAAAAA**AAAAAA*AAAA*A*A*A*AA*AAAAA*AAAA*AAAAA*AAAAA**AAAAAAAAAAA*AAAAAAAAAA*AAAAAAAAAAAAA*AAA*AAA**AAAAAAAAAAAAAAAAA*AAA*AA*AAAA**A*AAA*AAAAAAA*AA,.......x..x.x.x...x.x.x..........x.......x.x.x.x....x.x.x.........x........x.x.x.x....x.x.x.........x........x.x.x.x...x.x.x..........x.......x.x.x.x....x.x...........x.x....x.x..x.x.....x.x..........x.x.....x.x.x.x......x.x.........x.x......x.x.x.......x.x........x.x.x.....x.x..x.......x,1922,Expert,True
puzzle_235,17,AAAAAAAAAAAAAAAAA*AAAA*AAAAAA*A*AAAA*AAAAA*AAAA*AAAAAAAAA*A*AAAAAAAA*AAAAAAAAAAAAAAA****A**AAAAAAAAAA*AAAAAAAAAA*AA*AAA**AAAA*A*AA*A*AAAAAAAAAA*A*AAAA*AAAA*AAAA*A*AAA**AAA*AAAAAAA*AAA*AAAA*AA*AAAAAA*AA*AA*AAA*AAA*AAAAAAAAAAAAAAA*AAAA*AAAAA*AAA*AAAAAAAAAA*A*AAAA****AAA*A*AAAAA**A*AAAA*AAAA,.x.x.x.....x............x.x...x.x..x.x.x.....x............x.x...x.x..x.x.x.....x............x.x...x.x..x.x.x.....x............x.x....x.xx.x.x.......x..........x.x.x.....x..x.x.......x.x..x.......x.x.....x..x...x.....x.x..x...x.....x.....x......x.x...x.x..x.x.x.....x............x.x....x.x.,1923,Expert,True
puzzle_236,17,AAAA**AAAAAAAA*AAAAAAAAAAAAAAAAA*AA*AAAAAA**A*AAAAAAA*AAA**A**AAAA*AA*AAAAAAAAAAA*AA*AAAAAAA*AAA*AAAAAAAAAAA*AAAAAAAAAAAAAAAAAA**AAAAA*AAA**AAA*AAAA*AA*AAAAAAAAA**AAA*A**AAA*AAA*AAAAAAA*AA*AAA*AAAAAAAA*A*AAAAA*AAAAA**AAA*AAAAAAAAAAAAAAAAAAA*AA*AAA*AAAAAAAAAAAA*A*AA**AA**AA*AA**A*AAAA*AAAA,.......x.x.x.x....x.x.x..........x.......x..x.x.x...x.x.x..........x........x.x.x.x..x.x.x.x...................x.x.x.x..x.x.x.x..................x.x..x.x.x.x.x.x..................x..x.x.xx.x.x.x..................x.x..x.x.x.x.x.x..................x.x.x..x.x.x.x.x..................x..x.x.x.,1923,Expert,True
puzzle_237,17,AAAA**AAAAAAAA*AAAAAAAAAAAAAAAAA*AA*AAAAAA**A*AAAAAAA*AAA**A**AAAA*AA*AAAAAAAAAAA*AA*AAAAAAA*AAA*AAAAAAAAAAA*AAAAAAAAAAAAAAAAAA**AAAAA*AAA**AAA*AAAA*AA*AAAAAAAAA**AAA*A**AAA*AAA*AAAAAAA*AA*AAA*AAAAAAAA*A*AAAAA*AAAAA**AAA*AAAAAAAAAAAAAAAAAAA*AA*AAA*AAAAAAAAAAAA*A*AAA*AA**AA*AA**A*AAAA*AAAA,.......x.x.x.x....x.x.x..........x.......x..x.x.x...x.x.x..........x........x.x.x.x..x.x.x.x...................x.x.x.x..x.x.x.x..................x.x..x.x.x.x.x.x..................x..x.x.xx.x.x.x..................x.x..x.x.x.x.x.x..................x.x.x..x.x.x.x.x..................x..x.x.x.,1924,Expert,True
puzzle_238,17,*AA*AAAAAAAAAAA*AAAAAAAA***AAAAA*AAAAAAAAAAAAAAAAA*AAAAAAAAAAAAAAAAAAAAA*A*A*AAAAA*A*AA*AAA*AAA*AAAAAA*AAAA*AAAA*AAA*A*A*AAAAAAAA**AAAAA****AAAAAAAAAAAAAAAAAAAAAAAAA*AA*AA*AAA**AA**A*AAAAAAAAAAA*AAAAA*AAAAAA*AAAAAA***AAAAAAAAAA*AAAA*AAAAAAA*A*A*A*AAAAAAAA**AAA***AA*AAA*A*AAAA*A*A*AAA*AAAA,........x.x.x.x..x.x.x.x...................x.x.x.x..x.x.x.x..................x.x.x.x..x.x.x.x..................x.x.x.x.x.x.x.x..................x...x.x.x..x.x.x...x......x.......x.....x.x..x.x.....x.x....x.....x.x.......x...x......x.x.x...x...x.x........x...x.....x.x.x....x...x.x.......x.,1930,Expert,True
puzzle_239,17,AAAAAAAAAAAAAAAA*AAAAAAAAAA*AAA**AAAAAA*AAAAAAA*AA*A*A*AAAAA*A*AAAAAAAA****AAA*AA*A*AAA*AAA*AAA*A*AAAAAA*AA**A*AAA*AA**AA*A*AAA***A*AAAAAAAAAAAAA*AAAAAAAAAA*A*A*AAAAAAAAAA*AAAAA***A*A*A**AAA*AAAAAAAAA*AAAA*AAAAAAAAAAAAAA*AAAAA*AAAAAAA**AAAAAA*A*AAAAAAA*AAAAA****AAAAA*AAAAAA*AAA*AAAAAA*AAA,.x......x.x...x......x.x.....x...xx.x.....x.x..........x.x......x.x.x.x......x.x..........x.x.....x.x..x.x.....x.x..........x.x......x.x.x.x......x.x..........x.x.....x.x..x.x.....x.x....x.....x.x......x...x.x......x.x...x......x.x.....x....x.x.....x.x....x.....x.x......x...x.x......x.x..,1934,Expert,True
puzzle_240,17,*AAAAAAAAAAAAA*AAA*AAAAA*AAA*AA***AAAAAAAAAAAAAAAA*AAAA*AAAA*AAAAA*A*A*AAA*AAAAAA*AA*AAA*AAA**AAAA*AA*A*A***AAAAAA*AAAAA*AAA*AAAAAAAAA*AAA*AAA**A*AAA*AAA*AAA*AAAAAAAA**AAAAA***AAAA**AAAAAA*AAAAAA*AAAA*AA*AAAAA*AAAAA*AAAAAAAAAAAAAAAAAAA**AAA*AA*AAAA*AAAAAAA**AAAAAAAAAA*A**AAA**AA**A*AAAA*A,....x...x..x...x.x.x...x......x.......x...x.x....x.x.x...x.....x........x...x.x...x..x.x...x.....x............x.x...x.x..x.x.x.....x....x.........x...x.x...x.x.x....x.....x.......x....x.x...x.x.x...x......x.......x...x.x....x.x.x...x......x.......x...x.x....x.x.x...x......x.......x...x..x,1934,Expert,True
puzzle_241,17,AAAAAAAAAAAAAA*AAA*AAAAAAA**AAAA**AAAAA*A*AAAAAAAA**AAAAAAA*AA*A**AA*A*AAAAAA*AAAAAA*AAAAAAAA*A**AAA*A*A*AAA*AAAAA*AA***AAAAA**AA*A*AAAAA*AAAA*A*AAA*A*AAAAAAAAA**AA*AA*AA**AAAAAAAAAAA*A*AAAAAAAA*AA*AA*AAAAAAA*AAAAAAAAAA**AA*AAA*AA**AA*AAA*A*AAA*AAAAAAA**AAAAAA**A*AAAAAAAAAA*AA*A*A*A*AAAAA,x..........x.x.x...x.x.x.x........x.........x.x.x....x.x.x.........x........x.x.x.x...x.x.x..........x.......x.x.x.x....x.x.x.........x........x.x.x.x...x.x.x..........x.......x.x.x.x.....x.x..........x.x.....x.x.x..x.....x.x..........x.x.....x.x.x.x.....x.x..........x.x.....x.x.x.x......,1934,Expert,True
puzzle_242,17,*AAA*AAAA*AAAA*AA*A**AA*AA***AAAAAAAAAAAAAAAAAA*AAAAAAAA****AA*AAAAAAAAAAAAA**AAA*AAA*AAAA*A*A*AAAAAA*AAA*AAAAAAA*AAAAAAAAAAAAAAAAAA*AAA*AA*AAAAAAAA**AAAAAAAAAAAA*A**AAAAAA*AAAAAAAAAA*AAAAAAAAAAA**AAAA**AA*AAAAAA*AAA*A*AAAAAAAA**AA*AAAAAAAA*A*AAAAAAAAAAA**AAAAAAAAA*AAAAA*AAA*AAAAAA*AAA*A*,...x.x..x.x.......x..........x.x.x....x.x.x.x......x.x.........x.x.......x.x..x.....x.x.x........x.x.......x.x.x......x.x.x........x.x........x.x.x.....xx.x.x........x.........x.x..x...x.x.x.x........x.........x..x.x...x.x.x.x........x..........x.x.x...x..x.x.x.......x..........x.x.x...x.,1938,Expert,True
puzzle_243,17,AAAAAAAAAAAAA**AAAAAAAAAAA**AAA*AAAAAA*AAAAAAAAAAAAAAAAAA**AAAA*AAAAAAAAAAA*AAAAAAA*AAAAAA*AAAAA*AAA***AAAA**AA*A*A*A*AAA**AAAA**AA****AAAA*AAA*A*AAAAAAA*AAAA*A*AAA*A***AAAAA***AAAAA*A*A*AAAAAAAAA*AA*AAAA*AAAAAA*AAAAAAAAAAA*AAAAAAAA*AA*A*AAA**A*A***AAAAAAAAAA*AAAAAAAA*AA*AAAAAAAAAAAA*AAAA,...x...x.x.x......x...x.......x.x....x...x.x.x.....x....x........x.x..x.....x.x.x....x...x.x.......x....x.....x...x...xx...x.x...x........x.........x.x.x....x.x.x.x......x.x..........x.x.....x.x.x.x.......x..........x.x.x...x.x.x.x........x.........x.x.x....x.x.x.x........x.........x.x.x.,1943,Expert,True
puzzle_244,17,*AAAAAA*AAAAAAA*A*AAAAA*A*AA*AA*AAAAAAA*AAA*AAAAA**AA*A*AA*AA**A**AA*A*AA*AAAAA*AAA*AAA**A*AAA*AAA*AAAAAAAA*AA**AAA****AA*AAAA*AAAAA*AAAAAAAAAA*AA*AAAAA**AA*A*AAAAAAAAAA*AAAAA*AAA*AAAAAAAA**AAAAAAAAAAA*AAAA*AAAAA*A*AAAAAA*AAA**AAAAAA*A*A**AAA*A*AA*AA*AAAAAA*A*AAA*AAA**AAAAAAAAAAAAA*AAAAAA,...x.....x.x..x...x...x.x........x...x......x.x.x...x....x.x.......x....x.....x.x.x..x.....x.x.......x..x.x.....x.x..........x.x.....x.xx.x.x.......x..........x.x.x....x.x.x.x........x..........x.x.x...x..x.x.x.......x..........x.x.x...x..x.x.x.......x..........x.x.x...x.x.x..x.......x...,1944,Expert,True
puzzle_245,17,AAAAAAA*AAAAAAA*A*AAAAA*A*AAAAA*AAAAAAAAAAA*AAAAA**AA*A*AA*AA**A**AA*A*AA*AAAAA*AAA*AAA**A*AAA*AAA*AAAAAAAA*AA**AAA****AA*AAAA*AAAAA*AAAAAAAAAA*AA*AAAAA**AA*A*AAAAAAAAAA*AAAAA*AAA*AAAAAAAA**AAAAAAAAAAA*AAAA*AAAAA*A*AAAAAA*AAA**AAAAAA*A*A**AAA*A*AA*AA*AAAAAA*A*AAA*AAA**AAAAAAAAAAAAA*AAAAAA,...x.....x.x..x...x...x.x........x...x......x.x.x...x....x.x.......x....x.....x.x.x..x.....x.x.......x..x.x.....x.x..........x.x.....x.xx.x.x.......x..........x.x.x....x.x.x.x........x..........x.x.x...x..x.x.x.......x..........x.x.x...x..x.x.x.......x..........x.x.x...x.x.x..x.......x...,1944,Expert,True
puzzle_246,17,AAAAAA*A*A*AAA*AAAAAAAAAAAA**AA**AAAAA*AAAAA*A*AAAA*AAAAA*A*AAA**AAAA**A*AAA**AAAAAAAAAAAAAAA*A***AAAA*A*AAAAAAAA*AAAAAAAAA*AAAAAAAAAAA*A*AAA*AAA**AAAAAAAAAAAAAAAAA*AAAA*AAA*AAA*AAA***A*AA***AAAAA*A*AA*AAAAA*AAA*AAAA**AAAA**A*A*AA*AAAA*AAAAAA*A*AAAA**AAAAAAAAA*AAAAAAAA*AAAA*AAAAAAAA*AA**A,.......x...x.x.x..x.x.x...x..............x...x.x.x..x.x.x...x..............x...x.x.x.x.x.x....x.............x.....x.x.xx.x.....x.x..........x.x.....x..x.x.x.....x.x..........x.x.......x.xx.......x.x.x......x.x.x.......x..........x.x.x...x.x.x.x........x.........x.x.x....x.x.x.x.......x...,1949,Expert,True
puzzle_247,17,***AAAAAAAAAAAAAAAAAAA*A*AAAAAA*A*A***AAA*AAAAAAAAA*A***AAAAAAAAAAAAA*AAAA*AAAAA*AA*AAA*AAA***A*A*A*AAAA*A*AAA*AAA*AAA*AA*A*AAA*A*AAAAA**AAAAAAA*A*A*A*A*A**A*A*AAAAAAAAAAAAA*AAAAAA**AAAAAAAA*AAA*AAAAAAAAAAAAAA*AAA*AAA**A*A**AA*AA*AA*AA*AAA*AAA*AAAAAAA*A*AA*A*A*A*AAA*A*AA**AAAA*A**AAAA*AAA,.....x.x.x.x.....x.x..........x.x.....x.x.x.x.......x..........x.x.x...x.x.x.x........x.........x.x.x....x.x.x.x........x.........x.x.x....x.x.x.x.......x..........x.x.x...x.x.x.x..................x.x.x.xx.x.x...x..............x...x.x...xx.x.x.........x........x.x.x.x.....x.x..........x.x,1955,Expert,True
puzzle_248,17,A*AAAA*A**AA*AAAAAAAAAAAAAAA*AAAA*AAAAAAAA*AAAA**A*AAAAA*AAAAAAAAAAAAAAAAAAAA**A*AA*AAAAAAAAAAAAAAAAA*AAAAA*AAAA**AAA**AA*AAAA*A*AAAAA*AAA*AA*AAAA*AA*AAAAAAA*AAAAAAAAA*AAA****A*A*AAAAA*A***AA*A*A*A*AAA*AA*A**AAAAAA*A*AAAAA**AA*AA***AAAAAAAAAAAAAAAAAAAA*AAAA*AAAAAA*AAAAAAAAA*A**AAAAAAAA*AA,..x.x.........x.x......x.x.x.x....x.x.x..........x........x.x.x.x....x.x.x..........x........x.x.x.x..x.x.x.x....................x.x.x.xx...x.x.x..........x........x.x.x.x....x.x.x..........x.......x.x.x..x...x.x.x..........x.......x.x.x..x...x.x.x..........x........x.x.x.x....x.x.x......,1961,Expert,True
puzzle_249,17,A*AA*AAAAA*AAA*AAAA*AAAAAAAA**A*AAAAAA*A*AAAA*AAAAAAAA*AAA*AAA*AAAAA*AAAAAAAA*AAAAAAA*AAAA*AAAAAAAAA*AAAAAAAAAAAAAA*A***AAAA*AAAAAAA*A*AAAAAA**AAAAAAAAAAA*AAA*AAA*AAAAA*AA*AAA*AAAAA*A*AAAAAA*AAAA*AAAAAAA*AAAAA**A*AAAAA*A*AAAAA*AAAAAA*A*AAAAA*AAAA*A*A*AAAAAAAAAAAAAAAAAAA**AAAAAA***AAA*A*AA,...x...x...x.x....x...x...x......x...x...x....x.x...x...x....x.....x...x....x...x.x...x....x...x.....x....x...x...x.x....x...x...x.....xx...x...x.....x....x...x...x.x....x...x...x......x...x...x....x.x...x...x....x.....x...x....x...x.x...x....x...x.....x....x...x...x.x....x...x...x.....x.,1962,Expert,True
puzzle_250,17,**AAAA*AAAA*AAA*AAAA**AAAAAAA**AAA*A*AAAAAAAAAAAAA*AAAA**AA*AAA**AAA**AAA*AAAA*A*AAAAAAAA**A**AAAAAAAAA*A*AAAAAA*AAAAA*AAA**AAA**A*A*AAA*AAAA*AAA*AAAAAA*A*A*A*A**AAAAAA*A**AAAAAAAA*AAAAA**AAAAAAA**AA**A*AAA*AA****AAAAAA*AAAAAAAAAAAAAA*A*AAAA*AA*AAAAAAA*AAAA*AAA*A**AA**A**A*A*AAA**AAA*AAAA,...x.x.x....x.....x........x...x.x....x.x.x...x....x.x.......x....x.....x.x.x....x...x.x.......x.....x....x...x...x.x..x.x...x.........x........x.x.x.x..x.x.x.x...................x.x.x.x..x.x.x.x..................x.x..x.x.x.x.x.x..................x.x.x.x..x.x.x.x..................x.x.x.x.,1964,Expert,True
puzzle_251,17,AAAA*AAA**AAA*A*A**A**AA**A*AAA*AAAA*AAAAAAA*AA*AAAA*A*AAAAAAAAAAAAAA*AAAAAA****AA*AAA*A**AA**AAAAAAA**AAAAA*AAAAAAAA**A*AAAAAA**A*A*A*A*AAAAAA*AAA*AAAA*AAA*A*A*AAAA**AAA*AAAAA*AAAAAA*A*AAAAAAAAA**A**AAAAAAAA*A*AAAA*AAA**AAA**AAA*AA**AAAA*AAAAAAAAAAAAA*A*AAA**AAAAAAA**AAAA*AAA*AAAA*AAAA**,.x.x.x.x..................x.x.x.x..x.x.x.x..................x.x.x.x.x.x..x.x..................x.x.x.x..x.x.x.x...................x.x.x.x..x.x.x.x........x.........x...x.x..x.x...x...x....x.....x.......x.x...x....x.x.x.....x....x.......x.x....x...x.x.x....x.x...x........x.....x....x.x.x...,1964,Expert,True
puzzle_252,17,AAAA*AAA**AAA*A*A**A**AA**A*AAA*AAAA*AAAAAAA*AA*AAAA*A*AAAAAAAAAAAAAA*AAAAAA****AA*AAA*A**AA**AAAAAAA**AAAAA*AAAAAAAA**A*AAAAAA**A*A*A*A*AAAAAA*AAA*AAAA*AAA*A*A*AAAA**AAA*AAAAA*AAAAAA*A*AAAAAAAAA**A**AAAAAAAA*A*AAAA*AAA**AAA**AAA*AA**AAAAAAAAAAAAAAAAAA*A*AAA**AAAAAAA**AAAA*AAA*AAAA*AAAA**,.x.x.x.x..................x.x.x.x..x.x.x.x..................x.x.x.x.x.x..x.x..................x.x.x.x..x.x.x.x...................x.x.x.x..x.x.x.x........x.........x...x.x..x.x...x...x....x.....x.......x.x...x....x.x.x.....x....x.......x.x....x...x.x.x....x.x...x........x.....x....x.x.x...,1964,Expert,True
puzzle_253,17,*A*A*AAA*A**AAAAA*AAA*A*AA**AAAAA*AA*AAAAAAAAA*AA*AA*AAAA**A*AAAA*A*A*A*A*A*AAAAAAAAAAAA***AA**AA*AAAA*AAAAAAAAAAA*A*AAAAAAA*AAA*AA*AAA*AAA*A*AAA*A**AA**AAAAAAA**AA*AAA*AAAAA*A*AAA*AAAAAA*AAAAAA*AAAAAAAAAA*A**AAAAAA*AAA**A*A*AAA*AAA*A*A*AAAAAAAAAAAAAAA*AA*AAAAAAAA*A***A*AAAAAAA*A*A*AAAA*A,...x.x.x.x........x.........x.x.x....x.x.x.x.......x..........x.x.x...x.x.x..x.......x..........x.x.x...x.x..x.x.......x..........x.x.x...x.x.x.x..................x.x.x.x.x.x.x..x..................x.x.x.xx.x...x.x............x.....x...x.x.x....x.x...x.......x......x...x.x.x...x.x....x....,1964,Expert,True
puzzle_254,17,AAAA*AAA**AAA*A*A**A**AA**AAAAA*AAAA*AAAAAAA*AA*AAAA*A*AAAAAAAAAAAAAA*AAAAAA****AA*AAAAA**AA**AAAAAAA**AAAAA*AAAAAAAA**A*AAAAAA**A*A*A*A*AAAAAA*AAA*AAAA*AAA*A*A*AAAA**AAA*AAAAA*AAAAAA*A*AAAAAAAAA**A**AAAAAAAA*A*AAAA*AAA**AAA**AAA*AA**AAAAAAAAAAAAAAAAAA*A*AAA**AAAAAAA**AAAA*AAA*AAAA*AAAA**,.x.x.x.x..................x.x.x.x..x.x.x.x..................x.x.x.x.x.x..x.x..................x.x.x.x..x.x.x.x...................x.x.x.x..x.x.x.x........x.........x...x.x..x.x...x...x....x.....x.......x.x...x....x.x.x.....x....x.......x.x....x...x.x.x....x.x...x........x.....x....x.x.x...,1964,Expert,True
puzzle_255,17,A*AAAA*A*A*AAAAAAA*A**AA*AAAAAAAA*AA*AAAAAAAAAAAAAAA*A*A*AAA*AAA*A*A**AAA*AAAAAA**A*AAAAAAAAAA*AAAAAA*AAAAAA*AAA*A*AAAAA*AAA*AA**AAAAAAA**AA**A*AAA*A*AAA*AAA*AA*AAA*AAAAAAA*A*AAAAAAAAAAA*AAAA*AA**AA***AAAAAAAAAAAA*A*A*A*A*A*AAAA*A**AAAA*AA*AAAAAAAAAAAA*AA*AAAAA**AA*A*AAA*AAAAA**A*AAA*A*A*,....x....x.x...x.x.x...x......x.......x...x.x....x.x.x...x.....x............x.x...x.xx.x.x.x..................x..x.x.x.x.x.x.x..................x.x.x.x...x.x.x..........x.......x.x..x.x...x.x.x..........x.......x..x.x.x...x.x.x..........x.......x.x.x.x....x.x.x.........x........x.x.x.x...,1964,Expert,True
puzzle_256,17,AAAAAA*A*A*AAAA*A*AAAAAAAA*AA**A*AAAAAAAAAAAAAAA*AAA*A*AAA*AAA*A*A*AA*A**AAAAAA*AAA***AAAAAA*AAAAAAAAAAAAA*A*AAA*AAAAAAAAAAAAA**AA*AAA*AAAA*A*AAA*A**AA**AAAAA*AAA*AA*AAA**AAAAAAAAAAA*A*AAAAA**AAA**AA*AAAAA*A*A*A*AAAAAAAAAA*AAAA**A*AAAA*A*AA*AAAAAAAAAAAA*A*AAA*A*AA**AAAAA**A*A*AAA*A**AAAAA,.x...x.x....x.......x......x...x.x.x....x.x...x........x.....x...x.xx.x...x.x..................x.x.x.x.x.x.x..x..................x.x.x.x..x.x.x.x........x..........x.x.x...x.x..x.x.......x..........x.x.x...x.x.x..x.......x..........x.x.x....x.x.x.x........x.........x.x.x....x.x.x.x.......,1964,Expert,True
puzzle_257,17,A*AAA*AAAA*AAAA**AAA**AAAAAAA**AAAAAAAAAAAAAAAAA*A*AAA**AAA*AA**AAAAAAAA*A*AAAA*AAAA*AAAAAAAA**AA*AAAA*AAAAA*AAAAAA*A*AAAA*A*A*AAAA**AAA*AAAAAA*AAA*AAAA*A*AAAAAA**A*A*A*A*AAAAA*AAAAAAAA**AAA**AA**AAAAAAA*A*AAAAAA****AAAAAA*A*AAAAAAAAAAAAAAA*AAAAAAA*AA*AAA**A**AA**AAAAA*AAAAAA*AAA**AAA*A*A,....x....x.x.x...x.x...x........x.....x...x.x.x.....x....x.......x.x...x....x.x.x....x.....x.......x.x..x.x...x...x....x.........x...x.x..x.x.x.x..................x.x.x.x.x.x.x.x..................x.x.x.x.x.x..x.x..................x.x.x.x..x.x.x.x..................x.x.x.x..x.x.x.x.........,1964,Expert,True
puzzle_258,17,AAAA*AAAAAAAAA*AA**A*AAAAA*AAAAAAAAAAA*AAAAAAA**A**A*AA*AAA*A*AAAAAAAAAAAAAAAAAA*AA*AA*AAAA*AA*AAAAAAAAAAA*AA*AAA*AAA**AA*A*AAA***AA*AAAAAAA*AAAAAAA**AAAAA*AA*A*AAAAAAA*AAAAA**A*A*AAA*A**AA*AAAAAA***AAAAAAA*AAAA*A*A*AAAAAAAAAA*AAAAAAAAAA**AAAA*AA*AAA*AAAAAAA*AAA**A**AAAA*AAA*AAAAAAAAA*A**,.x.x...x.x............x.....x.x.x..x.x...x.x............x.....x.x.x..x.x...x.x............x......x.x.x.x.x....x.x...........x......x.x.xx.x....x..x..........x.......x.x.x..x...x.x.x......x...........x.x.x....x.x.x.x......x.x..........x.x.....x.x..x.x.....x.x..........x.x.....x.x.x..x.....,1970,Expert,True
puzzle_259,17,AAAAAAAAAAAAAAAAA*A**AA*AAA*A*AAA*AAAAAAAAA*AAAAAA*AAAAAAAA*AAAAAAAAA*AAAAAA****AAA*AAA*AAAAAAAAA*AAA**AAAA**A*A*AAAAAAAAAAAAAAAAAAA**AAA*A***A*AAAAAAAAAAAAAAA**A*A*AAA*AAA*A*AAAAAA*AAAAA**AAA*AAAAAAA*AA*AAAAAAA*A****AAAAA*AAAAAAAAAAAAA*AA*A*A*A*AA**AAAAA*A**AAA**AAAAAAAAA*A**AAAAAA*A*AAA,.x.x.........x.x......x.x.x.x......x.x.........x.x......x.x.x.x.....x..x.........x..x.....x.x.x.x......x.x.........x.x......x.x.x.x.....x.x...........x.x....x...x.x.x.....x....x.......x.x....x...x.x.x....x.x...x........x.....x...x.x.x....x.x...x.......x......x.....x.x...x..x...x.x.....x..,1973,Expert,True
puzzle_260,17,AAAAAA*A*AAAAAAA*AAAAAAAAAA*AAAAA*AAA*A*AAAAAAAAAAA***AAAAAAA**AA*A**AAAAA*A*AAAAA*A***AAAAAAAA*AAAAAAAAA*A*A*AAAAAA*A**AAAAAAAA*A*AA*A*AAAAAA*AAAAAA**A*A*AAAAAAAA*AAAAAAAAAAAA*A**A***AAAAAAAAAAAA*AAA*AAAA*AAA*A**AAAAAA*A*AAAAAA*AA**AAAAAA*AAAA**A*A*AAAAA*AAAAAAA*AA*AAAAAA**AAA***A*AA*AAA,.x.........x.x.x....x.x.x.x........x.........x.x..x...x.x.x.x........x.........x.x.x....x.x.x.x.......x..........x.x.x...x.x.x.x........x.........x.x..x...x.x.x.x........x.........x...x.x..x.x.x.x........x.........x.x.x....x.x.x.x..................x.x.x.x.x.x.x.x..................x..x.x.x,1976,Expert,True
puzzle_261,17,AAAA*A*AAAAAAAAAAA*A*AAAA*AAAAAAAAAAA*AAAAAAA**AAAAAAAAAA*AAAAAAAA*AA*AAAAAAAA*AAA*AAAAA**AAAAAAA*AAA*A*A*A*AA**AA*A*AA**AA***AAAAAAAAAAAA*AAAAAAAAAAAA*AAAAAAAAAAAAAAAAAA*A*AAAAAAAAAA*AAAAA**A*AAAAAAAAAAAAA**AAAAA*AA*A*AA*A*AA*AAAAAAAAA**AAAAA*AAAAAAAA*AA*AA*AAAAAAAAA*AA*AAA*A*AAAAAAAA*A*,.x.x.x.........x........x.x.x.x...x.x..x.........x........x.x.x.x...x..x.x.........x........x.x.x.x...x.x.x..........x........x.x.x.x....x.x.x..........x........x.x.x.x...x.x..x.........x........x.x.x.x...x..x.x.........x........x.x.x.x....x.x.x.........x........x.x.x.x..x.x.x.x..........,1980,Expert,True
puzzle_262,17,AAAAAAA*AA*AA*A*AA*AA*A*AAAAAAAAAAAAAAAAAA*A****AAAA**AA**AAAA**AA***AAAA*A*AAAAAAAAAAAAAAA**AAA*A**A**AA*AAA*AAAAAAAAAAAAAAAAAAAAAAAAAAA*AAAA*AAAAAAAAAAAAAAAA*AAAAA*AAAAAAAA*AAAAAAAAAAAAAA*AAAAAAAAAAAAAAAA*AA**AAAAA*AAAAAAAAAAAAAA*AAAA*AAAAA*A*AAAAA*A*A*AAA*AAAA*AAAA*AAAAAAAA*AAAAAAA*A**,..x.x.x.........xx.......x.x.x......x...x.......x.xx...x...x.x............x.....x.x.xx.x.x...x..................x.x.x.x.x.x.x.x..................x.x.x.x..x.x.x.x..................x.x.x.x..x.x.x.x..................x.x.x.x..x.x.x.x..................x.x.x.x.x.x.x.x..................x.x.x.x..,1980,Expert,True
puzzle_263,17,AAA*A*AAAAAAAA*A**AA*AAAAAAAAA*AA*AAAAA*AAAAAAAAAAA*A*AA*AAAAAAAAA**AA**AAAAA*AA*A*AAAA**A*AAAAAAAAAAA*A*AAAAAAAAAA*AAAAAAAAAAAAAAAAAAAAAA*AAAAAAAAAAAA*A*AAA***AAAAAAAAAAA*A*A*AA**AA*A*AAAAA**AAAAAAA*AAA*A*AAAAAAAA*AAA*AAAAAAAA*AAAAAAAA*AAAA*AAAAAAA**AAAAA*A*AAAA*AAAAAAAAAAAA*A*AAAAAAAAAA,x.x.x.x..................x.x.x.x....x.x.x.........x........x.x.x.x...x..x.x.........x........x.x.x.x...x.x..x.........x........x.x.x.x...x.x.x..........x.......x.x.x.x...x.x.x..........x........x.x.x.x...x..x.x.........x........x.x.x.x...x.x..x.........x........x.x.x.x....x.x.x.........x.,1980,Expert,True
puzzle_264,17,AAA*A*AAAAAAAA*A**AA*AAAAAAAAA*AA*AAAAA*AAAAAAAAAAAAA*AA*AAAAAAAAA**AA**AAAAA*AA*A*AAAA**A*AAAAAAAAAAA*A*AAAAAAAAAA*AAAAAAAAAAAAAAAAAAAAAA*AAAAAAAAAAAA*A*AAA***AAAAAAAAAAA*A*A*AA**AA*A*AAAAA**AAAAAAA*AAA*A*AAAAAAAA*AAA*AAAAAAAA*AAAAAAAA*AAAA*AAAAAAA**AAAAA*A*AAAA*AAAAAAAAAAAA*A*AAAAAAAAAA,x.x.x.x..................x.x.x.x....x.x.x.........x........x.x.x.x...x..x.x.........x........x.x.x.x...x.x..x.........x........x.x.x.x...x.x.x..........x.......x.x.x.x...x.x.x..........x........x.x.x.x...x..x.x.........x........x.x.x.x...x.x..x.........x........x.x.x.x....x.x.x.........x.,1980,Expert,True
puzzle_265,17,AA*A*AAA*AAAAAAAAAAAA*A*A*AAAAAAAAAAAAAAAA*AA*AAAAAAA***AAAAAAAA**AAA*AAAAAA**A**AA*AAAAA*AAAAAAA*AAA*A*A*A*A****AAA*A*AA**AAAAA*AAAA**AAAA*AAAAAAAAAAA*AA*AAA*AAAAAAA*AAAAAAAAA**AAAAAAAAAAAAAAAAAAAA*AAA*AAA*A*A*AA*AAAAA*A**AAAA*AAAAAA***AAA*AA*AAAA*AAAAAAAAAAA*AAA**AAA*AAAAA*AAAAAAAAAAA*A,.x.x.x.......x..........x.x.x...x..x.x.x.......x..........x.x.x...x.x.x.x........x.........x.x.x....x.x.x.x.......x..........x.x.x.....xx.x.........x.x......x.x.x.x.......x..........x.x.x...x.x.x.x........x.........x..x.x...x.x.x.x.......x..........x.x.x...x.x.x.x..................x.x.x.x,1983,Expert,True
puzzle_266,17,A*AAAAAAAAAAA*AAAAA*AAA**AAA*AAAAAAAAAAA*AAAA*AA*AAA***AAAAAA*AAAA**A*AAAAA*AA*A*A*AAA*AAA*AAAAAAAAAAAAAAAAAAAA**AAAAAAAAA*AAAAAAA*AAA*AA*AAAAAAAAAAA*AAAA**AAAA*AAAAA**AA*A*AAA****A*A*A*A*AAA*AAAAAAA*AAAAA*AA**A**AAAAAA*AAA**AAAAAAAA***AAAAAAA*AA*AAAAAAAAAAAAAAAA*A*A*AAAAAAAAAAAA*AAA*AAAA,x.x.x.x..................x.x.x.x...x.x.x..........x.......x.x.x.x...x.x..x.........x........x.x.x.x...x.x.x..........x.......x.x.x.x......x.x.........x.xx.....x.x.x..........x.......x.x.x.x....x.x.x.........x........x.x.x.x...x.x.x..........x.......x.x.x..x...x.x.x..........x.......x.x.x.,1984,Expert,True
puzzle_267,17,AAA*AAAAAAAAAAAAAAAA*AAA*AA*A*AAAAAA*A*AAAA*AAA*AAA*AAAAAAA***AA*AAAAAAA*AAAAAA*A*AA*A**AAAA*AA*AAAAAAAAA**A*AAAAAAAA*AAAAAAA*AAA*AAAAAAAAAAAAAAAA*A*A***A*AA*AAAA**A*AAAAA**AAAAAAA*AAAAAAAAAAA*AAAAAA*A*AAAAAAAAAAAAA**AAAAAAA*AAA*AAAAA*AAAA*A*AAAAA**AA*AAA*AA***AA**AA*AAAAAAAAAAAAAA**AAAAA,..x.....x.x.x........x.x.......x.x.x......x.x.x.......x.x........x.x.x.....x..x.x.......x.x........x.x.x.....x.x.x........x.x.......x.x..x.....x.x.x........x.x.......x.x.x......x.x.x.......x.x........x.x.x.....x.x.x........x.........x.x.xx...x.x.x..........x........x.x.x.x...x.x..x.......,1984,Expert,True
puzzle_268,17,AA*A**AA*AAAAA*AA*AAA*AA***AAAA**A*AA**AAAAAAAAA*A*AA*A*AAA*A*AAAA**AAAA*A*AAA*AAAAAAAAAAAA*AAA*AA*AA*AAA*AAAAAA*AA*AAAAAAAAAA**A*AAAA*A*AAAA*AA*AAA**AAAAAAAA**AAAAAA**AAAAAAA*AAAAA**AAAAAAAAAAAAA**AAAA*AAA**AAA*A*AAA*AAAAAAA**AA**A*AAAA*AA*AAAA*AAAA*AAAAAAAAA***AAAAAA*AAAAAAAAA*AAAAAAAA*,.......x.x...x.x..x.x.x.....x............x.x...x.x..x.x.x.....x............x.x...x.x..x.x.x.....x............x.x....x.xx.x.x.......x..........x...x...x.xx.x.x.......x..........x.x.x.....x.x.x........x.x.......x..x.x.....xx.x.........x.x......x.x.x.x......x.x..........x.x.....x.x.x..x.....,1994,Expert,True
puzzle_269,17,AAAAAAAA*A*AAA*AAAAAAAAAAAA*AAAAAAAAAA***AAA**AAAAAAAAAAA*AAAAAAAAAAAA*AAA*AAAAAA*AAAAAAA*AAAA*A**AAAA*AAAAAAA**AAAAAAAAAAAA*AAAAAAA**AAA*AAA*AAAAAAAAAAAAAAAA*AAAAA**A**AAAAAA*AAAAAAAAAAAAAAAAA*AAAAAAA*AAAAAA*AAA*AAAAAAAAA*A*AA**A*AAAAAA*AAA*AAA*AAA**AAA*AAAAA*AA*AA**AAAAAAAAA*AAAA*AAAA*A,.........x.x.x.x..x.x.x.x..................x..x.x.x.x.x.x.x..................x.x..x.x.x.x.x.x...................x.x.x.xx.x.x.x..................x.x.x..x.x.x.x.x..................x.x.x.x...x.x.x..........x.......x.x.x.x...x.x.x..........x.......x.x.x..x...x.x.x..........x.......x.x..x.x...,1997,Expert,True
puzzle_270,17,A*AAAAA***A*A*AAA*A*AAAAAAAAA*AAAA*AAA*AA*A*A*AAAAA*AA*AAAAAAAAAA**A*AAAAAAA*AAA*A**A*AA*AA**AAAAA*AA*AAAAAAAAAAAAA**AA*A******AAAAAAA*AAAAA*AAAAAA*AA**AAA*AA****AAAAAA*AAAA*AAAAAAAAA*AAAAA**AAAA**AAAAAAAAAAA*AAAAA*A****AAA*A*A**A*AAAAA*AAAAAAAAAA*A*AAAAAAAAAAAAAA*A*AA*AAA**AA*AAAAAAAAAAA,x.x..x.........x........x.x.x.x....x.x.x.........x........x.x.x.x....x.x.x..........x........x.x.x.x..x.x.x.x....................x.x.x.x.x.x..x.x..................x.x.x.x..x.x.x.x........x..........x.x.x....x.x.x.x........x..........x.x.x....x.x.x.x......x.x..........x.x.....x..x.x.x.....,2001,Expert,True
puzzle_271,17,AAAA*A*AAAAAAAA*A*AAAAAAAAAAAA*A*A*AA**AA*AAAAAAAAAAAAAAAAAAA*A**AAAAA**AAAAAAAAAAA*AAAAAAAAAAAAAA*AAA*AA***AAAAAAAA**AAAAAAAAAAAAAAAAAAAA*A*AAAA*A*AAA*AAAAAAAAA**A*A*AAAA*AAAAAAAAAAAAAAAAAAA*AAA*AAA*AAAAAAAA*A*AAAA*AAA*A*AAAA*AAAAAA**AAAA**A*AAAAA*AAAA*AAAAAAAAAAAAAAAAAAA**A**AA*A***AAA*,.....x.x.x.x......x.x..........x.x......x.x.x.x....x.x.x..........x........x.x.x.x....x.x.x.........x........x.x.x.x....x.x.x..........x........x.x.x.x..x.x.x.x...................x.x.x.x..x.x.x.x...................x.x.x.x..x.x.x.x........x...........x.x.x..x.x...x.x......x.....x......x.x.,2003,Expert,True
puzzle_272,17,A**AAAAAAA*A***AAA*AAAA**A*AAA*AAAAA**AA**A*A*AAA*AA*AA*AAAAAA**AA*A*A**AAAAA***AAAAAA*AAAAA*A*AA*AAAAA*AAAA**AA*AAAA*AA*AAAAA*AAA**AAA*A*A*AA*AAA*AAAAAAAA*AAAAAA**AAAAA**AAA**AAAAAA*AA*AAAAA*A*AAAAAAAA*A*A*A*A*AAAAAAAAAAAA*AAAAA**AAAAAAA*AA**AAA*AA*AAA*AAAAAAAAAAA*AAAAAAAAAA**AAAAAAAAAA*,....x.x.x......x.x.x.......x.x........x...x.....x.xx.x...x...x..........x...x...x.x..x.x...x...x..............x...x.x.xx.x.x.x...................x.x.x.x..x.x.x.x..................x.x.x..x.x.x.x.x..................x.x.x.x..x.x.x.x...................x.x.x.x.x.x.x.x..................x.x.x.x.,2003,Expert,True
puzzle_273,17,AAAAAA*A**A****AAAAA*A**AAAAAA*A*AAA*AAAAAA*A**AAAA*A**AAA*A*AAAAA*AAAAA**A*A*A*A*AA*AA**A*AAAAAAAAA*AAAA*A*AAAAAA*AA*A*AAA*AAA*AAAAA*AAAA*AAAAA*AA**A*AA*AAAAA**AAAAAAAA*AAA**A*AAA**A*A*A**AA*AA*AAAAAAA*AAAA*AAAAA*AAAAAAAAAAAA**A*AAAAAAAA*AAAAAAAAAA**AAAA*AAAAAAAAAAAAAAAAA*AAAA*AAAAAAAAAA,x.x.x.....x..............x...x.x.x.x..x.x...x..............x...x.x.x.x.x..x...x..............x...x.x.xx.x.x.x...................x.x.x.x..x.x.x.x..................x.x.x.x.x.x..x.x...................x.x.x.x..x.x.x.x........x..........x.x.x....x.x.x.x........x.........x.x.x....x.x.x.x.......,2006,Expert,True
puzzle_274,17,AA*AAAAA**AA*AAAA**AA**AAAAAA*AAAAAAAAAA*AAA*AA**AAAAAA**AAAAAAAAA*AA*A*AAA*AAAAAAAAAAAAAAAAAAAAAAA*AAAAAAA*A*AAAAA*AAAAAA**AAAAAAAAAAA*AAAAAA*AA**AAA*AA**AAA*AAA*AAA*AAAAAAAAAA*AA**A*AAAAAAA**AAAA**AAA**AA*AA*AAAAAAA*AAA*AA**AAA*A**A*AAAAA**AAAAAAAAA**AAAAAAAAAAAAAAAAAAAAA*A**AAAAAAAAAA*,.x.x.x.........x........x.x.x.x....x.x.x.........x........x.x.x.x...x.x..x.........x........x.x.x.x...x.x.x..........x........x.x.x.x....x.x.x..........x........x.x.x.x..x...x.x.........x..x.....x...x.x..x...x.x...x........x.........x.x.x....x.x.x.x.......x..........x.x.x...x..x.x.x......,2008,Expert,True
puzzle_275,17,AAAAA**AAAAAAAAAAAAAAAAAA*AAAAAAA*AAAAAAAAAA*A**AA*AAAAA*AA*A**AAAAA*AAAAA**AA*A*AAAAAAAA*A*A**AA*AAAAAA***A*AAAAA*AA*AAAAAAAAAAA**A*AAAA*AAAAA*A*AAAAAAAAA*AA*AAAAAA*AA*AAAA**AAAA*AAAAA*AAAAAA*AA**AAA*AAA*AA**AA*AAAAAAA*AA*AAAAAAAA*AAAAAAAAAAA*AAAAAAAAAAAAA*AAA**AAAAAAAAA*AAAA*AAAAA**AAAA,....x....x.x...x.x.x....x.....x........x...x.x...x..x.x...x.....x........x...x.x...x..x.x...x.....x........x...x.x....x.x.x...x......x.......x....x.x...x.x.x....x.....x........x...x.x...xx.x.x.........x........x.x.x.x....x...x.........x.x..x...x.x...x....x...x.....x....x...x...x.x....x...,2010,Expert,True
puzzle_276,17,AA*AAAAAAAAA*AAAAA*AAAA***AAAAAAAAAAA*AAA*A*A**AAAA***AAAA*AAAAA*AAA*AA*AAA**AAAAA**AAAAAA**AA*AAAAAAAAAAAAAA*AAAAA*AAAA*AA*AAAAAAAAAA*AAAAAA***AAAAAAAAAAAA*AAAAA*AAAA*AAAAA*AAAA**AAAAAA**A*A*AAAAAAAA*AAAAAAAAA*A*AAAAAAAAAA*AAA*AAAAAA*AAAAAA*AAAAAA*A*A*AA*AA*AAAAAAAAAAAAAAAAAAAAA*AA**AAAA,...x.x.x.......x.x........x.x.x.....x.x.x.........x........x.x.x.x...x..x.x.........x........x.x.x.x...x.x.x..........x.......x.x.x.x...x.x.x..........x.......x.x.x.x....x.x.x.........x........x.x.x.x.....x.x..........x.x.....x.x.x.x.....x.x..........x.x......x.x.x.x......x.x.........x.x.,2015,Expert,True
puzzle_277,17,AAA**AAAAAA*AAA*AA*A*AAA*AAAAAAAAA*AA*AAAAAAA*A*AAAAA*A*AAAA**AAA**AAAAAAAA*AAA*AAAAAAAAAA*AA*AAAAAAAAA*AAA*AA*AAA**AAAA****A*A*AAAAAAAAA*AA*AAAAA*A*AAA*AA*AA*AAA**AAAAAAAAAAAAAAAAAAAA*AAAA*AAAAAAAAAAAAA**A*AAAAAAAAAAA*A*AAA*AA*AAAA*A*AAAAAAA*AAAA*AAAA*AAAAAA*AAAAAAAAAAAAAAAAAAAAAA*AAAAAA,.x......x.x...x......x.x.....x...x..x.....x.x...x..x.....x.....x...x..x.x...x.x......x.....x......x.x...x.x....x.x.....x......x.....x.x....x.x...x.x......x.....x.....x.x....x.x...x.x......x.....x.....x.x....x.x...x.x......x.....x......x.x...x.x....x.x....x.......x.....x.x..x.x.x.....x....,2025,Expert,True
puzzle_278,17,AA*AAAAAAAAAAAAA**AAA*AAA*AAAAAAA**AAAA*AAAAAA*AAAAA*AA*AAAAAAAAAA*AA***AA*A*AAA**AAAAA*A*AAAAAAAAAAAAAAAAAAAA*AAAAA*AAAAAAAA***AAAAAAAAAAAA*AAAAAAAA*AAAAAAAAAAA*A*A*AA*AAA*AAA*AAA*AAAAAAAAAAA***AAAAAAA*A**AAAAA*AAAAAAAA*AAAAAAAA**AAA*AA*AAAAAAA*AAAAAAAAAAA*AAAAAAAAAAAAAA*AAAAAAA**AAAAAAA,x...x...x.x........x...x.....x.x......x...x.x.....xx.x.........x.x.......x.x.x......x.x.x.......x.x........x.x.x.....x..x.x.......x.x........x.x.x.....x..x.x.......x.x........x.x.x.....x.x.x........x.x.......x.x.x......x.x.x.......x.x........x.x.......x.x.x......x.x.x.......x..x.......x.x,2026,Expert,True
puzzle_279,17,A**AAAAAAAAA*AAA*AAA**AAAAAAA*AAAA*AAA**AAAA*AAAA*AAAAA*AAAAAAAAAAAAA*A*A*AA*AAAAAAAAAA*AAAAAAAA*AAAAAAAAA*AA*AA**AAAAAAAAAAAA*AAA**A*AAA*AA*A**A*AAA*AA*AAAAAAAAAAAAA*AA*AAAAAAAAA**AAAAAAAAAAAAAAAAAAAAAAAAA*A*AAAA*AAAAAAAAAAA*AAA*AAAA*AAAAAAAAA*AAAAAAAAAAAAA*AAAAAAA*AAAAA**AAAAAAAAAA**AAA,x..x.......x.x........x.x.x.....x..x.x.......x.x........x.x.x......xx.x.........x.x......x.x.x.x.......x..........x.x.x....x.x.x.x......x.x.........x..x.....x.x.x.x......x.x..........x.x......x.x.x.x......x.x.........x.x......x.x.x.x......x.x..........x.x......x.x.x.x......x.x.........x.x,2026,Expert,True
puzzle_280,17,**A*AAAAAAA*AAAAAAAA*AAAA*AAAA*AAA*AAA*AAAAA*A*AAAAA*AAAA*AAAAAAAAAAAAAA*AAAAA**AA*AAAAAAAAAAAAAAAA*AAAAAAAAAAAAAA*AAAAAAAA*AAAAA*AAAAAAAAAAAAAAAA*AAAA*AAAAAAAAAAAAAAAAAAAAAAAAAAA*AAA*AA**A**A*AAA**AAAAAAAAAAAAAAA*A*AAAA*A*AA**AAAA**AA**AAAA****A*AAAAAAAAAAAAAAAAAA*A*AA*AA*AAAA*AA*AAAAAAA,..x.x.x.x..................x.x.x.x.x.x.x.x..................x.x.x.x..x.x.x.x..................x.x.x.x..x.x.x.x..................x.x.x.x..x.x.x.x..................x.x.x.x.x.x.x.x..................x...x.x.xx.x.x.....x............x.x...x...xx.x.......x...x......x.x.x.......xx.........x.x.x..,2030,Expert,True
puzzle_281,17,AAA*AAAAAAAAAAAAAAAA*AAA*AA*A*AAAAAA*A*AAAA*AAA*AAA*AAAAAAA***AA*AAAAAAA*AAAAAA*A*AA*A**AAAA*AA*AAAAAAAAA**A*AAAAAAAA*AAAAAAA*AAA*AAAAAAAAAAAAAAAA*A*A***A*AA*AAAA**A*AAAAA**AAAAAAA*AAAAAAAAAAA*AAAAAA*A*AAAAAAAAAAAAA**AAAAAAA*AAA*AAAAA*AAAAAA*AAAAA**AA*AAA*AA***AA**AA*AAAAAAAAAAAAAA**AAAAA,..x.....x.x.x........x.x.......x.x.x......x.x.x.......x.x........x.x.x.....x..x.x.......x.x........x.x.x.....x.x.x........x.x.......x.x..x.....x.x.x........x.x.......x.x.x......x.x.x.......x.x........x.x.x.....x.x.x........x.........x.x.xx...x.x.x..........x........x.x.x.x...x.x..x.......,2034,Expert,True
puzzle_282,17,*AA*AA**A**AAA*A*AAA*A**AA*AAAAAAAAAA*AAAAAAA*AAAAAAAA*AAAAA*AAAAAAAAAAAAAAAA*AAAAAAAAA*AAAAAAAA*AAA*AAAAAAAAAA**AA*A**AAA**AAAA***AAAAAAAAAAAAAAAA*AAAAAAAAA*AAAAAAAAAAAAAAAAAAAAAA*AAA*AAAAAAAAAAAAAAAA*AA*AAAAAAA*AAAAAAAAAA*AAAAAAAAAAAAAAAAA*AAAAAAAAAAAAAAAAAAAAAAAAAAAAAAAAAAAAAAAAAAAAAAA,..x.x...x...x....x.........x...x.x..x.x.x.....x....x.........x...x.x...x..x.x...x.....x........x...x.x....x.x.x...x....x.x...........x.x....x.x.x.x......x.x..........x.x......x.x.x.x......x.x.........x.x......x.x.x.x......x.x.........x.x......x.x.x.x......x.x.........x.x......x.x.x.x.....,2039,Expert,True
puzzle_283,17,AAAAAAAAA*AAA*AAA*AAAAAA**AAAA*AAAAAAAAAAAAAAAAA*AAAAAAA*A**A*A*AAAAAA*AAAA*AAAA*AAAAAA****AA**A*AAA*AAAAAAAAAAAAAA**AAAAAAA*A*AAA*AAA*AAAAA**AAAA**AAA*AAAA*AAAAAAAAAAAA*AAAAAA*AA**AAAAAAAAAAAAAAAAAAAAAA*AAAAAAAAAAA**AAAA**AAAAAAAAAAAAAA*A*AA*A*A*AAA*AAAAAA****AA*AAAAAAAAAAAAAAAAAAA*A*AA*,....x.x.x.x........x.........x.x.xx...x..x.x.........x........x.x.x.x...x.x.x..................x.x.x.xx.x.x.x..................x.x.x.x...x.x..x.........x........x.x.x.x...x.x.x..........x.......x.x.x.x....x.x.x.........x........x.x.x.x...x.x..x.........x........x.x.x.x....x.x.x.........x.,2044,Expert,True
puzzle_284,17,AAAAAAAAAAAAAA**AAAAAAAAAAAAAA*AAAAAAA*AAAAAAAAAAAAAAAAAAAAAAAA*AAAAA**AAAAAA**A*AAAA*AAAAAAAAAAAAAAAA*A*AAAAA**AAAAAAA*AAAAAAAAAAAAAAAA*AAA*A*AA*AAAAAAAA**AAAA*AAAAAAAA*AA*AAAAAAAAAAAAAAA**AAAAA**A*AA**AAAAAA**AAAAAAAAAAA*AAA*AAAAAAAAAAAAAAAAAAAA**AAAAA*A*AA*AAAAAAAAAAAAAAAAA*AAAA**AAAA*,x.....x.....x...x..x.x...x.x......x.....x......x.x...x.x....x.x.....x......x.....x.x....x.x...x.x......x.....x.....x.x....x.x...x.x......x.....x.....x.x....x.x...x.x......x.....x......x.x...x.x....x.x.....x......x.....x.x....x.x...x.x....x.x.....x.....x........x...x.x...x..x.x...x.....x..,2049,Expert,True
puzzle_285,17,*AAA*AAA*A*AA**AAA**AAAAAAAAAAA*A*A*AAA**AAAAAA*A*AA**A*AAAAAAAAAA*AAAAAA*AA***AAAAAAAAA*AAAAAAAA*A**AAAAAAAAA*AAAAAA*AAAAA**AA*A*AAA**A*AAAAAAAAA*AAAAAAAA*AA*AAAA*AAA**AAA*AAAAA*AAAAA*A*AAAA*A*AAAAAAAAAAA*AAAAAAAAAAAAAAA*AAAAAAAA*AAAA**AAAA*A*AAA***A*AAAAAAAAAAAA*A**AAA*AAA*AAA*AAAAA*AA*,..x...x.....x..x.x...x...x.x........x.........x.x.xx.....x.x.x........x.x........x.x.x......x.x.x........x.x.......x..x.x.....x.x.x........x.x.......x.x..x.....x.x.x........x.x.......x.x..x.....x.x.x........x.x........x.x.x......x.x.x........x.x.......x.xx.x.....x.x..........x.x.....x.x..,2053,Expert,True
puzzle_286,17,AA*AAA*A**AAA*AAA*A*A*A*AAAAAAAAAAA*A*AA*AAAA*A*AAAAAA*A***AAAAAAA*AAAAAAAAAAAAAA***AA*A**AAAAAAAAAAAAAAA*AAAA*AAA*AAA*AA*AA**AAA*AAA*AAA*AAAA*AAAAA*AA*A*AA*AAA**AAAAAAAAA*AAAAAAAAAAAA*AAAAAA***AA**AA*AAAAAA*AAAAAAAAA***AAAAAA*AAA*AAAAAAAAAA***A*AAA**AA*AAAAAAAAAAAA*AAAAA**AA*AAAA*AAA**AA,.x.x.x.x..................x.x.x.x.x.x.x..x...................x.x.x.x..x.x.x.x........x..........x.x.x...x.x.x..x.......x..........x.x.x....x.x.x.x........x.........x.x.x....x.x.x.x........x..........x.x.x....x.x.x.x......x.x.........x.x........x.x.x.....x.x.x........x.x.......x..x.x.....x,2055,Expert,True
puzzle_287,17,AAA*A*AAAAAAAA*AA*AAAAA*AAAAAA*A*AAA*AAAAAAAAAAAAAAAA**A*AAAA*AA*A*AAAA*A*AA*AAAA*AA*AAA*AAA*AA**AAAAA**A**AAA*AAAA*AAAAA*AA*AAAAAA*AA*AAAAAA*AAAA*A*A*AA**AAA*AAAAAAAA*A*AAAA*A*AAA**AA*AA***A*AAAAAAAAAAAA*AAAAAAAAA**AAAAA*AAAAA*A*AAA*AAAAAAAAAA*AA*AA*AAA***AAAA*AAAAA*AA*AAA*AAAAAAAAA*AAAA,....x.x...x.x.....x......x.....x.x...x.x....x.x....x.......x.....x.x..x...x...x.x....x...x...x.....x....x...x.....x...x....x...x.x...x..x.x...x.........x....x....x.x.x...x.x....x.......x......x...x.x.x....x.x...x.......x......x...x.x.x....x.x...x.......x......x...x.x.x....x.x...x.......x.,2062,Expert,True
puzzle_288,17,AAA*AAAAAAAAAA*AA*AAAAA*A****AAAA*AAA**AAAA*A*AAAAA**AAA*A*AAA*AA*A*AAA***AAAAA*AA*A*AAAAAAAAAAAAA*A**A***A**A*AAAAAAA*AAAAAAAAAAAAAAAAAA*AAAAAAAA*A*A*AAAAAAAA*AAA***AAAAAA*AAA**AAA*A*AAAAAAAAAAAA*A*AAAAAA*A*A*A*AAA*AAAAAAAA*AAAAAA*AA*AA*AAAAA*AAA**A*A*AAAA**AA*AAA*A*AAA**AAAAAAAA*AAAA**A,.........x.x.x.x..x.x.x.x...................x.x.x.x..x.x.x.x........x.........x.x..x...x.x.x.x........x.........x.x.x....x.x.x.x........x..........x.x.x....x.x.x.x........x..........x.x.x....x.x.x.x......x.x...........x.x.....x.x.x.x......x.x.........x.x......x.x.x.x......x.x.........x..x,2064,Expert,True
puzzle_289,17,A*A**AAAAA*AAAA**AAAAA*A*AAAAA*AAAAAAAAAAAAA*AAAAAAAAA*AAAA*AAA*AAAAAAAAAAA*AAAA*A*AAAAAAAAAAAAAAAAAAAAAAAA***A*AAAAAAA**A**AAAAAAAAAAAA*AA*AAA*A**A*AA*AAA*A**AAA*AAAAAAAAAAAA**AA*A**AAAAAAAAA*AAAAAAAA*AAAAAAAAAA**A*A*A*AAAA*AAAAAAAA*AAAAA*AAAA*AAAA**AAA*AAAA*AAAAAAA**AAA*AAA*A*AAAAAAA**A,x.x.........x.x......x.x.x.x......x.x..........x.x......x.x.x.x......x.x.........x.x......x.x.x.x......x.x..........x.x......x.x.x.x.....x..x.........x.x......x.x.x.x....x.x.x..........x.......x.x.x.x......x.x.........x.xx......x.x.x........x.x.......x.x..x.....x.x.x........x.x.......x..x,2068,Expert,True
puzzle_290,17,*AA*AAAAAAA*A**AAAAAAA*AAA*AAA*A*AA*AAAAA*AAAAAA***AAAA*AA**A**AAAAAAA*AAA*A*AAAAAAAAAAA*AA*AAAAAAAAAAAAAAA*AAA*****AAAAAA***AAAAAAAAA*AAAA*AAAA**AAA*A****AA*AAAA*AAAAA*AA*AAAAA*AAA**AAAAA*A*AA***AAAAAAA*AAA*AAAAAAAA*****AAAA*AAAAA*AAA*AAAA*A*AAAAAAAA*AA*AAAAAAAAAAAAAAAAAAAAAAAAA*AAAAA**A,....x.x.x.x.......x..........x.x.x...x.x..x.x.......x..........x.x.x...x.x.x.x.......x..........x.x.x...x.x.x.x..................x.x.x.xx.x.x.x....................x.x.x.xx.x...x.x............x......x.x.x.x.x....x.x............x.....x.x.x..x.x...x.x............x.....x.x.x..x.x...x.x.......,2073,Expert,True
puzzle_291,17,AAAA*AAAA*AAA**AAAAA*AA**AAAA*AAAAAAA**AAAAA*A**AA*A**AA**AAAAA*AA*AAAAAAAA**AA*AAAA*AAA*AAAAAAAAAAAAA*AAAAAA****A*AA*AAA**A*AAAAAAA*AAAAAA*A*A**A*AAAAA*A*AAAAAAAAAAAAA*AAAA**AA*A*AAA*A*AAAA*AAA*AAAAAAAAAAA*AAA*AA**AA*AAAAAAAA**A*AA*A*A*AAAAA*A*AAAAAAAA*AAAAA*A*A*AA**A*AAAAAAAAAAAA*A*AAA*,.x.x...x.......x......x...x.x.x...x.x....x.......x.....x....x.x.x...x.x...x........x.....x...x.x.x.....x....x.......x.x....x...x.x.x....x.x...x.......x......x...x.x.....x..x...x.....x.x..x.......x.x.....x...x.x......x.x...x.....x.x......x...x.x.....x.x....x.....x.x.....x....x.x.....x.x...,2078,Expert,True
puzzle_292,17,AAAAAAAAAAAAA*A*AAA*A*AA**AAAA**AAA*AAAAAAAA**AAA*AAAAAAAA*AA*AAA**AAAAA*AAAAAAAAAAAAAAAAAAA*AA*AA*AAA**AA*AAAAA*AAAAAA*AAAAAAA*A*A*AAAAA*AA**AAAAAA*AAA*AAAAAAAA*AA*AAAAAAA*AA*AAAAA**AA*AA*A*A*A*AAAAAA*AAA**AAAA***AAAAAA*AAAA*A*AAAAAAAAAAAAAAAAAAAAAAAA*AAAAAAA*AAAAAAAAA*AAAAAAAAAAAAAAAAA*,........x.x.x.x...x.x.x..........x.......x.x..x.x...x.x.x..........x.......x.x.x.x....x.x.x.........x........x.x.x.x....x.x.x.........x........x.x.x.x...x.x.x...........x......x.x.x...x..x.x.........x...x....x.x...x...x..x.x.....x...x........x.x...x....x.x.x.....x....x.......x.x....x...x.,2083,Expert,True
puzzle_293,17,AAAAA*A*AAAA*A*A*AA**AA*AAAAAA*AA*AAAAAAAA*AAAAAA*AAA**AA*AAAAAAAAAAAAAAAA*AAAA*AAAAAA*AAAA*AAA*AAA*AAAAAAA*A*AAA*AAAAAAA**A*A*AAAA***AAAAAA**A*A*AAAAAAAA*AAAAAAAAAAA*A**AAA*A*AAAAA*AAAAA**A*AAAA*AAAA*AAAAAAAAA*AAAAAAA*AA**AAA*AAAA*AAAA*AA*****AAAAAAA*AAAAAAAAAA*AAAAAA***A*AA*A*A*AA*A*A*A,.x.x.....x...x........x.x...x...x..x.x.....x...x........x.x...x...x..x.x.....x...x........x.x...x...x.x.x......x...x.......x.x....x....xx.x.....x.....x......x.x...x.x....x.......x.....x.x..x.x.x.....x....x.......x.x....x...x.x.x.....x............x.x...x.x.x.x.x......x...........x..x...x.x,2088,Expert,True
puzzle_294,17,AA***AAAAAAAAAAAA*AAAAAAA*A*AAAAAAAA*AAAAAAAAA*AAAAAA*AAAAAAAAA*AA*AAAA*AAAA*AAAA*AA*AAA*AAAAAAAAA*AAAAAAA*AAAA***A*AAAAAAA*AA*AAAAAA*****AAAAA**AA*A*AAAAAAAAAAAAAA*AAAAA*AAAA*A*A**AA*AAAAAA*AAAAAAA*A**AAA*AAAAA*A*A*AAAAAA**AAAAAAAAAAAAAAAA*AAA*A*AAAAAAAAAA*AAAAAAA*AAAAAAAAAAAAAAAAAAAAAAA,.x.......x.x.x......x.x.x.......x..x.......x.x.x......x.x.x........xx.........x.x.x....x.x.x.x........x...........x.x.x..x...x.x.x..........x.......x.x.xx.....x.x.x........x.x.........x.x......x.x.x.x....x.x.x..........x........x.x.x.x....x.x.x.........x........x.x.x.x....x.x.x.........x.,2091,Expert,True
puzzle_295,17,AA*AAAAAAAAAAAAAAA**AA*AAAAAAAAAAAAAAAA*AAAA*AAAAAA*AAAAAAAAAAA*AA*AAAAAAAAAA*AA*AA*AAA*A*AA*A*AAAAAAAAAA*AAA*AAA*A*AAAAA*AAAA*A*AAAAA*AAAAAAAAAA**A*AAA*AAAAAAAAAAA**AA*AAAAAA**A*AAAAAAAAAAAAAA*AAAAAAAAAAA**AAAAAAAAAAAA*AAAAA*AAA*AAA*AAAAAAAA*A*AA*AA*A*AAAA**AAAAAA*AA**AA*AAAAA*AA*AA*AAAA,.x..........x.x.x....x.x.x.x......x.x..........x.x......x.x.x.x......x.x..........x.x......x.x.x.x....x.x.x..........x.......x.x.x.x....x.x.x.........x........x.x.x.....x..x.x.......x.x..x......x.x......x...x.x.....x.x....x.....x.x.....x....x.x.....x.x....x.....x.x.....x....x.x.....x.x...,2094,Expert,True
puzzle_296,17,A*AAAAAAA*AAAAAA*AA*AAAAA*A*AAAAA***AAAAA*AAAAAAAAAAA**A**AA*AA*A*AAA*AAA*AAAAA*AA*A*AAA*AAA*AAA*A**AA****AAA**AA*AAAAAAAA*AAAAA*AAAA*AA*AAAAA*AA*AAAAAAA*AAAAAAAAAA*A*AA*AAAAAAA*AAA*AAAAAAA*AAAAAAAAAAA**AAAAAAA*A*AAAAA*AA*A*A*AAAAAA**AAA*AAAA*AA*AA*A*AAA*AAA**AAA*AAA*A*AAAAAAAA*AAAAAAAAAA,..x..x.x.....x...x........x.x...x...x.x.x......x...x.......x.x....x...x.x.x.....x....x.......x.x.....x....x.x.....x.x..x.x.....x.x..........x.......x.x.x.x....x.x.x.........x........x.x.x.x...x.x.x..........x.......x.x.x..x...x.x.x..........x.......x.x.x..x...x.x.x..........x.......x..x.x,2100,Expert,True
puzzle_297,17,AAAAAA**AA*AA*A*AAAAA*AA*AAAAA*AAA*AAA*AAAAAAAAAA*A*AAAA*AAAAA**AAAA*A*AAAA*AAAAAA*AAAAAAAA*AAAA*AAAA*A*AAAAAA*AAAA*AAAAAA*AA****A*AAA*A*AAAA**AAA*AAA*A*A*AAA*A*A*AAAAAAAAA**AAAAAAA**AAAAA*AAA*AAAA*AAAAAA*AAA*AAAAAAAAA*AAAAAA*AAA*A*AAAAAAA*A*AAAAAAAAAA*AAAAAAA*AA*AAAAAAAAAA*AAA*AAAAAAAAA*,...x.x......x...x.x......x.x...x.....x..x.....x...x.x......x.x...x......x.x.....x...xx.x.....x.....x......x.x...x.x....x.x...........x.x....x..x.x.x.....x.x..........x.x.....x.x.x.x......x.x..........x.x......x.x.x.x......x.x.........x.x......x.x.x.x......x.x.........x.x......x.x.x.x.....,2105,Expert,True
puzzle_298,17,*AAAAAAA*AA*AAAAAAAAAAAAAA*AAAA*A*AA*A*AAA*AAA*AAAAAAAAAAAAAA*AAAAA*AAAAAA*AAAAAA*AAAAAAAAA*AA*A*A*AAAAAA*A*AA*AAAAAAA*AAAAAAA*A*AAAAAAAA*A*AAAAA**AAAAAAAAAAAAA*A*AA*AA***AAAAAAA**AAAAAA*A*AAA*A**AAAA*AAAAAA**AAAAAAAAA**AAA*AAA*AA*AAAAAAA*AAAAA*AAAAA*AAAAAA*AAAA*AA*AAAAAAAAAA*AAA*AAA***AA,.........x..x.x.x.x.x.x.x..................x.x.x.x..x.x.x.x...................x.x.x.xx.x.x...x..............x...x..x.x.x.x.x...x..............x....x.x.x.x.x.x...x..............x...x.x.x..x.x.x...........x......x.x.x.x.....x.x..........x.x.....x.x.x.x......x.x.........x.x......x.x.x.x.....,2106,Expert,True
puzzle_299,17,AAAAAAAAAAAAAAAAAAAAAAA*AAAAAAA*AAAAAAAAAA*A*AAA*AAAAAAAAAAAAAAAA**AAAAAA*A*A*AAAAA*AAA**A*AAAAAAA*AAAAAA*AA**A*AAAAAA*AAAAA*AAAAAAAAAAAAAA*A*AA**AAAAA*****AAAAAA*AA*AAAAAAA*A***AAAA*AAAAAAA*AAAAAAAAA*AAA*AA*AAAA*AAAA*AAAA*AA*AAAAAAAAA*AAAAAA*AAAAAAAAA*AAAAAAAA*A*AAAAAAA*AAAAAAAAAAAA***AA,.x.........x.x.x....x.x.x.x........x.........x.x.x....x.x.x.x........x..........x.x.x....x.x.x.x......x.x.........x.x........x.x.x.....xx.x.x.......x..........x.x.x...x..x.x.x...........x........x.x.x.x....x.x.x.........xx........x.x.x......x.x.x.......x..x.......x.x.x......x.x.x.......x.,2114,Expert,True
puzzle_300,17,A*AA*AAAAA*A*A*A*A*AAAAA*AAAAAAA**A*A***A*AAA*A***A*A*AAA*AA*A*A*AAAA*AAAAAAA*AA**A*A*AAAA*AAA*AAAAA*A*AAAAAAAAAAAAAA*AAAAA*AAAAA**AAAAAAAAAAAAAA*AAAAAAAA*AAAAAAAAAAA**AAA**AAAAAAAAAA*AAAAAAA*AAAA*AA**AAAA*AAAAAAAA*AAA*AAAAAAAA*AAA*AAA*A*AAA**A*AAA*A*AAA*AA*AAAAAA**AA*AAAAAA*AAAAAAAAAAAA*,x.x...x.x............x.....x.x.x..x.x...x.........x....x...x.x.x....x.x...........x.x....x.x.x.x.......x..........x.x.x...x.x.x.x.......x..........x.x.x...x.x.x.x..................x.x.x.x.x.x.x.x..................x.x.x.x..x.x.x.x..................x.x.x.x..x.x.x.x..................x.x.x.x.,2118,Expert,True
puzzle_301,17,AAA**A*A*A****AAAA*AAAAAAAAAAAAAAAA*AAAAAA*AAAAA**AAAAAAAA*AAAAAAAAAAAAAAAAAAAAA*A*A*AAAAAAA*AAAAAAAA*AAA*AAAAAA*AA*A*AAAAAAAAAAA*A*AAAAA*AAAAAA**AA**A*AA****A*AAAAAAA*AAA*AAAAAAAA*AAAA**A**AAAAAAAAAA**AAAAAAAAAAA**A**A*AAA*AAAAAAAAAA**AA*AAA**A*AA**AAA*A**AAA*AAA*AAA*AAAAAA*AAAAA**A*AAAA,x.x..x.x..................x.x.x.x.x..x.x.x..................x.x.x.x..x.x.x.x..................x.x.x.x.x.x.x..x..................x.x.x.x.x.x.x.x..................x.x.x...x..x.x.x.......x..........x.x.x...x.x.x.x........x..........x.x.x...x.x.x..x.......x..........x.x.x...x.x..x.x.......x..,2125,Expert,True
puzzle_302,17,*AA*AAAAAAAAA*AAA*AAAAAAAAA**A*AA*AAA**AAAA*AA**AAAAA**AAAAAAAAAAAAAA**A*AAAAA*****AAAAAA*AA*A*AAAAAAAA*AAAAAAAA***AA*AAAAAAAAAAAAAAAAAA*AAAAAAAAAAA*A***AAAA*A*AAAAA*AAAAAA*A*AAAAAA*AAAA*A*AAAAAAAAAA*AAAAAAAAAAAAA*AAAAAA*AA**AAAA*AAA*A*AA*AAAAAAAAA*AAA**AA***AA*AAA*AAAAAAAAAA*AAAAAAAAA***,..x.....x.x.....x....x.x.....x.x..x.x.....x.......x....x.....x.x.x..x.....x.x.......x..x.......x.x.x..x...x.x.x..................x.x.x.x.x.x.x.x..................x.x.x.x..x.x.x.x..................x.x.x.x.x.x.x.x...................x.x.x.x..x.x.x.x..................x.x.x.x..x.x.x.x.........,2125,Expert,True
puzzle_303,17,A*AAA*AAA*AAAAAA*AAAAAA**AA*AAAAAAA*AAAAAAAA*A*A**AAAAA*AAAAA*A*AA*AAA*AA*AAAAAAAAAA*A*AAA*A**AAA*A*****A*AAAAAA*AAAAA*A*A*AAAAA***AAAAA*AA*A*A**AAAAAAA*AAAAAAAAAAAA***AAAA*A*A*AAAAA**A*A*AAAAA*****AAAA*AA***AAAAAAAAAAAAAAAAA*AAA*AAAA*A*A****AA*A*AAAAAAAAAA*A*AA**AAAAAA*AA*AA*AAAAAA*AAAA*,......x.x.x.x....x.x.x..........x........x.x.x.x....x.x.x..........x........x.x.x.x..x.x.x.x..................x..x.x.x.x.x.x.x...................x.x.x.x.x.x.x.x..................x.x...x.x.x.x.x......x...........x..x...x.x.x.x.x......x...........x.x....x.x.x.x.x.....x............x.x...x.x.,2131,Expert,True
puzzle_304,17,A*A*A*A*A**AAA*A***AA**A*A*AAAAAAAA*A*AAA*AAAAAAA*A**A*AA*AA**AAAAAAA**A**AAAAAAAAAA*AAA*AAAAAAAAA*AAAAA***AA*AAAAA***AAA*AAAAAAAAAAAAAA*A***A*AAAAAA*AAA*AAAAA***A***A*A***AAAA*AAAAAAAAAA*A*AAA*AAA***AAAAAAAAAAAA*AAAAA*AAA*AAAAAAAAA*AAAA*AAAAA*A*AAAAAAAA*AAAAAA*AAAA*AAAAA**AAAAAA*AAAA*AAA,x...x......x.x.....x...x.x......x.x...x.....x.x......x.....x.....x.xx.....x...x.x......x.x.........x.x......x.x.x.x.....x.x..........x.x.....x.x.x.x......x.x.........x.x......x.x.x.x......x.x.........x.x......x.x.x.x.....x.x..........x.x.....x.x.x.x.......x..........x.x.x...x.x.x.x.......,2135,Expert,True
puzzle_305,17,AAAAAAAAAAAAAAAA**AAAAAAAA*AAAAAAA*AAAAAAAAAAAA**AAAAAAAA**AAAAAAAAAAA***AAAAAAAAAAA*AAA*AAAAAAAA*AAAAAA**A*AAAAAAAA*A*AAAAAAA*AAAAAAA*AA*AA**AAAAAAAAAA**AAAA*AA*AAAAAAA**AA*A*AAAA*AAAAAAA*AAA**AA*AA*AA*AAAAAAAAAAAAAAAA*AAAAAAAAAAAA*AAA*AAA*AAAAAA*AAAAAAAAAAAAAAAAAAAAAA*AAAAAAAA*AAA*A*AAA,.x.....x.x.....x....x.x.....x.x....x.....x.x......x...x.x.....x.x...x......x.x.....x...x.x......x.x...x.....x..x.....x...x.x......x.x...x.....x.x......x...x.x.....x.x..........x.x.....x.xx.x.x.....x............x.x...x.x...x.x......x.....x.....x.x....x.x...x.x......x.....x.....x..x...x.x..,2144,Expert,True
puzzle_306,17,*A*AAAAAA***AAAAA*A**AA*AAAAAAAAA*AA*AAAAA*A***AA*A**A**A*AAAAAAAAA*AAA*AAAA*A*AA*A*AA*A**A**AAAA*AAAAAAA*A*AA**AAAA*AA*AAAA**AA*AAA*AAAAAA*AAA**AAAA*A*AAAAAA***AAA*AAAAAA***AAAAA*A*AA*AAA**A*A*AAAAAAAA*AAAAAAAAA*A*AA*AAAAA*A*A*AAA*AAAAA*AAAAAA*AA*AAA*AA*AAAAA*AAA*AAAAAAAAAAA**AAAAA*AAAAA,.x.x.x.x..................x.x.x.x..x.x.x.x..................x.x.x.x.x.x..x.x..................x.x.x.x.x.x.x.x..................x.x.x.x....x.x.x.........x........x.x.x.x..x...x.x.........x........x.x.x.x...x.x.x..........x.......x.x.x.x...x.x.x..........x.......x.x.x.x.....x.x..........x.x,2147,Expert,True
puzzle_307,17,AAAAA*A**AAAAAAAAAAA*AAAA**AAAAAAAA*AA*A*AAAAAAAA*AAAAA*AAA*A****AA*AA*AAAAAAA*AAAA*AAAAA*AA*AAAA**AAAAAA**AAA*AAAAA**AAAAAAAAA*A*AA*AAAAA**AA*A**AAAAAAAAA*AAA*AAAA*A**AAAAAA*AAAA*AAA*A*AAAAAAA*AA*A*AAAAAAAAAA*AAA*AAAAA*AAAAAA*AAAAAA**AAA*AA*AAAAAAA*A**A*AAAAAAA*AAA*AA**AA*AAA*AAAAAAAAAA*,......x..x.x..x..x.x.x...........x.......x.x.x.x....x.x.x.........x........x.x.x.x....x.x.x.........x........x.x.x.x....x.x.x..........x.......x..x.x.x...x.x.x..........x........x.x.x.x..x.x.x...........x......x.x...x.x..x.x.x.....x............x.x...x..x.x.x.x.....x............x.x....x.x.,2149,Expert,True
puzzle_308,17,AAAA*AAAAA*AAAAA*A**AAAA**AA**AAAAAAAAAAA*AA*AAAAAAAA**AA*AA*A*AAA*AAAAAAAA*AAAAAA***AAAAAAAA*A*AAAAAA*****AAA*AAAAAAAAAA*A*AAAA**AAAAAAA**A*A*A*A*A****AAAAAAA***AAA*AAAAAAAA*AAAAAAAAAA**AA*AAA*AAA*AAAAAAA**AAAAAAA*AAAA*AAAAAA*AAAAA*AAAAAA**AAAAAA*AAA*AAAAAAAAA**A***AAAAAAA**AA*A**AAA****,..x...x.x....x...x...x.....x....x...x...x.x...x....x...x.........x.x......x.x.x.x.....x.x..........x.x.....x.x.x.x......x.x.........x.x......x.x.x.x......x.x.........x.x......x.x.x.x......x.x.........x.x......x.x.x.x.....x.x...........x.x....x.x...x.x......x.....x.....x.xx...x.....x.x....,2151,Expert,True
puzzle_309,17,AAA*AAAAAAAA*AAAAAA*AAAAAA*AAA*AAAA****AAAAAAAAA*AAAAAAAAA*AAAAAAAAAAAA**A*AAAAA*AAAA*AA*AAAAA**A*AAA*AAAAAAAAAA*A*AAAAAAAAAAA**A*A*AAAAAAAAA*A*AAAAAAAAAAAAAAAAAA*AA***AAAAAAA*AA*AAAAAAA**AAAAA*A*A**A*AAA***AAA*AAAAAAAAAA*A*AAAAA*AAAAAA*A**AAA**AAAAAAAAA**A*A*A*AAA*A***AA*AAAAAA*AA**AAAAA,.x.....x.x.x........x.x........x.xx.......x.x.x......x.x.x........x.x.......x.x..x.....x.x.x........x.x.......x..x.x.....x.x.x.........x........x.x.x.x..x.x.x.x...................x.x.x.x..x.x.x.x...................x.x.x.x.x.x.x.x..................x.x.x.x..x.x.x.x..................x..x.x.x,2159,Expert,True
puzzle_310,17,AAAAA*A*A*A*AA*AAAAAAAAAA*A**AAAAAA**AAAAAAA*AAA*A*AAA*AA**AA*AAA*AA**AAAAAAAAAA*AAAAAAA*AA*AA*AAAAAAAA*A*AAAAAAAAAAA**AA*AA*AA**AAAAAAAAA*A*AAA*A*AAAA*AAAAA*A*AA**AAAAA***AA*AAAAA*AAA*A*A*AAA**A*AAAAAAAA*AAAAAA*AAAAAA*A*AA**A*AA*AAAAAAA**AAAAAAAA*A*AAAAA*AAAAA**AAAAAAA*AAA*AAAAAAAAAAAAAA,......x.x.x.x.....x.x..........x.x.....x.x.x.x.....x.x..........x.x.....x..x.x.x.....x.x..........x.x.....x.x.x.x.......x..........x.x.x...x.x.x.x........x.........x.x.x....x.x.x.x.......x..........x.x.x...x.x.x.x........x.........x.x.x....x.x.x.........x........x.x.x.x...x.x.x..........x,2163,Expert,True
puzzle_311,17,A*A*AAAAAAA**A*AA*AA*A**AAAAA*A*A*AAAA*AAA*AAAAAAAA*A*A*AAA*AAAAAAAAAAAAAAAAAA***AA*AAAAAAAAAAAAAA*AA*AAAAAA*A*AAAAAAAAA**AA**AAAAAA*A*AAA***AAAAAA*AAAAA*AAAA*AAAAAAAAA*AAAAAAAAA*AAAA*AAA***AAA*AA*A*AAAA*AAA*AAA***A*A*A*AAAA*AA*AA*A*AAA*AAAAAAAAAAAA*AA*AAAAAAAAA**AAAAA*A**AAA*AA*AAA*AAAAA,x...x........x.x...x....x.x.x.....x....x.......x.x....x...x.x.x......x...x.......x..x...x...x.x.x......x...x.......x.x....x...x.x.x......x...x........x.x...x....x.x.x.....x....x.......x.x....x...x.x.x......x...x.......x.xx...x.....x.x......x...x.x......x.x...x.....x.x......x...x.x.....x..,2166,Expert,True
puzzle_312,17,A**AAAAAA*AAA*AAAAAAA*A*AAAAAAAA***A*AAA**A*AA*AA*AAAAA**AAA*AAAAAAA**A*AA*AAAAA*AAA*AAAA**AAAAAAAAAAA**AAAA*AAAA*AA*AA*A**A*AAA*AAAAA*AAAA*A*AAAAAAAA**A***A**AAAA*AAAAAAA*A*AAAAAAAA*AAAAA*A**A*AAAAAAAAAAAAAAAAAA*AAA*A*AA**AA*A*AA**AAA*AA*AAA*A*AAAA**AAAA*AA*AAAAAAAAAAAAA*AAA*A*AAAAAAAA*A,.......x..x...x.x.x.x.x......x............x.x...x.xx.x...x.....x........x...x.x...x..x.....x.....x...x..x.x...x.x............x.....x.x.xx.x.x...x..............x....x.x.x.x.x.x....x..............x...x.x.x..x.x.x...x..............x...x.x.x..x.x.x...x..............x...x.x.x..x.x.x...x.......,2171,Expert,True
puzzle_313,17,AA*AAAAAAAAAAAAAAAA*AAA*AA*A*A*AAA*AAAAAAA*AA*AAAA*AAA*AAAAAAA*AA**A*AA*A*AAA**A**AAAAA**A*AAAAAAA***A*AA**AAAA**AAAA*AA***AAA*A*A*AAA*AA*A*A*AAAAAAAA*A*AAAAAAAA*A*A*AAAAA*AAAA*AAAAA*AA*AAAAAAAAAAA*AA*AAAAA*AAA*AAA*AAAA*AAAAAAAAAA*AA*AAAAA**A*A*A*AAAAAA*A*AAAAA**AAAAAA*AAAAAAAAAAAAAAAA*AA,.x.x.x........x..........x.x.x...x..x.x.x.......x..x.........x.x...x..x...x.x.....x..x...x.....x.....x..x...x.x...x....x...x.........x.x......x.x.x.x....x.x.x..........x........x.x.x.x....x.x.x.........x........x.x.x.x....x.x.x.........x........x.x.x.x....x.x.x.........x........x.x.x.x...,2175,Expert,True
puzzle_314,17,AA*AAAAA*AAAAAAAA**AAA*A***AAAAAAA*AAAAAA*A*A*A*A**A*AAA****AAAAAAAAA*AAA**AAA*AAA**A*AAA**A*AAA*AAAAA**AAAAA*A*A*AA*A*AA***AA*AAAAAAAAA**A*A*AAAAA*A***AAAA*A**AAA*AAAAAA*AAAAAAAAAAA*AA*A*A***AA**AAAAAAAAA*AA*AAAAA*A*A*AA*AA**A**AAAA*A*AAAA*AAA*AAAAAAA*A*AAA*A*AA*AAA*AAAAA*A*AAA**A*AA*AAA,.x...x.x....x.......x......x...x.x.x....x.x...x........x.....x...x.xx.x.....x...x..........x...x...x.x..x.x...x...x....x.........x...x.x..x.x.x.x........x..........x.x.x....x.x.x.x........x.........x.x.x....x.x.x.x........x.........x.x.x....x.x.x.x.......x..........x.x.x...x.x.x..x.......,2178,Expert,True
puzzle_315,17,AA*AAAAAAAAAAAA***AAA*AAA*AAAAAAA**AAAA*AAAAAA*AAAAA*AA*AAAAAAAAAA*AA***AA*A*AAA**AAAAA*A*A*AAAAAAAAAAAAAAAAAA*AAAAA*A*AAAA*A***A*AAAAA*AAAA*AAAAAAAA*AAAAAAAAAAA*A*A*AA*A*A*AAA*AAA*AAAAAAAAAAA***AA*AAAA*A**AAAAA*A*AAAAAA*AAA*AAAA**AAA*AA*AAAAAAA*AAAAAAAAAAA*AAAAAA*AAAAAA**AAAAAAA**AAAAAAA,x...x...x.x........x...x.....x.x......x...x.x.....xx.x.........x.x.......x.x.x......x.x.x.......x.x........x.x.x.....x..x.x.......x.x........x.x.x.....x..x.x.......x.x........x.x.x.....x.x.x........x.x.......x.x.x......x.x.x.......x.x........x.x.......x.x.x......x.x.x.......x..x.......x.x,2185,Expert,True
puzzle_316,17,**AAAAA*AA*A*A*AAAAA*A*AAAAAAAAAAA*AAAAAA*AAAAAAAAAAAAA**AA*AAAAAAAA*AAAAAAAA*AA**AAAAA*AAAAA*****AA*AA*AA*AA*AAAAA*A*AAA*AAAAA*AA**AA*AAA*A*A*A*AAAAAA*AAAAAAAAA*A*AAAAAA*AAAAA*AAAAAAAAAA*AAA*A*AAAAAAAAAAAAAA*AAAAA*A*AAAAAAAAAAAA*****AAAAAAA*A**AAAAAAAA*AA*AAAAAAAAAAAAAAAAA*AAAA*AAAAA*AA*,..x.x...x......x.x.....x...x.x......x.x...x.....x..x.....x.....x...x..x.....x.x...x..x...x.x.........x........x.x.x.x...x.x.x..........x.......x.x.x.x....x.x.x.........x........x.x.x.x....x.x.x.........x........x.x.x.x....x.x.x.........x........x.x.x.x...x.x.x...........x......x...x.x.x..,2190,Expert,True
puzzle_317,17,*AAAAAAAA**AAAAAAAA*AAA*AAAAAAAAA*AA*AAAAA*AAA*AA**AAAAAAA*AA*AA*AAAAAAAAAAAA*AA*AAA*AA*AAAA**AAAAAAAAAAAAAAAA**A*AAAAAAAAA****A*AAAAA*AAA***AAAAAAA**AAAAAAAAA*AAAAAAAAAAA*AAA*AAAAAA*AAA**AAAAA**AAAAAA*A*AAA*AAAAA*A*AAAAAAAAAA*AA*AAAA*AAAAA**AAAAAA*A*AAAAAAAAAAAA**AAAA*A*AAAA*A*AAAAAAAAA*,.x...x.x.....x......x.....x.x...x..x...x.x.....x......x.....x.x...x..x...x.x.....x......x.....x.x....x.x...x.x......x.....x......x.x...xx.....x.x.....x....x.x.....x.x....x.....x.x......x...x.x.....x.x..........x.x.....x.x..x.x.....x.x....x.......x.....x.x..x.x.x....x.....x........x...x.x.,2192,Expert,True
puzzle_318,17,A*A*A*AAA*A*AAAAAAAAAAAAAAAAAAAA***AA*AA*AAAAAAAAAAAA*AAA*AAAA*AA*A*AA*AA*AAAAAAAA*AA*AAAAAAA**A**AA*AAAAA**AAAAAAAAAA*AAAA*AAA*A**AAA*AAAAAAAAAAAAA*A*AAA*AAAAAAAA*AAAA*AAAAAA**AA***AAA*AAAAAA*AAAAAA**AAA*A*A*AA*AA**AA*AA*AAAAAA*AAAA*AAAAAAA**AAAAAAAAA*A*A*AAAA**AAAAAAA*AAA*AA*AAAA*AAA*A*,..........x.x.x.x.x.x.x.x..................x.x.x.x..x.x.x.x..................x.x.x.x..x.x.x.x..................x.x.x.x..x.x.x.x..................x.x.x.x.x.x.x.x..................x...x.x.xx.x.x.....x............x.x...x...x..x.x.....x...x..x.....x.x...x......x.......x...x.xx...x.x.x........,2197,Expert,True
puzzle_319,17,AAAAAA*AA*AAAAAAAAAAAAAAAAAAA*AAAAAAAAAAA*AA*AAAAAAAAAAAA*AAAAAAAAAAAAAAAA*AAAAA*AAA*AA**AA*AAAAAAAAAAA*AAAAAAAA*AA**AAAA*AAA**AAAAAAAAAAAAAAAAA*AAAAA**A*AA*AAAA*AA*AAAAAAAAAAAAAAAA**AA*A**A**AA*AAAAAAAAAAAAAAAAAAAA****AAAA*AAAA*AA*AAAA*AAA*A*A**AAAAAAA**AAAA*AAAA***AA*AAAAAAA*AAAAAAAAAA*,.x.x.x.x..................x.x.x.x.x.x.x.x...................x.x.x.x..x.x.x.x..................x.x.x.x.x.x..x.x..................x.x.x.x..x.x.x.x...................x.x.x.xx.x.x...x..............x.....x.x.x..x.x...x.x......x.....x.....x...x...x....x.x...x...x....x.....x...x....x...x.x...x..,2203,Expert,True
puzzle_320,17,*AAAAA*A*A*A*AAAAAAAAAAAAAA*A*AAA*A*AAAAAAAA*A*AA*AA*A*AAAAAA*AA****AAAAAAAAAA*AAA*A*AAA*AAAA**A*AAAAA*****AA*AAAAA*AAAAAA*AAA***A*AAAAA**AA*AAAA*AAAAAAAAAAAAAA**AA*AA*AAAAAA*A*AAAAAA*AAAAA*AAAA*AA**AAAAAA**AA*AAAA*AAA*AA*AAAAA****AA*AAAAAAAAAAAA*AAAAA*AA*AAAAAAAAAAAAAA*AAAAA*A*AAAAAAAAA*,.x.......x...x.x....x.x.x...x.....x........x....x.x..x.x.x....x.....x.......x....x.x...x.x.x...x..............x...x.x.xx.x.x.x..................x.x.x..x.x.x.x.x..................x.x.x.x...x.x.x..........x.......x.x.x.x....x.x.x.........x........x.x.x.x....x.x.x..........x.......x..x.x.x..,2204,Expert,True
puzzle_321,17,*AA*AA*A*AAAAAAAAAAAAAAAAAAAA*AAAAAAAAAAAA*AAAAAAAAAAAAAAAAAAAA**AAAAAAAAAAA**AAAAAAA*AAAAAAA*AAAAAAA*AAAAAAAA***AAAAAAAAAAAA*AAAAAAAAAA*A*AA**A*AAAAAA*A*AA**A*A*AAA*A*AAAAAAA*AAAAAAA*AAAAAAAAAAAAAAA**AA**AA*A*AAA*AAA*AAAA*A*AAAAAAA*AA**A***AA**AAA*AAAAAA*AAA*AA*AAAA*A*AAA*AAAAAAAA*AA**AA,..x.......x..x.x.x...x.x.x..........x........x.x.x.x....x.x.x..........x.......x.x.x..x...x.x.x..........x.......x.x.x..x...x.x.x..........x.......x..x.x.x...x.x.x..........x........x.x.x.x....x.x.x..........x.......x.x.xx.x...x...x..........x...x...x.x....x...x...x.....xx...x...x...x....,2214,Expert,True
puzzle_322,17,AAAAA*AAAAA*A***AAAAAAAAAA**AA*A*AAAA**AAAAAA*AA***AAAAAA*A*A****AAA*AAAA*A*A*A*A**A*AAAAA*A***AA*A*AAAAA**AAAAA*AAAAAAAA*AAAAAA**A**AAAAA*AA*AAAAAAAA*AA*AAAAA**A*AAA*AAAAA*AAAAAAAA*A*A***AAAAAAAA***AA**AAAAAAA*A*AAAAAAAAA*A*A*A*AAA*A**A*AAAAA*A**AAAAA*A*AA*AAA*A*AAA**A**AA*AAAAA*AAA*AAAA,....x.x.x.x......x.x...........x.x.....x.x.x..x.....x.x..........x.x......x.x.x.x....x.x.x..........x........x.x.x.x....x.x.x.........x........x.x.x.x....x.x.x..........x........x.x.x.x....x.x.x.........xx.........x.x.x....x.x.x.x........x..........x.x.x....x.x.x.x........x.........x.x.x.,2217,Expert,True
puzzle_323,17,**AAAAAAAAAAA*AAAAAAAAAAAAA*AAAA*AA****AAAAAAAAAAA*A*AAA*AA*AAAA*AAAAAA**A*A*AAA*AAAA*AAA*AAA**A*AA**AAAAAA*AAA*A*AAAAA*AAAAAA*AAA*A*AAAAAA**A**AA*A**AAAAAAAAAAAAAAA*AA*AA*AAA*A***A*AAAAAAAAAAA*AAAAA*AA*AAAAAAA**AAAAAAAAAAAAAAAAAAA****AAAAAA*AAAA*AAA*AA*AAAAAAA*A*AA**AA*AAA*A*AA*AAAAAAAA*,........x.x.x..x.x.x.x.x..................x.x..x.x.x.x.x.x...................x.x.x.x..x.x.x.x...................x.x.x.x..x.x.x.x........x..........x..x.x..x.x.x.x........x.........x.x.x.....x.x.x........x.x.......x.x.x......x.x.x.......x..x.......x.x.x......x.x.x........x.x.......x..x.x..,2219,Expert,True
puzzle_324,17,AA**A*AAAAAAA*AA*A*A*AAA*AAA*AAAAA***AAAAAA*AAAAA*AAAAAA**A**AA*AAAAAAAAAAAA*A*AAA*AAAAAAAAAAAA*AA*AAAAAA*****AAA*AAAAAA*AAAAAAAAA***AAA**A*AAA**AAAA*AAAA*AAAAA*AAAA*AA**AAAA**AAA*AAAAA*A*AAAAAAA***AA*A*A***A*AAAAAAAA*AAAAA*AAA*AAAAA*AAAA*AA*AAAAAAAA*A*AAAAAAAAAAAAAAAAAAAAA*AAAAA*AAAAAAAA,......x.x.x.x....x.x.x..........x.......x.x..x.x...x.x.x..........x........x.x.x.x....x.x.x..........x........x.x.x.x..x.x.x.x....................x.x.x.xx.x.x.x..................x.x...x.x.x.x.x......x...........x.x....x.x.x.x.x.....x............x.x...x.x..x.x.x.....x............x.x...x.x.,2223,Expert,True
puzzle_325,17,**AAA*A**A*AAA*AAAAAAA*AAAA*AAAAAA**AAAAAA*A*AAAAAAAAAA***AAAAAAAAA*AA*AAAAAAAAAAA*AA*AAA*AAAAA*A*AA*AAAAAAA*AA**A***AAAAA**A*AAAAAAAA*A*A*A*A*AAAAAAAAAAAAA*AA*AAAAAAAAAAA*A*AAAAAAAAAAAAA***AA*AA*AAAA*AA*AAA*AAA*AAA*AA**A*AAAA*AAAAAA*AA*AAAA**AA*AAAAA*AA*AAAA****AAAAAAAAAAAAAAAAAA*AAAAAA*,..x.x.x........x.x........x.x.x.....x.x..x.......x.x........x.x.x......x.x.x.......x..x.......x.x.x......x.x.x.......x..x.......x.x.x......x.x.x........xx.........x.x.x....x...x.x.......x....x.....x.x.x..x.x...x.x............x.....x...x.x.x....x.x...x.......x......x...x.x.x...x..x...x....,2228,Expert,True
puzzle_326,17,AAAA*A*A*A*AA*AAAAAAAAA*AAAAAAAAAA*AA**A*AAA*AAA*AAAAAA*AAAAAA*AAAAA**A**A*AAAAAAA*AAAAAAAA*A*A*AAAAAA**AAAAAAAAAAAA*AAA**AAA*AA*AAAAAAAAAAAAA*A*AAAA*A*AAAA*AAAAAAAAAAAAAA*AAA*AAAAAAA*AAAAAA*AAA*AA*A*AAAAAAAAAAAAAAAAAAAA*A*AA*A*AAAA*AAA*AAAAAAA*AA**AA*AAA*AAAAA*AAAAAAAAAA*AAAAAAAAAA*A*AAA,.....x.x.x.x......x.x.........x.x......x.x.x.x......x.x.........x.x......x.x.x.x.....x.x..........x.x.....x.x.x.x......x...........x.x.x..x.x..x..x......x...........x.x.x..x.x.x..x.......x..........x.x.x...x.x.x.x..................x.x.x.x.x.x.x..x..................x.x.x.x.x.x..x.x........,2233,Expert,True
puzzle_327,17,A*AAAA*AAAAAAAA*AA*AAAAAAAAAAAAAAA*AA*AAAAAA*AAAA**AAAAAA*AAAA*AAA*AA*AAAAAAA***AAAA*AAA*AAAAAAAAA*AAAAAAAAAAAAA*A*AAAAAAAAAAA*AAAAAAAAAAAAAA**A**A**AA*AA*A*AAAAAAAAAAAAAAAAAA*AAAAAA*AA*AAAAAAAAA*AAAAAAAAA*A*AAAA*AAAA*AAA*AAAAAAAAAAAAAAA*AAAAAAAAA**A*A**AAAAAA*AAAAAAAAAA*AAAAAAAAA**AA**AA,x..x.x..x..................x.x.x.x.x..x.x.x..................x.x.x.x..x.x.x.x..................x.x.x.x.x.x..x.x..................x.x.x.xx.x.x..x..................x.x.x.x.x.x.x.x...................x.x.x.x.x.x..x.x..................x.x.x.x..x.x.x.x..................x.x.x.x..x.x.x.x.........,2237,Expert,True
puzzle_328,17,AAAAAA*A*AAAAAA*AAAA**AAA*AAAAAAAAA***AAAAAAAAA**A*AAAAA*AAAAA**AAA*AAAAAAAAA**AAAAA*AAAAAA*AAAAAAAAAAAA*AAA*AAAAAAAAAAAAAA*A*A**AAAAAAAAA*AAAAA*AAA*AA*AAAAA*A*AAA*AAAAAAA*AAAA*AAA*AAAA*AAAAA**A**A*AAAAAAAAAAAAAAAAAAA**AAAAAAA**A*A***AAAA*AAAA*AAA*AAAAAAAAAAAAAAAA*AAA*AAAAAA*AAAAA*AA*AAAA,....x..x..x.x....x.x...........x.x....x.x..x.x.....x.x..........x.x.....x.x.x..x.....x.x..........x.x......x.x.x.x......x.x.........x.x......x.x.x.x......x.x..........x.x.....x.x.x..x.....x.x..........x.x.....x..x.x.x.....x.x..........x.x......x.x.x.x....x.x.x..........x.......x.x.x..x...,2241,Expert,True
puzzle_329,17,AA*AAAAA*AAAAAAAA*A*AAA*AAA*AA*A**AAAAAAAAAAAA*AAAA*AA*AAAAAAAA***AAAAA*A*AAAAAAAA*AA*AAAAAAAAA***AAAAAAAA**AAA*A*A*A*A*AAAA*AA*AA***AAAAAA*A**AAAAAAAAAAAAA*A*AA*A**AAAA*AAAAAA*AAAA*AA**AAAAA*AA*A**A**AAAAAAAAAAAAAA*AAA*A*AAAAAAAAAAAA*AAAAAAAAAAA*AAAA**AAA*AAAAA**A*AAA*AA*AAA*A*AAAAA*AAAA,.x.........x.x.x....x.x.x.x.......x..........x.x.x...x.x.x.x........x.........x..x.x...x.x.x.x........x.........x.x...x..x.x.x.......x..........x.x.x...x..x.x.x.......x..x.......x.x.x.......x.x........x.x.x.....x.x..x.......x.x........x.x.x.....x.x.x........x.x.......x.x..x.....x.x.x.....,2243,Expert,True
puzzle_330,17,AAA*AAAAAAA*A*AA**AAA*A*AAA*A*A**A*A*A*AAA*A*AAA*AAAA*AA*AAAAAA*A*A*A**AAAA*AA*A**AAAAAAAAAAAA*AAAAAAAAAA*AAAAAAAA**AAAA*AA*A*AAAAA*AAAAAAAA*AAAAA*A*A*AAAAAAAAAA*A*A*AAAA*A*AAAAAAA*AAAAA*AAA*****A*AAAAA*AAAAAAAA*AAA**AAAAA*AA**A*AAA*AAAA*A*AAA*AAAAA**AAAA*AAAA*A*A*AAAAAAA*A**AAA*AAA**A**A,x.x.x..........x........x.x.x.x....x.x.x.........x........x.x.x.x...x..x.x..........x........x.x.x.x..x.x.x.x...................x.x.x.x..x.x.x.x..................x.x.x.x..x.x.x.x...................x.x.x.x..x.x.x.x........x.........x.x.x....x...x.x.......x....x.....x.x.x...x....x.x.......x,2249,Expert,True
puzzle_331,17,A*AAA*AAAAAAA*AAAAA*AAAAA**AAAAAA*AAAAAA**AA*AAAAAAAAAAA*AAAA*AAAAAAA*AAAAAA*AAA**A*AAAA**AAAAAA*A*AAAAA*A*AAA*AAAAA*AAAAA**A*AA*AA*AAAAA*AA*AAA*AAAAA**A*A*AA*AAAAAAA*A*A*AA*A*AAA*AAAAAAAA*AA*AA*A*AAAA*AAAAAAA*AAA*AAAAA**AAAAA*A**A**AA*A*AAAAAAAAA*AA*AAAAAAAAAAAAAAAAA**AA*AAA*A*AA*A*A*A**,..x.x...x.x......x.....x......x.x...x.x....x.x.....x......x.....x.x....x.x...x.x......x.....x......x.x...x.x....x.x.....x......x.....x.x...x..x...x.x.....x......x.....x.x....x.x...x.x....x.x.....x......x.....x.x....x.x...x.x......x.....x......x.x...x.x....x.x.....x......x.....x.x....x.x..,2255,Expert,True
puzzle_332,17,AAA*AAAAA*A*A**AA*AA***A*AA**AAAAAAAA*AAAAAAAAA*A*AAAAAAA*A**A*A*AAA*AAA*AAAAAAA*AAAA*AAAA*AA*AAA*AAAAAAAAAA*AAAAA*A*AAAA*AAAA*AAAAAAAAAAAA*AAAA*AAAA**AA*AA*AAAAAAAAA*AAAAAAAAA**A*AAAA*AAAA*A*AA*AA**AAAA*AAAAA**A*AAAA*A*AAAAA*A*AAA*A*AAA**AAAAAAAAAAAA**AAA*AAA*AAAAA*AAAAAAA*AAAAAAA*AAAAAA,x.....x.x.x........x.........x.x.x....x.x.x.x.......x..........x.x.x...x.x.x.x........x.........x.x.x....x.x.x.x.......x...........x.x.x..x.x.x...x..............x...x.x.xx.x.x.....x............x.x....x.x.x.x.x......x............x.x...x.x..x.x.x.....x............x.x...x.x..x.x.x.....x.....,2259,Expert,True
puzzle_333,17,AAAA*A*AAAAAAAAA*AAAAAAAA**AAAA*A*AA**AAAAAA*A*AAAAA*AAA*AA*AAAA*AAAAAA*AAAAA*A*AAAAA*AAAAA**AAAAAA*A*A*AAA*AAAAAA**AA*AAAAAA*AAAAAAAAAAAA***AAAAAAA**AAAAAAA****A*AAAAA*AAAAAAAAA**A*AAAAAAA*AAAA**AAAAAAAAAAAAAAAAA*AA*AAA*AAAAAAA*AA*AA*AAAAA*AAAAA*AAA*AA**AA*AAA*AAAAAAAAA**AAAAAAAA**AAAAAA,x........x...x.x...x.x.x....x.....x.......x.....x.x..x.x.....x.x..........x.x.....x.x..x.x.....x.x....x.....x.x......x...x.x.....x.x....x.....x.x.....x.....x......x.x...x.x...x.x......x.....x.....x.x....x.x...x.x.....x......x.....x.x...x..x...x.x.....x......x.....x.x...x..x...x.x.....x...,2262,Expert,True
puzzle_334,17,AAAA*AAA*AAA*A*A*AAAAAAAAAA*AAA*AAA*A*AAAA*AAAAAAAAA**AA*AAAAA***AAAAAAAA*AA**AAAAAAAAA*AAAAAAAAAA**AAAAAAAAAAAA*AA**AAAAA*AA*AAA*AAAAA*A***AAAAAAAAAAA*AAAAAAAAA*AAAAAAAA*AAAAAAAAAAAAAAAAAA*AAAAAAAAAAAAAAAA*AAAAAAAAAAAAAAAAAA***AA**AAAAA*AAAAAAAAAAAAAAAA*AA*AAAAA*AAAAAAAAAAAAAAAA*AAAA*AAA,.x.x.........x.x......x.x.x.x.....x.x..........x.x.....x.x.x.x........x.........x.x.xx...x...x.x........x...x.....x...xx...x...x.....x........x...x.x...xx.x.x.........x........x.x.x.x.....x.x..........x.x.....x.x.x.x......x.x.........x.x......x.x.x.x......x.x.........x.x......x.x.x.x.....,2268,Expert,True
puzzle_335,17,**AAAA***AAAAAAAAAAAA*AAAA*AAAAAAAA*AAAAA*AAAAAAAAAA*AAAAA**AAAAA**A*A*AAAAAA*AAAAAAAAAAA*AA**A**A*A*A*AAAAAAAA*A*A*AA*AA*AAAAA**AAAAA*AAAAA*A*A*A*A*A*A*AAA*AAAA*AAA*A*AAAA*AAAA*A*A*AAA***AAA*AAAAAAAA*AAAA*AAAAAAAAAAAA**AAAAA*A*AA**A*AAA*AAAA*A*A*A*AAA**AAAA*AA*A**AAAA*AAAA*AAAAAAAA**AAAA,....x......x.x.x.x.x...x.x............x.....x.x.x..x.x...x.........x....x...x.x.x....x.x...........x.x......x.x.x.x.....x.x..........x.x.....x.x.x.x.....x.x..........x.x.....x.x.x.x.......x..........x.x.x...x.x.x.x........x.........x.x.x....x.x.x.x........x.........x.x.x....x.x.x.x.......,2272,Expert,True
puzzle_336,17,AA*A*AAAAAAA*AAAAAA*A***A*AAAAA*AAAAAA*AAA*AA*AA***A*AA*AA*A**AAAAAA**AAAAAAAA*AAAAAAAAAAA*AAA*AAAAAA**AAAAAAAAAAAAAAAAAAAAAA*AA*A*AA*AAA**AAAA*AAA**AAAAAAA**AA*AAAAAAA*AAAAAAAAA**AAAAAAAAAAA*A*AAAA*AAA*A**AA*A*A*AAAAAAAA*A*AAA*AAA*A*AAAA*AAAAAAA*AAA*AAA*AAA*AAAAAA*AAA**AAAAAAAAAAAAAAAAAA,.....x.x.x...x....x.x.......x...x......x.x.x...x...x.x........x....x....x.x.x.....x..x.x.......x.x........x.x.x......x.x.x.......x.x........x.x.......x.x.x......x.x.x.......x..x.......x.x.x......x.x.x.......x.x........x.x.x.....x.x.x........x.x.......x.x.x......x.x.x.......x.x........x.x.,2277,Expert,True
puzzle_337,17,AAAA*AAA*AAAA*AAAAAAAAA*A*AAAAAAAAAAA*AAAAA*AAAAAAAAAAAAA**AAAAAAA**AAAAAAAAAAA*A*A*AAAAAAAA*A*AAAAAAAAAAAAAA*AA*AAAAAAAAA*AA*A**AAAAAA*A*A*AAA*AA***AAA*AAAAAAAAAAAAAAA*AA*AAAAAAAAA**AAAAA**AAA*AAA*AAAAAAAAAAAA*AAA**A*AAAA*AA**AAAAAAA*AAAA*AAA**AAAAA*A*AAAA*A*AA***AAAAAAAAAAAA*A**A*A****A,.x...x.x.......x....x.....x.x.x....x...x.x.......x....x.....x.x.x....x...x.x........x...x......x.x.x...x....x.x.......x....x.....x.x.x..x.x...x.x..................x.x.x.x..x.x.x.x........x..........x.x.x....x.x.x.x.......x...........x.x.x..x.x...x.x......x.....x......x.x...x.x....x.x.....,2282,Expert,True
puzzle_338,17,**AAA**AAAAA*A**AAAAAAAAA**AA*A*AAA*AAA*AAAAAAAAAAAAAA****A*AAAA*AAAAA*AAA*A*AAA*A*AAAAAA*AAAAA*AAAAAAAA*AAAAAAAAAA*AA*A*AA*AAAA**A*AAA*A*A*A*AAAA**AA*AAAAAAA*AAA*A*A*AAA*AAAA*A*A**AA*A*AAAA*AA*AA*AAAAAAA*AAAAAAA**AAAAAAAAA*A*AAA*AAA*AAAAAA*AAAAA*AA*AA**AAAA*AA*AAAAAAAAAAAAAAA*AAAAAAAAAA*,..x.x....x.x.....x.....x......x.x...x.x...x.x......x...........x.x.x...x.x.x.x........x.........x.x.x....x.x.x.x.......x..........x.x.x...x.x.x.x..................x.x.x.x.x..x.x.x..................x.x.x.x.x.x.x.x..................x.x.x.x..x.x.x.x...................x.x.x.xx.x...x.x........,2282,Expert,True
puzzle_339,17,AAAA*AAAAA*A*AAA*AAA*AAAAAAAA**AAAA**AAA*AAA*AAAAAAAAAAAAAA*AAAAAAAA*AAA**AAAA*AAA*A*AAAAA*AAAAAAA**AA*AA*AAAAAAAAAAAA*A*AAAAAAAAA**AAA*AAAAAA*AAAAAAAAAA*A**AAAA**AAAA*AAAAA**AA*AAAAA*AA*AAAAAAAA**A**AAAAAAAA*A*AAAAAAAAA**A*AAA*A*A**AAAAAAA*A*AAA*AAAAAA***A*AAA*AA*A*A*A*AAAA*AAAAAA*AAA*AA,...x.....x...x.x..x...x.x...x........x.....x...x.x.x....x.x...x.......x......x...x.x.x...x.x....x.......x.....x....x.x.x...x.x...x........x.....x...x.x......x.x...x.....xx.x.....x...x........x.x.......x.x.x......x.x.x.......x.x........x.x.x.....x..x.x.......x.x........x.x.x.....x.x.x.....,2290,Expert,True
puzzle_340,17,AA*AAAAA*A**AAAAAAAAAAA*A*AAA*AAAAAAAAAAAAAA*AAAAAAAAAAAAA***AA*AA*AA*A**AAAAAA**AAA**AAAAA**A*AA*AAAAAAAA*AA*AA**A**AAAAAAA*AAAAAAAAA*AAAA*A*A*AAAAA*AAA*AAA*AA*A*AAAA**AAAA*AAA*A*AAAAAAAAAA*AAAAA*AAA*AAAAAAAAA*AA*A***AAAAA*AAAAA*AA*AAAAA*AAA*A*AAA*A*AAAAAAAA*A**AAAAAA*AAAAAAA*AA*AAA*AAAA,.x.....x.x.....x....x.x.....x.x....x.....x.x.....x....x.x.....x.x...x......x.x.....x...x.x......x.x...x.....x.x......x...x.x.....x.x....x.....x.x.....x....x.......x.x...x....x.x.x.....x...x........x.x...x...x.x..x.....x...x........x.x...x...x.x.x......x..x........x.x....x..x.x.x......x...,2294,Expert,True
puzzle_341,17,AAA*AAAAAAAA***AAAAAA*A*AAA*AAAAAAAAAA*A**AAAAAA*A*AAAAAAAA*AAA**A*AAAAAAAAAAAAAAAA*AA*AAAAAA*AAAAAAAAAAA*A*A*A**AAAA*AAAAAAAA*A*A***AAA**A*AAA*AAAA*AAA*AAA*A*AAAA*A*AAAAAAA*A*AAAAAAAAAA*AAAAAAAA*A*AA**A*A*AAA**AAAAAAAAAAAAA*AAAAAA*AAA*AAA**AA**AAAAAAAAAA*A*AAAAAA*A*AA*AAA*AAAAA*A*A*A*AAA,.x.....x.x.x........x.x........x.x.x......x.x.x........x.x.......x.x..x.....x.x.x....x...x.x........x...x.....x..x.x...x...x.x........x...x.....x.x..x...x...x.x........x...x......x.x.x...x....x.x.......x....x.....x.x.x....x...x.x........x...x.....x..x.x...x...x.x........x...x......x.x.x..,2298,Expert,True
puzzle_342,17,AAA*AAA*A*AAA*AAA*AAAAAAAAAA*AA**AA**AAAAA*AA*AAAA*AAAAA*A*AA*AA*AAAAA*AAAA*A*AAA*AAAA*A*A*A*AA**AAAAAAAA*A*AAA***AAAAA*AA*AAAA*AA*AAAAAA*A*AAAAAAAAAAAAAAA*AAAA*AAAA*AAAA*A**A*AAAAAA*AAAAAAAAAAAAAA*AAAA*AAAA*AAAAAAAAAAA*AAAAAAA*A**AAAAAAAAAA**AAA*AAAAAAAA*AAAAAA*AA*AAAAAAA*AAAAAAAAAAAAAAA,x.........x.x..x...x.x.x.x........x.........x..x.x...x.x.x.x........x.........x.x.x....x.x.x.........xx.......x...x.x....x.x.x.........x........x.x.x.x...x.x.x..........x.......x.x.x..x...x.x.x..........x.......x.x.x.x....x.x.x.........x........x.x.x.x....x.x.x.........x........x.x.x.x...,2303,Expert,True
puzzle_343,17,AAA***AAAA*AAAAA*A*AAA*AAAAA*AA*AAA*AAAAAA*AAAA*AAAAA*AAAAAA*AA**A*A*AAAA*AAAAA*AAAAAA*AAAAAAAA***AAAA*A*AAA*AAAAAAA**AAAAA*A*AA***AAAAAAAAAAA*AAA*A*A*AAAAA*AAAA*A*A*AAAAA*AA**A*AAAA**A*A*AAAAAAAAAAAAAAAAAAAA**AAA*AA**AAAAAAA*AAAA*AAAAA*AA*A**A*A*AA*AAAAAAAAAAA*AAA*A*A**AAAA*AA*AAA*AAAAAA,x.x........x.x.......x.x.x......x.x.x.......x.x........x.x.......x.x.x......x.x.x.......x.x........x.x.x.....x.x.x........x.x.......x.x.x......x.x.x.......x.x........x.x.x.....x.x.x........x.x.......x.x........x.x.x.....x.x.x........x.x.......x.x.x......x.x.x.......x.x........x.x.x.....x.,2308,Expert,True
puzzle_344,17,AAA*A*AAAAAAAA*A**AA*AAAAAAAAA*AA*AAAAA*AAAAAAAA*AA*A*AA*AAAAAAAAA**AA**AAAAA*AA*A*AAAA**A*AAAAAAAAAAA*A*AAAAAAAAAA*AAAAAAAAAAAAAAAAAAAAAA*AAAAAAAAAAAA*A**AA***AAAAAAAAAAA*A*A*AA**AA*A*AAAAA**AAAAAAA*A*A*A*AAAAAAAA*AAA*AAAAAAAA*AAAAAAAA*AAAA*AAAAAAA**AAAAA*A*AAAA*AAAAAAAAAAAA*A*AAAAAAAAAA,x.x.x.x..................x.x.x.x....x.x.x.........x........x.x.x.x...x..x.x.........x........x.x.x.x...x.x..x.........x........x.x.x.x...x.x.x..........x.......x.x.x.x...x.x.x..........x........x.x.x.x...x..x.x.........x........x.x.x.x...x.x..x.........x........x.x.x.x....x.x.x.........x.,2311,Expert,True
puzzle_345,17,AA*AAA*A***AA*AAAAA*A*AAAAA*AAAA**AAAA*A*AA*AAAAAA*AAAA**AAAAAAAA*AAAAAAAAAA*AAAA*AAAAA**AA*AAAAA*AAAAAAAAA*A*AA*AAA*A*AA**AAAAA*AAAAAAAA*A*A**AA*A*AAAAA*AA**AAAA*AAAAAAAAAA*AAA*AA*AAAAAA*AAAAAAA*A*AAAA**AAAAAA*AAAAAAAAAA*AAAAAAAAA**AAAAA***AA*A*AAA*AAAAA*AAAAAAA**AAAAAAA*AAAAA*AAAAAAAA*A,.x.x.x.........x........x.x.x.x....x.x.x.........x........x.x.x.x....x.x.x.........x........x.x.x.x...x.x.x..........x.......x.x.x.x....x...x.........x.x..x...x...x.x....x.......x.....x.x..x.x.x.....x....x.......x.x...x....x.x.x.........x........x.x.x.x...x.x.x..........x.......x.x.x.x...,2317,Expert,True
puzzle_346,17,AAAA**AAAAAA*AAAAAAA**AAAAAAAAAAAAAA*AAAAA***AAAAAAAAAAAAAAAAAAAAA*A*AA*AAA*AAA*A*AAAAAAA*AAAA*AAAAA*AAAAAAAAA**AAAAA**AAA*A*A*AAAAAAAAAAAAAA*AAAAAA**AA*A*AA*AA**AAAAA*AAAAAA*AAA*AAAAAAAAAAAAAAA*AAAAA*AAAAAAAAAAAA*AAAA*A*AAA*AAAA*A**AAAAAAAAA*AAAAAAAAA*AAAAAA*A*AA**AAA*A*AAA**AAAAAAAAAAAA,.x.x.........x.x......x.x.x.x......x.x..........x.x......x.x.x.x......x.x.........x.xx.......x.x.x......x.x.x.......x..x.........x.x...x..x.x.x.x........x..........x.x.x....x.x.x.x........x..........x.x.x....x.x.x.x......x.x..........x.x......x.x.x.x......x.x.........x.x......x.x.x.x.....,2320,Expert,True
puzzle_347,17,AAA**AA*AAAAAAAA*A*AAAAAAAAAAAA*A*AAAAA**AAA***A*AA*A**AAAAAAAAAAAAAAAAAAAA*AA*AAAA**AAAAAAAAAAAAAA*AA*AA*A*A*AAAAAAA*AA*A*AAAAAAA**AAAAAAAAAAAAAA**A*AA*AA*AAAAAAAAA**AAAAAAAAAAAAAAAAAA*AAA*AAAA*AA*A*AA*AA*AAAA*A**AAAAAA*AA*AAAAAAA*AA**AAAAA***AAAAAA*AAAAAA*AAAA*AA*AAAAAAAAA*AA*AAA*AAAAA*,x.x......x.....x.....x.x....x.x...x.x.....x......x.....x.x...x.x....x.x.....x.....x......x.x...x.....x..x.....x...x.x......x.x...x.....x.x......x...x.x.....x.x....x.....x.x.....x....x.x.....x.x...x......xx......x...x.x......x.x...x.....x..x.....x...x.x......x.x...x.....x..x.....x...x.x...,2326,Expert,True
puzzle_348,17,A**AAAAAAA*AAAAAAAAAAAA***AAAAAAAAA*A*AA*A**A*AAAAAAAA*AAAAA*AAAAAA*AAAAA*AAAAAAA*AAAAAAAAAAAAA**AAAAAA**AAAAAAAAA*AA*AAA*A*AAAAAAAAA*AA*AAA*AAAAAAAAAAAA*A*AAA*AA*AAAAAAA*A**AAAAAAAAAAAAA*AAAA****AAAAAAAA*AA*AAAAAAAAAA*A**AAA*AA**AAAAAAAAA**AAAAAAAAAAAAA*A*AAAAAAAAA**AAAAAAA*AAAA*A*AAAAA*,....x.x.x.......xx.x.........x.x......x..x..x.....xx.x.........x.x......x.x.x.x......x.x..........x.x......x.x.x.x......x.x.........x.x......x.x.x.x......x.x.........x.x......x.x.x.x......x.x..........x.x.....x..x.x.x.....x.x..........x.x......x.x.x.x....x.x.x..........x.......x..x.x.x...,2330,Expert,True
puzzle_349,17,AAAAAAAAAAAA*AAAAAAAAAAAA*AAAA*AAAAA*A*A*AAAAAAAAAA*AAAAAAA*A*AAA*A*AAAAAAAAAAA*AAAAAAAA*AAAAAAAAA*AA**A*AA*AAAAA*AA*AAAAAAAAA*AAAAAA*AA*AAAA*AA*AAAAAAAAAAAAAAAAAAA*AAAAA***A**A**AAAA***AAAAAAAAAAA*AAAAAA*A***AAAAAAAA*AAAAA*A*AAAA*A*AAAAAAAAAAAA*AAAAAAAAAAAAA*A**AA*AA*AAAAA*A*AAAAAAAAAA**,.......x.x...x.x..x.x.x.....x............x.x...x.x..x.x.x.....x............x.x...x.x.x.x.x......x...........x.x....x.x.x.x.x.....x............x.....x.x.xx.x.x...x..............x...x.x...xx.x.x.........x........x.x.x.x.....x.x..........x.x.....x..x.x.x.....x.x..........x.x.....x.x.x.x.....,2333,Expert,True
puzzle_350,17,*AAAA*A*AAAAA*A*AAAAAA*AAA*AAAAAA*AAAAA*AA**AAA*AAAAAA**AAA*AAAAAA***AAAAAAA*AAAA**AAAAAAAAA*A*AAAAA*AAAA*A*AAA***AAA*A**AA*AAAAAAAAAAAAA*AA*A*AAA*AA**AAAAA***AAAAAAAAAAAAAAAAAAAAAAA*AAAA*A****AA*AAA*AAA*AAAAAAAAAAAA*AA**AAAA*A*AA*A*AAAAAA**AAAAAAAAAAA***AAA**AA*A*AA*AAAAA*AAA*AAAAA*AAA*A,.x.x..........x.x......x.x.x.x....x.x.x..........x........x.x.x.x....x.x.x..........x........x.x.x.x..x.x.x.x...................x.x.x.x.x.x..x.x..................x.x.x.x..x.x.x.x..................x.x.x.x..x.x.x.x...................x.x.x.xx...x.x.x..........x.......x...x.x....x.x.x...x....,2337,Expert,True
puzzle_351,17,AA*A*AAAAAA***AAAAAAAAAAAAAAAAAAAA*AAAAAAAAAAAA***AAAAA*A*AAAAAAAAAAAAAAAA**A*AAAAA*A*AA*AA****AAA*A**AAAAAAAAAAA*AAA*A*AA*AA**AAAAAAAAA*AAAAAA*A*AAAAAAA*AA*AAAAA*AAAAAAAAA*AAAAAAAA*AAAAAA*AA*AAA*AAAAAAAAAA***A*AAAAAA*A*AAAAAA**AAAAAAAAAAAAAAA*A*AAAAAAAAAAAAA*AAA*AAAAAAAAAA*AAAAAAA*AAAAAA,...x.x.x.......x..x.......x.x.x......x.x.x........x.x........x.x.x.....x.x..x.......x.x........x.x.x.....x..x.x.......x.x........x.x.x......x.x.x.......x..x.......x.x.x..x...x.x.x..........x........x.x.x.x....x.x.x.........x........x.x.x.x...x.x..x.........x........x.x.x.x...x..x.x.......,2342,Expert,True
puzzle_352,17,AAAAAAAA***AAAAAAAAAAAAAAAAAAAA*AAAAA*AAAAAAAA*AAAAAAAAA*AAA*AAAAAAAAA*AA*AAAA*AAA*AAAA*AAAAAAA*A***AA*AAA*AAAAA*AAAAA*AAAAAA*AAAAA*AAAAAAAAAAAAAAAA*AAAAAA*A*AAA*AAAAA**AAAAAAAAA*AA*AAAAAAAAAAAAAAA*AAAAAAAAAA*A*AAAAA*AAAA*AAAAAAA*AAAAAAAAAAA**AAAAAAAAA**AA*AAAAA**A**AA**AAAAAA*A*AAAAAAAAA,......x.....x.x.xx.x.x.....x............x.x....x.x.x.x.x......x............x.x...x.x..x.x.x.....x............x.x...x.x..x.x.x.....x............x.x...x.x..x.x.x.....x............x.x....x.x.x.x.x......x............x.x...x.x..x.x.x.....x....x.......x.x.....x..x.x.x.....x....x.......x.x...x..,2346,Expert,True
puzzle_353,17,*AAAA*AAAAAAAA*A*A*AAAAAA****AA***AA*A**AA*AA*A*AAA*A*A*A*AA*AAAA**AA*A***AAAAAA**AAAAAAAAAAAAAAAAA*A**AAA**AAAAAAAAAAA*A*AAA*AA**AAA*AAAA*AAAAAAA*AAAAAAAAAAAAAAAAA**AAAAA**A**AAAAAAAAAAAAAAAAAAAAA*AA*AA*A***AAA*AAAAAAA*A*AAAA*AAA**AAAAAAAA*A*AAAAAAAAA*AAAAAA*A*AAAAA**AA*AA***AAAAA*A*AA*A,......x.x.x....x.x.x.x.......x...........x.x....x.x.x.x.x......x............x.x...x.xx.x.x.x...................x.x.x.x..x.x.x.x..................x.x.x.x..x.x.x.x...................x.x.x.x..x.x.x.x........x.........x.x.x....x.x.x.x........x..........x.x.x....x.x.x.x........x.........x.x..x,2350,Expert,True
puzzle_354,17,AAAA*AAA*AAA*AAAA**AAAAA*AA**AAAAAAAAAAAAAAAAAAA*AAA**AAAAAAA**AA*AAAAAAAAAAAAAAAA*AAAAAAAAAAAA*A*AAAAAAA**AAAAAAAAA*AAAAAA*AAAAAA*AAAAAAAAA*A*AAAA*AAAAAAAAAAAAAAAA**AAAA*AA***A*AAAAAAAAAA*AAAAAA*AAAA*AAAAAAAAA*AAAAA**AAAAAAAAAAAAAAAAAAA*AAAA*AAAA****AAAAAAAA*AAAA*AAAAAAAAAAAAAAAAA*AAAAAA,x.....x....x.x.....x.x....x.....x.x......x...x.x......x.x...x.....x..x.....x...x.x......x.x...x.....x..x.....x...x.x......x.x...x......x.x.....x....x.x.....x.x....x.....x.x......x...x.x......x.x...x.....xx.x.....x.....x......x.x...x.x......x.....x.....x.xx.....x...x.x......x.x...x......x.,2356,Expert,True
puzzle_355,17,AAAAAAAAAAAAA**AAAAA**AAAAAAAAAAAAA*AAAAAAAA*AAA*AAA*AAAAAAAAAAA*AAA*AAA*AAAAAAAAAAAA*AA*AAAAAAAAAAAAAA*AA**AAAAAAA*A**A**A**AA*AAAAAAAAAAAA*AAAAAA*AAAAAAAAAAAAAAAAAAAAAAAAA*A*AAAAA*A*AA*AA**A**AAAAAAAAA*AAAAAA**AAAA*A*AAAA*AAAAAAAAAAAAA*AAAAAAA****AA*AAAAAA*AAAAAA*AAAAAA*AAAAAAAA**AAAAAA,....x..x.x.....x.x.x........x.x.......x.x.x.......xx.........x.x.x....x...x.x.......x....x.....x.x.x..x.x...x.x..................x.x.x.x.x.x.x.x..................x.x.x.x.x.x.x.x..................x.x.x.x...x.x.x..........x.......x.x.x.x....x.x.x.........x........x.x.x.x....x.x.x.........x.,2360,Expert,True
puzzle_356,17,*AA*AAAAAAAA*AAAAAAAAAAAA*AAAAA*AAA*A*A****AAAAAAAAAAAAAAAA**AAA*AAAAAA**AA*AAAAAAAAAAAAAAA*A***A**AAAAA*AAA*AAAAA*AAAAAAAAAAAAA*AAAAA*A**AA**AAAAAAA*A*AAAAAAAAAAAA*AAA*A*AAAAAA*AAAA*AAAA*A*A*AAAA*AAA*A*A*A***AAAAA*AAAAAAAAAAAA*AAAA*AA**AAAAAAAA*AAAA*AAAA*AA*AAA*AAAAAA*AAAAAA*AAAA*AA*A*AA,........x..x.x.x.x.x.x.x...................x.x.x.x..x.x.x.x..................x.x.x.x..x.x.x.x..................x.x.x.x..x.x.x.x...................x.x.x.xx.x.x.x..................x.x...x.x.x.x.x......x...........x.x....x.xx.x.x.......x..........x.x.x...x....x.x.......x...xx.....x.x.x......,2364,Expert,True
puzzle_357,17,AAAA*AAAAAAA*AAAAA*AAAAAAAA*AAAA*A*AAA*AAAAAAAAAAAAAAAAAAAAAAAA*AAA*AAAAAAA**AAAA*AAAAA*AAAAAAAAAAAAAAA**AAAAAAA*AAAAA*AAAAAAA*A*AAAA*AAAA*AAA**A*A*AAAAAAAAAAA*AAAAAAAAAA*A*A*A*AA*AAAA*A*AAAA*AAAAA*AAA*AAAA*A*AAA*AAAAAAAAAAAAAAAAAAAA*AAAA*AAA***A*AAAAAAAAAAAAAAAA*AAA***AAAAAAAA*AAAAAAAA*A,..x...x...x....x.x...x...x...x......x...x.......x.xx...x...x.x........x...x.....x.x......x...x.x.....xx.....x.....x.x....x.x...x.x......x...........x.x.x...x.x.x.x........x.........x.x.x....x.x.x.x........x.........x.x.x....x.x.x.x........x.........x.x.x....x.x.x.x........x.........x.x..x,2369,Expert,True
puzzle_358,17,AA*AAAAAAAAAAAAAAA*AAA*AAA*A*AA**AAAAAA*AAAAAAAAAAA*AA*AAA**AAAA*AAAAAAAAAAA**A*A***AAAAAA***AA*AA*A*AA*AAAAAA*AAAA*AAAAAAAA**AAA*AAAAAAAAA***AAAA*AAA**AAAAAAAA**A*A*AAA*AAAA*AAA*AA**AA*AAAA*AA*AAA*AAAAAAAA*A**AA*AAAAAAA*AA*A*AAA*AAAAA*AAAA*AAAAAAAAAAAAA**A**AAAAAAAAAAAAA*AAAA*A*AAAAAAAAA,......x.x..x...x.x.x.x........x.........x.x.x.....x..x.x.......x.x..x.....x...x.....x....x...x...x.x..x.x...x...x..........x.......x.x.xx.x....x.x............x.....x.x.x..x.x...x.x............x.....x.x.x..x.x...x.x............x.....x.x.x..x.x...x.x............x......x.x.x.x.x....x.x......,2373,Expert,True
puzzle_359,17,A*AAAAAAAAAA**AAAAAA**AA*AAA*AAAAAAA**AAAAA*AA*AAAA*AAAAA*AA*AAAAAAAAAAAAAAAAAAAAAAAAAAA*AA**AAAAA*AAAAAA*AAAAAAA*AA*A*A*AAA*AAAAAAAAA*AA*AAAAAAAA*AA**AAAAAAAAAA*A*AAAAAAA*AAAA*AAAA**AAAAAAAAAAAAAAAAAAAAA*A*AAAAAAA*AAA*AAAA*AAA*AAAAA*A**A***AAA*AAA*AAAAAAA*AAAA*AA*AAAAAAA*AAA*AA*AAA*AAA*A,x.x.x.........x..........x.x.x...x.x..x.x.......x..........x.x.x...x..x.x.x.......x..x.......x.x.x......x.x.x........x.x........x.x.x......x.x.x.......x..x.......x.x.x......x.x.x.......x..x.......x.x.x......x.x.x.......x..x.......x.x.x......x.x.x........xx.........x.x.x....x...x.x.......x,2378,Expert,True
puzzle_360,17,*AAAAAAAAA*A*AAAA*A*AAAA**AAAAAAAAAAAA*A*AAAAAA**AAAAA*AAAA*AA*AAA*AAAA*A*A*AAAAA*AAA*A**AAAAA**AAAAA**AA**AAAAAA*AAA*AAAAAAAAAAA*AAAAAAAAA**AAAAAAA***AAA*AAAAA*A****AAAAAAAAA*A**AAAAAAAAAAAAAAAA**AAAA*AA**AA*AA*AAAAA*AAAAAA*AA*AA**AAAAAA**AA*AAA*AAAAA*AA*AAAAAAAAA*AAA*AAAAAAAA**AAAAAAAA*,.x.x...x........x.....x....x.x.x..x.x.....x.......x....x.x.....x.x..x.x.....x.x..........x.x.....x.x...x......x.x.....x....x.x.....x.x....x.....x.x.....xx...x.x......x.....x......x.x...x.x....x.x.....x......x.....x.x...x..x...x.x.....x......x.....x.x...x..x...x.x.....x......x.....x.x...x.,2382,Expert,True
puzzle_361,17,AAAA**AA**AAAAAA*A*AA*AAAAAAA*A*A*AAAAAAAAAAAAAAAAAAA**AAAAAAAAA*AA*AAAAA*AA*AAAA*AAAAA*A*AAA*AAA*A*AAAAAAAAAAA**AAAAA*A**AA*A*A*A*AAAAAAAAAA*AAAAA*AAAA*A*A*AAAAAAAA*AAAAAAA*AAAA**AAA**A**AA*AAA*AAA*A**AAAAA*AAAAA*AAAAA*AA*AAAAAAAAAAAAA**AAAAA*AA****A*AAAAAAAAA*AAAAAA*AAA***A*A*AAAAAAA*A*,.x.x.........x.x......x.x.x.x......x.x.........x..x.....x.x.x.x......x.x..........x.x.....x.x.x.x.....x.x..........x.x.....x.x.x.x......x.x.........x.x......x.x.x.x......x.x.........x..x.....x.x.x.x.......x..........x.x.x....x.x.x.x........x.........x.x.xx....x.x.x..........x.......x.x.x.,2387,Expert,True
puzzle_362,17,AAAAAA*AAAA*AA**AAAAAA*AAAAAAAAAAAAA*AAAAAAA*AA*AAAAAAA*AA*AAAAAAAAAAAAAA**A*A**AAA*AAAA*AA*AAAAAAAAAAA*AAAA*AAA*A*AAAAA****AAAAAAAAA*A*AAA*AAAAAAA**A*AAA*AA*AA*AAAAAA*AAAAAAAAAAA*AAAAAAAA*AAAA**AA*AAAAAAAAAAAAAAA*AA**A*AA*AAA*AAAAAAA*AAA*AAA**AAAAA*AAA*AAA*AA*AAAAAAA*AA*A*AAAAAAA***AAAAA,.x.x.x..x..................x.x.x.x.x..x.x.x..................x.x.x.xx.x.x..x..................x.x.x.x.x..x.x.x..................x.x.x.x.x.x..x.x..................x.x.x.x..x.x.x.x..................x.x.x.x.x.x.x.x..................x.x.x.x...x.x..x.........x........x.x.x.x....x.x.x.........x,2391,Expert,True
puzzle_363,17,*AAAAAAA*AAAAA**A*AAA*AAAAAAAAAAAAAAAAAAAAAAAAAAAAAAAAA***AA*AAAAAAAAAAAAAAAAAAAAAAAAAAAA*AA**AAA*A*AA*AAA**AAAAAAAAAAA**AAAA*AAAAAA**AAA*AAA*AAAAA*AAAAA*AAAAAAAAAAAAAAAAAAA*AAA*A*AAAAAAAAAA*A*A*AA*AAA*AAA*A*AAAAAAAA*AAAAAAAAAAAA*AAAAAAAAA*AAAAAA*A**A*AAAA*AAAAA*AA*AAAA*AAAA*A*AAAAAAA*AA*,.....x.x...x.x....x.x.....x......x.....x.x....x.x...x.x......x.....x.....x..x...x.x...x.x......x.....x......x.x...x.x....x.x.....x.....xx.....x.x.....x....x.x.....x.x....x.....x.x......x...x.x......x.x...x.....x..x.....x...x.x......x.x...x......x.x.....x....x.x.....x.x....x.....x.x.....x.,2399,Expert,True
puzzle_364,17,AA*AA**AAAAAA*AA*AAAAAAAA*A*A**AAAAA*A*AAAAAAAAAAA*AA*AAAAA**A*AA*AA*AAA*AAAAAAAAAA*AAAAAAAA*AAAAAAAAAAAAAA*AAAAA*AAA*AAAA*A****AAAA*AAAAAAAAAAAA*AAAAAAAAAAAAAAA**AAAA*AAA*A*AAA**AAAA***A*AAAAAA**AAA*AAA*AAAAAAAAAAAAA*A*AAAAAAA*AAAA*A*A*AAAAAAAA*AAAAA*A**AAAAAAAAAAAAAAAAA*AAAAAAAAA*A**AAA,.......x..x.x.x...x.x.x..........x.......x.x.x.x....x.x.x.........x........x.x.x.x...x.x.x..........x.......x.x.x.x......x.x.........x.xx.....x.x..x.......x.x........x.x.x.....x..x.x.......x.x........x.x.x.....x.x.x.........x........x.x.x.x...x..x.x.........x........x.x.x.x...x.x.x.......,2399,Expert,True
puzzle_365,17,**AAAAAAAAAA**AAAAAA*AAAAA*A*AAAAAAAAAAA*AAAAAAAAAAAAAA*AAA*AAAA*AAAAA*A*AAAA*AAAAAAAAAAAAAAAAAAAAAAAAAAAAAAAAA**AAAAAAAAAAAAAAAAAA**A**A*AA*A**A*AAA*AA*AAAAAAA*AAA**A*AAAAAA*AA*AA**AAAAAAA*AAAAAAAA*AAAAAA*A*A*A**AAAAAAAAAAAA*AAAAAAAA*AAA*AAA**AAAA*AAAA*AAAA**AAAAAAA*AAAAA**AAAAAAAAA*AAA*,..x.x.........x.x......x.x.x.x.....x.x..........x.x.....x.x.x.x......x.x.........x.x......x.x.x.x.....x.x..........x.x.....x.x.x.x......x.x.........x..x.....x.x.x.x.......x..........x.x.x....x.x.x.x......x.x.........x.x.......x.x.x......x.x.x.......x.x........x.x.x.....x.x..x.......x.x...,2403,Expert,True
puzzle_366,17,AAAA*AAAAAAA*A*AAAA*AAA*A*AAA*AAAAAAA*AAAA*AAAAAAAAAAA*AAA*AA*AAAAAAAAA***AAAAAA*AAA*A*A*A**A**AAAAAAAAAAAAAAAAAAA*A*AAAA**AA**A*A*AAAAA**AAAAAAAAAAA**A**AAAAA*AAAAAAAA*A***AAA**AAA*AAAAAAAAA*AA*A*AAA*A*AAAAAAAAA*AAA*AAA*A*AA*A*A*AAAAAAAA**AAAAAA*AAA**AAAAA*AAAAAAAAAAAAA*AAA*AAAAAA**AAAA*,.x.....x.x.x........x.x.......x.x.x......x.x.x.......x.x........x.x.x.....x.x.x........x.........x.x.x....x.x.x.x.......x..........x.x.x...x.x.x..x.......x..........x.x.x...x.x..x.x.......x..........x.x.x...x.x.x.x.......x..........x.x.x...x.x.x..x.......x..........x.x.x...x.x.x.x........,2407,Expert,True
puzzle_367,17,AAAAAAAA*AAAAAAAAAAAA*AA*A*A*AAAA*AAAA*AA*A*A*AAAAAAAAAAAAAA*AA*AA*AA*AAAAA*AAAAA*A**AAAAAAAAAA*AAA*AA*A****AA*AAAAAAAAAAAAAAAA**A*AAAA*AAA*AAAAAAAAAAAA**AAAAAAAAAAAA*AAA*****A*AAAAAAA*AAAAAAAA*AAAAAAA*AAAAA***AAAAAA**A*AA*AAAA*AAAAAAAA*AAA*A*AAAA**AAAA*AAAAAAAA*A*A*AAAA*AAAAAAAAAAAAA*AAA,....x.....x..x.x.x.x...x.x..................x.x.x.xx.x.x.x..................x.x.x.x...x.x.x..........x.......x.x.x.x....x.x.x.........x........x.x.x.x....x.x.x.........x........x.x.x.x....x.x.x..........x.......x.x.x..x..x.x.x...........x......x.x...x.x..x.x.x.....x............x.x...x..x.,2412,Expert,True
puzzle_368,17,AAAA**AAAAAA*AAAAA*AAAAAAAAAA*A**AAAAAA*AAA*AAAAAAA*AAAAA*AAAAAAAAAAAAAAA*AAAAAA*A*A**AA*AAAAAA*AAA***AAAA*AA**AAAAAAA*A*AAAAA*AAAAAAAAAAA**AAA*AAAAAAAA*A*AAAAAAAA*AA**AA**AAAAAA*AA*A*A*AA*AAAAA*AA*A*AA***AA***AAAAAA**AAAAA*A**A*AAA*AAA*A*A*AAA*AAAAAAAAAA*AAAAA**AA*AAAAA*AAAAAA*AAAAAAA*AA,.x.........x.x.x....x.x.x.x........x.........x.x.x....x.x.x.x.......x..........x.x.x...x.x.x.x........x.........x.x.x....x.x...x.......x......x...x.x.x..x.x.x...x..............x...x.x...xx.x.x.........x........x.x.x.....x.x.x........x.x.......x.x.x......x.x.x.......x.x........x.x.x.....x.,2416,Expert,True
puzzle_369,17,AAAAAAA***A*AA*AAAAAAA*AAAAAAAAAAA*AAA*A*AA*AAAAAA*AAAA*AA*A*A*AAAAAA*AA**A*AAAAA*AA*AA**AAAAAAAAAAAAAAAA***AAA*A***AAAAA*AAAAA**A**AAAA**AAA*AAAAA*AAAAAAAAAAAA**AA**AAAA*AAAAAAAAAAAAAAAAAAAAAA*AAA*AAAAA*AA*AAAAAAAAAAAAA*AAAA*AAAAAA*AA*A*AAAAAAAAAAAAAA*AAAAAA*AAAAA***A*AAAAAAAAAAAAA*AAAAA,x.x.x.x...................x.x.x.x..x.x.x.x...................x.x.x.xx.x...x.x............x.......x.x.x..x...x.x.x......x...x.........x.x......x.x.x.x....x.x.x..........x........x.x.x.x....x.x.x.........x........x.x.x.x....x.x.x.........x........x.x.x.x....x.x.x..........x........x.x.x.x..,2421,Expert,True
puzzle_370,17,AAA*AAAA*AAAAAAAAAAA*AAAAAAAAA*A*AAA*AAAAA*AAAAAAA*A*AAAAAAAAA***AAAAAAAAAAAAAAAAA**A*AAA*AAA*AAAAAAAAA*AAAA*A*A*A**A*AAAAAA*AAAAAA*AAAAAA*AAAAAAA*A*AAAAAA*AAA*A*AAAAAAA*AAAA*AAAA*AA**A**AA*AAA**AAAAAAAAAAAAAAAA*AAAA**AAA*AA*AAAAAAAAAAAA*AAA*AAAAAA**AAAAAAA**A**AAAAAA*AAAA*AA*AAAA*A*A*AAA,.x..x.x.....x............x.x...x.x.x.x.x......x............x.x...x.xx.x.x.x...................x.x.x.x.x..x.x.x..................x.x.x.x..x.x.x.x..................x.x.x.x..x.x.x.x...................x.x.x.xx.x...x.x............x......x.x.x.x.x....x.x...........x.......x.x.x..x...x.x.x......,2426,Expert,True
puzzle_371,17,A****A***AAAAAAAAAAA*AAAAAA*AAA*A***A*AAA*AAA*AAAAAAAAAAAAAA*A**AAAAA**AAA*AAAAAAAAA*AAAA*AAA*AAAAA*AA*AAAA*AA*AAAAAAAAAAAAA*AAAAAA**A*A*A*AAAAAAAAA**AAAA*A*AA***AA*AAAAAA***AAA*A*A*AAA*AAAAAA*AAA*AAAAAA*AAAAA*A*AAA***AA**AAA**A**AA*AAAAAAAAAAA*AAAAAAAAAAAAAA**AA*AAAAA*AAA**A*AAA*AAAAA*AA,x..........x.x.x...x.x.x.x..................x.x.x.x.x.x.x.x..................x.x.x.x..x.x.x.x..................x.x.x.x.x.x.x.x..................x.x...x.xx.x.x.......x..........x.x.x.....xx.x.........x.x......x.x.x.x.......x..........x.x.x...x.x.x.x........x.........x.x.x....x.x.x.x.......,2432,Expert,True
puzzle_372,17,*AAAA*A*AAAAA*A*AAAAAA*AAA*AAAAAA*AAAAA*AA**AAA*AAAAAA**AAA*AAAAAA***AAAAAAA*AAAA**AAAAAAAAA*A*AAAAA*AAAA*A*AAA***AAA*A**AA*A*AAAAAAAAAAA*AA*A*AAA*AA**AAAAA***AAAAAAAAAAAAAAAAAAAAAA**AAAA*A****AA*AAA*AAA*AAAAAAAAAAAA*A***AAAA*A*AA*A*AAAAAA**AAAAAAAAAAA***AAA**AA*A*AA*AAAAA*AAA*AAAAA*AAA*A,.x.x..........x.x......x.x.x.x....x.x.x..........x........x.x.x.x....x.x.x..........x........x.x.x.x..x.x.x.x...................x.x.x.x.x.x..x.x..................x.x.x.x..x.x.x.x..................x.x.x.x..x.x.x.x...................x.x.x.xx...x.x.x..........x.......x...x.x....x.x.x...x....,2436,Expert,True
puzzle_373,17,*AAA*AA*AAA*AAAAAAAAAAAA**AAAAA*A*AAAAAAAAAAA*AA*AAAAA*AA*AA*A*AAA*AAAA*AAA***A*A*A*A***AAA*AA*A*AAAA*AAAAAAAA*AAAA*AAA*AAAA*AAAAAAAAA*AAA***AAAAAA*AAAAAA**AA**AAAAAA*A*AAAAAAA*A*AAAAAAAAAAAAAA*AAA*AA*AA*AAAAAAAAAA***AA*A*A*A*AAA*AAAAAAAAAAAA*AAA*AAA*A*AA*AA*A**AAAAA*A*A*A*A*AAAAAAA**A*AA,..x...x.x.....x..x...x.....x.x......x...x.x......x.x...x.....x.x......x...x.......x.x....x...x.x.x.....x....x.......x.x...x....x.x.x.....x...x........x.x...x...x.x.x......x...x.......x.x....x...x.x.x......x...x.......x..x...x...x.x.x.....x....x.......x.x...x....x.x.x.....x...x........x.x.,2437,Expert,True
puzzle_374,17,*A*AAAAAAAA*A**A*AAAAAAAAAAAAAAAA*AAAAAAAAAAAA*AAA*AA*A**AAA*AAAAA*A***A*AAAAAA**AAAAA*A*A*AAA**AAAAAAAAAAA*AA**A*AAA*AAAAAAA**AAA*AAAAAAAAAA*AA*AA***AAA*AAAA*AAAA*AAAA*AAAAAA*A*AAA***AA*A*A*AAAAAAAAAA*A*A*A*AAA*AA*A*AAAAA*AAAAAAAAAAAAAA*AAAAAA*A*AAAA**AAAAAA*A*AAAAA*AAAAA*AAAAAAAAAA*AAA*,...x.x.x.x........x.........x.x.x....x.x.x.x........x..........x.x.x...x..x.x.x......x...........x.x.x..x.x.x...x..............x...x.x.x.x..x.x...x..............x...x.x.xx.x.x.....x............x.x....x.x.x.x.x......x............x.x...x.x..x.x.x.....x............x.x...x.x.x.x..x.....x.....,2443,Expert,True
puzzle_375,17,*AAAAAAAAAAAAAA*AAAAA*A**A*AAAA*AAAA*A*AAAAA*AAAAAAAAA*AA**AA*AAAAAAAA*A*AAA*A*A*AAAAAAAAAAA*AAAAAAAAAA*AAAAA*AA*A***AAAAA*A**AA*A*AAAA*AAA*A*A*A*A*A*A*AAAAAAAA*AAAAAAAAAA*AAAAA*AA*A*A*AAAAAA*AAAAAAA*AA**A*AAAA*AAAAAAAAA*A**A*AAAAAA*A*A***AAA**AAAAA*AAAAA*AAAAAAAAAAAA*AAA*A*AAAAA*A*AA*AAA,...x.x.x.x........x.........x.x.x....x.x.x.x........x.........x.x.x....x.x.x.x.......x..........x.x.x...x.x.x.x........x.........x.x.x....x.x.x.........x........x.x.x.x..x.x..x..........x.......x.x.x.x...x.x.x..........x.......x.x.x.x.....x.x..........x.x......x.x.x.x.....x..x.........x.x,2448,Expert,True
puzzle_376,17,AAAAAA*AAAAAAAAAAAAAAAAAA*AAAAAAAA*AAAAAAAAAA***A*AAAAAAAAAAAAAAAAAAAAA*AAAA*A*A*A**AAA*AA***AAAAAAAAAA*AA*AAAAAA**A**AAAAAAAAAA*AA**AAAA*AAAAA*AAAAAA*AA*AAAAAAA*A****AAAAA*AAA*AAAAAA*A*AAAA*AAA**AA*AAAA*AAA*AAA*A*AAAAA**AAAAAAAAAAAA*AAA*A**AA*AAAAAAAA*AAAAAAAAAA*A*AA*AA*AAAAAAA*AAAAAAAAA,.x...x.x..x.........x........x.x.x.x...x.x.x..........x.......x.x.x..x...x.x.x..........x........x.x.xx.....x.x.x........x.x.........x.x......x.x.x.x......x.x.........x.xx.......x.x.x......x.x.x........x.x.......x..x.x.....x.x.x........x.x........x.x.x......x.x.x.......x..x.......x.x.x...,2452,Expert,True
puzzle_377,17,AA*AAAAAAAAAAAAAAAA*AAA*AA*A*A*AAA*AAAAAAA*AA*AAAA*AAA*AAAAAAA*AA**A*AA*A*AAA**A**AAAAA**A*AAAAAAA***A*AA**AAAA**AAAA*AA***AAA*A*A*AAA*AA*A*A*AAAAAAAA*A*AAAAAAAA*A*A*AAAAA*AAAA*AAAAA*AA*AAAAAAAAAAA*AA*AAAAA*AAA*AAA*AAAA*AAAAAAAAAA*AA*AAAAA**A*A*A*AAAAA**A*AAAAA**AAAAAA*AAAAAAAAAAAAAAAA*AA,.x.x.x........x..........x.x.x...x..x.x.x.......x..x.........x.x...x..x...x.x.....x..x...x.....x.....x..x...x.x...x....x...x.........x.x......x.x.x.x....x.x.x..........x........x.x.x.x....x.x.x.........x........x.x.x.x....x.x.x.........x........x.x.x.x....x.x.x.........x........x.x.x.x...,2455,Expert,True
puzzle_378,17,*AAAAAAAAAAAAAAA*AAAAAA*AAA*AA*A*AA**A*A*A*AAA**AAA*AAAAAA**AAAAAAAAAAAAAAAA*A*A*AAAA*AAAAAA**AAAA**AAA*AAAAAAAAAAAA*A*AA*AAA*AAAAAAAAAAAA*A*AAAAAAAAAAA*AAAAA*A***AAAAAAAAAAAAAAAAA*AAAAAAAAA*AA**A*AAAAAAAA*AAA**AAAA*AAA*AAAA*AAAAA*AAAAA*AAA*AA*AAA*A*AAA***AAAA*AAAAA*AAAA*A*A*A*AAA***AAAAA,......x.x.x...x...x.x........x...x.....x.x.x....x...x.x.......x....x.....x.x.x...x....x.x.......x...x......x.x.x...x....x.x.......x...x......x.x.x...x...x.x........x...x.....x.x.x....x...x.x.......x.....x....x...x...x.x....x...x...x.....xx...x.......x.x....x...x.x.x......x...x.......x..x.,2460,Expert,True
puzzle_379,17,AAAA*AA*AAA*AAAA*A**AAAAA*A*AA**AAAAAAA*AAAA**A*AAAAA**AAA*A*AAA**AAAAAAAAAAAAAAAA*AAAAA*AAA*AAAAAA****A*AAAA*A*AAAAAAAAAAA*AA*A*AAAAAAAAAAAAAA*AAAAAAA*A*AAAAAAAAAAAAAAAA*AAAAAAAAAA*AAAAAAAAAAAAA*A*A*AAA*AA*AAAAAAA**AA*AAA*AAAA*A*A*A*A****A*A*A*A*A*AAA*AA*AAAAAAA*AAAAA**A*AAAA*AA*AA**AA*A,..x..x.......x.x.x......x.x.x.......x.x.........x.x......x.x.x.x....x.x.x..........x.......x.x.x.x.....x..x.........x.x......x.x.x.x....x.x.x.........x........x.x.x.x.....x.x..........x.x.....x.x.x.x.....x..x.........x.x......x.x.x.x......x.x.........x.x......x.x.x.x......x.x.........x..x,2468,Expert,True
puzzle_380,17,AAAAAAAAAAAAA*AAAAA*AA*AAAAA*AA**AA**AAA*AAAA*AAAAAA*AAAAAAAAA*AAA**AA**AAAAAAAAA*AAAAAAA*AAAA**A*AAAAAAAA**AAAAAAAAAA*AAAAAA*AAAAA*AA*AAA*AAA*AAAAA*AA*A*AAAAA*AAAAAAAAAAA*AA***AA*AAAAAAAAAAAAAAA*A*AAAAAAAA**AAAA*A*AAAAAAAAAAAAAA*AAAAAAAAAAAAAA*AAAAA*AAAAAAAAAAAA*AA**A*AAAAAAAA*AAA*AAAAAA,..x.....x.x.x....x...x.x.........x........x.x.x.x..x.x.x.x...................x..x.x.x.x.x.x.x..................x.x.x.x..x.x.x.x..................x.x..x.x.x.x.x.x...................x.x.x.x.x.x.x.x..................x.x.x.x.x.x.x.x..................x.x..x.x.x.x.x.x..................x..x.x.x.,2469,Expert,True
puzzle_381,17,AAA****AAA**AAA*AAAAAAAAAAAA**AAAA*AAA*AAAAAAAAAA*AAAAA*AAAAAA*AAAAA*AAAAAAAAAAAA**AAAAAAA*AAAAAA*AA*AAAAAA*AAAAAAAAAAAAAAAAAAAAAAA*AA*AAAA*AAA*A**AAAAA*A*A*AAAA**AAA*A*AA*AAAAAAAAAAAA*AAAAAAAAAA*A**AA*AAAA**A*AA*AAAAA*AAAAAAAAAA*AAAAA*AA*AA*AA*AAAAAAA*AAA*AAAAAAAAAAAAAA*AAA*AA*AA*A**AAAA,.......x.x..x...x.x.x.x........x.........x..x.x...x.x.x.x........x..........x.x.x...xx.x.x.x..................x.x.x.x..x.x.x.x..................x..x.x.x.x.x.x.x...................x.x.x.x..x.x.x.x..................x.x.x.x..x.x.x.x..................x.x.x.x.x.x.x.x..................x.x...x.x,2475,Expert,True
puzzle_382,17,AAAAAAAAAAAA*AAAAAAAA*AAAAAAAAAA*A*AAAAAAAAAAA***AAAAAA*AAAAAAAAAAAAAA*A*AA**AA*AAAAA*AAAAAAAAAAAAAAAAAAAAAAAAA*AAAAAAA*A*AAAAAAAAAAAAAAAAAAA*A**AAAA*AAAAA**A*A**AA***AA*AA*AAAA*AAAAAAAAAAAAAAAAAAA*AAAA*AAAAAAAAAAAAAAAAAAAAAAAA**A*AAAAAAAAAAA*AAA*AAAAA*AAAAAAAA*A*AAAA*AAAAAAAAAAA*AAA*A*A*,.x.x.x.........x........x.x.x.x....x.x.x.........x........x.x.x.x....x.x.x..........x........x.x.x.x..x.x...x.........x....x...x.x...x....x...x.....x...xx...x.....x...x........x.x...x...xx.x.x.........x........x.x.x.x....x.x.x..........x........x.x.x.x....x.x.x.........x........x.x.x.x...,2479,Expert,True
puzzle_383,17,*AAAAAAAAA*A*AAAA*A*AAAA**AAAAAAAAAAAA*A*AAAAAA**AAAAA*AAAA*AA*AAA*AAAA*A*A*AAAAA*AAA*A**AAAAA**AAAAA**AA**AAAAAA*AAA*AAAAAAAAAAA*AAAAAAA*A**AAAAAAA***AAA*AAAAA*A****AAAAAAAAA*A**A*AAAAAAAAAAAAAA**AAAA*AA**AA*AA*AAAAA*AAAAAA*AA*AA**AAAAAA**AA*AAA*AAAAA*AA*AAAAAAAAA*AAA*AAAAAAAA**AAAAAAAA*,.x.x...x........x.....x....x.x.x..x.x.....x.......x....x.x.....x.x..x.x.....x.x..........x.x.....x.x...x......x.x.....x....x.x.....x.x....x.....x.x.....xx...x.x......x.....x......x.x...x.x....x.x.....x......x.....x.x...x..x...x.x.....x......x.....x.x...x..x...x.x.....x......x.....x.x...x.,2482,Expert,True
puzzle_384,17,A*AAAAAAAAA*A*AA**AAA*AAAAA*AAA*AAAA*AAAAA**AAAA*AA*AA*A*AAAAAAAAAAAAAAAAAAA*AAAAA*AA***A*AA*AAAAAAAAAAAAA**AAA*AAAA**AAAAAA*A*AAA*A*AAAAAAAAAA*AAA***AAA*A**A*A*AAAAAAAAA*AAAAA*AAAAA*AA*A***A*AAAAAAAAAAAAAAAAAAAAAAAA*A*AAAAAAAAAAAAA*AA**AAAAAAAAAAA**AAAAAAA***AAAAAAAAAA*AA**AAAAA*A*AAAAA*,x.x..x.x..................x.x.x.x..x.x.x.x..................x.x.x.x.x.x.x.x..................x.x.x.x...x.x..x.........x........x.x.x.x...x..x.x.........x........x.x.x.x...x.x.x..........x.......x.x.x.x...x.x.x..........x.......x.x.x.x......x.x.........x.xx......x.x.x........x.x.......x.x.,2487,Expert,True
puzzle_385,17,AAAAAAA*AA*AAA*AAAAAAAAAAAAAAA*AA*AA*AA*AAAA*AA*AAAAAAAAAAAAA*AAAAAAAA*A*AAAAAAAAAA*AAAAAAAAAAAAA**AA*AAAA*AAAAA*AAAAA*AAAAAA*A*AA***AA*AA*AAA*AAAA*AAA*A*AAAAAAAA*AA**AAAAAA*AAAA**AAAAAA*AAAAAAA**AA*A**AAA****AA*AAAAAAA*AAAA*AA*A**AAA*AAAAAAAAAAAAAA*AAAA*A*A*AAAAA*AAA***AAAAAAAAAA*AAA*AAA,.x.........x.x.x....x.x.x.x........x.........x..x.x...x.x.x.x........x.........x.x..x...x.x.x.x........x.........x.x.x....x.x.x.x.......x...........x.x.x..x.x...x.x......x.....x.....x.x....x.x.....x.....x......x.x...x.x..x.x.x.....x............x.x....x.x.x.x.x.....x............x.x...x..x.,2489,Expert,True
puzzle_386,17,AAAA*AAAAAAAAAAAAAAAAAAAAAA*AA*AAA***AAA*AAAAA**AAA*A*A*AAAAAAA*A*AAAAAAAAAA*AAAAAAA*A*AAAAA*AAAAAA*AAA*AAA*AAA*AAA**AAAAAAAAAAAAAAAAAA*AAAAAAA*AAA*AAAAAAAAA*AAAAA*AAAAAAA*AAAA*A*A*AA*A**AAAAA*A*AAAA*AAAAAA**AAA**AAAAAAAAAA*A*AA*A*AA*AAAA*A*AA*AAAAAAAA**AAAAAA*AAA*AAAAA*A*AAAAAA*AAAAAAAAA,.....x.x.x..x.....x.x..........x.x.....x.x.x.x......x.x.........x.x......x.x.x.x.....x.x..........x.x.....x.x.x..x.....x.x..........x.x.....x.x.x.x......x.x..........x.x.....x..x.x.x.....x.x...........x.x....x.x...x.x.....x......x.....x.x...x..x...x.x.....x......x.....x.x...x.x....x.x....,2497,Expert,True
puzzle_387,17,AAA*AA*AAAAAAA*A*AAAAA*AA*AAAAAAAA*AAAAAA*A*AAA*AAAAA*AAAAAAAAAA*AA**A**AA**A*AA*AAAAAA*AA*AAAAAAAAAAAAAAAA***AAA**AA*A*AA**AAAAAA*AAAA*A*AAAA**A*AAA*AAAA**AA*AAAAAAAAAAAAAAAA*A*AA***AAAAAA*AAAAAAAAAAA*AAAAAA*A***A*AAAAAAAA*AAAAA*A*AAAAA*A*AAAAAAAA*A*A*AAAA*AA*AAAAAAA**AAAAAAAAAA**AAAAAA*,..x..x.......x.x.x......x.x.x.......x.x.........x.x......x.x.x.x.....x..x.........x.x......x.x.x.x.....x.x..........x.x......x.x.x.x....x.x.x..........x.......x.x.x.x....x.x.x.........x.........x.x.x....x.x.x.x.......x..........x.x.x...x.x..x.x.......x..........x.x.x...x..x.x.x.......x...,2503,Expert,True
puzzle_388,17,AAAAA**AA*AAAAAAAAAAA*AAAAAAA*AA*A*AAA*AA*AA*AAAAAA*A*AAAAAAAAA*AAA**AAA*AA*AA*AAA**AAAAAAAAAAA*A*A*A*A**AAA***AA*AAA*A*AA*AAAAAAA*A*AA*AAAAAA*AAA*AAAAAAAAAAAAAAA**AAAAAA*A**AAAAA*AAAAAAAA*A*AAAAA*AA*A*A*A*AAA*A*AAAA*AAAAA*A*A*A*AAA*A***AAAA**A*AA*AAAAAA**AAAAAAAA**AAAAAA*A*A**AAAAAAAAAAA,.x.........x.x.x....x.x.x.x........x.........x.x.x....x.x.x.x........x.........x.x..x...x.x.x.x.......x...........x.x.x..x.x.x...x..............x...x.x.xx.x.x.x..................x.x.x..x.x.x.x.x..................x.x..x.x.x.x.x.x..................x.x.x.x...x.x.x..........x.......x.x.x..x..,2505,Expert,True
puzzle_389,17,AA*AA*AAAA*AAAAA*AAAA*AAA*AAAAAAAA**AAAA*AAA**AAAA*AA*AAAAAAA**AAAAAAAAAAAAAAAAAAAAA**A*A*AAAAAAAAAAAAAAAA**AAAAAAAAAAAAAAAAAAAAAA*AAAAAAAAAAA*AAAAAA**AAAAAAAAAAAAAAAA*AA*AAAA*AAAAAAAAAA*AAA*AAAAAAAA*A**AAAAAAAAAAAAAAAAA*AAAAAAAAAAAAA**AA*A*AAAAAAAAA*AAA*AAAAAAAAAAAAAAAAAAAAA*AAAA*A*AA*A*,.......x.x.x..x...x.x.x..........x.......x.x..x.x...x.x.x..........x.......x..x.x.x...x.x.x..........x........x.x.x.x..x.x.x.x..................x.x.x...xx.x.x.x..................x..x.x.x.x.x.x.x...................x.x.x.x..x.x.x.x..................x.x.x.x.x.x.x.x..................x.x..x.x.,2508,Expert,True
puzzle_390,17,AAAAA*AAAAAAAA*A*A**AA***AAAAAAAAA**AAAAAAAAA*AAAA*AAAAAA*AAAAAAAAAA*AAAAAAAAAA*AAA**AAA*AAA*A*AAAAAAAAAAA*AAAAAAAAA*AAAAA*AAAAAA*AAA*A*AAA*AAAA*AAAAAA**AAAAA*AAAA*AAAAA**AAAAAA*AAA**AAAAA*AAA***AAAAAAA*AAA*AA*AAA*AAA*AAAA*AA******AAAAAAAA*AAA**AAAAA*AAAAAAA*AAAAAAAA*AAAAAA*AAA*AA*****AAA,..x...x.x.x......x...........x.x.x...x.x..x.x.......x..........x.x.x...x.x.x.x........x.........x.x.x....x.x.x.x.......x..........x.x.x...x.x.x..x.......x..........x.x.x...x.x.x.x..................x.x.x.x.x..x.x.x..................x.x.x.xx.x.x..x..................x.x.x.x..x.x.x.x.........,2514,Expert,True
puzzle_391,17,AAAAAAAAAAAA*AA*A*AAAA**AAAA*AAAAA*A*AAAAA*AAAAAAA*AA*A**AA*AA*AAAAAAAAAAA**AAAAAA*A*AA*A*AAA*A**A*A*AAAAAA*AAAA*AAA**AAAA*AAAAAAAA*AAA*A*A*AAAA*AAAA**AA****AAA*AAAAAAAA*AAAA*AA*AAAAAAA*AA*AAAAAA*AAAAAAAAA**A**A*AAAAAAAAAAAAAAAAAA*AAA*AAAAAAA*AAAA*A*AAA*AAAAA**A*AAA**A*AAAA*AAAAAAAAAAAAA*,.x.x.x.....x............x.x...x.x..x.x.x.....x............x.x...x.x..x.x.x.....x............x.x....x.xx.x.x.......x..........x.x.x...x..x.x.........x...x....x.x.x.x.......x..........x.x.x...x.x.x.x.......x..........x.x.x...x.x.x.x..................x.x.x.xx.x...x.x............x.....x..x.x.,2518,Expert,True
puzzle_392,17,AA*AAA*AAAAAA*A*A*AAAAAA*AA*AAAA*AAAAAA*AAAAAAA*AA**A*AAAAA*AAAAA**A*AAAAAA*AAAAAAAA*AAAA****AAAAAAAAA*AAAA*AAAAAAAA*A*AAAAAA*AAA*AAAAAAAAAAAAAA*AAAAA*A**AAAAAAAAAAAA*AAA*AAAAAAAAAA***AA*AAA*AAAA*AA**AAAAAA*AAAAAAA*AA**A*AA*AA*AAAAA*AAAAAAA*A*A*AAAAAAAAA*AA*AAA*AAAAA*AAAA*AA*AAAAAAAAA*AAA,.x.x......x...x........x.x...x...xx.x.x.........x........x...x.x...x..x.x...x.....x..x.........x.x...x..x.x.x.x........x..........x.x.x....x.x.x.x........x..........x.x.x....x.x.x.x......x.x..........x.x......x.x.x.x......x.x.........x.x......x.x.x.x......x.x.........x.x......x.x.x.x.....,2522,Expert,True
puzzle_393,17,*AAA*AAA*AAAAAAAAAAA*AAAA*A*AAAAAAAA*AAAAA*AAA*AAAAAAAAAAA*AA*AAAAAAAAAAAAAAAAAAAAAAAA*AAAA*AAAAAAAAAAAAAAAAAAA*AAAA*AA*AA***AA**A*A**AAAAA*AAAA**A*AAAAAAAAAAAAAAAAAAA*A*AAAAAAA*AAAAAAAAAAAAAAAAAAAAAAAAA*AAAAA*AA**AA*A*AAAAAAAAAAAAAA*AAAAAA***AAAAAAAAAAA*A*AAAAAAAAAA*AAAAAAAA*AAAAAAAAAAAA,...x.x.x.x........x.........x.x.x....x.x.x.x........x..........x.x.x....x.x.x.x........x.........x.x.xx...x...x.x........x...x.....x...xx...x.....x...x....x...x.x...x....x.........x...x.x..x.x.x.x........x..........x.x.x....x.x.x.x........x.........x.x.x....x.x.x.x........x.........x.x.x.,2529,Expert,True
puzzle_394,17,*A*AAAAA*A**AA*AAA*A****AAA**AAA*AAAAAAAA*AAAAAAAAA*AAAA***AAA*AAAAAA*AAAAAAAAAAAAAAA***AAAAAAAA*AAAAAAAAA*AAA**AAA*AA*AAAA*AAAAAAAAAAAA*AAAAAAA*AAAAAAA*AAAAAAAAAAAAAAAAAAAAA*AAAAA*A**AAA*A*AAAAA*AA*AAAAA*AAAAA**AAAAAA*AAAAAAAAAA***AAAAA*AAAA**AAAAAAA*A***AA*AAAAAAA*AA*AAAAAA*AAAA*AAAAAAA,....x.x.....x...xx.x.....x.....x......x.x...x.x......x.....x.....x.xx...x.....x.x..........x.x.....x.x.x.x......x.x.........x.x......x.x.x.x.....x.x..........x.x.....x.x..x.x.....x.x..........x.x.....x.x..x.x.....x.x..........x.x.....x.x.x.x......x.x.........x.x......x.x.x.x.....x.x......,2530,Expert,True
puzzle_395,17,AA*AAA*A**AAAAA****AAAAAAAAAAA*AAAAAAA*A*A*AAAAAA*AAAAAAAAAAAAAAAAA*AAA*AAA*AAA**AAAA*AAA***A*AAAAA*AAA*AAAAAAAAAAA*A*AAAA*AAAAA**A*AAAAAAAAA**A*AAA**A*A*AA*AAAA**AA*AAAAAAAAAAAAAA*A*AAA*AAAA*AAAA***AAAAAAAAA*AA*AAAAAAAAAAA**AAAA***AAAAAAAA*AAAAAAAAAAAAAA*AAAAAAAAAAAAAAAAAAAAAAAAAAAA*AA*A,.x.x.x....x.............x....x.x.x.x.x.x...x..............x...x.x.x.x.x..x...x..............x...x.x.x.x..x.x...x..............x...x.x.x.x.x.x....x.............x....x.x.x.x.x.x...x..............x.....x.x.x.x.x....x.x............x.....x.x.x.x..x...x.x............x.....x.x.x..x.x...x.x......,2535,Expert,True
puzzle_396,17,AAA*AAAAAAA*AAA*AAAAAAAAAAAAAAAAAAAAAAAAAAAA**AA*AAAAAAAAAA**AAAAAAAAAAAAA*AAA*A*AAA**AAAAAAAAAAAAAAA*AAAAAA**AA*A**AAAAAAAAA*AAA*AAAAAAAAAAAAAAAAA**AA*AAAAAA*AAAA**AAA*AA*AAAAAAA*AAA*A*AA*AA*AA*AAAA*AAAA**A***AAAAAAAAAAAA*A*AAA*AAAAAAAAAAAAAAAA***AAAAAAAAAAAA*AAAAAAAAA*AAAAAAAA*AAAAA*AAA,x.x.x....x..............x...x.x.x..x.x.x...x..............x...x.x.x..x.x.x...x..............x...x.x.x..x.x.x...x..............x....x.x.x.x.x.x....x..............x...x.x.x..x.x.x...x......x.......x.....x.x..x...x...x.x....x...x...x......x...x...x....x.x...x...x...x.......x......x...x.x.x..,2539,Expert,True
puzzle_397,17,AAA*AAAAAAAAAAA**A*AAAA*AAAAAAAAAA*AAAAAAAAAAA****AAAA*AAAA*AA*AAA*AAAAAAAAA*A*A**AAAA**AA*A**AAAAAAA*AAAAA*A*AAA*AAAAAAAA*A*AAA*AAAAAA*AAA**A*AA**A**AAAA*AA*AAAAAAAAAAAAAAAAA*A***A*AAAAAA*AA*AAAAA*AAAAAAAAAAAAAAA**AAAAAAAAA*A**AAAAAAAAAAA*AA*AAA*AAAA*AAAA*AAA*AA*AAAAAAAAAAAAAAAAA*AA*A*AA,.x..x.x.x..................x.x.x.x.x.x..x.x..................x.x.x.x.x.x.x.x..................x.x.x.x.x.x.x.x..................x.x.x.x..x.x..x..........x........x.x.x.x....x.x.x.........xx........x.x.x......x.x.x.......x..x.......x.x.x......x.x.x.......x.x........x.x.x.....x.x..x.......x.,2545,Expert,True
puzzle_398,17,AAAAAAAA*AAA*A*A*AA*AAA*A*AAAA*A*AA**AAAAA*AAAAAAAAAA*A*A*A**A*AAA**A*AAAAAA**AAAAAAAAAA*AAAAAAAAA**A**AAAAAA**AAA*AAAAAAAAAA**A*AA**AA*A*AA*AAAA*AAAAA**AAA*AAA*AA**AA*AA*A***AA*AAAAA*AAAAAAAA**A**AAAA**A**A*AAA*AAAAAAAAA*AAAA*A***AAAAAAAAAAAAAAAAAA*A*A**AAAA*A**AA*AAAAAAAA*AAA*AAAA*AAAA*,.........x.x.x.x..x.x.x.x..................x.x.x.x..x.x.x.x...................x.x.x.xx.x.x...x..............x....x.x.x.x.x.x...x..............x...x.x.x..x.x.x...........x......x.x.x...x..x.x.........x...x....x.x.x.x.......x..........x.x.x...x.x.x.x........x.........x.x.x....x.x.x.x.......,2548,Expert,True
puzzle_399,17,AA*A*AA*AAAAAAAAAAAAAAA*A*AA**AA*AAAA*AAAA*AAA*AA*AAAAAAAAAAA****AAAAAAAAA**AAAAAAAAAAAAAAA*AAAAA*AA*AAAAAA*A***A*AAAAAAAAAAAAAAAAA*AA*AAAA**A**AA*A**AAA*AAAAAA*AAA*A*AAAAAAAA*AAA*A*AAAAA*AAAAAAA**A*AA**AAAA**A*A*AAAAAAAAA*AAA*AA*AAAA*AAAA****AAAAAAAAAAA*AAAAAAAAAA*AAAA*A**AAAAAAAAAAA*AAA,.x.......x..x.x.....x.x.x........x.x.......x.x.x......x.x.x.......x..x.......x.x.x......x.x.x........xx.........x.x.x....x.x.x.x........x..........x..x.x..x.x.x.x..................x.x.x.x.x.x.x.x..................x.x.x.x.x.x.x.x..................x.x..x.x.x.x.x.x..................x.x.x..x.,2556,Expert,True
puzzle_400,17,AAA*AAAAA*A*AA*AAA*AAA*A*A*AAAA***AA*A**AA***AA*AAAAA**AAAAAAAA*AA*AAAAA*AAAAA**AAAAAAA*AA*AAAAA*AAA**AAAA*A*AA*AA*AAAAAA*AAAAAAAA*A*AAAAAAAAAAA*A*AAAA**AA**AAAAAAA*AAAAAA**AA**A*AAAA*AAAAAA**AAAAA**A**AAAAAAAA**A*AAAAAAAA**AAAAAAA*A*AAAAAA*AAA*AAAAA*AAAAAAAA*AAAAAAA*AAAAAAAA*A*AAAAAAAAAA,x.x.........x..x.....x.x.x.x.......x..........x.x.x....x.x.x.x........x.........x.x.x....x.x.x.x......x.x..........x.x.....x.x.x.x......x.x.........x.x.......x.x.x......xx..x.......x..x.......x.x.x......x.x.x.......x.x........x.x.x.....x..x.x.......x.x........x.x.x.....x..x.x.......x.x...,2558,Expert,True
puzzle_401,17,*A*AAAAAAAA*AAAAAAAAAAAAAA***AA**A*AAAA*AAAAAAAAA**AAAAAAAAAA*AAAAAA**AAA*AAAAAAAAAA*AAAAAAA*A*AAA*AAAAA*AAAAAAAAA*AAAA*A*AAA*A*AAAA*AAA**AAAAAA*AAAA*AAA*AAA*A*AAAA*AAAAAAAAA**AAA*AAAAAA*A*AAAAAAA***AAA*AAAA*AAA*AAA*AA*AAAAAAAAA******AA*AA*AA*AAAAA**AAA*AAAAA*AAAAAAAA*A*AAAA*****AA*AAA*AA,......x.x.x...x..x.x.x...........x......x.x..x.x...x.x.x..........x........x.x.x.x....x.x.x.........x........x.x.x.x....x.x.x..........x.......x..x.x.x...x.x.x..........x........x.x.x.x..x.x.x.x..................x.x.x..x.x.x.x.x...................x..x.x.x.x.x.x.x..................x.x.x.x.,2564,Expert,True
puzzle_402,17,AAA*A*AAAA*A*A**AA*AAAAA*AA**AAAAAAAAAAAAA*AAAA**AAAAAAA*AA*AAA*AAAA*AAAAA*AAAAA*AAAA*A*A*AAAAAAA**AAAAAA*AAAAAAAAAA***AAAAAA***AA*A*A*AAAAAAA*AAA*AAAAAAAA*AAAAAAAAAAAAAAAAAAA*AAA*A*AAA*AAAAAAAAAAA*AA*AAA**AA*AAAAAA**AAAAAAAAAAAAA**A*AAAAA*AA**AAA*AAAAAA*A*AAA*AAAA**A*AAAAAAA***A*AA*AAA*A,....x.x..x.x.....x.x..........x.x......x.x.x.x......x.x.........x.x......x.x.x.x......x.x..........x.x.....x..x.x.x.....x.x..........x.x.....x.x.x..x.....x.x..........x.x......x.x.x.x....x.x.x..........x.......x.x.x..x...x.x.x..........x.......x.x..x.x...x.x.x...........x.......x..x.x.x..,2566,Expert,True
puzzle_403,17,AAAAAA*AAAA*AAAAAA*AAA*AAAAA**AAAAAAA*AAAA**A*AAA*AAA**AAAAAAAAAAAAAAAA*AAA**AA***AAAAA*AA***AAAA*A*AAAA*AAAAAAA**AA**A*A*A**AA*AAA*AAAA*AAAAAAAAA*A*AAA*AAAAA**AAAAAAAAAAAAA*AAAAAAAAA*AA*AA*AAAA*AAAAA*A*A*AAAAAAAAAA*AAAA**A**A*AA**AAAAAAAA*AAAAAAAAA*AA*AA**AAAAA*A*AAAAAAAA*AA*AAA*AAAA**AA,.x.x.x......x............x.x...x.x..x.x.x.....x............x.x...x.xx.x.x.x...................x.x.x.x..x.x.x.x..................x.x.x.x..x.x.x.x..................x.x.x.x.x.x.x..x...................x.x.x.x.x.x..x.x..................x.x.x.xx...x.x.x..........x........x.x.x.x....x.x.x.......,2571,Expert,True
puzzle_404,17,AA*AAAAAAAAAA*A*AAAA*A*AAAA*AAA*AA**AAAAAAAAA*A*A*AAAAA**AAAAAAA*AAA*AAAAA*AAAAAA*AAA*AAA*A*AAAAAAAAAA*AAAA*AAAAA*AAA*A*A***AAAAAA*A*AAAAAAAAAA***AAA**AA*AA***AAAA*A*AAAAAAAAAAAAAAAAAAAAA*AAA*AAAAAAAAAAA**A*AAAAAAAAAAA*AAA*A*AAAAAAAAAAAAAA*A***AAAAAAA*AAAAAA*A*AAAAAAAAAA*AAAAA*AA*A*AA**AA,...x.x.x.x.......x..........x.x.x...x.x.x.x..................x.x.x.x.x.x.x..x..................x.x.x.x.x..x.x.x..................x.x.x.xx.x.x.x...................x.x.x.x..x.x.x.x..................x.x.x.x..x.x.x.x...................x.x.x.xx.x...x.x............x......x.x.x.x.x....x.x.......,2575,Expert,True
puzzle_405,17,AAAAAAAAAAAA*AAAAAAAA*AAAAAAAAAAAA*AAAAAAAAAAA***AAAAAA*AAAAAAAAAAAAAA*A*AA**AA*AAAAA*AAAAAAAAAAAAAAAAAAAAAAAAA*AAAAAAA*A*AAAAAAAAAAAAAAAAAAA*A**AAAA*AAAAA**A*A**AA***AA*AA*AAAAAAAAAAAAAAAAAAAAAAAA*AAAA*AAAAAAAAAAAAAAAAAAAAAAAAAAA*AAAAAAAAAAA*AAA*AAAAA*AAAAAAAA*A*AAAA*AAAAAAAAAAA*AAA*AAA*,.x.x.x.........x........x.x.x.x....x.x.x.........x........x.x.x.x....x.x.x..........x........x.x.x.x..x.x...x.........x....x...x.x...x....x...x.....x...xx...x.....x...x........x.x...x...xx.x.x.........x........x.x.x.x....x.x.x..........x........x.x.x.x....x.x.x.........x........x.x.x.x...,2580,Expert,True
puzzle_406,17,*AAAA**AAAA*AAAAAAAAAAA*AAA*AAAAAAAA*A*AAAAAA*AAAA**A*AAAAA*AAA*A**A*AAAAAAA*AAA*AAAAAAA*AAA*AAAAAA*A*A*AAA*AAAAAAAAAAAAAAAA**AAAAAAA*AAAAAAA*AAA*A*AAA*AAAAAAAA***AAAAA*******AAAAA***AAAAA*AAAAAAAAAAAAA*AA**AAAAAAA****AAAAAA*AA*A**A*AAA****AAAAAA**A****AAAAAA*AA*AAAAAAAAAAAA*AAAAA**AAA*A*,.......x.x...x.x..x.x.x.....x............x.x...x.x..x.x.x.....x............x.x...x.x.x.x.x......x...........x..x...x.x.x.x.x......x...........x.x.....x.x.x.x......x.x.........x..x.....x.xx.x.......x.x........x.x.x.......x.x........x.x.x.....x.x.x........xx.........x.x.x....x.x.x.x........,2586,Expert,True
puzzle_407,17,*AAAA***AAAAAAA*AAAAAAAA*AAAAAAAAAAAAAA*AA**AAAAA**A*AAAAA*AA*A**AAA*AAA*AA*AAA*A***AA*AAAAAAAAA*A**A*AAAAAAAAAAA*AAAAAAAAAAA*A*AA*AAAAAA*AAAA*AAAAAAAAAAAAAAAAAAAAAAAAAAA*AAAAAAAAA*A*A*AAAAAAAAAAAAAAAAAAAAA*AA**AAAAAAAAAAAAAA*A*AAA*AAAAAAAAAAAAAAAAAA*AA*AAAAAAAAAAAAAAAAAAAAAAAAAAAAAAA*AAA,..x.x.....x..x...x.....x.x......x...x.x.....x.x....x.....x.x.....x....x.......x.x...xx...x.x.x..................x.x.x.x.x.x.x.x..................x.x.x.x..x.x.x.x..................x.x.x.x..x.x.x.x..................x.x.x.x..x.x.x.x..................x.x..x.xx.x.x.x..................x...x.x.x,2590,Expert,True
puzzle_408,17,AAAAAA*AAAAA*AAAA*A*AAAAAA*A*AAAAAAAAAAAAAAA*AAA*A**AA*AAAA**AAAAAAAA*AAAAAA*AAA*AAAAA*AAAA***AAAAAAAAAAAAA*AA*AAA*A***AAAAA*AA***A*AAAAAAAAAAA*AAAAAAA*AA*AAAAAA**AAA*AAA*A*AAAAAAA*AAAAA*AA*AA*A*A*A*AAAAAAAAAAAAAAAAAA*A*AAAAA*A*A*AAAAAAAAAAAAA*AA*AAA***AA*AAAA*AAA*AAA*A*AAA**AAAA*****AA**,...x.x..x.x.......x..........x.x.x...x.x.x.x........x.........x.x.x....x.x.x.x.......x..........x.x.x...x.x..x.x.......x..........x.x.x...x.x.x.x..................x.x.x.x.x.x..x.x..................x.x.x.xx.x..x.x..................x.x.x.x.x.x.x.x..................x.x.x...x.x..x.x.......x..,2597,Expert,True
puzzle_409,17,*AAAAAAAAA**AAAAA*AA*AA**AAAA*AAAAAA*AAAAAAA**A*A*A*AAAAA*AA*A*AAAAA***A*AAAAAAAA*AAAAA*AAAAA*AA*A*AAAAA*AA*AAAAA*AA***AAAA**AAAAAAAAAAAA*AAAAAA*AAAAAAAA*AAA*AAAAAAAAA*AAA**AAA*AAAAAA*AAAAAAA*A*AA*AAAAA*AAA**AAAAA*AAAAA*AAAA**AAA***AAAAA*A*AAAA***AA*A*A*AAAAA*AAAAAA*AA*A**A*AAA**AAAAAA*AA,...x.x.x.x........x.........x.x.x....x.x.x.x........x..........x.x.x...x..x.x.x.......x..........x.x.x....x.x.x.x......x.x..........x.x......x.x.x.x......x.x.........x.x......x.x.x.x.....x.x...........x.x....x...x.x.x....x.x...x.......x......x.....x.x...xx.x...x.x............x......x.x.x.,2602,Expert,True
puzzle_410,17,A*AAAAAAAAAA**AAAA*AAAAAAAAA*AA*AAAAAAAAAAAAA*AA*A***AAAA*AAAAAAAAAA*AAAAAAAAAAAAAAAAAA**AAA*AAAAAAAAAAAA*AA*AA*AAA**AA**AAA*A*AAA**A*A**A*A*AAA*AAAAAAAAA*AAAAAAAA*AAAAAAAAAAA*AAAA*A*AAAAA*AAAAAAAAAAAAAAA*AAA*AAAAAAAAAAAA***AAAAAAAAA***AA*AA**A*A*AAAAAAAAAA*AAAAAAAAAAA*AA*AA*AAAA***A*AAAA,x.x...x.......x......x...x.x.....xx.x...x.....x........x...x.x...x....x...x.....x...x....x...x.x...x..x.x.........x...x....x.x.x.x.......x..........x.x.x...x.x.x.x.......x..........x.x.x....x.x.x.x........x.........x.x.x....x.x.x.x........x.........x.x.x....x.x.x.x........x.........x.x.x.,2608,Expert,True
puzzle_411,17,*AAAAAA*AAAA**A**AA*AAA*A*AAA*AAAA*AAA*A*AAA***A*AAAAA**AAAAAAAAAA*AA*A*A*A*A*AA*AAAAAAAAAAAAA**AAAAAA*A*AA**AAAAAA*A*A*A*AAAAAAAAAAAA*AAA**AAAA*AA*AAAAAAAA***AAAAAAA*AAAAAA*AAAAAAAAAA*A*A**AAAAAAA**A**A*AAAAAAAAAAAAAAA*AAA*AAA*AAAA**A*AA**AAAAAAAA*AAAAAAAA*A**AAAA*AAA*AAA*A*AAAAAA*AAAAAA,.x.x.x...x..............x...x.x.x..x.x.x...x..............x....x.x.xx.x.x.....x............x.x.....x.x.x.x......x.x..........x.x.....x.x.x..x.....x.x..........x.x.....x.x..x.x.....x.x....x.....x.x......x...x.x......x.x...x......x.x.....x....x.x.....x.x...x......x.x.....x...x..x.....x.x...,2608,Expert,True
puzzle_412,17,AAA*AAAAA*AAAAAAAAAAA**A*AAAAAAAA*AAAAAAA*AA**AAAA*AAAAAAAAA*AAAAAA*AA**AAAAA*A*AAAAAA*AAA***AAAAA*AAA*AA*A*AAA*AAAAAAAA*AAAAAAAAAAAAA*AA*A*A*AAAA*A*AA*AA*AA*AAA*AAA*AAAAAAAAAA*A**AAAAAAA**AAAAAAAAAA*AAAAAA*AAA*AAAAA*AAAAA**AAA*AAAAAAAAAAA*AAAAAA*AA**AAAAA*AAA*AAAAAA*AAAAAAAA*AAA*AAAAAAAA,x.x...x.........x........x.x.x.x..x.x.x.x..................x.x.x.x...x..x.x.........x........x.x.x.x....x.x.x.........x........x.x.x.x..x.x.x...........x.......x.x.x.x....x.x.x.........x........x.x.x.x....x.x.x.........x........x.x.x.x...x..x.x.........x........x.x.x.x....x.x.x.........x.,2611,Expert,True
puzzle_413,17,AAA*AAAA*A**A**A***AAA*AAAAAAAAAAAAAAAAAA**AAAA*AA**AA*AAAAAAAA*AA*AAAAAAAAAA*A****A**A***AAAAA*AAAAAAAAAAAA*AAAA*AAAAA*A**A***AAAAAAAAA*AAAAAAAAA**AA*AAAAAA*A*AAAAAAAAAAA***AAAAA*A***A*A*AA*A**AA*AAAAAAAA*AAAAAAA*A***AAAAA*A**AAA*A*AAAAAA*A*A*AAA*AA*A**AA*A*AAAAAAAA*A**A*AA*A*AAAA*AAA*AA,x.x..x.........x........x.x.x.x....x.x.x.........x........x.x.x.x....x.x.x.........x........x.x.x.x....x.x.x..........x........x.x.x.x...x.x..x.........x........x.x.x.x..x...x.x.........x........x.x.x.x..x.x.x.x..................x.x.x.x....x.x.x.........xx........x.x.x.....x.x..x.......x.,2616,Expert,True
puzzle_414,17,AAAAAAAAAAAAAA*AAAAAAAAAAAAA*AAA*AAAAAAA*AAAA*AAAAAA*AA*AAAAAAAAAAAAA*AA*AA*AAAAAAAAAAAAAAAA*A*AA*A*AAAAA*A*AAA*AAA*AAAA*AAAAA*A*AAAA*AA*AAA*A**AAAAAAAAAA*AA**AAAAAAAAAAAAAAAAAAA*A**AAAAAAAAAAAAAAA*AAAAAAA*AAAAAAAAAAAA**AAAAA*AAA*AAA*AAAAAA*A*AA*AA*A*AAAAAA**AA*AAAAAA**AAAAAA*AA*AA*AAAAAA,x.x.x..........x.......x.x.x.x.....x.x..........x.x.....x.x.x.x.....x.x..........x.x.....x.x.x.x.......x..........x.x.x....x.x.x.x........x.........x.x.xx.....x.x.x........x.x.......x.x..x......x.x......x...x.x.....x.x....x.....x.x.....x....x.x.....x.x....x.....x.x.....x....x.x.....x.x...,2622,Expert,True
puzzle_415,17,AAAAAA*AA*AA*AAAAAA**AAAAAA*AA**AAAAAA*A*AA*AA*A*AAAAAA*AAA*AAA*AAAAA**AAAAAAAAAAAA*AAAAAAA*AAAAAAAAAAAAAAA**A*AAAAAAAAAAAAAAAAAAA**AA*AAAAAAAAAA**A*AAA*AA*AAAA*A*AAAAA*AAAA*AAA*AAA*A*AAAAA*A*AA*A*AAAAAAAAAAAAAAAA*AA*AA*AAAAAAAAAAAAA*AA*AAAAAAAAAAA*AAAAAAA*AAA*AAAAAAAAAAAAA*AAAAAAAAAAAAAA,...x.x.....x.x....x.....x.x.....x....x.x.....x.x....x.....x.x.....x....x.x.....x.x...x......x.x......x..x.x.......x.x........x.x.x.....xx.x.x.........x........x.x.x.x....x.x.x..........x.......x.x.x.x.....x.x..........x.x.....x.x.x.x.....x.x..........x.x.....x.x.x.x.......x..........x.x.x,2622,Expert,True
puzzle_416,17,**AAAAAAAA*AAAAA*AAAA*AA*AAA**AAAAAA*AAA*A*AAA*A*AAAAAAA**AAAAA*A*AAAAA**AAAAAAA*AAA*AAAA*A*AAAAAAAAAAAAAAAAAAAAAAA***AAAA*AAA*AAAAAAAAAA*AAAAAAAAAA**A****A*AAAAA*A*A*A*AAAAAAAA*AAAAA*AA*A*AAAAAAA*AAA*AAA*A*AAAAAA*AAAAAAAAA*AAAAAAAAAAA*AAAAAAAA*A**AAAAA*AAAAA*A*AAAAAA*AAAAAAAA**A*A**AAA*A,...x.x.x...x......x.......x...x.x....x.x.x...x.....x........x...x.x...x..x.x...x.....x........x...x.x...x.x.x....x.....x.......x....x.x...x.x.x...x..............x...x.x.xx.x.x.....x............x.x...x...x.x..x.....x...x........x.x...x...x.x.x......x...x.......x.x....x...x.x.x.....x....x..,2627,Expert,True
puzzle_417,17,AAAAAAAA*AAAAAAAAAAA**AAAA*AA*AAAAAAAAAAAAAAAAAA**AAAAAAA*AAAAAAAA*AAAA**AAA**AAA**A*AAAAAA*AA*AAAAAAAAA*AAAAA*AAAAAA*AAAAA**A**AAAAA*A*AAAAAAAAAA*AA*AAAAAAAA***AAAAAAAAAAAAAAAAAAA**AA*A*A*AAAAAAAA*AAAAAAAAAAA*AAAAAAA*AAAAAAAAA*AAAAAAAA*A*AAAA*A*AAAA*AA*AA*AAAAAAAAAA*AAAAAAAAAAAAAAAAAAAAA,x...x....x.x.......x...x......x.x.x...x...x.x........x.........x.x.xx....x.x..x.........x........x.x.x.x...x.x.x..........x.......x.x.x..x...x.x.x..........x.......x.x.x..x...x.x.x..........x........x.x.x.x....x.x.x..........x.......x.x.x..x...x.x.x......x...x........x.x...x...x.x..x.....,2632,Expert,True
puzzle_418,17,**AAA***AAA**A*AAAA**AAAAAAAAAAAAAA*AA*AAAAAAAAA*AAAAAAAAAAA*AAAAA*A***AAA*AA*AA**AAAA*A*AAAAAA*AAA**A*AAAAAAAAA*AAAAAAAAAAAA*AAAA***AAAAAAA*AAAAAAAA*AAAAAAAAAAAAAAAAAAAAAA*AAA*A*AAAAAAA*AAAA*A*A*AAAA*AA*AA**AAA*A*AA*AAA*AA*AAAAAAAAAA**AAAA*A*AA**AAAAAAA*AAAAAAAAAAAA**AAAAA**AA*AAAA*AAAAA,..x.x...x.x......x.....x.....x.x....x.....x.x.....xx...x.x.....x............x.x...x.xx.x.x.x...................x.x.x.x..x.x.x.x...................x.x.x.x..x.x.x.x........x..........x.x.x....x.x.x.x........x.........x.x.x....x.x.x.x........x.........x.x.x....x.x.x.x........x..........x.x.x,2636,Expert,True
puzzle_419,17,AAAA*AAAA*AAAA*AAAA*AAA*A*AAAA*A*AAAAAA***AAAAA*AAAAAA*AAA*A*AAA*AAAAAAAA*AA**A**AAAAAA*AAAAAAAAAA*AAAAAAAA**AAAAAAAAAA**A*AAAAAA*A*AAA*AAAAAAAAAAAA*AAAAA*AA***AAAAAAAAAAAAAAAAA*AA****AA*AAA*A*A*AAA*AAAAAA**AAAAAA**A*AAA***A*AAAAA*AAAAAAAAA*AAAAAAA***A*A*AA*AAAAAA**A*A*AAAA*AAAAAAAAAAAA*A,.x.x.........x.x......x.x.x.x......x.x..........x.x......x.x.x.x......x.x.........x.x......x.x.x.x....x.x.x..........x........x.x.x.x....x.x.x..........x........x.x.x.x..x.x.x.x....................x.x.x.xx...x.x.x..........x........x.x.x.x....x.x.x..........x.......x.x.x..x...x.x.x.......,2641,Expert,True
puzzle_420,17,*A*AAAAAAAAAAAAAAAAAAAAAAAAA*AAAA*AA*A*AA**AA*AAA*AAA*A***AAAAAAAAAAA*AAAAAAAAAAAAA*AAAAAAA***AA*AAAA*AAAA*AAAAAAAAAA**AAAAA**AA*AA*AAAAA*A*AAA*AA*AAA*A**AAAAA**AAA*AA*AAAAA*AAA*AAAA*AAAA*AAAAAA*AAAAAAAAAAAA*AAAA*AAAAA*AAAA*AAAAA*AAAAA*AA*AAAA*AAAAAA**AAAAAAAAAAA*AAAAAAAAAAAAAA*AAA*A*AA*A,.....x...x..x...x.x.x...x......x.......x....x.x...x.x.x....x.....x........x...x.x...xx.x.x.........x........x.x.x.x......x.x.........x.xx.....x.x..x.......x.x........x.x.x.....x.x.x........x.x........x.x.x......x.x.x........x.x.......x.x..x.....x.x.x........x.x.......x.x..x.....x.x.x.....,2649,Expert,True
puzzle_421,17,AA*AAAAAA****AA*AAAAA*A*A*AAA*A*AAAAAAAA*AAAA**AAAA*AAA*AA*AAAAAAAAAA**AAAAAA**A*A*AAAA*AAAAA*AAA*A*A*AAAAAAAAA*AAA**AAAAAA**AAAAAAAAAA*AAA*A*AAAAA**AAAAA*A**A*AAAAAA*AAAAA*AAAAA*AAAAAA**AAAA*AAAAAAAAAAAAAAAAAA**AA***AAA*A*A*AAAA**AAAAAAAAAAA*AAAAAAAAAA**A**AAA*AAAAAAAA*A*AA*AAAAAAAA*AAAA,.x.x.x.x..................x.x.x.x..x.x.x.x..................x.x.x.x.x..x.x.x..................x.x.x.x..x.x.x.x..................x.x.x.x.x.x.x.x..................x.x.x...x.x..x.x.......x..........x.x.x...xx.x.x.........x........x...x.x...xx.x.....x.....x......x.....x.x...x..x...x.x.....x..,2650,Expert,True
puzzle_422,17,AAAAAAAAAAAAAA*AAA**AA*A*AAA*AAA*AAAAAAAAAAAA*AAAAAAAAAAAAA**AAA*AA*AA*AA*A**AAAAAAAAA*A*AAAAA***AAAAAAAA*AAAA*AAAAAA*AAAAAAA*AAA**AAAAAA**AAA*AAAA**AAAA*AAA*A*A**AAAAAAAAAAA**AA*AAA*AAAAAAAAAA*AAA*AA*AAA*AAAAAAA*AAA*A*AAAA*AAAAA*AAA*A*AA*AAAAAAAAAAAAA*AAAAAAAAAAAAAAA**A*AAAAAAAAA*A*AAAA*,.x...x..x.x.........x........x.x.xx.....x.x.x........x.x.......x.x..x.....x...x.....x..x.x...x...x..........x...x...x.xx.x.x.......x...........x.x....x.x.x.x.x.....x............x.x...x.x..x.x.x.....x............x.x...x.x..x.x.x.....x............x.x...x.x.x.x.x......x...........x.x....x.x.,2655,Expert,True
puzzle_423,17,AA*A**AAAAA*AA*A*AAAAAAAAAAAAAAAAAAA*AAA*AAA*AAAAAAAAAAAAAAAA*AAAAAA**AA**AA*AAAAAAA**AAAAAAA**AAA*A*AAA*AAA*AAAAAAAAA*AAAAAA*AAAAA*AAAAAAA*AAAAAAAAAAAA*AAAAAAAA**A**AA*AAAAAA*AAAAA*AAAAAA*AA*AAAAA***AAA*AAA*A*AAAAAAAAAAAAAAAA**AAAAA****AA*AAAAA***A*AAA*AAAAA**AAAAA**AAA**A*AA*AA*AAAAA*A*,........x.x..x.x.x.x.x.x...................x.x..x.x.x.x.x.x..................x.x.x.x..x.x.x.x..................x.x.x.x..x.x.x.x..................x.x.x.x..x.x.x.x...................x.x.x.xx.x...x.x............x.......x.x.xx.x.....x.x..........x.x.....x...xx.x.....x.....x......x.x...x.x....,2659,Expert,True
puzzle_424,17,AA*A*AAAAAAAAAAAAA*AAAAAAAAAA*AAAAAA***AAAA**AAAAA*AAAAAAAAAAAA*AAAAAAAAA*AA**AA*A*AAAAAAAAAAAAAAAAAA*AAAAA*A*AAAAAAAAAAAAAAAAAAAAAAA*A*AAA*AAAA**A**AAAA*AA***AA**A*A**AAAAAAAAAAA*AAAA*AAA*AAAA*AAAAAAAAAAAAAAAAAAAAAAAAAAAAAAAAAA*A**AAAAAAAA*AAAAA*AAA*AAAAAAA*AAAA*A*AAAAAA*A*A*AAA*AAAAAAAA,.x.........x.x.x....x.x.x.x........x.........x.x.x....x.x.x.x.......x..........x.x.x...x.x.x.x........x.........x...x.x..x...x.x...x....x...x.....x...x....x...x.....x...xx...x...x.x........x.........x.x.x....x.x.x.x.......x..........x.x.x...x.x.x.x........x.........x.x.x....x.x.x.x.......,2662,Expert,True
puzzle_425,17,AA***AAAAAAAA*AAAA**AAA*AAA**AAAAA*AAAAA*AAA*A**AAAAAAAAA*AAAAA**AAAA*A***A*AAAAAAAAA**A*AAAAA**AAAAAAAA*AAAA*A*A*A*AAAAAAAAAAAA*AAAAAA***AAAAAAA*AAAAAAAAAAAAAA*A*AAAA**AAA**AAAA*AAA*AAAAAA*AAAAAAAAA**AAAA*AAA**AAAAAAAAA*AAAAA*AA*AAAAA*AA***AA*AAAAAAAAAAAAAAAAA**AA*AAAAA*AAAA**A*AAAA*AAAA,.x..........x.x.x...x.x.x.x........x.........x..x.x...x.x.x.x.......x..........x.x.x...x.x.x.x..................x.x.x.xx.x.x.x..................x.x.x.x...x.x.x..........x.......x.x.x.x....x.x.x.........x........x.x.x.x...x.x.x..........x.......x.x.x.x....x.x.x..........x.......x.x.x..x...,2668,Expert,True
puzzle_426,17,AAAAAAAA*AAAAAAAAAAAA*AA*AAAA**AAAA**AAAAAAAAAAAAAAA*AAAAAAAA*AAAAAA*A**AAA**AAA**AAAAAAAAAA*AA*AAAAAAA*AAAAAA*AAAAA*AA*A*AAAAA**A**AAAAAAA*AA*AAAAAAAAAAAAAAAAAAA***AAAAA*A*AA**AAAAAAAAAAAAAAAA*AAAAAAAA*AAA**AAAAAAA*AAAAAA*AAAAAAAA*AAAAAAA*AA*AAAA*A*AAAA*AAAA*AAAAAAAAAA*AAAAAAAAAAAAAAAAAA,.....x.x....x...x.x.x......x...x........x.x...x...xx.x.x.........x........x..x.x....xx.x.x........x..........x.x.x...x..x.x.x.......x..........x.x.x...x..x.x.x.......x..........x.x.x...x.x.x.x........x.........x.x.x....x.x.x.x.......x..........x.x.x...x...x.x........x...x.....x..x.x...x..,2672,Expert,True
puzzle_427,17,AAAAAAAAAA*A*AAAAA*AAAAAA*A*A*AAAAAAAAAAAAAA*AAAAAAAAAA*AAA*A*AAAAAAAAA**AAAAAAAAA*AAAAAA*AAA**AA*AAAAAAA*AAAAAAAAAAAA*AAAAAAA*AAAAA*AA*A*AAAAA*AAAAA*AAAAAAA**AAA*AAAAAAAAA*A*AAAAAAAAAAAAAAA*AAAAAA*AAAAAAA*AAAAA*AAAA**AAAA*AA**AAAAAAAAA*AAAAA***A**AAA*AAAAAAAA*AAAAA*AAA*AAAAAAAA*AAAAAAA*A,.x...x.x.x..........x.......x.x.x..x...x.x.x..........x.......x.x.x.x....x.x.x.........x........x.x.x.x...x.x.x..........x.......x.x.x..x...x.x.........x........x.x.x.x...x.x.x..........x.......x.x.x.x...x.x.x..........x.......x.x.x.x.....x.x..........x.x......x.x.x.x......x.x.........x.x,2677,Expert,True
puzzle_428,17,A*A*A*A*AAAAAAAAAAAAA*AAAA*AAAAAA***AA***AAAAAAAAAAAAA*AAAA*AAAAAA*AAA*AAA**AA*AAAAAAAAAA*AAAAAAAAA*AA*A*AA***AAA*AAAAA*AAAAAAA*AAAAAAAAAAA*AAAAAAAAAA**AAA*AAAAA*AA*A*AAAA*****AAAAAAAAAAAAAAAAAAAAA**A**AAAAAAA*AAAAA*AA*A*A*AAA*AAAAAAAAA*AAA*AAA*AAAAAAAAAA*AAA*A*A*AAAAAAA**AA*AAAAAAAAAAAA*,....x...x.x...x..x.x...x.....x............x.x...x.xx.x.x.x...................x.x.x.x..x.x.x.x..................x..x.x.x.x.x.x.x..................x.x.x..x.x.x.x.x...................x.x.x.x..x.x.x.x........x.........x.x..x...x.x.x.x........x..........x.x.x....x.x.x.x........x.........x.x.x.,2680,Expert,True
puzzle_429,17,A*A*AAAAA*AA**AAAAAA**AAA*AAAAAA*AAA*A*AAAAAAAAAA*AAAAAAAAAA*AAAAAA**A***A**AAAAAAAAAAA*AAAA*AAA*AAA**AAAAA*AAAAAAAAA***AAAAAAAAAAAAA**AAAAAAAAAAAAAAAAAA*AAAAAAA*AA*AA*A*AAAAAAAA*AAAAAAAAAA**AAAAAA*A*AAAAAAAAA**A*AAAAAA*AA*AAAAAAAA*A*AAA*AAAAAA**AAAAAAAA*AAAAAAAAAAAAA*AAAAAAAAAAAAAAAAAAAA,....x...x.x....x.x.x...x.....x............x.x...x.xx.x.x.x....................x.x.x.xx...x.x.x..........x.......x.x.x......x.x.x.......xx.x........x.x........x.x.x.....x..x.x.......x.x........x.x.x.....x..x.x.......x.x........x.x.x.....x..x.x.......x.x........x.x.x......x.x.x........x.x..,2680,Expert,True
puzzle_430,17,AAAAAAAA*AAA*AAAAA**AAAAAAAAAAAAAAAAAAAAAAAAAAAAAAAAAAA*AA*AAAAAAAAAAA*A*AAAA*AAA*AAAAA*AAAAAA****AAAAAA*AAA*AAAA*AAAAAAAAAAAAAAAAAA*AAAA**AAAAAAAAAAAAAAAA**AAAA*AAAA*AAAA*AAAA*AAA**AAAAAA*AAAAAAAAA**AAAAAAAAAAAA*AA*AAAAAAAAAAAAAAAAA*AAAA*A*AAAAAAAAAAAAA*AAAAAAAAAAAAAAAAAAAAA*AA*AAAAAAAAA,..x....x.x.x.....x....x.......x.x....x...x.x.x......x...x........x.x...x....x.x.x.....x....x.......x.x....x...x.x.x......x...x.......x.xx...x...x...x..........x...x...x.xx.x.x.......x..........x.x.x....x.x.x.x........x..........x.x.x...x..x.x.x.......x..........x.x.x...x..x.x.x.......x...,2682,Expert,True
puzzle_431,17,AA*AAA*A*AAA*AA*AAAA*AAAAA*A*AA*AAAAAAAAAA*AAAAAAAAAA*AAAAA*A**A*AAAA*AA**AA*AA*AAA*AA*AAAAA*A*A**A**A**AAAAA***A*A*AAA**A*A*AAAAA*A*A**A*AAAAA**AA*AAAA*AAAAAAAAAAA**AA*AAAAAAAA**AAAAAAAA*A*AAAAAA*AAAA*AAAAAAA*A**AAA*AAA*A***AAAA*AAA****A*A*AAAA*AAAA*AA*AAAAA*A*AAAAA*A**A*AAA*AA**AA*AAAA*,...x.....x.x.x....x...x.x.......x....x.....x.x.x...x....x.x........x..x.......x.x.x..x...x.x.x..........x.........x.x.x....x.x.x.x......x.x.........x..x.....x.x.x.x.......x..........x.x.x....x.x.x.x......x.x..........x.x......x.x.x.x......x.x..........x.x.....x.x.x.x......x.x.........x.x.,2684,Expert,True
puzzle_432,17,*AAAAAAAAAA*AAAA**AAAAA*AAAAAAAAA*A*A*AAAA*AAA*AAAAAAA*AAAAAA*AAAAAAA*AAAAAAAAAAAAA*AAAAAAA*A*A*AAAAAA*AAA*AAAAAAA*AA*AAAAAAAAAA*AAAAAAAAAA*AAAAAAAAA*AA*AA**AAAAAAAAAAAAAAA**AAAAAA*AA*AAAA**AA*AAA*AAAAAAAAAAAAAAAA*A**A*AAAA**AAAA**AAAAAAAAAAAAAA*AA**AAAA*AAAAA*AA*AAAAAAAAAAAAAAAAA*AAAA*AA,.x.x.x.x..................x.x.x.x.x.x..x.x..................x.x.x.x.x..x.x.x..................x.x.x.x..x.x.x.x...................x.x.x.x..x.x.x.x..................x.x.x.x.x..x.x.x..................x.x.x.xx.x.x...x..............x....x.x.x.x.x.x....x.............x.....x.x.x.x.x....x.x......,2685,Expert,True
puzzle_433,17,AAA*AAA*A*AAAAAAAA*A*AAAAAAAAAAAAA******AAAAAAA*AAAAAAAAAA*AAAAAAAAA*AA*AAAAAAAAAAAAAAAAAAA*AAAAA*AA*AAAAAAA*A*AAAAA*A*AAAA*A*A*AA**AAA*AAAA*AA**AAAAAAA*AAAAAA*AAAA*AAAAAAAAAAA*AAAAAA*AAAA**AAAAAAAAAA*AAAAAAA*AAAAAAAAAA*AAAA*AAAAAA*AA**A*AAAAAAA*AAAAAA**AAA*A*AAAA*AAAAAAAAAAAAA*AAAAAAAAAA,........x..x.x.x.x.x.x.x..................x.x.x.x..x.x.x.x...................x.x.x.x..x.x.x.x..................x.x.x.x..x.x.x.x..................x.x.x.x..x.x.x.x...................x.x.x.xx...x.x.x..........x.......x...x.x....x.x.x...x....x.x.......x.....x.....x.x....x.x...x.x.....x......x,2687,Expert,True
puzzle_434,17,AAAA*AA*AA*AAAAAAAAAAAAAAA*AAAAAA**A*AAAAAAAAAAAA*AAAAAAAAAAAAAAAAAAAAAAAAA*AAAAAAA*AA*AAA*AAAAAAAAAAA**AAA*A**AAAAAAAAA**AAAAAAAAAAAAAAAAAAA*AAA*AAAAAA***AAAAAAAAAAAAAAAAAAAAAAA*AAAAAAA*AAAAAA*AAAAAAAAAAAAAAAA**AAAA*AAA*AAAAAAAAAAAAA*AAAAAAAAAAAAAAAAA*AAAAAAAA*AAAAAA***AAAAAAA*AAAAAAA**A,.........x.x..x.x.x.x.x.x...................x.x.x.xx...x.x.x..........x.......x.x.x..x...x.x.x..........x.........x.x.x....x.x.x.x......x.x.........x..x.....x.x.x.x......x.x..........x.x......x.x.x.x......x.x.........x.x......x.x.x.x......x.x.........x.x......x.x.x.x......x.x.........x..x,2697,Expert,True
puzzle_435,17,A*AAAAAAAA*AAAA*AAAAA*AAAAAAAAAAAAA****AA**AA*AA**AAA*AAAAAAAAAAAAAAAAAAA*AAA*AAAAAAA*A*A*A**AAAAAAAAAAAAAAAA*AAAAAAAAAAAAAA*AAAAAA*AAAAA*AAAAA*AA*A*AA**A**AAA*AAA*A*AAAAAA*AAA*AA*AAA*AAA*AAA*AAAAA*A*AAA**A*AAAAAAA*A*AAAA*AA***AAAAAAAAAAAAAAAAAAAAA*A*AAAAA***AAAAAAAAAAAAAA*AAAAAA*AA*AAAAA,....x.x.....x...x..x.....x.x...x..x.....x.....x...x....x...x.x...x..x.x...x.....x............x.x...x.x.x.x.x......x............x.x...x.xx.x.x.x...................x.x.x.x..x.x.x.x..................x.x.x.x..x.x.x.x..................x.x.x.x..x.x.x.x..................x.x.x.x.x.x.x..x.........,2702,Expert,True
puzzle_436,17,AAAA*A*AAAAA***AAAAA*AAAA*AAA*AAAA*AAAAAAA*AAAA*AAAAAAAAAAAA*AAAAA*A****AAAAA*AA*AAAAA*AAA*AAAAAAAAAAAA*AAAAA*AAA***AAAAAA*AAAA**AAAAAAAA**AAAAAAA*A*A*AAAAA*A*A*AA*AAAAAAAAA**AAAAAAAA*A*AAA*AAAA**AA*AAAAA*AAAAAAA*AAAA*AAAAAAAAAAAAAAAAAAAAA**AAAA*AAAAAAA*AAA*AAAAAA*AAAAA*AAA*AA*AAAAAAAA*AA,...x.x.x.......x..x.......x.x.x......x.x.x........x.x........x.x.x......x.x.x.......xx.x.........x.x......x.x.x.x......x.x..........x.x.....x.x..x.x.....x.x..........x.x......x.x.x.x......x.x.........x.x......x.x.x.x.....x.x...........x.x....x...x.x.x.....x....x.......x.x...x....x.x.x....,2704,Expert,True
puzzle_437,17,*AAAAAA***AAAAAAA*AA*AAAAAAAAA*AAA*A**AA*AAAAAAAA*AAAAAAAAAA*AAAAA**AAAAAAA*AAAA**AAAA*AAAAAAAA*AAAA*AAAAAAAA*AAAA***AA*A**A*AAAAAAAAAAAAAA*AAAAAAAAA*AAAA**AAA*AAAAAAAAAA*AAAAA*AA*AAAAAAA**AAAAAA*AAAAAA*AAAAAAAAA*AAAAAAAAAAAA*AAAAAAAAAAAA*A*AAA*AAA*AA*AAAA**AAAAAAA**AAAAA*AAAAA*AA**AAAAAA,..x.......x...x.x....x.x.x...x.....x........x...x.x....x.x.x...x....x.x.......x...x......x.x.x...x....x.x.......x....x.....x.x.x....x...x.x........x...x......x.x.x...x....x.x.......x...x......x.x.x...x...x..x.......x...x......x.x.x...x....x.x.......x....x.....x.x.x....x...x.x........x...x,2710,Expert,True
puzzle_438,17,*A*AA*AAAA**AAAAAAAAAAAA*AAA*AAA*AAA*AAAAAAAAAAAAAAAAA**A*A*AAAAAAAAAA*AAAAAAAAAAA**AA*AAAA*AAAAA**A*AA***AAAAAAAAA*AA*AAAAAAA*AAA*AAA*AAAA*AA*AA*AAAAAAAAAAAAA*AAA*AAAAA*AA*AAA*AA***AAAA*AAAAA*AAAAAA*AAAAA*AAAAAAAA****AAAAA**AAAAAAAAAA*AAAAAA*AAA*AAAAA*AA****AAAA*AAAAAAA*AAA*A**AAAAA*AAA*,...x..x.x...x.....x........x...x.x...x.x..x...x.....x........x...x.x....x.x.x...x......x.......x...x.xx...x.x.x..................x.x.x.xx.x..x.x..................x.x.x.x..x.x.x.x..................x.x.x.x.x.x.x.x...................x.x.x.x..x.x.x.x..................x.x.x.x.x.x.x..x.........,2714,Expert,True
puzzle_439,17,*AAAAA*A***AAAAAAA*AAAAAAA*AAAAAA****AAAAA*AAAAAAAA**AAAAAAAAAAAAAAAAAAAAA*AAAAAAAAAA****AAAAAAAA*AA*AAAAAAAA***AAAAA*A*AAAAAAAAAAAAAAA*AAAA**AAAA*A**AAAAAAA*AAAAAAAAAAAAAAAAAAAAAAAAA*AAAAA*AAAAAAAAAAAA**AAAAAA*AAAAAAAAA*AAAAAAAAAAAAAAAAAAAAA*AAA*AAAAAAAAAAAAAAAAAA*AAAAAAAAAAAAAAA***AAAAA,..x.x.......x.x..x.....x.x.x..........x.......x.x.x..x...x.x.x......x...........x.x.x....x.x.x.x......x.x..........x..x.....x.x.x.x......x.x..........x.x......x.x.x.x....x.x.x..........x........x.x.x.x....x.x.x.........x........x.x.x.x....x.x.x.........x........x.x.x.x....x.x.x.........x.,2720,Expert,True
puzzle_440,17,AAAAAAAAA***AAAAAAAAAAAAAAA*AAAAAAAAAA*AAA*AAAAAAAAAAAAAAAAAAAAAAAAAAAAAAA*AAAAAAAAA*AA*AAAAAAAAAAAA**AAAAAAAAAAAAA*AAAAAAA*AAAAAAAAAAAAAAAA**AAAA*A**AAA*AAAAAAAAAAAAAAA*AAAAAAA***AAAAA*AA***AAAAAAAA*AA*AAAAAAA*AAAAAAAAAA**AAAAAAAAAAAAAAA***AAAAA*AAAAAAAAA*AAAAAAA*AAAAAA**AAAAA*A***AAAAAA,.x.x.x.........x........x.x.x.x....x.x.x.........x........x.x.x.x....x.x.x.........x........x.x.x.x...x.x.x..........x.......x.x.x.x.....x.x..........x.x.....x.x.x.x.....x.x..........x..x....x.x.x.x......x...........x.x.x..x...x.x.x..........x.......x.x.xx.....x.x.x........x.x.......x.x..,2721,Expert,True
puzzle_441,17,AAAAAAAAA*AAA**A*AAAAAAAAAAAAA***AAAAAA*AAAAA*AA*AAAAAAAAAAAAA*AAAAAAA*AAAA**AAAAAAAAAAAAAAAA*AAAAAAAAAAAA*AAAAAAA*AAA*AAAAAAAAAA*AAAAAAAA*AAAAAAA*AAA*A**AAAAAAAAA*AAAA****AAAAAA*AAAAAAA**AAAAAAAAAAAAAAAAAAAAAAAA*AA*AAAAAAAAAAA*A*AAAAAAAAAAAAAAAAAAAAAAAAAAAAAA*AAAA**AAAAAAAAA**AAA*AAAAA*A,......x...x.x..x.x.x.x...x..............x...x..x..xx.x.x...x..............x....x..x.xx.x.x....x..............x...x.x.x..x.x.x...x..............x...x.x.x..x.x.x...x..............x...x.x.x..x.x.x...x..............x....x.x.x.x.x.x....x..............x...x.x.xx.x.x.x..................x.x.x.x..,2721,Expert,True
puzzle_442,17,AAAAAA*A*AAA**AAAAAAAAAAA*AAAA*AAAAAAAA*AAAAAA*AA*AA*AAA**AA*AAAAA*AAAA*AAAAAA*AA*AAAAA**A*AA*AAAAAAAAA**AAAAAAAAA*AA***AA*AA*A**AAAAAAAA*AAAAAAAAAAAA**AAA*AAAA**A*AAAAAAAAAAAA*AAAAAA*AAAA*AAAAA*AAAAAAAAAAAAAAAAAA*AA*AA*AA*AAA**AA*AAAA*AA*AA*AAA**A*AAAAAAAAA*A*AAAA**AAAA**AAA*AAAAAAA*A***,.x.x.x.x...................x.x.x.x.x..x.x.x..................x.x.x.x..x.x.x.x........x..........x.x.x....x.x.x.x........x.........x.x.x....x.x.x.x........x..........x.x.x...x.x..x.x......x...........x.x.x..x...x.x.x......x...x........x.x...x...x..x.x.....x...x........x.x...x....x.x.x.....,2732,Expert,True
puzzle_443,17,A*A*AAAAAAAAAAAA**A*A*AAAAAAAAAAAA*AAAAA*AAAAAA**A**A*AAA*AAAAAAA*A*AAAAAAAAAA*AA*AA****A*AA*AAAAAAAAA*AAAAAAAAAA**AAAAAAAAA*AA*AAAAAAAAA*AAA**AAA*AAA*AAAAA*AA***AAAAAAAAAAAAAAAA**AA**A*AA*****AAAAAAAAAAAAAAAAA*AAAAAAA*AA*A*AAAAAAAAA**AAA**AAA*AAA*AAAAAAA*AA*A*AAAAAAAAA*AA*AA*AAAAAAAA*AAA,x...x.x.x..................x.x.x.x.x.x.x.x..................x.x.x.x..x.x.x.x..................x.x.x.x..x.x.x.x..................x.x.x.x.x.x.x..x..................x.x.x.x.x.x.x.x..................x.x...x.x.x.x.x......x............x.x...x.x..x.x.x.....x............x.x...x.xx.x...x.....x....,2744,Expert,True
puzzle_444,17,AAAA*A*A*AAAAAA*A**AAAAAAAAAA*A*AA***AAAAAAAAAAAAAAA*A*AAAAAAAAAAAAAAAAA*AAAAAAAAAAAAAAAAAAAAAAAAAAAAAAAAAAAAAAAAAAAAA*AAAAAAAA*AAAAAA*AAAAAAA*AAA*AAAAAAAAAA*AAAAA*A*AAA***AA**AAAAAAAAAAAAAAAAAAA*A*AAAAAAAAAAAAAAAAAAAAAA*AAAAAAAAAAAAAAAAAAAAAAAAAA*AAAA*AAAAAAAAA*A***AAAAAAAAAAAA*AA*AAA*AA,x.........x...x.x..x.x.x.x..................x.x.x.xx.x.x.x..................x.x.x.x...x.x.x..........x.......x.x..x.x...x.x.x..........x.......x.x.x.x....x.x.x.........x........x.x.x.x....x.x.x.........x........x.x.x.x...x.x.x..........x.......x.x.x.x....x.x.x..........x.......x.x..x.x...,2747,Expert,True
puzzle_445,17,A*AAAAAA*A*A*AAAAAA*A*AAAAAAAAAA**AAAAAAAAAAAAAA***AAAAAAAAAAAAA*A*AAAAAAAAAAAAA*AAAAAAAAAAAAAAAAAAAAA*AAAAAAAAAAAAAAAAA*AAAAAA*AAAAAAAAAAAAAA*AAA*AAAAAA*AAA*A*AAAAA*AAAAAAAAAAAAAAA**AA**AAAAAA*A*AAAAAAAA*AAAAAAAAAAAAAAAAAAAAAAAAAAAAAAAAAAA*AAAA*AAAAAAAAAAAAAAA**A*AAAAAAAAA*AAA*AA*AAAAAAA,x.x...x.........x........x.x.x.x..x.x.x.x....................x.x.x.x..x.x.x.x........x..........x.x.x...x.x..x.x.......x..........x.x.x....x.x.x.x........x.........x.x.x....x.x.x.x........x.........x.x.x....x.x.x.x........x..........x.x.x....x.x.x.x.......x..........x.x.x...x.x..x.x......,2747,Expert,True
puzzle_446,17,AA*AAA*AA*AAAAAAAAAAAAA**A*AAAAAAAAA*AAAA*AAAAAAAAAAAAAAAAAAAAAAAAAA*AAAAAAAAAAAAAAAAAAAAAA*A*AAAAAAAAAAAAAAAAAAA**AA***AAA*A*AAAAA*AAAAAAAAAA*AAA*AAAAAAA*AAAAAAAAAAAAAAA*AAAAAAAAAAAAAAAAAAAAAAAAAAAAAAAAAAAAAAAAAAAAA*AAAAAAAAAAAAAAAAA*A*AAAAAAAAAAAAAAA***AA*A*AAAAAAAAAA**A*AAAAAA*A*A*AAAA,...x.x..x.x.......x..........x.x.x....x.x.x.x.......x..........x.x.x...x.x.x.x........x.........x.x.x....x.x.x.x........x.........x.x.x....x.x.x.x.......x..........x.x.x...x.x..x.x.......x..........x.x.x...x.x.x.x..................x.x.x.xx.x.x.x..................x.x.x.x..x.x...x.........x,2747,Expert,True
puzzle_447,17,AAAAAA*AAA*AAAAAAAAAA*AAAAAA*AAA*AA**AAAAAA**AAAAA**AAA*AAA*AAAAAAAAAA*A*A**AA*AAAAAAAA**AAA*AAA*AAAAAAAAAA*A*AA*AA*A*AAAAA**AAAA*AAAA*AAA*AA*A*AAAAAAA*AAAA****AAA*AAAAAAA**A*A*AAAAAAA***AAAA*AAAA*A*AAAAAAAAA*A*AAAAAAAAAAAAA*AAA**AAA*AAAAA*AAAAAA*A*AAAA*AAAAAA**AA*A*AA*AA*AAAA*A*A*AA*AAAA,...x.x.x....x.....x........x...x.x...x..x.x...x.....x........x...x.x...x.x..x...x.....x........x...x.x....x.x.x...x....x.x...........x.x....x.x..x.x.....x.x..........x.x......x.x.x.x......x.x.........x.x......x.x.x.x.....x.x..........x.x.....x..x.x.x.....x.x..........x.x.....x.x.x.x......,2748,Expert,True
puzzle_448,17,AAAAAAA**AAA**A*AA*AAAAAAAAAAAA***AAA*A***AAA*A*AAAAA***AAAAA*AA*AAAAAAAAAA*AAAAAAAA*A*AAA*A*A*AAA*AAA*AAAA*AAA*AAAAAAAAAAA**AAAAA*AAA*AAA*A*AA*AAAAA*AA*AA*AAAAAAAAAA*A*AAAAAAA*A*AAAAAAAA***A*A*AAAAA*A*AAA*AA**A**AAAAAAAAAAAAAAAAAA**AAAA*AAAAA**AAAAAAA*A*AA*AAA*AAAA*AAAAAAAAAAAAA*A*A*AAAA,....x.....x...x.xx.....x.x...x......x.x.....x....x.x.....x.x...x......x.x.....x...x..x.....x.x.......x..x.x.......x.x........x.x.x.....x.x.x........x.x.......x.x.x......x.x.x.......x.x........x.x.x.....x.x.x........x.x........x.x.x.....x..x.x.......x.x........x.x.x.....x..x.x.......x.x...,2749,Expert,True
puzzle_449,17,AAAA*A*A*AAAAAAAAAAAAA*AAAA*AAA*AA*A*AAAAAAA**AAAAA*AAAA**AAAAAAAAAAAAAAAAAA**A**AA*AAA*A*AAAAA*A*A***AAAAAAAA*A*AAAAAAA*A*AAAAAAAAAA*AA*AA*AAAAA*AA*A*AAA*AAA*AAAAA**AAAAAAAAAAA*AAAAAAAA*AAA*AAA*A*A*AAA*A*AAAAAAAA*AAAAAAAAAA*AA*AAAAA***AAAAA*A*AAA***A*AAA***AAAAAAAAAAAA*AA*A**AAA**AAAAAAA,...x.x.......x.x..x.....x.x.x........x.x.......x.x..x.....x.x.x........x.x........x.x.x.....x.x.x........x.x.......x.x.x......x.x.x.......x.x........x.x.x.....x.x.x........x.x.......x.x..x.......x.x.....x..x...x.....x.x......x...x.x.....x.x....x.....x.x......x...x.x.....xx.x...x.....x....,2749,Expert,True
puzzle_450,17,AAA*AAA*AAAAAAAAAAAAAAAAAA*A*AAAAAAAAA*A*AAAAAAAAAAAA*AAAAAAAAAAAAA*****A*AAAA*A*AAAAAAAA*AAAAAA****A**AAAA*AA*A*AAAAAAA*AAAAAAAAAAAAA*AA*AAAAA*A*AAAAAAAAAAA*AAAAA***A*AAAAAAA*AAA*AAAA**AAAAAA***A*AAAAAAAAAAAA*AAAAAA*A*AAAA**AAA****AAAAAAA*AAA*A*A*AAAAAAA*A*AAAA*A*AAAAAAAAA*AAAAAAAA***AAA,.........x.x.x.x..x.x.x.x..................x.x.x.x..x.x.x.x..................x.x.x.x..x.x.x.x..................x.x.x.x.x.x.x.x..................x.x.x.x..x.x...x.........x....x...x.x.x....x.x...........x.x....x.x.x.x......x...........x.x.x..x.x.x.x..................x.x.x.x.x.x.x.x.........,2751,Expert,True
puzzle_451,17,AAAA*A*AAA*AAAAAAAAAA*A*A*AAA*AAA**AAA*A*AAA*A*A*AAAAAAAA*A*AAAAA*AAAA*A*A**AA*AAAAAA*AAAAAAAAAAAAA*AA*A*AAA*AAAAAAAA*A*AAAAA*AAAA*AAAAAA*A**AAA*AAAAAAAAA*AAAAAAAAA*AA***AAA*AAA*****AAA*A**A*A*A*A*AA**AAAA**A*AA**AAAAAA*AA*AA*A*AA*A***AA*A***A*AAAAAAAAAAAA*A***AAA**A**AAAAAAAAAAAAAAAAA***,.x.........x.x.x....x.x.x.x........x.........x.x.x....x.x.x.x........x.........x.x.x....x.x.x.x........x.........x..x.x...x.x.x.x.......x...........x.x.x..x.x...x.x......x.....x.....x...x..x.x...x.....x........x...x.x...xx.x.....x.....x......x.x...x.x....x.x.....x......x.....x.x...x..x...,2757,Expert,True
puzzle_452,17,AA*AAAAAAAAAAAAAAAAA*AAAA*AAAAAAAA*AAAAAAA**AA*AAAAAA*A**AAA*AA*AAAAAAAAAAAAAAAAAAAAAA**A*AAAA*AAAAAAAAAAAAAAAAAAAAAAAAAAAAAAAAAAAAAAAAA*AAA***AAAAAAAAAA*AAAAAAAAAAAA*A*AAA*AAAAAAAAAAAAAAAAAAAAAAAA**A**AAAA*AAA*A*AAAAAAAA*AAAAAAAAA*AAAAAAAA*A*AAAAAAAAAA**AA*AAAAAAA*AAA*AAAAAAAA*A**AAAA**A,....x...x.....x.xx.....x...x.x......x.x.........x.xx.....x.x.x........x.x.......x..x.x.....x.x.x........x.x.......x.x........x.x.x.....x.x.x........x.x.......x.x.x......x.x.x.......x.x........x.x.x.....x..x.x.......x.x........x.x.x.....x..x.x.......x.x........x.x.x.....x.x.x........x.x...,2757,Expert,True
puzzle_453,17,**AAAA*AA*AAAAAA*AAAAAA*AAAAA*AA*AAAAAAAAAA*AAAAA*A*AA**AAA*AAA***AAAA*AAA*AAAAAAA*AAA*A*AAAA*A*A**AAAAAAAAA*A*AA*AAAAAAAAA*AAAAAAAAA*AAAAA*A*AAA**A*AA*AAAAAAAAAA*AAAAA***AAAAAAAA*AA*AA*AA*AA*AAAAAAAAAA*A*AAA**A*AA*AAAA*A**A***AAAAAAA*AAAAAAAAA**AAAA*A*AA**AAAA*A*AAAAAA*AA*A*AAAAAAAAAA*AA,...x.x.......x.x..x.....x.x.x........x.x.......x..x.x.....x.x.x........x.x.......x.x.x......x.x.x.......x.x.........x.x......x.x.x.x....x.x.x.........x........x.x.x.x.....x..x.........x.x......x.x.x.x.....x.x..........x.x......x.x.x.x....x.x.x..........x........x.x.x.x...x.x..x.........x.,2759,Expert,True
puzzle_454,17,A*AAAAA*AAA*AAAAAA**AAAAAAAAAAA*AAAAA*AAA*AA*AA**A*A**AAAA*AAA*AAA***AAAAAAAA*AAA*AA*A**AAAAAAAA*AAA*A**A***AAAA*AA*AAAAAAAAAAAAAA*A**A*AA*A*AAA*AAAAAAA*AA*AAAAAAAAA*AAAAA*AAAA**AAAA*AAA*AAAAAA*A*A**AA*AA*A*A*AAAAA*AAAAA*AAAA*AAA*AAAAAAAAA**A*AAAAAA*A*A*AAAAAAAAAA*AAA*****AAAAA*AAAAAA*A*A,..x.....x....x..xx...x.x...x........x.....x...x..x.x...x.x...x........x.....x...x.x..x...x.x...x..............x...x.x.xx.x.x.x...................x.x.x.x..x.x.x.x..................x.x.x.x..x.x.x.x..................x.x.x.x..x.x.x.x...................x.x.x.x.x.x.x.x..................x.x..x.x,2759,Expert,True
puzzle_455,17,AA**AA**AAA*AAAAAAAAAAAAAA*AA*A*AAAAA*A**AAAAAAAAAAAAAAAAA*AAAAAAAAAAAAAAAAAAAAAAA*AA**A*AAAAAA**AAA*AAAAAAAA*AAAAAAA*AAAAAAAAAAAAA*AAA*AA*AAA*AAAAAAA*AAAAAAAAAAAAAAAAAAA*AAAAA*A*AAAAAAA*AA*AAAAAA**A*AAAAAAAA*AAAAA**A*A****AA*AAAAAA**AAAA*A*AAA*AA*A*AAA*A****AAAAAA**AAAAA*AAAA*A**AAAAA*A*,x.......x.x..x.....x.x.x........x.x.......x..x.x.....x.x.x........x.x.......x.x.x........x.x.......x.xx.x......x.x..........x.x.....x.x..x.x.....x.x..........x.x.....x.x..x.x.....x.x..........x.x......x.x.x.x.....x..x.........x.x......x.x.x.x......x.x..........x.x.....x.x..x.x.....x.x....,2761,Expert,True
puzzle_456,17,AA*A*A*AA*AAAAA**AAAAAAAAAAA*A*AAAAAAAAAAAA*AAAAAA*AAAAAAAA**A**AAAAAAA**AA*AAAAAAAA*A*AA*****AAAAA*AAA*A*AAAAA*AA**A*AA*AA**AA*AAAAA*AAA*AAAAAA*A*A*A*AAAAAAAA*A*AAAAAAAAAAAAAAAAAA*AAAAA*AAAAAAAAAA*A*AAA*AAAA*A*AAAAA*AAAAAAAA*****AAAAAAAAA*AAAAAAAA**A*AAAAAAAAAAAAAAAAAA*A*AA*AAAAA*AAAA*AA,.x......x...x.x......x.x...x.....x..x.....x...x.x..x...x.....x.....x..x...x.x.....x..x.........x.x...x..x.x.x.x........x..........x.x.x....x.x.x.x........x.........x.x.x....x.x.x.x........x.........x.x.x....x.x.x.x........x.........x.x.x....x.x.x.x.......x...........x.x.x..x.x.x...x......,2773,Expert,True
puzzle_457,17,*A*A*AAAAA**AAAAA*AAAAA*AAAAAAAA*AAAAAA*A**AAAAAAA*A*AAAA*AAAAAAA*AAAAA*AA*A*AA**AAAAA*A*AAAAAAAAAA*AAAAAAAAAA*A**AA*AA*A*AAA*AAAAAAAAA*AAA*A*A***AAA*AAAAAAA**AAAAAAA*AAA*AAAA*AAA*AA**AAAAAAAA*A*AAAAA*AAA*AAA**A*AAAA**AAAAAAA*A*AAAAAAAAA**AAAAAAAAAAAAAAAAAAAAA****AAAAA*AAAAAAAAAAAAAAAAAA*,.x.x.x.........x........x.x.x.x...x.x.x..........x........x.x.x.x...x.x..x.........x........x.x.x.x....x.x.x..........x........x.x.x.x..x.x.x.x..................x.x.x.x...x..x.x.........x........x.x.x.x...x.x..x.........x........x.x.x.x....x.x.x.........xx........x.x.x......x.x.x.......x.,2773,Expert,True
puzzle_458,17,AAAA*AAA*AAAAA*AA*A*AAAAAAAAAAA*AA*A*A*A*A*A*AAA*AAAAAAAAAAAAA*A*AAA*AAAAAA*A*AAAAA*AAAAAAAAAA*A**AAA*AA*A*A*AAAAAAAAAA*AAAAAAA**AAA*AAAAAA**AAA*AAA*AA*AA*A*A*AAAAAAAA*AAAAA*AAA*AAAAAA*A*A*AAA*AAAAAAA*AAA*AAA*A**AAAAAAAAAAAAAAAAA**AAAAAAAA*AA****AAAAAAAAAA*AAAA*AAA**A*AA***A*AAAAAAAA*A*AA,.........x.x.x.x..x.x.x.x..................x.x.x.x..x.x.x.x...................x.x.x.x.x.x.x.x..................x..x.x.x.x.x.x.x..................x.x.x..xx.x.x.x..................x..x.x.x.x.x.x.x..................x.x.x.x..x.x.x.x..................x.x...x.xx.x.x.......x..........x.x.x....x.,2781,Expert,True
puzzle_459,17,AAAAAAAAAAAA*AAAAAAAAAAAA*A*AAAA*AAAAA*AAA*AAA*A*AAA*A**AAAAAAAAAAAAAAAAAAA*AAA*A***AAAA*AAAAAAAAAA*A*AAA*AAAAA**A*AAAA*A*AA*AAAAAA*AA*AA***A*AAAAA*AAAAA*AA**AA*A**AAAA*AA*A**AAAAAAAAAA*AAAAAA*A*AAA*A****AA***AAAAAAAAAAAAAAAAAAAAAAAAAAAAA*A*AAAA**AAAAAAA*AAAA*AAAAA*A*AAAAAAAAAA*AAA*AAAAAA,.x.x.x.........x........x.x.x.x....x.x.x.........x........x.x.x.x...x.x.x...........x......x.x.x.x....x.x.x.........x........x.x.x.....xx...x.......x.x....x...x.x.......xx.........x.x.x....x.x.x.x..................x.x.x.x.x.x.x.x..................x.x.x.x..x.x.x.x..................x.x.x.x.,2783,Expert,True
puzzle_460,17,*AAAAAAAAAAA*A*AAA*AAAAAAAAAAAA*AAAAAAAAAAA**A*A*AAAAA*AAAA*A*AAA*AAAAAAA*AAA*A*AAAAAAAA*AAAAAAAAAAAAAAA*A**A*AAAAA*AAAAAAA*AAAAAA***AAAAA*AAA*AAA*AAAAA***AAAAAAAA*A**AAAAA**AAA*A*AAA*AAAAAA*A*AAAAAAAA**AAAA*A*AAAAAAAAAAAAA*AAAA*AAA**A*A*AAAA**AAA*AAAAAA**A**A*A*AAAAAAAAAAAAAAA**AAA*AAAAA,.x.x.........x.x......x.x.x.x......x.x.........x.x......x.x.x.x.....x.x..........x.x.....x.x.x.x.......x..........x.x.x...x.x.x.x........x.........x.x.x....x.x.x.x.......x..........x..x.x..x.x.x.x..................x.x.x.xx...x.x.x..........x.......x.x.x......x.x.x.......xx.x.......x.x....,2783,Expert,True
puzzle_461,17,AAAAAAAA*AAAA**AAAAAAAAAAAAA*AAAAA****AAAAAAA*A*AAAAAAAAA**A**AAAAAA*A*AAAA*A*AAA*AAAAAAA*AA*AAAAA*AA*AA**AAAA**AAAAAAAAA*A*AAAAA*AAAAAAAAA*AAAAAAAAAAAAAAAAAAA*AAA*AA*A**AAAAAAAA*AAAAAAA*AAAA*A*AAAA**A**AAAAAAA**AAAAAA*AAAAA*A*AAAA***AA*AAAAAAA*A*A*AA*A*AA*AAAAAAA*AAAAAAA*AAAAAAAA*AAAAA*A,......x...x.x..x.x.x.x...x..............x...x.x.x..x.x.x...x..............x.....x.x.x.x.x....x.x...........x......x.x.x.x.x...x.x............x.....x.x.x..x.x...x.x............x.....x.x.x..x.x...x.x............x.....x.x.x.x.x....x.x...........x......x..x.xx.x...x.x............x.....x..x..x,2783,Expert,True
puzzle_462,17,AAAAAAAAA*A*AA*AAAAAAAAAAAAAAAAAAAAAAAAA**A*AA*AAAAAAAAAAA*AAAAAAAAAAA*AAAAAAAAA**A*AAAAAAAA**AAAAAAAAA*AAAAAAAAAAAAAAAAAAAAAA**AAA*AAAA***AAAA**AAA*AAAAAAA*AAAAAA*AAAAAAAAAAA*AAAAAAAAAAAAAAAAAAAAAAA*AAAA*AAAAAA*AAAAAA*A*A*AAAAA**AAAAA*AAAA*AAAAAAAAAAA*AAAAAAA*AAAAAAAAAAA*AAAAAA*AAAAAAAAA,...x.x.x..x.......x..........x.x.x...x.x..x.x.......x..........x.x.x...x.x.x.x........x..........x.x.x....x.x.x.x......x.x..........x.x.....x.x..x.x.....x.x..........x.x.....x..x.x.x.....x.x..........x.x.....x.x.x..x.....x.x..........x.x......x.x.x.x......x.x..........x.x......x.x.x.x....,2783,Expert,True
puzzle_463,17,*AAAA**AAAAAA*AAA*AAAAAAAAAAAAA*AAAAA**AAA*AAAAAA**AAAAAAAAAA*A*AA*A*AAA*AAA*AAAAAAAAA*A*AAA*A*AA*AAAAAAAAA*AAA**AAA***A*AAAAAAAA*AAAAA**A**AAAAAAAAAAA**AAAAA*A*A**AA**AAAA*A*AAAAAAAAAAAAAAAAAAA**A**A*A*A*AAA*AAAAAA***AAAAAAAAA*AA*AAA*AAAAAAAAAAA*AAAA*AAAAAAA*AAA*A*AAA*AAAA*A*AAAAAAA*AAAA,........x.x.x.x...x.x.x..........x.......x..x.x.x...x.x.x..........x.......x.x.x.x...x.x.x..........x.......x.x..x.x...x.x.x..........x.......x..x.x.x...x.x.x..........x.......x.x.x.x....x.x.x.........x........x.x.x.....x.x.x........x.x.......x.x.x......x.x.x.......x.x........x.x.x.....x.,2786,Expert,True
puzzle_464,17,AA*A*AAAAAAA*AAAAAAAA*AAA*A*AAA*AAAAAAAAAA*AAAA*AAAAAAAAA*AA*AAA*AAA*AAA*AAAAAA***AAAAAAAAAA**A**A*A*AAA*A*AAAAAAAAAAAAAAAAA*A*A**AA**AA*A**AAAAAAAAAAA**A*AAAAAAAA*AAAAA*AAAAA*AAA**AAA***A*A*AAA*AAAA*AAAA*AAA*AAA*AAAAAAAAAAAAAAAAAA*A*AA*AAAA**AAA*AAAAAA***AAAAAAAAAAAAA*AA*AAAA**AAAAAA*AAA,.....x.x.x.....x..x.x.......x.x........x.x.x......x.x.x........x.x........x.x.x.....xx.x.x.........x........x.x.x.x....x.x.x..........x.......x..x.x.x...x.x.x..........x.......x.x..x.x...x.x.x..........x........x.x.x.x....x.x.x..........x.......x..x.x.x...x.x.x..........x........x.x.x.x..,2786,Expert,True
puzzle_465,17,*AAA*AAAAA**A*A*AAA***A*A*AAAAAAAAA*AAAA*A*AAAAA*A***AA*AAAAAAAAA*AAAAAAAAAAAAAAAAA*AA**AA*AA*AAAAAAAA*AAA*A***AAAAAAA*AAA*AA*AAAAAAAA*AAAAAAA*A*AAA**AAAAAAAAAAAA*AAAAA*AAAA*AAA*AAAAAAAA****A**AAAAAA*AAAAAAA**AAAAAAAAAA***AA*A*AAAAA**AAAAAAA*AAAAA*A*AA*AAA*AAA*AAAAA*AAA**A*A*AA*AAA*A*AAAA,.x.x.x...x..............x...x.x.x.x..x.x...x..............x...x.x.x..x.x.x...x..............x...x.x.x..x.x.x...x..............x....x.x.xx.x.x.....x............x.x.....x.x.x..x.....x.x..........x.x.....x.xx.x.......x.x........x.x.x.....x....x.......x.x...xx...x.x.x..........x........x.x.x.,2788,Expert,True
puzzle_466,17,AAAAAAAAAAAAAAAAAAAAAAAAAAAAAAAAAAAAAAAA**AAAAAAAA*A*AAAAAAAAAA*AAA*AAAAA**AAAAAAAA*AAA**AAAAAA*A*AAAAAAAAAAAAAAAAAAAAAAAAAAAAA*AA*AA*A*AAAAAAAAAAAAAAAAA*AAAAAAAAAAAAA**AAAAAA*AAAAAAAAAA*AA*AAAA*AAA*AAA***A***A**AAAAAAAAAAAAAAAAAA*AAAAAAAAA*A*AAAAAAAAAA*AAAA**AAA*AAAAAA*AA*A*AAAAA*AA**AAA,.x.x........x.x.......x.x.x......x.x.x.......x.x........x.x.x.....x..x.x.......x.x........x.x.x.....x..x.x.......x.x........x.x.x.....x.x.x........x.x.......x.x.x.......x..x.......x.x.x..x...x.x.x..................x.x.x.xx.x.x.x..................x.x...x.xx.x...x.....x........x...x.x....x.,2790,Expert,True
puzzle_467,17,AAAA**A*A*AAA***A*A***A*AA*AAAAAAAA*AAAAAA*AAAAAAAAAAAA*A*AAAAAAAAA*AAAAAAAAA**A*AAAAAAAA*A*AAA*AAAAAAAAAAAAAAAA*AA**AAAAAA*AAAAAAAAAAAA*AAA*AAA*AAAA**A*AAAAAA**AAAAAA*AAAAA*A*AAAA*A*AA*AAA**A**AAA*AAAAAA**A*A*AAAAA*A*AA*A*AAA**AAA*AA**AA*AAAAAAA*AAA*AA*AAAA**AA*AA*AAAAA****A*AAAAAAAAAAAA,.x.x..x.x..................x.x.x.xx.x.x..x..................x.x.x.x..x.x.x.x..................x.x.x.x..x.x.x.x..................x.x.x.x..x.x.x.x..................x.x.x.x.x.x.x.x..................x...x.x.x..x.x.x...x......x.......x...x...x....x.x...x...x..x.x.....x...x.........x....x...x.x,2792,Expert,True
puzzle_468,17,AAA**AA*AAAAA*A*AA*AAAAAA*AAA**AAAA*AAAAAAAAAA*A*AA*AAAAAA*AAAAAAAAAAAAAAAAAA**A***A***AAA*AAA*AAAA*AA*AAAAAAAAAA*AAAAAA**AAAAAAAAAAAAA*AAAAAAAAAAAAAAAAA*A*AA*AA*AAAAAAAAAAAAAAAAAAAAAAAAAAAAA*A*AAAAAA**AAA*AAAAAAAA**AAAAA*AAA*AAAAAAAAAA*A*AAAAAAAA**AAAAAAAAA*AAAAAAAAAAAAAAAAAAAAAAAAAAAAAA,.x....x.x...x........x.....x...x.xx.x...x.x..................x.x.x.xx.x.x.x..................x.x.x...x..x.x.x.......x..x.......x.x.x.......x.x........x.x.x.....x.x.x........x.x.......x.x..x.....x.x.x........x.x.......x.x..x.....x.x.x........x.x.......x.x.x......x.x.x.......x.x........x.x.,2799,Expert,True
puzzle_469,17,AAA**AA*AAAAA*A*AA*AAAAAA*AAA**AAAA*AAAAAAAAAA*A*AAAAAAAAA*AAAAAAAAAAAAAAAAAA**A***A***AAA*AAA*AAAA*AA*AAAAAAAAAA*AAAAAA**AAAAAAAAAAAAA*AAAAAAAAAAAAAAAAA*A*AA*AA*AAAAAAAAAAAAAAAAAAAAAAAAAAAAA*A*AAAAAA**AAA*AAAAAAAA**AAAAA*AAA*AAAAAAAAAA*A*AAAAAAAA**AAAAAAAAA*AAAAAAAAAAAAAAAAAAAAAAAAAAAAAA,.x....x.x...x........x.....x...x.xx.x...x.x..................x.x.x.xx.x.x.x..................x.x.x...x..x.x.x.......x..x.......x.x.x.......x.x........x.x.x.....x.x.x........x.x.......x.x..x.....x.x.x........x.x.......x.x..x.....x.x.x........x.x.......x.x.x......x.x.x.......x.x........x.x.,2799,Expert,True
puzzle_470,17,AA*AAA*AAAAAA**AAAAAAAAAAA*AAA*AAAAAAAAAAAAA*A*AAAAAAAAAAAAA*A*AAAAA*AA*A*AAAAA*AAA**AAA*AAAAAAA**AAA*A**A*AAA*AA*A*AAAAAAAAA*AAAAA***AAAAA*AAA**AAAA*AAAAAAAAA*AA*AA**AAAA*AA*AAAAAAA*AAAAA*AAA*AA*A*AAA*AA*A**AAAAAA*AAA*AA*AAA*AA*AAAAAAAAAAAAA*AAA*AAAAAAAAAA*A*AAAAA*AAAA***AAA*AAAAAAAAA*AA,.....x..x.x.x.....x.x..........x.x.....x.x.x.x......x.x..........x.x......x.x.x.x....x.x.x.........x........x...x.x...xx.x.x...x..............x.....x.x.xx.x.x.....x............x.x....x.x.x.x.x......x............x.x...x.x..x.x.x.....x............x.x...x.x..x.x.x.....x............x.x...x.x.,2800,Expert,True
puzzle_471,17,*AAAAAAAAA*AAAA*AAAAAAAAAAAAAAAAA*AAAAAAAAAAAAAA*A*AAAAAAA*AAAAAA*AAAAA*AAAAAAAAAA*AAAAAAAA*AAAAAAA*AA*A*AAAAAAAAAAAAAAAA*AAA*AAAAAAAAAA*AAAAAAAAAAA*AAA*AA***AAAAAAAAAAAA*AAAAAAAAAA*AA*AAAAAAAAAA*AA*AAAAAAAAAAAAA*AAAAAA****AAAAAAAAAAAAAAAAA*A**AAAAAAAA**AAA*A*AAAAAAAA*AAA**AAAAAA*AAAAAAA*,.x..x...x.......x......x...x.x.x..x.x.x...x..............x....x.x.x.x.x.x....x..............x...x.x.x..x.x.x...x..............x...x.x.x..x.x.x...x..............x...x.x.x..x.x.x...x..............x....x.x.xx.x..x....x..............x...x.x.xx..x..x...x..............x...x.x.x..x.x.x...x......,2803,Expert,True
puzzle_472,17,AAAAAAAAAAAAAAAAAAAAAAAAAAAAAA*AAAAAAAAA**AAAAAAAA*A*AAAAAAAA*A*AAA*AAAAA**A*AAAAAA*AAA**AAAAAA*A*AAAAAAAAAAAA*AAAAAAAA*AAAAA*A*AA*AA*A*AAAAAAAAAAAAAAAAA*AAAAAAAAAAAAA**AAAAAA*AAAAAAAAA**AA*AAAA*AAA*AAA***A***A**AAAAAAAAAAAAAAAAAA*AAAAAA*AA*A*AAAAAAAAAA*AAAA**AAA*AAAAAA*AA*A*AAAAA*AA**AAA,.x.x........x.x.......x.x.x......x.x.x.......x.x........x.x.x.....x..x.x.......x.x........x.x.x.....x..x.x.......x.x........x.x.x.....x.x.x........x.x.......x.x.x.......x..x.......x.x.x..x...x.x.x..................x.x.x.xx.x.x.x..................x.x...x.xx.x...x.....x........x...x.x....x.,2812,Expert,True
puzzle_473,17,*AAAA**AAAAA*A*A*A*AAAAAAAA*AAAAA**AAAAAAA**A*AAAAAAA*AAAAAAA*AAAA*AAAAA**AA*A*AA*AAAAA*AAAAAAAAAA*A*AAA*AA**A*AAAAAAAA*AAAAAAAAA*AA**A*AA**AAA***A*A*AAAAAA*AAAAAAA**AAAAAAA**AA*AAA*AAAA*AAA*AAAAA*A*AAAAAAAA**AAAA*A**AAA**AAAAAAAAA*A*AAAAAAAAAAAAAAAAAAAA*AA*AAAAA****AAAAA*AAAAAAAAAAAAAAAA,.x.........x.x.x....x.x.x.x........x..........x.x.x...x.x.x.x........x.........x..x.x...x.x.x.x.......x..........x.x.x...x.x.x.x..................x.x.x.x..x.x.x.x........x.........x.x..x...x.x.x.x........x.........x..x.x...x.x.x.x........x.........x.x.x.....x.x.x........x.x.......x.x.x...,2823,Expert,True
puzzle_474,17,AAAAAAAAAAAAAAAA*AAAAA****AAAAA*AA*AAAAAAAAAAAAAAAAAAAA*A*AAAAAAAAA**AAA**A*AAAA**AAAAAAAA*A*AAAAA*AAA*AAAA*AAA*AA**AAAAAAA**AAAAAAA*AAAAAA*A*A***AAA**AA*A**AA*AAAAAAAAA*AAAAAAAA*A**AA*AAA*A*AAAAAAAAAA*AAAAA*AA*A*AA**AAAAA*AAAA*AAAAAAA*AAAAAAA*A**AAAAAAA**AAAAA*AAAAAAAA*A*A*A*AAAAA**AAAAA,...x.x.x.......x.x........x.x.x.....x.x.x.........x........x.x.x.x...x.x..x.........x........x.x.x.x...x..x.x.........x........x.x.x.x..x.x.x.x..................x.x.x.x...x.x.x..........x.......x.x.x.x...x.x..x.........x........x.x.x.x...x.x.x..........x........x.x.x.x....x.x.x.........x.,2823,Expert,True
puzzle_475,17,AAA*AAAAAAAAAA*AAAAAAAA*A*AAAAAAA*AA*AAAAAAA*A*AAA*AAAAAAAAAAAAAAAAAAAA*AA*AAA*AAA*A**AAAAAAAAAAAAAAAAAAAAAAAAAAAAA**A*A**AAAA*AAAAAAAAAA**AAAAA***AAAA*AA*A**AAAA*AAAAAAAAAAA*AAAAA**AAA*AAA*AAAAAAAA*A*AAAAA*AAAAAAAAAA*AAAAA*A**AAAAAAAAAAAAAAAA*A*AAA*AAA*AA*A**A*AAAA*AA*AAAAAA*A*AAAA*AAAAA,x.x.x.x...................x.x.x.x..x.x.x.x..................x.x.x.x.x.x.x..x..................x.x.x.x..x.x.x.x..................x.x.x.x.x..x.x.x...................x.x.x.x.x.x..x.x..................x.x.x.x.x..x.x.x..................x.x.x.x..x.x.x.x........x.........x.x...x..x..x..x.....x..,2826,Expert,True
puzzle_476,17,AAAA*AAA*AAAAA*AA*A*AAAAAAAAAAA*AA*A*A*A*A*A*AAA*AAAAAAAAAAAAA*A*AAA*AAAAAA*A*AAAAA*AAAAAAAAAA*A**AAA*AA*A*A*AAAAAAAAAA*AAAAAAA**AAA*AAAAAA**AAA*AAA*AA*AA*A*A*AAAAAAAA*AAAAA*AAA*AAAAAA*A*A*AAA*AAAAAAA*AAA*AAA*AA*AAAAAAAAAAAAAAAAAA*AAAAAAAA*AA****AAAAAAAAAA*AAAA*AAA**A*AA***A*AAAAAAAA*A*AA,.........x.x.x.x..x.x.x.x..................x.x.x.x..x.x.x.x...................x.x.x.x.x.x.x.x..................x..x.x.x.x.x.x.x..................x.x.x..xx.x.x.x..................x..x.x.x.x.x.x.x..................x.x.x.x..x.x.x.x..................x.x...x.xx.x.x.......x..........x.x.x....x.,2832,Expert,True
puzzle_477,17,AAA*AAAAAAAAAAAAAAAAAAAAA*AAA*A*AAAAAAA*AA***AA*AAAA*A*A*AAAAAA**AAAAAAAAAAAAA*AAA**AAAAAAAAAAAAA*AAAAAAAAA**AA*A*AAAAAA*AA*A**AAA*AAAAAAAAAAAAAA*A*AAAAAAAAA**AAAAAAA*AAAAAA**AAAAAAA*AAAAAAAAAAAAAAAAAAAAAAA*AAAAAAAAAA*AAAAA*AAAAA*AAAAAAAAAA***AAAAAAAAAA*AAAAAAA*A*AAA*A*AAAA*AAAAAAAAAA***A,....x...x....x.x.x.x...x...x..........x.......x.x.xx.x...x...x..........x...x...x...xx.x...x.......x......x...x.x.x....x.x...........x.x......x.x.x.x.....x.x..........x.x.....x.x.x.x......x.x.........x.x......x.x.x.x......x.x.........x.x......x.x.x.x......x.x.........x.x......x.x.x.x.....,2834,Expert,True
puzzle_478,17,AAAAA*AAAA*AAAA*AAAAA*AAA*AAAAAAAA***AAAAAA**AAAAA*AAA*AAA*AAA*AAA*AAAAAA*AA*AAAAAAA*AAA*A*AAAAAAAAA*AAA*AAAAAAAAAAAA*AAAAA**A*AAAAA*AAA*A*AAAA**AAAA*AAAAAAA*AAAAA*A*A*AAAA*AAA*AAAAAAA**AAAAAAAAAA*A*AA*AA*A*AAA*A*AAA*A*AAAAAAAAAA***AAAAA*A**AAA*AAAAAAAAAAAAAAAAAAA*A*AA***A**A*AA*AAAA*AAA*,....x.x.x.....x..x.x.......x.....x....x.x.....x.x..x.x.....x.x..........x.x.....x..x.x.x.....x.x..........x.......x.x.xx.x...x.x..................x.x.x.x.x.x.x.x..................x.x.x..x.x.x.x.x..................x.x.x.x..x.x.x.x..................x.x.x.x..x.x.x.x..................x.x.x.x.,2837,Expert,True
puzzle_479,17,A*AA*A*A**AA***AA***AAAAAAAA*A*AAAA*AAA*AAA*AAAA**A***AAAAAA**A*A*AAAAAAAA**AAAAAAAAAAA*AA*AAA*A*A*AA*AAAA**AAAA*AAA*AAA*AAAAAAAAAA*AAAAAAA*A*AA*AAAAAAAAAAAAAA*AAAAAA**A**AAAA**AAAAAAAAAAAAAAAAAAAA*AAAAAAAA***AAA*A*AAAAAAAAAAAAAAAA*AAAAAAAA*A*AA**AA*A*A*AAA*AAA*AAA**A*A***AAA*AAAAA*A*AAAA,x.x.......x.....x....x.x.x.....x..x.x.......x.x........x.x.x.......x..x.......x.x.x..x...x.x.x..........x........x.x.x.x...x.x.x..................x.x.x.x.x.x.x.x..................x.x.x.x..x.x.x.x..................x.x.x.x..x.x.x.x..................x..x.x.x.x.x.x.x..................x.x.x.x.,2859,Expert,True
puzzle_480,17,A*A*AAAAAA*AAAAA*****AAA*AAAAAAAAAA*A*A*AAAAAAAA**AAAAAAAAA*AAA*AAAA*AAAAA*AAAAA*A*A*AA*AA**A*A*AAAAAA*AAA*AAAA**AAAA*AAAAA*AAAAAAAAA*AA*AAAAAAA*AAA*A*AA*A**A*AAAAAAAAAAAAAA*AA*AAAA***A**A*AAA*AAAAAAAA**A*AA*AAA*AAAAAAAA***AAA*AAA*AAAA**A*A**AA*AA*AAAAAAAAA*AAAAAAAAAAA**AAAAAA*AAA*AAAAA*A,x.x..x.x..................x.x.x.x.x.x.x.x...................x.x.x.x..x.x.x.x..................x.x.x.x..x.x.x.x..................x.x.x.x..x.x.x.x...................x.x.x.xx.x.x...x..............x...x.x...x..x.x...x.....x........x...x.x...x.x..x...x.....x........x...x.x...xx..x....x.....x..,2859,Expert,True
puzzle_481,17,AAAA*A*AAAAA*AAA***A*A**AAA*AAA*AAA*A*A*AA**AA*A*AAAAAAAA*AAAAAAAAAAAAAAAA*A*AAA**AAAAAAAAA*AAAAAAAAAAAAAAAAAAAA**AAAA**A**AAAAAA*AAAAAAAAAAAAAA*AA*A*AAAAAAA*AAAAAAAAAA*AAA*AAA*AAAA**AAAAAAA*A*A*AAA*AA*AAAAAAAAAAA**AAAAAAAA*A*A**AAAAAA***A**AAAA*AAA*AAA*AAAA*A*AAAAAAAA***AA***AA**A*A*AA*A,.x.x.x.x..................x.x.x.x.x.x.x..x..................x.x.x.x..x.x.x.x..................x.x.x.x..x.x.x.x..................x.x.x.x.x.x.x.x..................x.x.x...x.x.x.x........x..........x.x.x...x..x.x.x.......x..x.......x.x.x........x.x.......x.x..x.....x.x.x....x.....x.......x.x,2859,Expert,True
puzzle_482,17,AAAAAA*AAAAAA*AA*A*AA*AAAAA*A*AAAAA**AAAAAAAAAAAA**AA*AA***AAAAAA*AAAAAAA*AAAAA*AAAAAAAA*AAAAAAAAAAAAAAA*A*AAAA**AA**AAA**A*AA**AAAAAAAAAAAAAAAAAAAAAAAA*AAA**AA*AAAAAAA*AAAAAAAAAAA*AA*A*A**AAAAAAAAAAAAAA*A*AAAA****A*AAAAAAAAAAAAAAAA*AA*AAAAAAAAA*AAAA**AAA*AAAAAAA*A*A*A*AAAA*AAAAA*AAAAA*A*,..x..x.x.x.......x..........x.x.x....x.x.x.x.......x..........x.x.x...x.x.x.x..................x.x.x.x.x.x.x.x..................x.x.x.x.x.x.x.x..................x.x.x.x...x..x.x.........x........x.x.x.x..x.x.x...........x......x.x.x.x.....x.x..........x.x.....x.x.x.x......x.x.........x.x.,2887,Expert,True
puzzle_483,17,AAAA*A*A*AAAAAAAAAAAAA*AAAA*AAA*AA*A*AAAAAAA**AAAAA*AAAA**AAAAAAAAAAAAAAAAAA*AA**AA*AAA*A*AAAAA*A*A***AAAAAAAA*A*AAAAAAA*A*AAAAAAAAAA*AA*AA*AAAAA*AA*A*AAA*AAA*AAAAA**AAAAAAAAAAA*AAAAAAAA*AAA*AAA*A*A*AAA*A*AAAAAAAA*AAAAAAAAAA*AA*AAAAA***AAAAA*A*AAA***A*AAA***AAAAAAAAAAAA*AA*A**AAA**AAAAAAA,...x.x.......x.x..x.....x.x.x........x.x.......x.x..x.....x.x.x........x.x........x.x.x.....x.x.x........x.x.......x.x.x......x.x.x.......x.x........x.x.x.....x.x.x........x.x.......x.x..x.......x.x.....x..x...x.....x.x......x...x.x.....x.x....x.....x.x......x...x.x.....xx.x...x.....x....,2894,Expert,True
puzzle_484,17,AA***AAAAA*A*AAAAAAAA*AAA*AAAA*AAAAAA*AAAA*AAAAAAA*A*AAAAA*AAAAAAAAAAAAA*AA*AAAAA****AAAAAAAAAAA*AAA*AAAA***AAA*AAAAA*AAAAAAAA**AAAA*AAAAA*A*A*AAAAAAA**AAAAAAA*AA*A*A*AAAA*A*AAAAAAAA**AAAAAAAA*AA**AAAA*AAAA**AAAA*AAAAAAA*AAAAAAAAAAAAAAAAAA*AAAAAAA*AAAA**AA*AAAAA*AAAAAA*AAAA*AAAAAAAA*AA*AA,.x.......x.x.x......x.x.x.......x.x........x.x.x.....x.x.x........x.x.......x.x.x......x.x.........x.x......x.x.x.x.....x.x..........x.x.....x.x..x.x.....x.x..........x.x.....x.x.x.x......x.x.........x.x......x.x.x.x.....x.x...........x.x....x.x.x...x....x.x.......x....x.....x.x.x....x...,2907,Expert,True
puzzle_485,17,A*A*AAAAA*AA**AAAAAA**AA**AAAAAA*AAA*A*AAAAAAAAAA*AAAAAAAAAA*AAAAAA**A***A**AAAAAAAAAAA*AAAA*AAA*AAA**AAAAA*AAAAAAAAA***AAAAAAAAAAAAA**AAAAAAAAAAAAAAAAAA*AAAAA*A*AA*AA*A*AAAAAAAA*AAAAAAAAAA**AAAAAA*A*AAAAAAAAA**A*AAAAAA*AA*AAAAAAAA*A*AAA*AAAA*A**AAAAAA*A*AAAAAAAAAAAAA*AAAAAAAAAAAAAAAAAAAA,....x...x.x....x.x.x...x.....x............x.x...x.xx.x.x.x....................x.x.x.xx...x.x.x..........x.......x.x.x......x.x.x.......xx.x........x.x........x.x.x.....x..x.x.......x.x........x.x.x.....x..x.x.......x.x........x.x.x.....x..x.x.......x.x........x.x.x......x.x.x........x.x..,2921,Expert,True
puzzle_486,17,A*A*AAAAA*AA**AAAAAA**AA**AAAAAA*AAA*A*AAAAAAAAAA*AAAAAAAAAA*AAAAAA**A***A**AAAAAAAAAAA*AAAA*AAA*AAA**AAAAA*AAAAAAAAA***AAAAAAAAAAAAA**AAAAAAAAAAAAAAAAAA*AAAAA*A*AA*AA*A*AAAAAAAA*AAAAAAAAAA**AAAAAA*A*AAAAAAAAA**A*AAAAAA*AA*AAAAAAAA*A*AAA*AAAA*A**AAAAAAAA*AAAAAAAAAAAAA*AAAAAAAAAAAAAAAAAAAA,....x...x.x....x.x.x...x.....x............x.x...x.xx.x.x.x....................x.x.x.xx...x.x.x..........x.......x.x.x......x.x.x.......xx.x........x.x........x.x.x.....x..x.x.......x.x........x.x.x.....x..x.x.......x.x........x.x.x.....x..x.x.......x.x........x.x.x......x.x.x........x.x..,2921,Expert,True
puzzle_487,17,AAAAAAAAAAAAAAAAAAAAAAAAAAAAAA*AAAAAAA*A**AAAAAAAA*A*AAAAAAAA*A*AAA*AAAAA**A*AAAAAA*AAA**AAAAAA*A*AAAAAAAAAAAA*AAAAAAAA*AAAAA*A*AA*AA*A*AAAAAAAAAAAAAAAAA*AAAAAAAAAAAAA**AAAAAA*AAAAAAAAA**AA*AAAA*AAA*AAA***A***A**AAAAAAAAAAAAAAAAAA*AAAAAA*AA*A*AAAAAAAAAA*AAAA**AAA*AAAAAA*AA*A*AAAAA*AA**AAA,.x.x........x.x.......x.x.x......x.x.x.......x.x........x.x.x.....x..x.x.......x.x........x.x.x.....x..x.x.......x.x........x.x.x.....x.x.x........x.x.......x.x.x.......x..x.......x.x.x..x...x.x.x..................x.x.x.xx.x.x.x..................x.x...x.xx.x...x.....x........x...x.x....x.,2921,Expert,True
puzzle_488,17,A*AAAAAAAAA*AAAA*A*A*AAAAAAAA***AAAAA**AA*AAA**A*AAAAAAA**AAA**AAAAAAAA*AAA*AAAAAAAAAAAAAAAA*A*AAAAAA***AAAAA***AAAAAAAAAAAA*AAAA**A*AA*AA*AAA*AAAAAAAAAAAAAAAAAAAA*A**AAAAAAAA*AA*AAAAAAAAAAAAAAAA**AA*AAAA*AAAAA*AAAAAAAAA*AAAAAAAA*AAAAA**AAA**AA*AAAA*A*A*AAAAAAAAAAAA*AA**AAAAAA*A*AAAAAAA**,......x...x.x..x.x.x.x...x..............x...x..x.x.x.x.x...x..............x....x.x.x.x.x.x...x..................x.x.x.x..x.x.x.x........x.........x.x.x.....x.x.x........x.x.......x.x.x......x.x.x.......x..x.......x.x.x......x.x.x........x.x.......x..x.x.....x.x.x........x.x.......x.x..x..,2927,Expert,True
puzzle_489,17,AAA**A*AAA*AAAAAAAAAA*AAA*AAA*A*AA*AAAAA*AAAAAA***AAAAA*A**AAA*AAAAAA*AAAA*A*AAAA*AAAAAA*A*AAAAAAAAAAA**AAA*AAA*AAA*A*AA*A**A**A**AAAAAAAAA*A*AAAA*A*****AAA*A*AA**AA**AAAA*AAAAA*AAAAAAAAA*A*AAAA*AAAAA*AAAAAAAAAAAA*AAAAAA*AA*AAA*AA*A*AAA*AAAAAA*A*AAA*AAAA*AA*AA*AA*AAAA*A*A*A*AAAAA**A*A*AA*,.....x.x.x.x......x.x.........x.x......x.x.x.x.....x.x..........x.x.....x..x.x.x.....x.x..........x.x.....x.x.x.x......x.x..........x.x.....x.x..x.x.....x.x...........x.x....x.x.x...x.....x........x...x.x...x.x..x...x.....x........x...x.x...x..x.x...x.....x........x...x.x...x.x.x....x....,2934,Expert,True
puzzle_490,17,*AAA*AAA**AAAAA*AAAAAAA*AAA*AAA**AAAA*AA***AAAAAAA*AAAAAAAA**AA*A*AA**AAA*AAAAA*AAAAAAAAA*AAA**AAAAA**AAAA*A*AAA*A**AAAAA*AAAAAAAAAAAAA*AA***AAAAA*A*AAA*AAAAAAAAAAAAAA*AAAAAAA*AAAAAAAAAAAAAAAA*AA*AAA**AA**A**AAAAAAAA*A*AAAAA*AAA***AAAAAAAA*A*AAA*AA*AAAAAAA*AA*AA*A*AAA**AAA*A*AAAAA*AAA***A,..........x.x.x.x.x.x.x.x..................x.x.x.x.x.x.x.x..................x.x...x.x.x.x.x......x...........x.x....x.x.x.x.x.....x............x.x...x.x..x.x.x.....x............x.x...x.x.x.x.x......x...........x.x....x.x.x.x.x.....x............x.x...x.x..x.x.......x.....x....x.x.x...x....,2937,Expert,True
puzzle_491,17,*AAA*AAA**AAAAA*AAAAAAA*AAA*AAA**AAAA*AA***AAAAAAA*AAAAAAAA**AA*A*AA**AAA*AAAAA*AAAAAAAAA*AAA**AAAAA**AAAA*A*AAA*A**AAAAA*AAAAAAAAAAAAA*AA***AAAAA*A*AAA*AAAAAAAAAAAAAA*AAAAAAA*AAAAAAAAAAAAAAAA*AAAAAA**AA**A**AAAAAAAA*A*AAAAA*AAA***AAAAAAAA*A*AAA*AA*AAAAAAA*AA*AA*A*AAA**AAA*A*AAAAA*AAA***A,..........x.x.x.x.x.x.x.x..................x.x.x.x.x.x.x.x..................x.x...x.x.x.x.x......x...........x.x....x.x.x.x.x.....x............x.x...x.x..x.x.x.....x............x.x...x.x.x.x.x......x...........x.x....x.x.x.x.x.....x............x.x...x.x..x.x.......x.....x....x.x.x...x....,2937,Expert,True
puzzle_492,17,A*AAAAA*AAA**AAAAAAAAA**AAAA*AAAAAAAAAAAAAAAAAAAAAAA*AAAAAA*A*AAAAAAAAAAA*AA*AAAA*AAAAAAAAAAAAA*AAAAA**AAAAAAA*AAAAAA****AAAA*AAAAAAAAA**A*AAA*AAAAAAA*AAAAAAAA*AAAAAAAAAA*AAA*AAAAAAA*AAAAAAAAAAAA*AAAAAAAAAAAAAAAA**AAAA*AAAAAAA*AAAAAAAAAAAAA*AA*AAAAA*AAAAAA***A*AAAAAAAAAAA*A**A*A*AAAAAAAAA,..x.x.x.x..................x.x.x.xx.x.x...x..............x....x.x.x.x.x.x....x..............x...x.x.x..x.x.x...x..............x...x.x.x..x.x.x...x..............x...x.x.x..x.x.x...x..............x....x.x.xx.x..x....x..............x...x.x.xx..x..x...x..............x...x.x.x.x..x.x...x......,2941,Expert,True
puzzle_493,17,AAAAA***AAAAAAAAAAAAAAA*AAAAAAAAAAAAAAAAAA*AAA*AAAAAAAA*AAAAAAAAAAAA*AAAAAAAAA*AAAAAA**AAAAAAAAAAAA*AAAAA*A*AAAAAAAAAAAAAAAAAAAAAAA*AAAAAAA**A*AAAA**AAAA*AAAAAAAAAAAAAAA*A*AAAAA***AAAAAAAA*AA*AAAAAAAA****AAAAAAAAAA*AAAAAAAAAAAAAAAAAAAAA**AAAAAAAA*AAAAA****AAAAAA*AAAAAAA*AAAAAAA***A*AAAAA*,.x.........x.x.x....x.x.x.x........x.........x.x.x....x.x.x.x........x.........x.x.x....x.x.x.x........x..........x.x.x....x.x.x.x......x.x..........x.x......x.x.x.x.....x..x..........x.x......x.x.x.x....x.x.x...........x......x.x.x...x..x.x.x.......x..........x.x.x.....x..x.x.......x.x..,2941,Expert,True
puzzle_494,17,A*AAAAA*AAAAAAAAAA**AAAAAAAAAAA*AAAAAAAAA*AA*AA**A*A**AAAAAAAA*AAA**AAAAAAAAA*AAA*AA*A**AAAAAAAA*AAA*A**A***AAAA*AA*AAAAAAAAAAAAAA*A**A*AA*A*AAA*AAAAAAA*AA*AAAAAAAAA*AAAAA*AAAA**AAAA*AAA*AAAAAA*A*A**AA*AA*A*A*AAAAA*AAAAA*AAAA*AAA*AAAAAAAAA**AAAAAAAA*A*A*AAAAAAAAAA*AAA*****AAAAA*AAAAAA*A*A,..x.....x....x..xx...x.x...x........x.....x...x..x.x...x.x...x........x.....x...x.x..x...x.x...x..............x...x.x.xx.x.x.x...................x.x.x.x..x.x.x.x..................x.x.x.x..x.x.x.x..................x.x.x.x..x.x.x.x...................x.x.x.x.x.x.x.x..................x.x..x.x,2960,Expert,True
puzzle_495,17,*AAA*AAAAAAAAAAAAA*A**AAA*AAAAA*AAAAAA*AAA*AAAAA*AA*AAAAAAAAAAA*AAAA*A*AAAAAAA**A*AAA**AA*AAAAAAAA*AAAA***AAA*A*AAA*AAAAAA**AAAAAAAA*AAAAAAA**AAAAA*AAAA*AAAAAA*AAAA*AA*A*AAAA**AAA*A*A*A*AAAAAAAA*A*AAA*A*AAAAAAAA*AA*A*AAA*A*AAAA*AAAAAA*AAAAAAAAAAAAAAAAAAAAAAAAAAAA**AAAAAA**AAA**AA*AAAAAAAA,.x.x.x.....x............x.x...x.x..x.x.x.....x............x.x....x.x.x.x.x......x............x.x...x.xx...x.x.....x......x.....x.x.....xx.....x.....x.x....x.x...x.x............x.....x.x.xx.x.x.....x............x.x....x.x.x.x.x......x............x.x...x.x..x.x.x.....x............x.x...x.x.,2965,Expert,True
puzzle_496,17,AA***AAAAA*A*AAAAAAAA*AAA*AAA**AAAAAA*AAAA*AAAAAAA*A*AAAAA*AAAAAAAAAAAAA*AA*AAAAA****AAAAAAAAAAA*AAA*AAAA***AAA*AAAAA*AAAAAAAA**AAAA*AAAAA*A*A*AAAAAAA**AAAAAAA*AA*A*A*AAAA*A*AAAAAAAA**AAAAAAAA*AA**AAAA*AAAA**AAAA*AAAAAAA*AAAAAAAAAAAAAAAAAA*AAAAAAA*AAAA**AA*AAAAA*AAAAAA*AAAA*AAAAAAAA*AA*AA,.x.......x.x.x......x.x.x.......x.x........x.x.x.....x.x.x........x.x.......x.x.x......x.x.........x.x......x.x.x.x.....x.x..........x.x.....x.x..x.x.....x.x..........x.x.....x.x.x.x......x.x.........x.x......x.x.x.x.....x.x...........x.x....x.x.x...x....x.x.......x....x.....x.x.x....x...,2967,Expert,True
puzzle_497,17,AA*AAAAA*AAAAA*AAA*AAAAAAAAAAAAAAAAAA*A**AAA*AAAAA*AAAAAAAAAAAAAAAAAAAAA*AAAA*AAAAAA**AAAAAAA*AAA*AAAAAA*AAAAAA**AAAAAAA*AAAAAA*A*AAAA*AAAAAAAA*AAAAAAAA*AAAAAAA*AAA**A**AAA***AAAA*A*A*AAAAAAA*AAAAAA***AA*AAA**AAAAAA*AAAAAAAAAAA**AAA*AAAAAAAAAAAAA*AA*AAAA*AAAAA**AA*AAA*AA*AA*AAAAAA*AAAA**A,.x.....x.....x.x....x.x...x.x......x.....x.....x.x....x.x...x.x......x.....x.....x.x....x.x...x.x.....x......x......x.x..x.x....x.x.....x.....x......x.x...x.x...x.x............x.....x.x.x.x.x....x.x...........x......x.x.xx.x.....x.x..........x.x.....x.x..x.x.....x.x..........x.x.....x...x,2971,Expert,True
puzzle_498,17,AA*AAAA*AAAA*AAA*AAA**AAA*AA**AA*AAAAA*A*A*AAAAAA*A***AAAA*AAA*AAAAAAAA*A*A**AAAAA**A**A*AAAAAAAA*AAAAAAA*AAAAAAAAAA*AAAAA*A*AAAA*AA*AAAAAA*AAA*AAAAAA*AAAA*AAAAAAAA**AAAA**AAA**AAAAAAAAAAAAAAAA*AAAAAAAAAA*AAA**AA*AAAAAAAAAAAA*AAAAAAAAAAA*AA*AAA*A***AAAA*AAAAAAAAAAA*AAAA*AAA*AAAAA*AAAAAAAA,.x.x.....x.x..........x.x......x.xx.x.......x.x........x.x.x.....x...x........x.x...x....x.x.x.....x....x.......x.x...xx...x.x.x..........x.......x..x.x.x...x.x.x..........x........x.x.x.x....x.x.x..........x.......x.x.x..x...x.x.x..........x........x.x.x.x...x.x.x..........x.......x.x.x.,2987,Expert,True
puzzle_499,17,*AAAA*A*AAAA*AAA*AAAAAAAAAAAAA****A**AAAAAAAAAA*A*AA*AAAAA*A*AAAA*AAA**AAAAAA*A*AAAAA*A**AAA*AAAAAA**AAAA*AAA*A*AAAAAAAAAAAA**AAAA*AAAAAAAAAAA*AAA*AA*AAAAA*A***AAAAAAAAA*AAA*AAAA*AAA*A*AAAAA*AAA*AA*AAAAA*AA*AAAAAAAAAAAAAAA**A*AAAAAAAAA*AAAAAAAAAA*AAAAA*AA**AAAA*AAAAAAAAAAAAAAAA*AAAAA*AAAA,......x..x...x.x.x.x.x......x...........x.x.....x.x..x.x.....x.x....x.....x.x.....x......x.....x.x...xx.x...x.x..................x.x.x.x.x.x.x.x..................x.x.x.x.x.x.x..x..................x.x.x.x..x.x.x.x..................x.x.x.x..x.x.x.x...................x.x.x.x.x.x.x..x........,2987,Expert,True
puzzle_500,17,AAAA**AAA*AAAAA*AAAAAA*AAAA**AAAAAAAAAAAAAAAAAAAAAAAAAAAA*A*AAAAAAAAAAA*AAAA*AA*AAAAA*AAAAAAAAAAAAAAAA**AAAAAA*AAAAAAA**AAAAAAAAA*AAAA**AA*AAAAAAA*AAA*A*AAAAAAAAAA*AAAAAAAAAA*AAAAAAA*AAA*AAAAAAAA*AAAAAAAAAA*AAAA**AAAAAAAAAAAAAAAAAAA*AAAAAAAAAA*AAAAA*AA*AAAAAAAAAAAAA*A***AAAAAAAAAA*A*A**A*,........x.x.x.x..x.x.x.x..................x...x.x.x.x.x.x....x.............x....x.x.x.x.x.x...x..............x...x.x.x..x.x.x...x..............x...x.x.x..x.x.x...x..............x...x.x.x.x.x.x....x.............x....x..x.xx.x.x...x..............x...x..x..xx.x.x...x..............x...x.x..x.,2991,Expert,True
puzzle_501,17,AAA*AAAAAAAA*AAAAAAAAAAAAAAAA*AA*A*A*A*AAAAAAA*AAAAAAAA*AAAAAAAA*AAAAA*AA***AAA*A*AAA*AAAAAAAAA*AA*AAAAA*A**AAAAAAAAAAAAAAAAAAA*AAAAAAA*AA*AA***AAAA*A**AAAAAAAA*AAA*AAAAAAAAAAAAAAAAAA*AAA*AAAA*AAAAAAAAAAAAAA**AA**AAA*AAAA*AAAAAA*AAAAA**A*****AAA**AA**AAAAAAAAA*AAAAAAAAA*AAA*AAA*A*AAA*AA*A,.x.........x.x.x....x.x.x.x........x.........x.x.x....x.x.x.x........x..........x.x.x...x.x.x.x........x.........x.x.x....x.x.x.x.......x..........x.x..x..x.x.x.x........x.........x.x..x...x.x.x.x........x.........x...x.x..x...x.x...x........x.....x...x.x..x...x.x...x....x...x.....x...x..,2912,Grandmaster,True
puzzle_502,17,AAAA*AAAAAAAA*AAAA*AA*AAAAAAAAAAAAAAAA*AAAAAAA*A*A*AAA*AAAAAAAA*AAAAAAA*A*AAA***AA*AAAAA*AA*AAAAAAAAA*AAAAAAAAAAA**A*AA*AAAAAAA*AAAAAAAAA**A*AAAA***AA*AAAAAAA*AAA*AAAAAAAAAA*AAAAAAAAAAAAAAAAAAAAAAAA*AAAA*AAAA*AAAA*AA**AAA*A**AAAAA*AAAAAA*AAAA**AA**AAA****A*AAAAAAAAA*AAAAAA*AA*AAA*A*AAA*AA,.x.x.x.........x........x.x.x.x....x.x.x.........x........x.x.x.x...x.x.x..........x........x.x.x.x....x.x.x.........x........x.x.x.x...x..x.x..........x........x.x.x.x...x..x.x.........x........x.x.x.x..x.x...x.........x....x...x.x...x..x.x...x.....x........x...x.x...x....x...x.....x...x,2912,Grandmaster,True
puzzle_503,17,AAAAAAA*AAAAA*AAAA*AAAAAA*AAAAAA**AAAAAAAA*AAAA*AAAAAA***AAAA*AA*AAA***AAAAA*AAA*A*A*AAAA*AAAA*AAAA*AAAAAAA*AAAAAAAAAAAAAAAAAAAAAAAAAAAAAAAAAAA*AAAAAA*A*AAAA*AAA**AA***AAAAAA*AAA*AAAAAAA*AAAA*A*A*AAAAAA*AAA**AA*AAAAA*AAAA*AAAAAAAAAAA*A*AAAA*A*A*A*AAAAA*A*AAAAAAAAAAAAAA*AAAA*AA*AAAAA*A**AA,....x...x...x.x..x.x...x...x..........x.......x.x.xx.x...x.x............x.....x..x.x.x.x...x.x..................x.x.x.x.x.x.x.x..................x.x.x.x..x.x.x.x..................x.x.x.x..x.x.x.x..................x.x..x.x.x.x.x.x..................x.x.x.x.x.x.x.x..................x.x.x...x,2912,Grandmaster,True
puzzle_504,17,AAAA*AAAAAAAA*AAAA*AA*AAAAAAAAAAAAAAAA*AAAAAAA*A*A*AAA*AAAAAAAA*AAAAAAA*A*AAA***AA*AAAAA*AA*AAAAAAAAA*AAAAAAAAAAA**A*AA*AAAAAAA*AAAAAAAAA**A*AAAA***AA*AAAAAAA*AAA*AAAAAAAAAA*AAAAAAAAAAAAAAAAAAAAAAAAAAAAA*AAAA*AAAA*AA**AAA*A**AAAAA*AAAAAA*AAAA**AA**AAA****A*AAAAAAAAAAAAAAAA*AA*AAA*A*AAA*AA,.x.x.x.........x........x.x.x.x....x.x.x.........x........x.x.x.x...x.x.x..........x........x.x.x.x....x.x.x.........x........x.x.x.x...x..x.x..........x........x.x.x.x...x..x.x.........x........x.x.x.x..x.x...x.........x....x...x.x...x..x.x...x.....x........x...x.x...x....x...x.....x...x,2912,Grandmaster,True
puzzle_505,17,AA*AA*AAAAA*A**AAAAAAAAAAAAAAAA*AAAA*A*A*A*AAAAA*A**AAAAAAAAAAA*A*AAAA**AA*AAAAA*AAAAAAAA*A*A*AAAAAAAAAAAA*AAA*AAAAAAA*AAAAAAAA**AA***AAAAAAAAA*AAAAAA*A*AAAAAAAAAAAAAAAAAAAAAA*AAAAAAAAAAAAAAA*AAAA*AAAA*AA***AAAAA*AAA*A*A*AAA***AAAA*AA*AAAAAAAAAAA*AAAA*AAAA*AAAAAA*AAAAAA**AAAAAAA*AAAAA*AAA,........x.x.x...xx.x.x.x...................x.x.x.x..x.x.x.x..................x.x..x.x.x.x.x.x..................x.x.x.x..x.x.x.x..................x.x.x.x..x.x.x.x...................x.x.x.xx.x...x.x............x.....x..x.x.x.x...x.x............x.......x.x.xx.x...x...x..........x...x...x.x..,2963,Grandmaster,True
puzzle_506,17,A**A*A*AA*AA*AA*A*AAAA*A**A*A*A*A*A**A*AAAA*AA*A*A**AAAA**A*A*AA***AA**A*A*A*A*A*AA*A*AAAA*A***A*A**A*A**A*AAAAA*AA*A*AA*A*A*A***A****A**A*A*A*AA**AAAA*AA*A*A*A**A******A*A*A**A*A*A*A*A**AAA*A*A**A******A**AA*A*AA*A*A*AA*A*A*A*A***A*****AA*A*A*A*AA*AAA*A**A*A*A*A******A*AA*A**A**AAAAAA*A*,.....x.x.....x..x.x.x.....x.x..........x.x.....x.x..x.x.....x.x..........x.x......x.x.x.x......x.x..........x.x.....x.xx.x.x.....x..............x...x.x.xx.x.x.x..................x.x.x.x..x.x.x.x..................x.x.x..x.x.x.x.x...................x.x.x.x..x.x.x.x..................x.x.x.x.,0,UNSOLVED,False
puzzle_507,17,AAAAAAA*AAAAAAAAAAA*AAAAAAAAAAAAAAAAAAAAAAAAAAAAAAAAAAAAAA*AAAAAAAAAAAAAAAAAAAAAAAAAAAAAAAAAAAAAAAAAAAAAA*AAAAAAAAAAAAAAA**AAAAA*AAA*AAAAA*AAAA*AAAAAAAA*AAAAAAAAAAAAAAAA*AAAAAAA*A*AAAAAAAAAAAAAAAAAAAAAA*AAAAAAAAAAAAAAAAAAAAAAA*AAAAAAAAAAAAAAAA*AAAAAAAAAAAAAA*AAAAAAAAAAAAAAAAAAAAAAAAAAAAAA,.x.x..x.x..................x.x.x.x.x.x.x.x..................x.x.x.x..x.x.x.x..................x.x.x.x.x.x.x.x..................x.x.x...xx...x.x.......x....x.....x.x.x........x.x.......x.x.x......x.x.x.......x.x........x.xx......x.x.x.......x.x........x.x.x......x.x.x.......x..x.......x.x.,0,UNSOLVED,False
