name,N,board_1,solution,score,tier,is_solved
puzzle_1,17,*AAA***A*A*A*AAAA*A*AAAA***A*AAAA****A***AAAAA*AAA*AA*A*AA*A**AAAAAA*AAAA**AAAAAA*A**AAAA*A**A*A*AA*AAAAAAAA*AAAAAAA***AAA*AA*AA*AA*AA*A**AA***AAAAAAA**A***AAAA*AA**A*AAAA*A***A*AAA*A******A*A*A*A**A**A*AA*AA**A***AAAA***A**AAAA*AAAAAA*AAAAA**AA*A*A**A***A**AAA*AA*A**A**A*AAAA*AAAAA*A*AA*,...x...x.x.x......x...x.......x.x....x...x.x.x......x...x.......x.x....x...x.x.x......x...x.......x.x....x...x.x.x.....x....x........x.x..x.....x.x.x........x.x.......x.xx.x.......x.x........x...x.....x.xx.x...x.....x........x...x.x....x.x.x...x......x.......x...x.x.....x.x....x.....x.x..,651,Hard,True
puzzle_2,17,AAAA***AAA*AAAAA*AAAA*AAA*A**AAAAAA*AA*AAA*A*AAA*A**A**AA*A*A*A*****A*AA*****AAAAA*A**AAA*AAAAAA*AA****AAAA*A*A**AAA*AAAA**AAAA*A**A*A*AA*AA*A***AAAA*A*A*AAAAAAAAAA**A***AAA*A*A**AA*AAA*A*AA*AAA*AAAA**AAAA***A*A*A*AA**A*AAA**AAAAA*A*A*AAAA*A*A*AAA*A*A*AAA***AAAAAA*AA*A*AAA*A*AAAAAAAAAA*AA,..x........x.x.x.x....x.x.x..........x.......x.x.x..x...x.x.x..........x.......x.x.x..x...x.x.x..........x.......x.x.x..x...x.x.x..........x........x.x.x.x....x.x.x..........x.......x.x.x..x...x.x.x......x...x.........x.x......x.x.x.x....x.x.x.........x........x.x.x.....xx.x.x.......x....,653,Hard,True
puzzle_3,17,AAAA*AAAAAAAA*A**AAAAAA*A**A*AAAAAAAA**AAAAA*AA**A****AAA*A**AAAAAA**A***AAAAA*AAA*AAAAAAAAAAAAAAAAAAAA**AAAAA*AAA**AAAAAAAAA*A*AAAAAAAAAAA*AAAAAAAAAAA*AA*A****A***AA*A*AAAAAAAA*AA*A*AAAA*AAAAAA*AAAAAAA*AAA**AAA*AAA*AAAAAAAAAAAAAA*AAAA*AAA**AAAAAA**A**AA*AAA*AAAA*AAAAAAAA**A*A*AAA***AAAAA,.x.....x.x.x........x.x.......x.x..x.....x.x.x........x.x.......x.x..x.....x.x.x........x.x.......x.x.x......x.x.x.......x.x........x.x.x.....x.x.x........x.........x.x.xx...x.x.x..........x.......x.x...x....x.x.x.....x...x........x.x...x...x.x..x.....x..x.........x.x...x..x.x.x.......x..,654,Hard,True
puzzle_4,17,*AAAAAA**A*AAAAA*AA*AAA*AAA*AAAA*AA**A**A*AA*A**AAA*AAAAAAAAAAA**AAAAAA**AAAAAAAAA*AAA*AAAAAAAA*AAA**A**AAA***A*AAA*A**AAA*AAA***AAAAA**AAA**AAAAA*A*AAAAAAAAAAAAA*A***AAA**A**AA*A*A**AAA*A*AAAAA**AAAA*******AAA*AA*A*AAA*AAAAAAA*A******AAA****AA*A*AA*AAAAAAA*AAA*A*AAA*AAAAA**AAA*AA*AAAAAAA,.........x.x.x.x..x.x.x.x..................x.x..x.x.x.x.x.x..................x.x.x.x.x.x.x.x..................x.x.x.x..x.x.x.x..................x..x.x.x.x.x.x.x..................x.x..x.x.x.x.x.x..................x.x.x...x.x.x.x........x.........x.x..x...x.x.x.x........x.........x..x.x...x,656,Hard,True
puzzle_5,17,AA*AAA*A***AAA*A*A*AA*AAAA*A*A*A*AA*A*AAA*AA**A*AAA*AA*****AA*A*AAAAAAAA*A*A***A*A**A***A*AAAAA*AAA*A**AAAAA*AA*****AA***AAAAA**A*AAA*AAAAAAAAAA**A**AA*AA****AAAAAAAAAAAA*A*A*AAAAA*A*******AAAAA***AAA*AAA**AAA*A*AAA*A***AAAA*A**A**A*A*AAAA*AAAAA*AAAA***A**AAA****AA*AAAAAA***A**AAA*A**A***,.x.x.x......x............x.x...x.xx.x.x.x...................x.x.x.x.x.x..x.x..................x.x.x.x..x.x.x.x..................x.x.x.x.x.x.x..x..................x.x.x.x..x.x.x.x...................x.x.x.x..x.x.x.x........x...........x.x.x....x.x.x.x.......x..........x.x.x...x..x.x.x......,658,Hard,True
puzzle_6,17,A*AAAAA*AAAA*AA*AAA*AAAA**AAAA*A*AA*AA*AAA*AAAA*A*A*AAA*A*A*AAAAA*A*AAAAAAAAA*******A*A***AAAAAAAAAAA*AAAA*A*AAAAAA*AAAAAAA*AAAAAAAAAAAAAAAAAAAAA***AAAAA*AA**AA*A*AAAAAAAAAAA*AA*AAAAAAAAAAA**A*AA*AAAAA*AAAAAAAA*AAA*A*A*AAAAAAA*****AAAA*A*AAAAA*AAAAAAAA*AAAAAAAA*A*A**AAA*A*AAAAAA*AAA*AAAAA,..x.x.x.x..................x.x.x.xx..x.x.x..................x.x.x.x..x.x.x.x..................x.x.x.x..x.x.x.x...................x.x.x.x.x.x.x..x..................x.x.x.xx.x...x.x............x......x.x.x.x.x....x.x...........x......x.x.x.x.x...x..x...........x.......x.x.x.x....x.x.x......,660,Hard,True
puzzle_7,17,**AA***AA***A*AAA*A*AA*A*A*AAAA*AA*AAAAA**AAA*AAAA*AAA*AAAAAAAAA**AA**AAAA**AAA***A*A**A*AAAAAAAAA*AAAAAA*AAAAAA*AA*AA*A**A*AAAA*AAA**AAAAAAA*AA**AAAAAA**AA*A*AA*AAAAAA**AAAAAA*AA**AAA*A**AA**AAA*A*AAA*AA*A*AAAAA*A*AA*AAAAA***A*AAAAAAA**A*A*A*A*AAAA**AAA**AAA*A*A*AAA*AA*A*A*AAA*AAA**AAAA*,...x....x...x.x...x....x...x.....x....x...x...x.x..x.....x...x.....x..x.x...x.....x........x...x.x...xx.x.x.........x........x.x.x.x....x.x.x..........x........x.x.x.x...x.x..x.........x........x.x.x.x....x.x.x..........x.......x.x.x.x....x.x.x.........x........x.x.x.x....x.x.x.........x.,661,Hard,True
puzzle_8,17,AAAAA**AA*AAAAAA*AA**A*AAA***AAAA*AAA*A*AA*AA*AA**AA***A*AAA**AA*AA*AAA*A*A*AAA***AAA**A*A*AAAAAAA*A*AA*AAA*AAA*AAA*A*A**A**AAAA***A*A*AAAAAAAAAAAA****AA*A***A*AA**AA*AAA*A*AAA***A*AAAA*A**A**A*A*AAA*AAAA*AAAAA**AAAA*AAAAAAAA*AAA***AAAAA*A*A**A***AA*AAA***AAAAAAA***A*A*A**AAAAAAAAA*****A*,..x.x......x...x.x.....x.x....x.....x.x.....x.....x......x.x...x.x...x..x.....x.....x......x.x...x.x..x..x......x.....x......x.x...x.x..x.x.x.....x.............x....x.x.x.x.x.x...x..............x...x.x.x..x.x.x...x..............x...x.x.x.x.x..x...x..............x...x.x.x..x.x.x...x.......,663,Hard,True
puzzle_9,17,*A*A*A*AAA*A*A**AA**A***A***A*AAAAA****A*A*A***AAA**AAAA***AAAA*AAAAA**AA*AAA*AAAA*A****AAA**AAA*AAA*AAAAAA*A*AA*AA*AA*A**A**AA**A*A*A*AAAAA*AAAAAAAAAA**AA******AAA*A*A*AA*AAAAAA*****A*A**AAA***A*AAA*A*A*AA*A*A*A*AA*A**A*AA*AA**AA*AAAAAAAA*A*AAA*AAAAA***AA*A******AAAAA*AA*AAAA*A**AAA*A***,.x...x.x.x..........x.......x.x.x.x....x.x.x.........x........x.x.x.x...x.x.x..................x.x.x.x.x.x..x.x..................x.x.x.x.x.x.x..x..................x.x.x.xx.x.x..x..................x.x.x.x..x.x.x.x...................x.x.x.x..x.x.x.x........x..........x.x.x...x.x.x..x.......,665,Hard,True
puzzle_10,17,AAAA*AA*AAAAA**AAAAA*A*AA**AA**AAAAAA*AAA*A**AAAA*AAA**AAAAA*A**AA*AA*AAAAA**AA*A**A*A**A***AA*AAAAAAA*AAAAAAA*****AA*AAAA*A*AAAA*A*A**AAAAAAA****A***AAA*AAA**AA*A*A*AAAAAAAAAAA*****A**AAAAAAAA*AAA*AAAAAAAAAAA****AAA*A*A*AAA*AAAAAAAAAAA**AAAAAAA*AAAA*AA*AA*AAA*AAAAAA**AAA**AA*AAA*AAA*AAAA,.x....x.x...x........x.....x...x.xx.x...x.....x............x.x...x.xx.x.x.x..................x.x.x.x...x.x.x..........x.......x.x.x.x....x.x.x.........x........x.x.x.x....x.x.x.........x........x.x.x.x...x.x.x..........x.......x.x.x.x......x.x.........x.xx......x.x.x........x.x.......x.x.,667,Hard,True
puzzle_11,17,A*A*AAAAA*AAA**AAAAAAAAAAAA*A*AA***AAA*AAA*AAAA**AA*A**AAAAAA*A*A*A*AAAAAA*A**AAAA*AAAA****AAAAAA*AAAA*AA*A***AAAA*AAA*A***AAAAA***AA**AA*A*AA*AAAA*A*A*AA**A**AAAAA*AAAA*A*AAA*AAA*AAA*AA*A*A*A*AAA*AAA*AAAAA**A***AAA*AA**AAAAAAAA*AA**AAAAAAAAAA**A**A*AAA*AAAAAAAAAA*A*A*A**AAAAA*AAAAA*AA**A,..x..x.....x...x.x......x.x...x......x.x.....x...x..x.....x.x...x......x.x.....x...x.x......x.x...x.....x.x......x...x.x.....x.x....x.....x.x.....x.....x......x.x...x.x..x.x.x.....x............x.x...x.x...x..x.....x.....x......x.x...x.x...x.x......x.....x.....x.x....x.x...x.x.....x......x,668,Hard,True
puzzle_12,17,*AAA***A*A*AAAAAAAA*AAAA**AA*AAAA****A***AAAAA*AAA*AA*A*AA*A**AAAAAA*AAAA**AAAAAA*A**AAAA*AA*A*A*AA*AAAAAAAA*AAAAAAA***AAA*AA*AA*AA*AA*A**AA***AAAAAAA**A***AAAA*AAA*A*AAAA*A***A*AAA*A******A*A*A*A**A**A*AA*AA**A***AAAA***A**AAAA*AAAAAA*AAAAA**AA*A*A*AA***AA*AAA*AA*A**A*AA*AAAA*AAAAA*A*AA*,...x...x.x.x......x...x.......x.x....x...x.x.x......x...x.......x.x....x...x.x.x......x...x.......x.x....x...x.x.x.....x....x........x.x..x.....x.x.x........x.x.......x.xx.x.......x.x........x...x.....x.xx.x...x.....x........x...x.x....x.x.x...x......x.......x...x.x.....x.x....x.....x.x..,670,Hard,True
puzzle_13,17,A*A***A**AA*A*AAAA***A*A*AA**A*A***AAA**A**AAAA*A*AAAAA*A*AAA*AAAA**AA*A*A*AAA*A*A*A**A*AAAAAAAA*AAA****A**A**AAA*AAAAA*A*A*A*A**AA*****AA*A**AAAA*AAAAA**AAAAA*A*A***AA*AAA***A*A*AAA*AAAAA*AAA*AA**AAAAAA*A*****A*AAA*A**AAAAAAAAA**A**A***A*AAAAAA*A*A*AAA*AA***A*A*A*AA***AAA*A**AAAA*AAAAAA*,..x.......x...x.xx...x.x.x..................x.x.x.x.x.x.x.x..................x.x.x.x..x.x.x.x..................x..x.x.x.x.x.x.x..................x.x.x.x..x.x.x.x..................x.x.x.x.x.x.x.x..................x.x.x..x.x.x.x.x..................x.x.x.x..x...x.x.........x..x.....x..x.x...,672,Hard,True
puzzle_14,17,***A*AA*A*AAAA*AAAAAAA***A**AAA*AAAA***AAAAAAA*A*A*A*AAAAA*A**AA**AAA***A*A*AAA*A*AAAAA*AAAAAA***A*AAA*AAA*A*A*A*A*A*AA*A*A*A*A*A*A*A*A**AAA*A*AAA*AAAA**AAAA**AA**AA*AAAAAAA**AAAAA*AA*AAAAA*AAAA**AAA**AAA*AA**AA*AAAAAA*A*AAAAAA*A**A**AAAAA**AA*AA**AAAAA*AAAAA*AA*AAA***AA*AA**AAAA*A*A*AA**,......x.x.x..x...x.x.x..........x........x.x.x.x...x.x.x..........x.......x.x.x.x.....x.x..........x.x.....x.x.x.x......x.x.........x.x......x.x.x.x......x.x..........x.x.....x.x.x..x.....x.x..........x.x.....x..x.x.x....x.x...........x.x....x.x...x.x....x.x.....x......x.....x.x....x.x...,674,Hard,True
puzzle_15,17,AA*AAAAAA*AAAAA**A*AAAA*A**AAAAAA*AAA*AAA**AAAAA*A*AAAA*AAA*AAAAA*A*AA*AAAAAAAAA*A**AAAAAA*AA*A*AAAAA*AA*AAAAA*A*A*AAAAAA*AAAA**A*AAAAAA*AAA*AAAAAAA*AAA*AA*A*AAAAA*AA*AAAA**AAAAA*AAAAAA*AAA*AAA*A**AAAAA*A****A*AAAAAAA****A*AAAAAA**A**AAAA*AA**A**A*A*AAAAAAAAAAAAA*AAAA***A*A**AA**AAA*AAAA*,....x.x.x.x......x.x..........x.x.....x.x..x.x.....x.x..........x.x......x.x.x.x......x.x.........x.x......x.x.x.x......x.x.........x.x......x.x.x.x......x.x..........x.x.....x.x..x.x.....x.x..........x.x......x.x.x.x....x.x.x...........x........x.x.x.x..x.x...x.........x....x...x...x.x..,675,Hard,True
puzzle_16,17,AAA*A*A***A*AAA*AAAA*AA**AAAAAAA***AA*AAAA*A*AAAAA*A*A*A*AAAAAAAAA*A*AA*A**A*AA**AAA*AAAA*A*AAAAAAA**A***A*AAA*A*A*AAAAAA**AAA*AAAAA*A*A**AA*AAA**AAAAAA*AA*A*AAA*AAAA*A*AAA*AA*AA*A*AAAAAAAA***A*AA*AAA***A**AA**AAA***A*AAAAA**A*A*AAA*A*AA*AA*AAA**AA***AAAA**A*AAAAAAA*AA*AAAAA*AA*AAAAA**A**,..x...x.....x...xx...x...x.x........x...x......x.x.x...x....x.x.......x....x.....x.x.x....x...x.x........x...x.....x.x..x...x...x.x........x...x.....x.x..x...x...x.x........x...x......x.x.x...x....x.x.......x....x.....x.x.x....x...x.x........x...x.....x.x..x...x...x.x....x...x...x.....x..,677,Hard,True
puzzle_17,17,AAA*AA**AA***AA**AA*AAAA*A*A*AAAA**AAAA*AAA*AAAAAAAAAA*AAAAAAAAAAAAAA*A***AAAA*AAAA**AAA*AAAAAAAAA*A***AAAAAAAAAAAA*AAAAA**AAAAAAAA*AAAA*AAAAAA**AA*AAAAA**AAAAAA*AAAAAAA**A*AAA**AA*AAAAAAAAAAAAAAAAAA*AAA*AAA*AA*A*AAAAAAA*A**AAAAAAAAA***AA*AAAA*AAAA*A*A*AAA*AA*AAA*A*A*AAAA*AAAAA*AAAAAAA*AA,..x.x...x....x...x.....x...x....x...x.x...x...x....x.....x...x.....x..x.....x...x.x..x...x.x...x........x.........x.x.x....x.x.x.x.......x..........x.x.x...x.x.x.x........x.........x..x.x...x.x.x.x.......x..........x.x.x....x.x.x.x........x.........x.x.x....x.x.x.x........x.........x.x.x.,679,Hard,True
puzzle_18,17,*AAAAAAAAAAA*AAAA*A*AAA*A*A*A*A*A**A*A*A****AA*A*AAAA***AAA*A*A*AA**A*A**A*A**A*A*AAA***AAAA*A***A***AA**A**A*AAA*A*A*A*AAAAAA*A**AAA**A**A*A**AAAA*AAA*AAAAA*A*AAAA****A*A**A*A*AAAAAAAAAAAA*A*A*AA*****AA*A*A**AA**AAA*A*AAA*AAA*AA*A**A***AA*AAA*AAA*A*A***AAAA*A***A*A**AAAAA***AAAAA*AAA*AA*,.x.x.........x.x......x.x.x.x......x.x.........x.x......x.x.x.x.....x.x...........x.x....x.x.x...x....x.........x...x.x..x.x.x.x..................x.x.x.x.x.x.x.x..................x.x.x.x..x.x.x.x..................x.x.x.x.x.x.x.x..................x.x.x...xx.x.x.........x........x.x.x.x....,681,Hard,True
puzzle_19,17,A*AAA*A***A*AAA*A**AA**AA*A*A*AAAAA*AAAAAAAAAAA**AA*AA*A**AAA*AAAAAA*AAA*AAA*A*A******A*A*A**AA*AAAAAA*AAA*AAA*A***A*AAAAA**AAA*AAAAAAAA*A*AAAAA*AA*AAA*A**AAA**AAAA*AAA*A*AA*AAAAAA**A*A*AAA*AAA*A****A*AAA****AAAAA*AAAAAAAAAA*A*AA**AAAAAAA*A*AA*AAAAAAAA*AA*A*AAA**AAAAAAAAAAA*AAAAAA*AA*AAAA,x.x.x.x...................x.x.x.x.x.x.x..x..................x.x.x.x..x.x.x.x..................x.x.x.x..x.x.x.x..................x.x.x.x..x.x.x.x...................x.x.x.x..x.x.x.x........x...........x.x.x....x.x.x.x......x.x.........x.x........x.x.x.....x.x.x........x.x.......x..x.x.....x,682,Hard,True
puzzle_20,17,**A***AA*AAAAAA*AAAAAAAA*A*AAAA***AAAA*AAAAAAAA***AAAAAAAAAA*A**A*AAA*A**AAAAAAAAAAA**A**A*AAAA*AAA*AAA***AAAAAAAAAAAAAAAA*AAA*AAA**A*AAA*********AAAAAAAAA*AAAAA*AAAAA*AAAAAAAAAA*A*A*A*AAA*AAAAAA*AAA*AAAA*AA***AA***AAAAAAAAAA*AAA*AAAAAA*A*A*AA**AAAAAAAAAA*AAA*A*A*A**A****AAAA*AA*AAA*AAAAA,..x.......x...x.xx...x.x.x..........x.......x.x...xx...x.x.x..........x.......x.x.x......x.x.x.......xx.........x.x.x....x.x.x.x........x..........x.x.x....x.x.x.x........x.........x.x.x....x.x.x.x........x.........x.x.x....x.x.x.x........x.........x.x.x....x.x.x.x........x..........x.x.x,684,Hard,True
puzzle_21,17,AAA**A*A**AAAAAAA*AAA*A*A*AAAAAA*AAAAAAAAAAA*A*AA***AAAAAAAAA*****AAA*A*AAAA*AAA*A*AA*AAA*A*A****A*A*AAAAA*AAAAA*AAAAA**AAA*AAA**A*****AA***A*AAA*AAAAA**AAA*AAA**A**A*A*A*A*****AA*AAAAAAAA*AAAAAAA**AAAAAAAA**A**AAAA*AAAAA*AAAAAAAAAA**AAAAAA*****AA*AAAAAAAAAA*A*AAAAAA**AAAAA*A**AAAA*A*AAA*,.......x..x.x.x...x.x.x..........x.......x.x.x.x....x.x.x.........x........x.x.x.x....x.x.x..........x.......x.x.x..x...x.x.x..........x........x.x.x.x..x.x.x.x..................x.x.x..x.x.x.x.x..................x...x.x.x..x.x.x...x......x.......x....x.x...x.x.x....x.....x........x...x.x.,686,Hard,True
puzzle_22,17,***A*AAA**A*AAAA**A*AAAAA******A*AA***AAAAA*AAA*A*AAAAAAAA*AA**AA*AA*A**A*AA*A*A*A*AA*A*A*AAA*A****AA**A*A*****AAAAAA*AA*A*A*AAA******AA**AAAAAAAAAA*AAAAA*A*A*A**AA**A**A*AA*AA*AA*A*AAAAAA*AAA*A****AAA****A*AAAA*AAA*AA**AAA*A*AAAA***AAAA**AAA***A*A*A****AAAAA*A***A***A**AA**A*A*AAA*A*A*A*,.......x..x.x.x...x.x.x..........x........x.x.x.x..x.x.x.x...................x.x.x.x..x.x.x.x..................x..x.x.xx.x.x.x..................x..x.x.x.x.x.x.x..................x.x..x.x.x.x.x.x..................x.x.x...x.x.x.x........x.........x.x.x....x.x.x.x.......x..........x.x.x...x.,688,Hard,True
puzzle_23,17,**AAAAAAA*AAAA*A*AA*A*A***AAAA*AAAA**AAA*A*A**A**AA*AAAA****AAA**A*AAA**A*AAAAA*AAA*AA*A****AA*A***AAAA*A*AAAAA***AAAA*AAA*A***A*A*A*AAA**AA**AAA**A*AAA*AAA*AA*AAAAA*A*AA*A*AAAAAAAA**AAA*A*A*A*AA*A*A*A**A**A*AAAAAAAAAAAAAAAAAAAAA*A*AA*AA*A*AA*AAA*A**AA*A**AAAAA*AA*AA*A*A**A*****AAAAAAA*A*,...x.x..x...x.....x........x...x.x...x.x.x....x.....x........x...x.x....x.x.x...x....x.x.......x.....x......x.x...x.x..x.x.x.....x............x.x....x.x.x.x.x......x...........x..x...x.x.x.x.x......x............x.x....x.x.x.x.x.....x............x.x...x.x..x.x.x.....x............x.x...x.x.,689,Hard,True
puzzle_24,17,*AAAA*A**AAA*A*A*AAAA*****AAAAAAAAA*A*AAA*AAAAA*A*AAA*AA**AA*AAAAAAAAA*AAA*A*AA*A**A**AAA***A*AAA*A*A*A*AAAAAAA**A*A*A*AA******AAA*A*A*AAAAA*AAAAAAAAAA**A**A**AAA*A*AAAAAAAAAA*AAAAAAA*AA****AAA**AAA*AAA*AA*AAA*AAA*AAAAAAA*AAAA***AAAA*AAAAA****A*A*A**AAAAAAA*A***A**AA*AAAA*A*A*A*AAA*A*AA*A,..x.x.x..x.......x..........x.x.x...x.x.x.x..................x.x.x.x.x.x.x.x..................x.x.x.x.x.x.x..x...................x.x.x.x.x.x.x..x..................x.x.x.x.x.x..x.x..................x.x.x.xx...x.x.x..........x........x.x.x.x....x.x.x..........x.......x.x.x..x...x.x.x.......,691,Hard,True
puzzle_25,17,AAAAAAA****A*A**AA**AAA*AAAAA****A*A*AAAAA*AA**AAA**AAA*AAA*A*AAAA*AAAAAAAA*A**A*A*A*AAA*AAAAAA*A*A*A**AAAAA*A*A**AAAAAAA*A*AAAAA*A**AA*A**A*A**AAAAA*AAAAAA**AAAA*A*AAA*AA*A*A*AA****AAAAAA*AAA*A*AAA***A**AA****AAA***A*AAAAAA**A*AA*A*A****A**AAAAA**A*A*A**A*AAA*AAA*A*A*AA*AA**A*AAA**AA*AAA,..x.x........x..xx......x.x.x........x.x.......x.x..x.....x.x.x........x.x.......x.x..x.....x.x.x........x.x.......x.x..x.....x.x.x........x.x........x.x.x......x.x.x........x.x.......x.xx.x.....x.x............x.....x.x.xx.x.....x.x..........x.x.....x.x..x.x.....x.x..........x.x.....x..x.,693,Hard,True
puzzle_26,17,AAAA***AA***AAAAA*A**A*A*AAA*A***AAAA*AAAA*A**A*AA*******AA*A*AAAA*A*A*A*AA*AA****AA*A***A**AAAAAAA*AAA*AA*AAA**AAAA**AA*******AAA*A*AA*A*AAA*A*****AA**AAAAAA**AAAAAAAAAAAAAA*AAA*AAAA**AAA**A*AAA*AA*A*A*AA*AAA*A*A**AA*A*AA**A*****AAAAA*AA**AA*AAA*A*AA***AAA**AA*AAA*AA*A*A*AA*AAA*AAAAA*AA*,.x.x..........x.x......x.x.x.x....x.x.x..........x........x.x.x.x....x.x.x.........x........x.x.x.x...x.x..x..........x........x.x.x.x..x.x.x.x...................x.x.x.x..x.x.x.x...................x.x.x.x..x.x.x.x........x..........x.x.x....x.x.x.x........x..........x.x.x....x.x.x.x......,695,Hard,True
puzzle_27,17,*A*A*AAA*AAA**A***A*AAA*AAAAAA**AAA***AAAAA*A*AAAAAAAAA****AAA*AAA*A***A*AAAA*A*AAAAAAAAA***A***A*A**AAAA**AAA*AAA*AA*AAAAAAA*A*AAAAAAA*A****A*A*A*AAAAA**AAAAA*A***A*A*A*AAA*AAAA*AAA*AA**A*A***AAAAAA***AAA**AA*A*AAAA*A***AAAA**AA**A*AAAA***A*AA*AA*AAAA**AA*A*AAA*AA****AAA*A**A**AAAA*AAAA*,...x..x...x...x...x......x...x...x....x.x...x...x..x.x.....x.......x.....x....x.x.x...x.x...x........x.....x...x.x.x....x.x...x.......x......x...x.x.x....x.x...x.......x......x...x.x.x...x.x....x.......x.....x....x.x.x...x.x...x........x.....x...x.x.x....x.x...x.........x....x...x...x.x..,696,Hard,True
puzzle_28,17,AA*A*AA**A*AAA**A*AAAAA*A*A***A**A***AAA*AA*AA*A*AAAAAAAA*AAAAAAA*AA*AAA*AAA*AA*AAA*AAA*AA**AAA**A*****AAAAAA*AAAAAA*A*AAAAA*AAAAAA*AA**A**AAAA****A*AAAAAAA**AAAA*A*A*AAAAA*AA*AA**A***A*AAAAAA***A***AA**AA*AAA*A**AAAA*AAAAAAAAAA*A*AAAA**AA*A*AAAA**AA**AAAAAA**A*AAAAAA**AAAA*AAAAAAAA**AAAA,.....x.....x.x..x.x.x...x.x............x.....x.x.x..x.x...x.x............x......x.x.x.x.x...x.x............x.....x.x.x.x.x....x.x...........x......x.x.x.x.x...x.x............x.....x...x.xx.x.....x...x........x.x...x....x.x.x.....x...x........x.x...x...x...x......x...x...x...x..x...x...x..,698,Hard,True
puzzle_29,17,*A****AAAAAAAAAAAAA*A*AA**A*AA**AAA**A*AA*AAA*AAA*AAA*AAAAAAAA*A*AAA**A**A*AAA*AAAAAAA*AAAA*AAA*AAAAAAAAAAAAAAA*AAAAA**AAAAAAAAA****AAAAA*AA*AAAA**A*AA**AAAAA*A*AAA**AAA*A**AAAAAAAAA*A*A*A*A*AAAAAAAA*AAA****A*AAAAAA*A**AAAA*AA**AAA*AAAAAAA***AAAA*A*A**A*AAAAA**AA**AAAAA*A**AA*AAAAA*AA*AAA,.......x..x.x.x...x.x.x..........x........x.x.x.x...x.x.x..........x.......x.x.x.x...x.x.x..........x.......x.x.x..x...x.x.x..........x.......x.x..x.x...x.x.x..........x.......x..x.x.x...x.x.x..........x.......x.x.x.x.....x.x..........x.x.....x.x.x.x......x.x..........x.x.....x.x.x..x....,700,Hard,True
puzzle_30,17,*A*A***AA**A*AAAAAA**AA*A*AA*AA**AAAA*A**AAA**AAA*A*A**AAA*A*AA***AAAA*AAAA*AAAAAAAAA***AAAA*A*A*A*AA*A*AA*AA*A*AAAA*A*A*AAAAA*A*AA*AAAAA*AAA**AA*AAAAAAAA*AAA*AAA*AA***A*AAAAA**AAAAAAA*A**AAA*A*A*AAAAAAAAAA*AA**A*AA**A*AA***A*A*A*A*AAA***AA*AAA***A*A*A*A*A****AAA*AAA*AAA*A*AA**AA*AA*AAAA*,.x.x.......x..x.......x.x.x......xx.x.........x.x......x.x.x.x.......x..........x.x.x....x.x.x.x......x.x.........x..x.....x.x.x.x........x.........x.x.x....x.x.x.x......x.x..........x.x......x.x.x.x......x.x.........x..x.....x.x.x.x......x.x.........x.x......x.x.x.x.....x..x.........x.x.,702,Hard,True
puzzle_31,17,***AAAA*A*AAA**AAAAA*A*A*A****AAA*A*AAAAAAAAA*AAAAAAAA*A*AAAAAA***A**A*AAAAAAAAAA*AAAAAAA*A*A*A***A**AA*A*AAAA**AAAAAAAA*AAA*A*A***A**AAA*AA*A*A*AAA*AA*AAAAAAA*A*A*A*AAAAAAA**AA*AAAAAA*AA*A*A*AAAAAA***AAAAAAA***AA*AA*AAAAAAAA*AAAAAA*AAA*AAA*AAA*AAA**AAAAA***AA*AAAAAA*AA*AA*A*****AA*AA*AAA,........x.x.x..x.x.x.x.x..................x.x..x.x.x.x.x.x...................x.x..x.x.x.x.x.x...................x.x.x.x..x.x.x.x........x..........x.x..x...x.x.x.x........x.........x.x.x....x.x.x.x........x.........x.x.x....x.x.x.x........x..........x.x.x....x.x.x.x......x.x.........x.x..,703,Hard,True
puzzle_32,17,*A*AAAAA*AA**AAAAAAAA*AAAAA*AAAA**AAA*AAA*A**AA**A***A*A*AAAAAAA**AAAAAAA*A*AA***AAAA*AAAA*A*A*A*A**AAAA*AA*AA***AAAA**A***AAAAA*A*A*AAA*AA*A*A**AA*AAA****AA*AAAAAAA**AAAA*AA*AAAA*A*AAA*AAA*A*A*AAAA****AA*AAA*****A*AAA*AA*A***A*AAAA**AAAAAAAAA*AAA*AAAAAAAA**A*AAA*A*A**AA*A*A*AA*A*AAA*AAAA,.x.x.x.........x........x.x.x.x...x.x.x..........x.......x.x.x.x....x.x.x.........x........x.x.x.....x.x..x.......x.x........x.x.x.....x..x.x.......x.x........x.x.x.....xx..x........x.x.......x.x.x......x.x.x.......x.x........x.x.x.....x..x.x.......x.x........x.x.x.....x.x.x........x.x...,705,Hard,True
puzzle_33,17,*A*AAA*A*AAAAAAAA*AA*A**AA*AAAA*AA*A**AAAAAAA*AAA*A****A***A*A*A*A*AAA*A*AA*A*****A**A*AAAA**AAAAAA*AA**A*AAA*A*****A**AAA*A**AA*A*A*AAA*AAAA*AAAAAA*AAA*A*A***AAAAAAAAAAAA*A*A**AAAAA**AAAA*AA*AAAAAAAAA*A**A*AAAAA*A***AAA**AA**A*AAAAAAA**A*A*AAAAAAAA***AA*AAA***AA*AAAAAA*A**A**AAAAA*AA**A*,.x.x.x........x..........x.x.x...x.x..x.x.......x..........x.x.x...x.x.x..x.......x..........x.x.x...x..x.x.x.......x..x.......x.x.x......x.x.x........x.x........x.x.x.....x.x..x........xx........x.x.x......x.x.x.......x..x.......x.x.x......x.x.x.......x.x........x.x.x.....x..x.x.......x.,707,Hard,True
puzzle_34,17,AA*A*AAAA*AA*A*A*AA**A*AA*A*AAAAA*AAA*A*****AA*AAAA*AAAA**AAA*A**A*A*A*A*A**AA**A*AA*AA**AA*AAAAA*AAAAAA*AAAAAA***AA*A****AA**AA*AAAAAAA**AAA*A*AAA*AAA*AA*AA**A*A*A***A*A***AAAA***A*AAA**A*A*AA**A*AA*A*A*A*A*A*A*AAAA*A*A*AAA*AAAA*AAA*AA*****A*AAA*AA**AAAAAAAA***AAAAA****AAAAA*A*A*AA*AAAA*,.x.x.x.....x............x.x...x.x.x.x.x......x............x.x....x.x.x.x.x......x............x.x...x.x.x.x..x.....x............x.x...x.x..x.x.x.....x....x.......x.x.....x....x.x.....x.x..x.x.....x.x..........x.x......x.x.x.x......x.x..........x.x.....x.x..x.x.....x.x..........x.x.....x.x.,709,Hard,True
puzzle_35,17,A*AAAAA*AAA*AAAAA*A*AAAAAAA**AA**A**AA*AA**A*A*AAAAAAAAAAAAA**A**A**AA**AAAA*A*AAA*AAAA*A*A*A***AA***A**A**A*AAA*AAAAAAAAAAA*AAA*A**AA**AAA*A*A*AAAA*A*AAAAAAAAA****A*A*AAAAA**AAAAAA***AAAA***AAA***AAAAAAA*AAAAAA*A*AAAAA*AAA*AA*AA**AAAA**AAAAA**AAAAAA*A*A*AA*A*A*AAA*AA*AAAAAAA*A*A*A*AA**A*,..........x.x.x.x.x.x.x.x..................x.x.x.x..x.x.x.x..................x.x.x.x..x.x.x.x..................x.x.x.x.x.x.x.x..................x..x.x.x.x.x.x.x..................x.x...x.xx...x.x.....x......x.....x.x...x......x.x.....x...xx.x.....x.x...........x......x.x.x.x.x...x.x.......,710,Hard,True
puzzle_36,17,AAAAAA*AAA*AAAA***AAA*AAAAAAA*AAAA*A*AAA*A***AAAA*AAA**AAAAA*AA**AA*AAAAA*A*AAA*AA*A*AAA**AAAAAA*A*AAA**AAAAA*A*AAAAA*A**AAA*AAA*AA**AA*AAAAA*A*AA**AAA*AAAAAAA*AAAAAAAA*AAAAA*AAAAA*AAA*AAA**AAAAAAAAA*A**A*AAAAAAAAAAAAA*A*A**AAAAAAAAAAAA**AA*A*AA*AAAA*AAA*AA*A*AAA*AAA*A*AAAA*AAA*AAAA**AAA*,x...x.......x.x....x...x.x.x..........x.......x.x.xx.....x.x.x........x.x.......x..x.x.....x.x.x........x.........x.x.x....x.x.x.x......x.x...........x.x.....x.x.x.x......x.x.........x..x.....x.x.x.x......x.x.........x.x......x.x.x.x......x.x.........x.x......x.x.x.x......x.x.........x.x.,712,Hard,True
puzzle_37,17,*AAA*AA*A**A*AAA***AAAAAAAAAA*AAAAAAAA***A*A**AAAA**A*AAAAA*AAAA***A*A*A**AA**A*AAAAA*AAAAA*AAA*A**A*AAAAA*A*AA****AAA*AA*AAAAAA*AAAAAA*AAAA*A*****AA*A*A****AAAAAAA*AAA**AAAA**AAA***A*AAAA*A*A*AAA***A**AA*AA*A**AAAAAAAA*AA**AAAAAAA*A**A**A*AAAA**AAAAA*A*AA**A*A**AA***AAAA***A*AAA*A*AA*A*A,.x.x.........x.x......x.x.x.x......x.x.........x.x......x.x.x.x......x.x.........x.x......x.x.x.x.....x.x..........x.x.....x.x.x.x.......x..........x.x.x....x.x.x.x........x.........x.x.xx...x.x.x..........x.......x.x...xx...x.x.......x....x.....x.x.x....x....x........x.x...x...x.x.x.....,714,Hard,True
puzzle_38,17,AAAAA*AAAAAAAAAAA*AAAA**AAAAAAAA*AAA*AAAA*AAA**AA*AAA**AA***AA*AAAAAAA*AAAAA*AAAA*AAA*AAAAA*A*AAAAA*AAAA*A*AAAAA*AAA*AAAAA**A**A**AAA*A*A*AA*AAAAA*AAAAA**A*A**AA**AAAAAAAAAAA*A*AAA*AAA*A*AA*AAAAAAAAAAAAAA*AAAA*AAAAAA**AAA**AAAAAAAAAAAAAAAA*AAAAAAAAAAAAA**AAAA*AAA*A**AAA*AAAAAAAAA**AAAAAAA,x.....x.x.x........x.........x.x.x....x.x.x.x.......x..........x.x.x...x.x.x.x........x.........x.x.x....x.x.x.x........x.........x.x.x....x.x.x.x........x.........x.x.x....x.x.x.x.......x..........x.x.x...x.x.x.x..................x.x.x.xx.x.x...x..............x.....x.x.xx.x.x.....x......,716,Hard,True
puzzle_39,17,*A*A*A*AAAAAA**AAA*A**AAAA*AA*A*AA*AAA*AAAAAA***A***AA*AAA***AAAAAAAAAA*A*A*AAA**AAA*AAAAA***AAAAA*A*AA*A*AAAAAAAA**AA*AAA*AAAAA*AAAAAAAAA*AAAA***A*A*AA*A**AAAA*AA**A*AAA*AA*AAA*A*AAAAAAAAAAA**AAA**AAA*A**AAAAAA*A*AA*A**AAA**AAA**A**AAAA*A*AA*AAAAA*AA*****AA*AAA**AAAAA*AAA*AAAAAAA*AAA*A**,.x.x...x.x............x.....x.x.x..x.x...x.x............x......x.x.xx.x.....x.x..........x.......x.x.xx.x...x...x..............x...x.x.x.x..x.x...x..............x...x.x.x..x.x.x...x......x.......x....x.x...x.x.x....x.....x........x...x.x....x.x.x...x......x.......x...x.x....x.x.x...x.....,717,Hard,True
puzzle_40,17,*AAA*AAAAAA*A*AAA*AA*****AAAA*AAAAAA*A*AAAAAAA*A**AAAAAA***AA*A*A*AAA*AAAAA*A*AA*AA*AAA*AA*AAA*A*AAA*A*A*AAA*AAAAAAAAAA**A*AAAAAAAAAAAAAA*A*AAAA*AAAA**A**AA*A*A*AAAAAAA*A*A**AAAA**AA*AA*AA*AA**A*AAAAAA****AAAA*AAA**AA*A*A**A*A*AAA*AAA**A**A*AAAA***A*A*AAA****AAAA*AAA*AA*AA*AAA*A**AAAAAAA*,.x.x.x.x..................x.x.x.x.x..x.x.x..................x.x.x.x.x.x.x.x..................x.x.x.x...x.x.x..........x.......x.x.x.x...x.x.x..........x.......x.x.x.x.....x..x.........x.x......x.x.x.x......x.x.........x.x......x.x.x.x.....x.x..........x.x.....x.x.x.x.....x.x..........x.x.,719,Hard,True
puzzle_41,17,*AA*AAAA*A*A*AAAAA**A**AAA**A*AAAA*AAAA*AAA*AAAA**AA*AAA*A*A***A*AA**A*AAAA*AAAAA*AAAAAAAA*AAA*A*A*AA*AA***AA***AAA*AAAAAAA*A*A*A*A*A**A****A**AAAAAAAAAAAAAA*A*A***AAAA**AA*A*AAAAA*AAAAAAAAAAAAAA*AAA****AAAAAAA**AAA**AA*AAA*A*A***AA*A*AAA*A***AAA*AAAAAAAAAAAA*AA***AAAAAAA*A*AA*AAAAAA*AAA*,..x.x......x.x...x.....x.x......x...x.x.....x.x....x.....x.x.....x......x.....x.x...xx.x...x.x..................x.x.x.x.x.x.x.x..................x.x.x.x..x.x.x.x..................x.x.x.x.x.x.x.x..................x.x...x.x.x.x.x......x...........x.x....x.x.x.x.x.....x............x.x...x.x.,721,Hard,True
puzzle_42,17,AAAAA**AAAAA*AAAA**AA*A*AA*AA***AAAAAA**A*AA*AAAAA*AA*A*AAA*A*A*AA**AA*AAA*AAAA***AAA**AAA*AA*AAAAAAA*AAA*A*A*AAA***AAA*AAAA*A*AA****AAAA**AA**AA*A*AAAA*AAAA*AA*A*AAAAA*AA**A*AAAA*AAA*AAA*AAAAAAA******AAAAA**AA*AAAAA*AA**A*AAA*AAA**AAAAAAA*AAA*AAAAAAA***AAAA*AAA*AA**AA*A*A*A***AAAAAAAAAA*,.x.......x...x.x....x.x.x...x......x.......x...x.x....x.x.x...x.....x........x....x.x..x.x.x.....x....x.......x.x...x....x.x.x.........x........x.x.x.x...x.x.x..........x.......x..x.x.x...x.x.x..........x.......x.x.x.x...x.x.x..........x.......x.x.x.x....x.x.x..........x.......x.x..x.x...,723,Hard,True
puzzle_43,17,**A*A*AAAA*A*AA*AAAA***AAA*A**A*A***A*A*A*AAAAA*AAA*A***AA*A***AAAAAA**A*AAAAA**AAAAAAAA*A*A**AAA*A*AA**AAAAA*A*A****A*A**AA*AAAAAAA*AAAAA*AAAAAAA**AAA*A*A***AA*A*A*AAAAAAA*A*AAA**A**A**AAAAAAA*AAAAAAAAAAA*A*AAAA*A*AAA*****AA***AAAAA*AAA*A*AAA**AAA**AAA***AAA*A*AA*AAAAAAAAAAAA*A*A*AA**A*A,....x.x..x.x.....x.x..........x.x.....x.x.x.x.......x..........x.x.x...x.x.x.x.......x..........x.x.x...x.x.x.x..................x.x.x.x.x.x.x..x..................x.x.x.x.x.x.x.x..................x.x.x.x.x.x..x.x..................x.x.x.x.x.x.x..x...................x.x.x.x.x.x..x.x........,724,Hard,True
puzzle_44,17,A**AAAAAAAA*A***A*A**AAAAAAAAA*AAA*A**AAA*AAAA***A**A*AAA**A*AAAAA*AA*AAAA*AA***AAA****AA***A*AAAAAAA**AAA*A*A*AAA*AA**AAAAA*A**AA*AAA*A*AA*AAAAAAAAAAAAAA****AA**AA*A*A*AAAA*AAAAAAA**A**AA*A*AAA*A**A*A*A*A*A*A*A**A*AAA***A*AA***A*AAAAAAAAAAAA*AA**AAA*AA*A*A*A*AAAAAAAAAAA*AAAA*A**AA*A**A*A,x..x..x.x..................x.x.x.x.x..x.x.x..................x.x.x.xx.x..x.x..................x.x.x.x..x.x.x.x...................x.x.x.x..x.x.x.x..................x.x.x.xx.x.x...x..............x....x.x.x.x.x.x....x..............x...x.x.x..x.x.x...x..............x...x.x.x..x.x.x...x.......,726,Hard,True
puzzle_45,17,**AA***AA***A*AAA*AAAA*A*A*AAAA*AAAAAAAAA*AAA*AAAA*AAAAAAAAAAAAA**AA**AAAA**AAA***A*A**A*AAAAAAAAA*AAAAAA*AAAAAA*AAAAA*AAAA*AAAAAAAA**AAAAAAA*AA**AAAAAA**AAAA*AA*AAAAAA**AAAAAA*AA**AAA*A**AAA*AAAAAAAAAAAA*AAAAAAA*A*AA*AAAAA***AAAAAAAAA**AAA*A*A*AAAA**AAA*AAAA*A*A*AAA*AA*A*A*AAAAAAA*AAAAA*,...x....x...x.x...x....x...x.....x....x...x...x.x..x.....x...x.....x..x.x...x.....x........x...x.x...xx.x.x.........x........x.x.x.x....x.x.x..........x........x.x.x.x...x.x..x.........x........x.x.x.x....x.x.x..........x.......x.x.x.x....x.x.x.........x........x.x.x.x....x.x.x.........x.,728,Hard,True
puzzle_46,17,AAAA**A*AAA*AA*AAA*A*AAA**AA*A*AAA**AAA*A*A*A*A**A*AAAAA*A***AA********AAAAAAAA*AAAAAA*AAAAAAAA*AAAAAA*AA*AA*AAA*AAAAA*A*A*AAAA**A****AAA*AA**AAAAAA**A*A*AAAAAAAA****A***A*A*AAA*AA*AAAAAAAAAA*AAA**A**AAAA*A*A*AAA*A*AAA*AA*AAA*A*A****A**AA***A*AA*A*AAAAA*A*A*A*AAAA*AA**AA*A*AAA*AAAAAAAA**A,........x.x..x.x.x.x.x.x..................x.x.x..x.x.x.x.x..................x.x.x.x..x.x.x.x..................x..x.x.x.x.x.x.x...................x.x..x.x.x.x.x.x..................x..x.x.x.x.x.x.x..................x.x.x.x..x.x.x.x...................x.x.x.x.x.x.x.x..................x.x.x..x,730,Hard,True
puzzle_47,17,AAA*AA**AA***AA**AA*AAAA*A*A*AAAA**AAAA*AAA*AAAAAAAAA**AAAAAAAAAAAAAA*A***AAA**AAAA**AAA*AAAAAAAAA*A***AAAAA*AAAAAA*AAAAA**AAAAAAAA*AAAA*AAAAAA**AA*AAAAA**AAAAAA*AA*AAAA**A*AAA**AA*AAAAAAAAAAAAAAAAAA*AAA*AAA*AA*A*AAAAAAA*A**AAAAAAAAA***AA*AAAA*AAAA*A*A*AAA*AA*AAA*A*A*AAAA*AAAAA*AAAAAAA*A*,..x.x...x....x...x.....x...x....x...x.x...x...x....x.....x...x.....x..x.....x...x.x..x...x.x...x........x.........x.x.x....x.x.x.x.......x..........x.x.x...x.x.x.x........x.........x..x.x...x.x.x.x.......x..........x.x.x....x.x.x.x........x.........x.x.x....x.x.x.x........x.........x.x.x.,731,Hard,True
puzzle_48,17,*AA*AAA*A**A*A*AAAAAAA*A*AAAAAAAAAAAAAA*A*AAAAAA*****AAA*A**AA*AAAAA*A*A*AAAAA*A***AAA**AA**A*AAA*AAAAA**A*AAA**A*A**A*A**A****AAAA*AAAAAAAAAAAAA**A***A*A*AA*A*A*A*A*A*AAAAA*AAAAAAAAA**A*A***A**AAAA*AAAAAAA**A*AAA***AA****A***AA*A*A*A*A*AA*AAAAAAAAA*****AA**AA*AA***AAA*AAA*AAAA*A*AAA**AAA,..x.x.x.x..................x.x.x.x.x.x..x.x..................x.x.x.x.x.x.x.x..................x.x.x.x.x..x.x.x..................x.x.x.x..x.x.x.x..................x.x.x.x.x.x..x.x...................x.x.x.x.x..x.x.x..................x.x.x.xx.x.x...x..............x....x.x.x.x.x.x....x.......,733,Hard,True
puzzle_49,17,*AA*AAA*AAAAAA*AA*AA**A******AAAAAAAA*A*AAAAA*AAA*AA**AA*****A*AAAAAAAAA*AAAAAA*AA****A*AAAAAAAAA*AAAA*AAAAA*AAA*AAAA****AA*A*A*AAA*AAAAA*A*AAAA*AAAAAA**A*AAAAAAAAA*AAAA*A*AAA*A*AAA*AAAAA*A*AAA**A*AAAAAAAAA*A*AAA*AAA**AAA****AAAA*AAAAAAAA*AAA*AA**AAAA**AA***A*A*AAAAAAAA*AA*AAAA*AA**A**AA*,....x.x.x.x........x.........x.x.xx...x.x.x..................x.x.x.x.x.x.x.x..................x.x.x.x..x.x.x.x..................x.x.x.x.x.x.x.x..................x.x.x.x..x.x...x.........x........x.x.x.x...x.x.x..........x.......x.x.x.x....x.x.x.........x........x.x.x.x...x.x.x..........x.,735,Hard,True
puzzle_50,17,AA*AAAAAAAAA*AAAA**AAAA**AAAA*AA*AAAAAAA*AA*AA*AAA***AA*A*A*AAA*AAAA*AAA**AAAA**AA*AA***A*AAAAAAAAAAAAAAAA***AAA**AA*AA**AAA**AAA*AAA*A*AAAAA*A*A**A*A**AAA*AA*AAAAAA*AA*A**A**AAA*AAAA*AAAAA**AAA*AA**AAAAAAAA*A*AA*AAAA*AA*AA**A*AAAA*AA*A*AA**AAAAAAAA*AAAAA*AAAAA*AA*A***A*AAAA*A*AA*AAAAA*AA,.x.x...x.......x......x...x.x.x....x.x...x.......x......x...x.x.x....x.x...x.......x......x...x.x.x...x.x....x.......x.....x....x.x.x...x.x...x.........x....x...x.x...x....x...x.....x...xx...x...x.....x....x...x...x.x....x.......x.....x.x...x.x....x.x.....x......x.....x.x....x.x...x.x....,737,Hard,True
puzzle_51,17,*A*A*A*AAA*A*AA*AAA*A***A***A*AAAAA****A*A*A**AAAAA*AAAA***AAAA*AAAAA*AAA*AAA*AAAAAAA***AAA**AAA*AAA*AAAAAA*AAAAAAA*AA*A**A**AAA*A*A*AAAAAAA*AAAAAAAAAA**AA******AAA*A*A*AA*AAAAAAA**A*A*A**AAA***A*AAA*A*A*AA*A*A*A*AA*A**A*AA*AA**AA*AAAAAAAA*A*AAA*AAAAA*A*AAAAA*****AAAAAAAA*AAAA*A**AAA*A*A*,.x...x.x.x..........x.......x.x.x.x....x.x.x.........x........x.x.x.x...x.x.x..................x.x.x.x.x.x..x.x..................x.x.x.x.x.x.x..x..................x.x.x.xx.x.x..x..................x.x.x.x..x.x.x.x...................x.x.x.x..x.x.x.x........x..........x.x.x...x.x.x..x.......,738,Hard,True
puzzle_52,17,AAAAAA*A*A*A*AAAAAAA**AAA*AAA*A*AAA*AA*AA*AA*A*AAA**A*A*AAAAAA**AAA*AAAAAA*A*AAAAA*AAAA*AAAAAAAAAA***AAAAA*AA***A*AAAAA*AAAAAAAAAA*A*AA**AAAAA*A***AAAAAAAAA*AA**A*AAAA*AA****AAA**AA*A*AAAAAA*AAA*AAA*A**AAA*A*A*AA*AA*AA*A*AA**A**AA*AA*A*AA**AAAAA*AA***AAAAAA*A**AA*A*AAAAA*A*A*AAAAA*AAAAAA*,...x.......x..x.x.x...x.x.x..........x.......x.x.x..x...x.x.x..........x.......x.x.x..x...x.x.x..........x........x.x.x.x....x.x.x..........x.......x.x.xx.x.....x.x..........x.x.....x.x..x.......x.x.....x..x.x.x.....x....x.......x.x....x...x.x.x......x...x........x.x...x...x..x.x.....x...,740,Hard,True
puzzle_53,17,A*AAA*A*AA**A*AAA***A*AAA*AAA*A*AAA*A**AAAA*AAA*AAA*A*****AA*AAA*AAAAAAAAAAA*A***A***AA*A*A*AAA*A*A*A*AAAAAAAA**AA**AA*AA*A***A*A*A*AAAA*AAAAA*A**AA****AA****AAAAA*AAAAAAAAAAAAAAA**AA****AA**AA**A*A*AAA*AA*AA**A*AAAAA**AAAA****A***AAA*AAA**AAAAA*AA*****AAAAAA*A****A*A*AAAAAAAAAA*AAA****A*,x.x.x..........x........x.x.x.x...x.x..x..........x........x.x.x.x..x.x.x.x...................x.x.x.x..x.x.x.x..................x.x.x.x..x.x.x.x..................x.x.x.x..x.x.x.x...................x.x.x.xx..x..x.x..................x.x.x.x..x.x.x.x..................x.x.x.x.x..x.x.x........,742,Hard,True
puzzle_54,17,**AAA*AAAA**AAA*AAAAA*AAA*AAAAAAAA***AAAAAA**AAAAA*AAA*AAA*AAA*AAA*AAAAAA*AA**AAAAAA*AAA*A*AAAAAAAAA*AAA*AAAA*A*A*AAA*AAAAA**A*AAAAA*AAA*A*AAAA**AAAA*A*AAA*A*AAAAA*A*A*AAAA*AAA*AAAAA*A**AAAAAAAAA**A*AA*AA*A*AAA*A*AAA*A*AAAAAAAAAA***AAA*A*A**AAA*AAAAAAA*AAAAAA*AAAA*A*AA***A****AA*AA*A*AAA*,....x.x.x.....x..x.x.......x.....x....x.x.....x.x..x.x.....x.x..........x.x.....x..x.x.x.....x.x..........x.......x.x.xx.x...x.x..................x.x.x.x.x.x.x.x..................x.x.x..x.x.x.x.x..................x.x.x.x..x.x.x.x..................x.x.x.x..x.x.x.x..................x.x.x.x.,744,Hard,True
puzzle_55,17,AAAAAAAAAAAA*A*A*AAA*A*A*AAAA**AA*A*AAAAA*A*AAAAA*AAAA***A*****A*A*AA****A*AAAAA*A*AAAA*AAA*A*A***A*A*A**AAAAAAAAA*AAA**A*AA***AA*AAA*AAAA***AAAAAAAAAA**AA*A*A**AAA*A*AAAAAAAA*A*AAAAA*AAAAAA*A***AAA*AAAA*A***A**AAAA*AAAAAAAA*AAAAA*AAA**AAAA**AAAA*AA*AAAAAAAAA*AAA**AAAAA*AA***A**A*A*AAA*AA,....x.x.x....x...x.x.......x....x.....x.x.x...x....x.x...........x.x.....x.x.x.x......x.x.........x.x......x.x.x.x......x.x.........x.x......x.x.x.x......x.x..........x.x......x.x.x.x....x.x.x.........x..........x.x.x...xx.x.x.x....................x.x.x.x.x.x.x.x..................x.x.x.x.,745,Hard,True
puzzle_56,17,AA**AAAA*AA**A***A*A*A**AAAAAAAA*AAAA*AAA***AAA*AAA**AA**AAAAAAAA*AAA*AA*AAAAAAA*AAAAAAA***AAAAAAAA*AAA*A*AA*AA*AA*AAAAA**AAAAAAAAAAAAAAAAAAAAAA*A*A*AAAAAAAAA***AA*A*A*AAAAAAA**AAA*A*AAAAA*AAAAA*A*AAA*AAAAAAAAA**A**AAAAAAA**AA*A*A*AAAAA*AA*AAAAAAAA*AAAAAAA**AAA*AAAAAAAAAAAAAAAAAAA***A***A,.x..x.x...x..............x...x.x.xx.x.x.x...................x.x.x.x.x..x.x.x..................x.x.x.x.x.x..x.x..................x.x.x.x..x.x.x.x..................x.x.x.x.x.x.x..x...................x.x.x.x.x.x.x..x..................x.x.x.x..x.x.x.x..................x.x.x.x.x.x..x.x........,747,Hard,True
puzzle_57,17,AA*AAA*AAAAAAAA*A*A*AAAAAAA*A*A**AA*A****AAA*A*A*A*AAAAAA*****AAAAA**A**A**AAA*AAA*A*AA*AAAAAA*A*A**AAAA*A*A*AAAAA*AAAAAA*A*A***A***A*AAAAA****AAAA*A*AA*A*AAA*A*A*AAAAAAAA*AAA*A*A*A**AA**A*AAAAAAA*A*AA*AA*AA***AAAAAA*AAAAAA**AAAAAAAAAAAAAA*A*AA***AAAA*AAAA**A**A*AA*A*AA****AAAAAAAAAA*A*A*,.......x.x..x.x...x.x.x..........x.......x.x.x.x....x.x.x.........x........x.x.x.x....x.x.x.........x........x.x.x.x....x.x.x..........x........x.x.x.x..x...x.x.........x..x.....x.x...x..x...x.x.....x......x.......x...x.xx.....x.x...x......x.x.....x....x.x.....x.x....x.....x.x......x...x.,749,Hard,True
puzzle_58,17,A*A***AA*AAAAAAAAAAAAAAA**A*A*A*AAAAAA*AAA*AAA*AAA**AAAAA*AAA*AAAA*AAAAAA*AA**AAAAA*A*AAAAA*A**A*AA**A*AA**AA*AAAAAAAAAA*AAAAA*A*A*AAAAAAAA*AAA*AAAAAAAA*A*A*AAAA*AAA*AA*AAA*A*AAAAA*AAAA*A*AAAAA*A*A*AAAAA*A*AAAAAA*AAAAAAAAA*AAAAAAAAAAAA*A***AA*AAAAA**AAAAAAA**A*AAAAAA*A**AA*AAA*A*A**AA**AA,.......x.x.x.x....x.x.x.........x........x.x.x.x....x.x.x..........x.......x..x.x.x...x.x.x..........x........x.x.x.x..x.x.x.x..................x.x..x.x.x.x.x.x...................x.x..x.x.x.x.x.x..................x.x.x.x.x.x.x.x..................x...x.x.xx...x.x...x........x.....x...x..x.,751,Hard,True
puzzle_59,17,A*A*AAAA**A*AAAA*A**A**AA*A*A*AAA***AAAAA*A****AAA*A***A**AA*AA***AAA*A*A*AA**A*A**A*AAA**A**AAA*A**AA****A*A**A**A*AAAAAA*A***A*AA*A**A*AAAAA*A***AAAA*A*AAAAAAAAAA***AA*AAAA**A***A*AAAAAAA*A*AAAAAA*A***A*AAAAA***AAA*A*AA*A*A*AAAAAA**AAA****A*A**AA*A*A*A*AAA**AAA*AAA*A*AAA*AA*A***A*A*AAAA,..x..x.x.....x...x........x.x...x...x.x.x......x...x.......x.x....x...x.x.x.....x....x.......x.x.....x....x.x.....x.x..x.x.....x.x..........x.......x.x.x.x....x.x.x.........x........x.x.x.x...x.x.x..........x.......x.x.x..x...x.x.x..........x.......x.x.x..x...x.x.x..........x.......x..x.x,752,Hard,True
puzzle_60,17,AAA*AAAAAAAAA*AA*AA**AA*AAA*AAAA*AA*AA*AAA*A*AAAA*AA*AA**A*AAAAAA*AAA*AAA*A*A**AA*A*AAA*AAAAA*AAAA*A*AAAAA*AAA*AAAA*AAAAAAAA**AAAAAAAAAAA*AAAAAA***AAA**AA****A**AAA*A*AAAA*AA*AAA**AAAA**AA**AA**AAAAAAA*AA*A*A*AAAAA*A**AAA*****AAA*AAAAAA*AAAA*AAAA*AAAA*AA**A**A*A*AAA*AA**AAAAAAA*AA***AAAAA,....x.x.x.x.......x..........x.x.x...x.x.x.x.......x..........x.x.x...x.x.x.x..................x.x.x.x.x.x.x.x..................x.x.x.x.x.x.x.x..................x.x.x.x..x.x..x..........x.......x.x.x.x....x.x.x.........x........x.x.x.x...x.x.x..........x.......x.x.x.x.....x.x..........x.x,754,Hard,True
puzzle_61,17,A*AA*AAA*AAA*AAAA*AAAAAAAAA*A**AA**A***AA**AAAAA*A*AA*AAA*AA*A*A*AAAA*AAAAA*AAAAA*A*AAAA*AAA*AAA*AAA****AAA***A*AAA**AAAAAAAA*AA*A***AAAAA**A*AA*AA*AA**A*AA*AAA*AAAAAAAA*AAA*AAA**AA*AAA**A*A*A*AAAA*AA*AAAAAAAAAAAAA*AAAA*AAA*A*A*AAAAA*AAA*AAAAAAAA*A*AA*AAA*AAA*AAA*AAAAA*A*AAAAAA*AAA*A*AAA*,.........x.x.x.x..x.x.x.x..................x.x.x.x..x.x.x.x...................x.x.x.xx.x...x.x............x.....x.x...xx.x.....x.....x......x.x...x.....x..x.....x...x.x..x...x.x...x..............x...x.x.xx.x.x.x...................x.x.x.x..x.x.x.x..................x.x.x.x..x.x.x.x.........,756,Hard,True
puzzle_62,17,A*A*AAAAAAAAAA*AA***AAAAAA*AA*A*AAA*A*A*AAAAA*A*AAAAA**AAAAA*A*A*AAAA***A*A*A*AA**A*A*AA*AAA*AAAAA*AAAAAA*A*A**AA*AAA*A*AAAAAAAAAA*AA***A*AA*A***AAAA*A*AAA**AAAA*A**A*A*A*AAAA*A*A**AAA*AA*AAA*AAAAAA*AA***A*AA*****AAAAA*A**A**AA*A*A*A*****A*AA*AAA*A*AAA*A*AAAA*AAA*A**AAAAAAAAA***AAA*AAAAA*,x.x.x.......x..........x.x.x.....xx.x.x.........x........x.x.x.x....x...x.........x.x..x...x.x.x..........x.......x.x.x.x....x.x.x.........x........x.x.x.x...x.x.x..........x.......x.x.x..x...x.x.x..........x.......x.x.x..x...x.x.x..........x.......x.x.x.x....x.x.x.........x........x.x.x.,758,Hard,True
puzzle_63,17,AA*A*AAA*A*AA**A*AA*AA***A**AAAA*AA**A*AAAAA*A*AAAA*AAA***A**AA*A****A**AAAAAA*A*AAAA*A*AA***AA*A*A*AA****AAAA*AAAA**A*A*A*A**A*AAA*A**AAA**AAA*A*A***AAAA*AAA**A**AAA*A***AAAA*A***A*A***A****AAA*AAA*AAAA*A*A*A*A*AAAAA*AA*AA*A*AAAA*A*AAAAA*A*A*AAAA******AA******A*A*AAAAAAAA*AAAAAA**AA*AA*A,.....x.x.x.....x..x.x.......x.x........x.x.x.....x..x.x.......x.x........x.x.x.....x..x.x.......x.x........x.x.x.....x.x.x........x.x.......x.x.x.......xx.........x.x.x....x.x.x.........x........x.x.x.x..x.x.x.x..................x.x.x.x...x.x..x.........x........x.x.x.x..x.x.x...........x,759,Hard,True
puzzle_64,17,AA*AAA*A*A*AAA*A**AAAAA*AAAAAA*A*A***AAA**AAA*AAAAA*A*AAAAAAA*AAAAAAA**A*A*A*AA**AAA*AAAAAA*AAAAA*A**A**AAAAAAAAA**AAA*AAA***AAAAAAAA*AAAAAAA*AAA***AA*AAA*A*AAAAA*A*A**A*A*AAAAAA****AA*A*AA****A*AAAAA*A*AAAAAA*AAA**AAAAAA*A***AA*A*AAA*A*A*AAA********AAAAA*A**AAA*A*A*A*AAAAAAAA**AAAAAA*AAA,...x.x.......x.x..x.....x.x.x........x.x........x.x.x.....x.x.x........x.x.......x.x.x......x.x.x.......x..x.......x.x.x......x.x.x.......x.x........x..xx.....x.x.x........x.x.......x..x.x.....x.x.x........x.x.......x.x........x.x.x.....x.x.x........x.x........x.x.x.....x.x..x.......x.x..,761,Hard,True
puzzle_65,17,*A*AA*AAAAAAAAAAAAAAAAAAAAAA***AAAAAA*AAA***AAAA*AAAA**AAAAAAAAAA**AA*AA**AAA**AAAAAAAA**AAAAAAAA***AA*AAAAAAAA*AA*AAAAA*AA*AAAAA*AAA**A*AAAAAAAA****AA*AAAA**A*AAAAAAAAA**AAAAA*AA**AAAAA*AAAAAAAAAAAA**AAAAA*A*A**AA*AAAAAA*AAAAAAAAA*AAAAAAAAAAAAA*AAAAAAAAAAAAAAAA*AAA*AAAAAAAA*AAAAAA***AAAA,.x..........x.x.x....x.x.x.x......x.x.........x..x.....x.x.x.x........x.........x.x.xx.....x.x.x........x.x........x.x.x......x.x.x........x.x.......x..x.x.....x.x.x........x.x.......x.x..x.....x.x.x........x.x.......x.x..x.....x.x.x........x.x........x.xx.......x.x.x......x.x.x.......x..,763,Hard,True
puzzle_66,17,**AAAAA****A**A**A*AAAAAAAAA*A*AA*A*AAA***AAA***AAA*AA*AAA*A*A*A***A*AAAAAAA**AA*AAAA*AAAAA*AAAAAA*AAAA**AA****A*AAAAAA**A*AAAA*AAA*A**AAA*AAA*A*****AAAAAAAAAA*A*AAA**A*AA*A*AAAAAAA**AA*AA*AAA*AAA*AAAAAA*AAA*A*AAAA*AAAAAA*AA*AAAAAAA**AA***A**AA*AA**AA*A*A***A*AAAAAAAAA**AAA*AA**A***AAA*A*,..x.x.x.......x..x.......x.x.x......x.x.........x.x......x.x.x.x.....x.x..........x.x.....x.x.x.x.....x..x.........x.x......x.x.x.x......x.x.........x.x......x.x.x.x.....x.x..........x..x....x.x.x.x......x.x.........x..x.....x.x.x.x.......x..........x.x.x...x.x.x.x........x.........x.x.x.,765,Hard,True
puzzle_67,17,A*A*AAAAA**AAAA***A*AAA**AAAAA**AAAA*A*A*A*AAA*AAA*AA**AAA*AAA*A***AA*AA*AAAAA**A*A*AA***AAAA**AAAAA**AAAAA*A*A*A**AA*AAA**AAA*AAAAA*AA*AAAAA***A*A*AAAA*A*A*A*A*AAAA*AAAAA*A**A***A*AA*AAA*AA*AA*A***AAA*AA*A*A*A**AAA**AAAA*AAA*AAAA*AA*AAAA*A*AA***AAAAA***AA***AA*A*AAAAAAAAAA*AA*AAAAA***AAA,....x.x.x.....x...x........x.x...x...x.x.x......x..x.........x.x...x..x...x.x.....x..x...x.....x.x......x.....x.....x.x....x.x...x.x....x.x.....x......x.....x.x....x.x...x.x......x.....x......x.x...x.x....x.x.....x.....x......x.x...x.x....x.x.....x......x.....x.x...x.x....x.x.....x.....x.,766,Hard,True
puzzle_68,17,AAAAAAAAA*AAAAA**A*AAAAAAA*AAA**AAAAAA***A*AAAAAAAA**A*AA*A*A*AAAAAAAAAAAAA***AAAAAAAAAAAAAAAAA*AA**A**A*AA**A*A*A*A*A**A*A*AAAAA*A*AA**AAAAA*A***AAAA**AAAAAA*AAA*AAAA*AAAA*AAAAAAA*AAAAAA*AAAAAAAAA*A**AAAA*A*AA**A**AAA*AA*AAAAAAAA*AA***AAAAA***AA**A*AA*AAAAAAAAA*AAA*AAA*A*AA**AA*A*AAAAAAA,x.x.x.........x........x.x.x.x.....x.x..........x.x.....x.x.x.x......x.x.........x.x......x.x.x.x......x.x.........x.x......x.x.x.x.....x.x..........x..x....x.x.x.x.......x..........x.x.x...x.x.x.x.......x..........x.x.x...x.x.x.x........x.........x.x..x...x.x.x.x..................x.x.x.x,768,Hard,True
puzzle_69,17,AAA**AAA*AAAAAAAAAAAA*AAAAA*AAAAAAAAAA*A*AAAAA*AA**AA*AAA*A*AAA*AAA*AAAAAAAAAAAA*A*AAAA*AA***AAAAAAAA*AAA*AAA*A***A****AAA*A*AA**AAAAA*AAA**AAAAAA*AA*AAAAAAAAAAAAAAAA*AAAAAAAAA**AAA*A*AAAAAAAAAA***AAAA*AAAAA*AAA**AAAAAAAAAA*AA*A*A*AAAAA*AAA*A*AAAA**AAAAAA**AA*A*A*A*AA**AAAA*A**AAAA*AAA*A*,..x..x.x.x.......x..........x.x.x....x.x.x.x........x.........x.x.x....x.x.x.x.......x..........x.x.x...x.x.x.x..................x.x.x.x.x..x.x.x..................x.x.x.xx.x.x...x..............x...x.x...xx.x.x.........x........x.x.x.x.....x.x..........x.x.....x.x.x.x......x.x.........x.x.,770,Hard,True
puzzle_70,17,A**A*A*AAAAAAA*A**A*AAAAA*A*A*A*A*A**A*A*AA***AAAAAA*A****AAA*AAAAAA**A*AAAAAAA**A**A*AAAA*AAAAAAAAA**AAA*A*AAA**A***AA**A*****AAAAAAA***AAAAA***A***A*AA**A*AA**AAAAAAA**AAAAAAA**AA**A**AA**A**A*A*AAAAAA*A*AAA*AAAA**AAA*****AAA*A*AAAAAAA*AAA**A*A*A*AAA*A***AA*A*AAAAA*AAAAAAA*A*AAAA*AA**AA,...x.x.x.......x..x.......x.x.x......x.x.x.......x.x........x.x.x.....x.x.x.........x........x.x.x.x...x..x.x.........x........x.x.x.x...x.x.x..........x........x.x.x.x...x.x..x.........x........x.x.x.x..x.x.x.x...................x.x.x.x.x.x..x.x..................x.x.x.x.x.x.x..x.........,772,Hard,True
puzzle_71,17,A***AAAAA*AAAAA*AAA*AAAA*A**AAAAAA*AAAAAA*AAA**AA*AA*AAAA*AAAAAAAAAAA*AAAA*A*AA*AAAAAAA**A*AAAAAAA**AAAAAAA*AAAAA****A*AAAAA*AAAAAAAA*AAA*A*AAA**A*A*AA*A*AAAAA*A*AA**AAAAAA*A*A**A**AA*AAAAA*A*AAA*AA**AAAA*A*A*A*A*AAA*A***A***AA*AAAA**AAA*AAA**A*AA*AAAAAAAAAAAAAAAAAAAAAAAAAAAAAA*AAAA*AAA**,....x.x...x...x...x......x...x...x...x..x...x...x..x.......x...x...x..x.x.....x...x........x.x...x...xx.x.x.....x............x.x....x.x.x.x.x......x............x.x...x.x..x.x.x.....x............x.x...x.x..x.x.x.....x............x.x...x.x.x.x..x.....x............x.x....x.x.x.x.x......x....,773,Hard,True
puzzle_72,17,AA*A*AAA*A***AA*A*A***AAA*A*AAA**AAAAA*A***AAA*AAAAAA*AAA*AAA*A***AAA**AA******AAAAA*AAAAAA*A*AAA**AA**AAAA*A**A*A**AAA*AAA**A*A*AAAA**AAAA*A*AA**A***AAAA****AAAAAA*AAA*AA*A*AA**A**A**AAAAA**A*A*AAAAAAAA*A*AAAA*AA***AAAA*****AAAAA*AAAAA*AAAA*A***A**AA*AAA*AA***AA*AAAAAAAAA*A**AAA*A*A*A*AA,.x.x.........x..x.....x.x.x.x......x.x.........x.x......x.x.x.x.....x..x.........x.x......x.x.x.x......x.x..........x.x......x.x.x.x.....x..x.........x.x......x.x.x.x......x.x.........x.x......x.x.x.x....x.x.x.........x........x.x.x.x....x.x.x..........x........x.x.x.x...x.x..x.........x.,775,Hard,True
puzzle_73,17,AAAA*AA*AAA*A**A**AAA***AAAAAAAAA*AAAAAAA**A****A*A**AA**AAAA**A*AAAA*AAAA*A*AAA***A***AA**A*AAAAA*A*AA*A*AAA***AAA******AA**AAA**AA*AA**A**A*A*A*A*AAA*AA*A*A*AAA****AA**A***A*AA***AAA*A*A*A***A*AAA**A*AA***A**A*A*AAA*A*A*AAA*AAA*A***AAAAA****AAA*A*A*A*AA*AAAAA*A**A*AA****AAA*AAAAAAAAAAA*,.x.x.x...x..............x...x.x.x..x.x.x...x..............x....x.x.xx.x.x.....x............x.x.....x.xx...x.....x.x......x...x.x.....x......x.....x.x...xx.x...x.x............x......x.x.x.x.x...x.x..................x.x.x.x.x.x.x.x..................x.x.x.x..x.x.x.x..................x.x.x.x.,777,Hard,True
puzzle_74,17,AA*AAA*A***AAA*A*AAAA*AAAA*AAA*A*AA*A*AAA*AA*AA*AAA*AA***A*AAAA*AAAAAAAA*AAAAAAAAAA*A*A*A*AAAAAAAAA*AA*AAAAA*AAA*A*AAA***AAAAAA*A*AAAAAAAAAAAAAA**AA*AA*AA**A*AAAAAAAAAAAA*AAA*AAAAA*AAA**A**AAAAAA**AAAAAAA*AAAAAA*AAA*A***AAAAAA**AAAAAA*AAAAAAAAAAAAAAAA**A**AAA**AAAAAAAAAAA**AA**AAA*A**AAA*,.x.x.x......x............x.x...x.xx.x.x.x...................x.x.x.x.x.x..x.x..................x.x.x.x..x.x.x.x..................x.x.x.x.x.x.x..x..................x.x.x.x..x.x.x.x...................x.x.x.x..x.x.x.x........x...........x.x.x....x.x.x.x.......x..........x.x.x...x..x.x.x......,779,Hard,True
puzzle_75,17,A*AA*AAA*AAAA**AAA*AA*A*AAA*AAAAAAAAA*AAA*AA**AAAA*AAA*A*A**AA*AAAAAAAA**A*AAA**A*A***AA****AAAAAAA*AAAA*AAAAA**AA*A***AA***A***A*AAAAAAA*AAAA*AA**A*AAA*AAA*A*A**A*AAAAA*A*A*AAAAA*A**AA*AA****AAAAAAAA*A*A*A**AAAA**AAA*A*AA*AA*AAAAAA*AAAA**AAAAAAAA*AAAA**AAA****AAAAA*AAA*AAA*A*A*AAAA**A*AA,...x.x.x.x.......x..........x.x.x...x.x.x.x..................x.x.x.xx.x..x.x..................x.x.x.x..x.x.x.x..................x.x.x.x.x.x.x..x..................x.x.x.x.x.x.x.x..................x.x.x.x...x..x.x.........x........x.x.x.x...x.x..x.........x........x.x.x.x...x.x.x..........x,780,Hard,True
puzzle_76,17,AAA*AAAAAAAAA*A*AA*AA*AAA*AA*A*A*AAAA****A*AAA*A*A*AAAA*A*A*A**AAAAA*AA**AAA*AAAAAA*A**AA*A*A*AA**A**AA**AA**A**A*AAAAA*AA*A*A*A**A***AA**A*A*AAA*AAAAAAAAAAAAAA*A***AA*AAAA*AAA***AAAA**A*AAAAAAAAA*A*AA*AAAAAAAA***AAAAA*AA*A*A*AAAAA****AAAAAAA*AA*AAAAAAAAAAAAAA*A*AAA**A*A*AAA*A*AAA**AAA*A*,.x.......x.x..x.....x.x.x........x.x.......x.x.x......x.x.x.......x..x.......x.x.x......x.x.x........xx.........x.x.x....x.x.x.x..................x.x.x.x..x.x.x.x........x.........x.x..x...x.x.x.x........x..........x.x.x....x.x.x.x........x..........x.x.x....x.x.x.x......x.x..........x.x.,782,Hard,True
puzzle_77,17,A**AA*A*A**AA**AAA*AAAA*AAAA*A*AA*AAAAA*AAAAA*AAAA**AA*A*AAA*A*****AAAAAA***A*A*A*AAAAA*A**A*AAAA**AAAAA*AAAA***AAAAA****A**AA*AAA**AA*AAAAAAAAAA*AA*AAAAAA*AA*AAAAAA*AAAAAA*AAA**AAAA*A*A*AAAAA**AAAAAAAAAA*AAAAAA**A*A*AA*AAAAAA*AAAA*AAAAAAAAAAAAA***AAAA*A*AAAAA*AAAAAAA*AAA*AAAAAAAAAAA*A*AA,....x.x.....x..x.x.x.....x.x..........x.x.....x.x....x.....x.x.....xx...x.......x.x........x.x.x.....x.x.x........x.x........x.x.x.....xx.x.x.........x.........x.x.x....x.x.x.x.......x..........x.x.x...x..x.x.x.......x..........x.x.x...x.x.x..x.......x..........x.x.x...x..x.x.x.......x...,784,Hard,True
puzzle_78,17,**AAA*A*AAAAAAAAA*AAAAAA*A*AA*AAAAAA****AA*AAA*A*AAAAA*A*AA*A*AA**AAA*AA**AAA**AAAA*A*AAA*AAAAAAAAAA***AA*AA*AAAA**AAAAA*AAAA**AAAAAA*AAAAAA*AAAA*A*AAAAA***AAA***AAA*AAAAAAAA***A****A*A*A*AAA*AA**AAAA**AA*AA*AAAAAA**AAAAA**AAAAAAA*AAAAA*AAAA**A**AAA**A*AAAAAAAAA***A*AAAAAAAAAAAAAAAA*A*AAA,......x.....x.x.x..x.x...x.x......x.....x......x.x...x.x....x.x.....x......x.....x..x...x.x...x.x......x.....x.....x.x....x.x...x.x......x.....x.....x.x....x.x...x.x......x.....x......x.x...x.x....x.x.....x......x.....x.x....x.x...x.x....x.x.....x......x.....x.x...x.x....x.x.....x.....x..,786,Hard,True
puzzle_79,17,A*AAAAAA*AA*AAAAAAAAA***A**AA*AAAAAAAAA*AAA**AAAAAAA*A**AA**AAA*AAAAA*AAAAAA*A*AA****AAAA*A***A*AAAAAAAA**AA*A*AAAAAAA*AAAA*AAAA*AA*A*AA**A*A*AAAA*A*AA**AAAAAA**AAAA*AAAAAA**A**AAA*AAA**AAAA*A*AAA*AA*AAAAAAA*A*AAA*A*AAAAA*AA*A*A*AA**AAA*A**AA*A*AAAAA**AA**A*AAAAAAAAAAAA*A*AAAAAAAAAAAAAA**,...x.x.x....x.....x........x...x.x....x.x.x...x....x.x...........x.x.....x.x.x.x......x.x.........x.x......x.x.x.x.....x.x..........x.x.....x.x..x.x.....x.x..........x.x.....x..x.x.x.....x.x..........x.x.....x.x.x.x.......x..........x.x.x...x.x..x.x.......x..........x.x.x...x..x.x.x......,787,Hard,True
puzzle_80,17,AA*AAAAAAAAAA*AAAAA*A*AA*AAAAAA***AAA*A*AAAAA*A*A*AAAA*A*A*AAAAA**AAA*A**AA*A*A*AA**AAAA*AAAAA*AAA*AA*A*AAA*AA**A*A*AAA***AA*AAAAAAAAAA*A*A*AAAA***A*AA*AA*A*A**A*AAAAA*AAAA*AAA**A*AAAAAA****AA*AAAAAA*AAA**A*AAAAA*****AA*A*****A*A*A*AA**A**A*AAAAA*AAA*AA*AAAAAA**A*AAAAAAAA*AAAAA*AAA***AAAA,....x.......x.x.xx.....x.x.x........x.........x.x.x....x.x.x.x......x.x.........x...x......x.x.x...x..x.x.x.......x..........x.x.x....x.x.x.x........x..........x.x.x...x..x.x.x.......x..........x.x.x...x..x.x.x.......x..........x.x.x...x..x.x.x.......x..........x.x.x....x.x.x.x........x..,789,Hard,True
puzzle_81,17,*AAAAA*AAAAA**A*AAA*AA**AAAAAA*AAAAAAAA*AAAAAAA*AAAAAAA*AAA*AA*AAAAAA*AAAAAAAAAA*A***AAAAA*AAAA*AAAAA**A*AA*A*AAAA*A*A*AAAA*A***A*AAA*AAAAAAAAAA*AAAAA*A*AA*AAAAA*AA**AAAAAAAA*AAAAA**AA*AAAAAAAA*AA**AA*AAAAAA*AAAA*AA*A*A**AA*AAAAA**AA*AA*AAAAA*AAAA*AAAAA**AAAAAAAA**AA*A*A**A**AAAAA**AAA**A,...x.x..x.x.......x..........x.x.x....x.x.x.x......x.x..........x.x.....x..x.x.x.....x.x..........x.x.....x.x..x.x.....x.x..........x.x......x.x.x.x......x.x..........x.x.....x.x.x..x.....x.x..........x.x.....x.x..x.x.....x.x..........x.x......x.x.x.x....x.x.x..........x.......x.x..x.x...,791,Hard,True
puzzle_82,17,AAAAA*A*AAAAA*A***AA***A*AAA**A**A**AAAAAAA*A*A*AAAAAA*AAAAAAAA***AA*A**AAAAA*A*AAA*A*AAAA*A*AAA*AAAA**A**A*AAAAA*AAA*AAAA*A**AAAA**A*AAA*AAAAAA*A*AAA*AA*AA*AAAAAA*AA*AA*AAA****AA*AAAAAA**A*A*AAA*AAA*AA**AA**AA*AAA*AAAAAAAAAA*AA*AAAA*A***AA****AA***AAA*AAA*AA*AAAAA*AAAAAAAA*AAAAA*A*AAA*AA,x...x.x.....x......x.....x.x.....x....x.x.....x.x..x.x.....x.x...........x......x.x.x.x.x....x.x............x.....x.x.x..x.x...x.x......x.....x......x.x...x.x....x.x.....x......x.....x.x....x.x...x.x......x.....x......x.x...x.x...x.x......x.....x.....x.x....x.x...x.x......x.....x.....x.x.,793,Hard,True
puzzle_83,17,*AAAAA*AAA***AAAAAAAAA**A*AAAAAAAA*A*AAAAA*AAA*AA*A*****A*A*A*AA**A**A*AAAAA*****AA*A***AA*AAAAAA*AAA*AA*AAA**A*AAAAAA*A*A*A**A*AAAAA*AAA*A*AAAA***A*AA*A***AA*AAAAAAAAAA*A*AAA*AA**A*A*AAAAAA*AAAAA*AAA*AA*A*A**AA*A*A*A***AAAA*A*A*AAAAA**AAAAA*A*AAAAA*A*A*AAA*A*AA*AAAAAA***AA*AAAAAAAAAA*AAA,.x.x.x........x.........x.x.x....x.x.x.x.......x..........x.x.x...x..x.x.x.......x..........x.x.x...x..x.x.x.......x..........x.x.x...x.x.x.x........x.........x.x.x....x.x.x.x.......x..........x.x.x...x..x.x.........x...x....x.x.x.x........x.........x.x.xx.....x.x.x..........x.......x.x.x,794,Hard,True
puzzle_84,17,AAA*A***AA***AA**A**AAAA*A*A*AA*A**AAAA*AAA**AAAAA*AA**AAAAAAAAA*AAAA*A***AAA**AAAA**AAA*AAAAAAAA**A***AA**A*AAAAAA*AAAAA**AAA*AAA**A**A*AAA*AA**AA*AAAAA**AA*A*A*AA*A*AA**A*A****AA*AAAA*AA**AAA*A*AAA**AA*AAA*AA*A*AAAAA*A*A**AAAAAAA*****AA*AAA**A*AA*A*A*A*A*AA*AAA*A*A*AAA**AAAA**AAA*AAA*A*,..x.x...x....x...x.....x...x....x...x.x...x...x....x.....x...x.....x..x.....x...x.x..x...x.x...x........x.........x.x.x....x.x.x.x.......x..........x.x.x...x.x.x.x........x.........x..x.x...x.x.x.x.......x..........x.x.x....x.x.x.x........x.........x.x.x....x.x.x.x........x.........x.x.x.,796,Hard,True
puzzle_85,17,AA**AAAAAAA*AAA**A*A**AA*A***AAAAAAA**A*AAA*A*AAAAAAAA**AAA*A***A*A*AAA*AAAAAAAAA**AAA*AA**AA**AA*A*A*AAA*AA*AAAAAAAAA*AAAA*AAAA***AAAAAA*AA*A**AA*AA*AA*AAAA*AAA*A***A**AA***AA*A*A*AAAAAA*A*AA*AAAAAAAAAAAA*AA*AA*A*AAAA*AAAAAA*A*AAAA*A*AAAAA**AAAA**AAA*AAAA*AAAAAAA*AAAA*AAAAAAA*AA***AA*AAA,....x...x.x...x..x.x...x.....x........x...x.x....x.x.x...x......x.......x....x.x...x.x.x....x.....x........x...x.x...x..x.x...x.....x........x...x.x...x..x.x...x.....x........x...x.x....x.x.x...x......x.......x....x.x...x.x.x....x.....x........x...x.x...xx.x.x...x..............x.....x.x.x,798,Hard,True
puzzle_86,17,AAAAAAAA***AAA****AA**AAAAA*A*AAAAA*AAA*A*A*A*AA**AA*AAAA**AAA*A*A*AAA*AAAAAA*AAAA**A*AA*AA*AAAAAAAAAAAAAAAA*AA**A*A**A*A*A*A*A*A*AAAAAAA**AAAAA*AAA*AAAA*AA*A*AAAA*A*AA**A*AAA*AAA**A*AAA**AA**AA*AAAAAA*AAA*AAAAA**A***AAAAAAAA*AAAAAA*A*A**AAAAAA*AAAAA*AAAA*A***AAAAAAAAA*AAAAA**AA*A*A**AAA*,.x.x.x.x..................x.x.x.x.x.x.x.x..................x.x.x.x...x..x.x.........x........x.x.x.x...x.x.x..........x.......x.x.x.x...x..x.x.........x........x.x.x.x...x.x.x..........x.......x.x.x.x......x.x.........x.x......x.x.x.x.....x.x..........x.x.....x.x.x.x.....x.x..........x.x.,800,Hard,True
puzzle_87,17,*AAAAAAAA***AA*AAAA*AA****AAA*AAAA**AA*AAAA**A*A**AA*A*AA*A**AA***AA*A****AAAAAAA*AAAAAAAA*AAA*AA**A**A**A**AAA*A*A*A*AA*AAA*A**AA***A**A****AAA*AAAAAAAAAA*AAAAAA**AAA*AAA***A**AAAAAAAA*AAAAAAAAAAA*A***AA*A*A*A***A*A*AAA*AAAAAA*AAA**A*AAA*A*A***AA*AAAAA*AAAAA*AAA*A**AA**AAAAAAA**AA*A*AAA*,..x...x.x...x....x...x.....x....x...x...x.x....x...x...x.....x.....x......x.x...x.x..x.x.x.....x..............x...x.x.xx.x.x.x...................x.x.x.x..x.x.x.x..................x.x..x.x.x.x.x.x..................x.x.x.x..x.x.x.x...................x.x.x.x.x.x.x.x..................x.x.x.x.,801,Hard,True
puzzle_88,17,*A*AAAAAAA*AAAAA*AAAA*A*A*AAA*AA*AAA*A*A*AAAA**AAA*AA***AAAAAAAAA**A*A*AAAAA*A*AA*AAA*AAA*AAAAAAAAAAAAAAAAAA*AA**AAA*A**AAAA*AA*AAAAAA**AAAAA*AA**AAAAAA*AAAA*AAAAAAAA**AAAAA*AAAAAA*AAAAA***A*AAAAAAAAA*AAA**AAAA**AAA***A*AAAAAAAAAAAAAA**AAAAAAAAA*AAA*AAAA**AAAA*A*A*AAAA*AA**AA***AA***A*AAA,.x.x.x.........x........x.x.x.x....x.x.x.........x........x.x.x.x....x.x.x..........x.......x.x.x.x...x.x..x.........x........x.x.x.x...x.x.x..........x.......x.x.x.x....x.x.x.........x........x...x.x...x..x.x...x.....x..x.....x...x.....x....x...x...x.x...x....x...x.....x...x....x...x.x..,803,Hard,True
puzzle_89,17,AAAAA*AAA***AAA*AAA**AAAAA*A*****A*AAA*AAA*AA*A*AA*A*A**AAA*A**A**AAAAAAAAAA**AAAAAAA*A*AA*A*AAAA**AAAA*AA*AA*AAA**AA*AA*AAAAAAA*AAAAAA*AAAAA*AAA*A*A***AAA*AA*AAAA**A*A*A*A**A*A*A*A*A*AAAAAAAAA**A*A***AAAAA*AA*AAAAAA*AAA*A*AAAAA*A**A*AAA**A*AAAAAAAAA**AAA*A*AAA**AAAA*AAAA*AAAA*AA*AAA*AAA*,..x.x.......x.x........x.x.x.....x.x.x........x.x.......x.x.x......xx.x........x.x.......x.x.x......x.x.x.......x..x.......x.x.x......x.x.x.......x.x........x.x.......x.x.x......x.x.x.......x.x........x.xx......x.x.x........x.x.......x.x..x.....x.x.x........x.x.......x.x..x.....x.x.x.....,805,Hard,True
puzzle_90,17,A*A*AAAAA*AAAAAA*AA*A**AA*A*A*AAA***AAAAA*AA***AAAAAA**A**AA*AA***AAA*A*A*AA*AA*AA*A*AAA*AAA*AAA*A**AA****AAA**AA*A*AAAAAA*AA**A*AAAA*AA*AAAAA*A***AAAA*A*AAAAAAAAAA*A*AA*AAAA*AA***A*AAAAAAA*A*AAAAAAAA***A*AAAAA*A*AAA*A*AA*A*A*AAAAAA**AAA****A*A**AA*A*A*A*AAA**AAA*AAA*A*AAA*AA*A***A*A*AAAA,..x..x.x.....x...x........x.x...x...x.x.x......x...x.......x.x....x...x.x.x.....x....x.......x.x.....x....x.x.....x.x..x.x.....x.x..........x.......x.x.x.x....x.x.x.........x........x.x.x.x...x.x.x..........x.......x.x.x..x...x.x.x..........x.......x.x.x..x...x.x.x..........x.......x..x.x,807,Hard,True
puzzle_91,17,A**AAAA*AAAA*AAAAAAA*AAAAAAAAAAA*A*A****A*A*AAAAA**AAA*A*A**AA**AAAAA****AAAAA*A*A*AAAAAAA*AA****A**A*AAA***A*AAAAAA**AAA*A*AA**A**AAA*A*A**AAAA*AA*AA*A**A*AAAAA*AA*AAAAA***AAAAA**A*AA*AAAA*A*A**A*AA*AA*A**AAAAAA*AAAAA*A*AAAAA**AAA***AAAA*AAA*A*AAAAAAAAAAAAAAA*A*A**AAA*A*A*AAA*A**AAAA*A**,........x.x..x.x.x.x.x.x..................x.x.x.x..x.x.x...........x......x.x..x.x...x.x.x..........x.......x.x.x.x.....x.x..........x.x.....x.x.x..x.....x.x..........x.x.....x.x..x.x.....x.x..........x.x.....x.x.x.x......x.x.........x.x......x.x.x.x.....x.x..........x.x.....x.x..x.x.....,808,Hard,True
puzzle_92,17,AAAAAAAAAAA*AAAAAAA*A**A***AA*A*AA*A*AAAAAAAAAAAAAA*A*AAA**AAAAAAAA*AA*AAAAAA*AAA**AAAA*AAAA*AA*AAAAAAA**AAAAAAAAAAAA*AAAAAAAAAAAAAAA*AA*A**AAA*AAA*AAAAAAAAAA*AAAAAAAAAAA**AAAAAAAAA**AAAAAAAAA**AAAAAAAAA**AA**AAA*AAAAAAAAA*AAAAAAAA*A*AAAAAA*AAAAAAAAAAAAA*AA*AAAAAAAAAAA*AAA**AA*AA***AAA*AA,.....x.x.x.....x..x.x.......x.x........x.x.x......x.x.x........x.x.......x..x.x.....x.x.x........x.x........x.x.x.....xx.x.x.......x..........x.x.x...x..x.x.x.......x..........x...x...x.xx.x.x...x..............x....x.x.x.x.x.x....x..............x...x.x.x..x.x.x...x..............x...x.x.x.,810,Hard,True
puzzle_93,17,*AA*AAA*AAA***AAAAA*****AAAAA*AAA*AAAAA*A*A*AAAA**AAA***AA*A*A*AAAAA**AA*AAA**AAAA**AAAA*A*AA*AA**AAAAA*AAAAAAAA**AAAAAA*A**A*A**A*AAAAAAA*A*AAAA*AAAA*AAAA*AAA******A*AAAA***A*AAAAAAAAA**AAAAAAA*A*A*AA*A*AAAA*AAAAAAA*A*AAAAAA*A***A*A**AA*AA*A*A*A*AAA*AAA**A*AAAAA**AAA**AAAA**AA*AAA*AAA***,..x.x.x..x.......x..........x.x.x...x.x.x.x........x.........x...x.x...x.x.x....x.....x........x...x.x....x.x.x...x....x.x...........x.x.....x..x.x.x.....x.x..........x.x......x.x.x.x....x.x.x..........x........x.x.x.x....x.x.x.........x........x.x.x.x....x.x.x.........x........x.x.x.x...,812,Hard,True
puzzle_94,17,**AAAA*AAAA*AAAAAA*A**AA*AAA*A*AA*A*A*AA*AAAA*AA*AAAA*AA**AAA*A*AAA*AA*AAA*A****AAAA*AAA**A*AAA*AA**AAAAAAAAAA*A***AAAAAAA**AAAAA*AA*A****AA*A*AAA*A**AAAAAAAAA**A*AAAAAA**AAAAAAA*AAAAAAAAAAA*AA**AAAAAAAAAA*AAAAA*AA***A*A*A*AAA*A**AAAAA*AA*AA**AAA*AAA*A*AA*AAAA**A*AAAAAAAAAA**A*A*A*A*AAA*A,..x.x.......x.x..x.....x.x.x........x.x........x.x.x......x.x.x........x.x.......x.x..x.....x.x.x........x.x.......x.x..x.....x.x.x........x.x........x.x.x......x.x.x........x.x.......x.xx.x.......x.x........x.x.x......x.x.x........x.x........x.x.x......x.x.x........x.x........x.x.x.....x,814,Hard,True
puzzle_95,17,AAAA*A*A*****AA*AAA*A*AAA*AAA**AAA*A*A*A*AA**A*A****AAA**AAAAAA*A*A*AA*A*AAA***AAAAA*A***A*AAAA*A*A*AAAAAAA*A***A**AAAA*AA***AAAAAAAAAA*A*AAAA***A*AAAAA*A**A*AA*A***A*AAAAAA*A**A**A*A****AA**A*AAA**A**AAA*A**A*A**AA*A*A*AAA***AA*AA**A***A*AAA******AAAAA***AAA*A*A*AA**A**A*AAAA*A**AAAA*A*A,x.x..x.......x..........x.x.x...x..x.x.x.......x..........x.x.x...x..x.x.x.......x..........x.x.x...x.x.x.x........x.........x.x.x....x.x.x.x.......x..........x.x.....x.x..x.x.....x.x....x.....x.x.......x....x.....x.x.x...x....x.x.......x...x......x.x.x...x...x.x........x...x.....x.x..x..,815,Hard,True
puzzle_96,17,A*AAA*A*AA**A*AAAA**A*AAA*AAA*A*AAA*A**AAAA*AAA*AAA*A**A**AAAAAA*AAAAAAAAAAA*AAA*A*A*AA*A*A*AAAAA*AAA*AAAAAAAA*AAA**AA*AAAA***A*A*A*AAAAAAAAAA*A**AA****AA*A**AAAAA*AAAAAAAAAAAAAAA**AA*A**AA**AA**A*A*AAA*AA*AA*AAAAAAAA*AAAAA****AA*AAAA*AAA**AAAAA*AA*****AAAAAA*A****A*A*AAAAAAAAAA*AAA****A*,x.x.x..........x........x.x.x.x...x.x..x..........x........x.x.x.x..x.x.x.x...................x.x.x.x..x.x.x.x..................x.x.x.x..x.x.x.x..................x.x.x.x..x.x.x.x...................x.x.x.xx..x..x.x..................x.x.x.x..x.x.x.x..................x.x.x.x.x..x.x.x........,817,Hard,True
puzzle_97,17,*AAA**AAA**A*A*AAAA**AAA*AAAAA**AAA*AAA**AAA*AAA*AAA**AA*AAAAAAA**AAAAAAAAA*A*AAAA***A*A*AA*AA*A*A*AA*A*A*AAA**AAAA*AAAA*A*A**AAAA*AAA***AAAAAA*A*AAA**AAAAAAA*A*AAAA*AA**A*A*AAA*AA*AA*A*A*AAAA***AAAAA*A*A*AA**A*A***AA*AAAAAAA*A*A*AAAA*****AA**A*AAAAAA*AAAAA*AAA*A*A*A*AAAA*A*AAAA**A*AAAAAA,.x.x...x.....x........x...x.x...x.x.x....x.....x.......x....x.x...x.x.x...x......x.......x...x.x....x.x.x...x.....x........x...x.x...x....x...x.....x...xx...x...x.x............x.....x.x.x.x.x....x.x...........x......x.x.x.x.x...x.x............x.....x..x.x.x.x...x.x............x.....x.x.x.,819,Hard,True
puzzle_98,17,*A*AAA***A*AAA*AAA*A*AAA*AAAA*AAAAAAA*AA*AA*AAAAA*AAAAA*AAAA*A***AA*A*AAAAAAAAAA*AAAAAA*AAAAAAAAA*A*AA*AAA*A*AAAAAAAAA*AAAAAA*A*AAAAAA**A*AA*AA**AAAAAAAAAAAAAAAAAAAAAA**AA**AAA*AAAAA*AAA*AAAAAAA**AAAAAA**A***A*AAA*AAAAAA*AAA*AAAAAA**AAAAA*A**AAAAAAAAAAAAAAAAAAAAAAAA**AAA*AAAA**A*AAA**AA**,....x......x.x.x.x.x...x.x..................x.x.x.x.x.x.x.x..................x.x..x.x.x.x.x.x..................x.x.x.x..x.x.x.x..................x..x.x.x.x.x.x.x..................x.x.x.x.x.x.x.x..................x.x.x.x..x.x.x...........x......x.x.x.x....x.x.x..........x.......x.x.x..x...,821,Hard,True
puzzle_99,17,*AA*AA*AAA*A*AAAAA*AAA***AA**AAAAAAA*AA*A*A*AA*AA*A*AA*AA**AA*AA*AAA**AAAAAAAA*****AA*AAA**AA**AAAAAAAAAAAAAAAAAAA**AA**A*A****AA*AAAAA*AAAAAA*A*AAAAAA**AAAAA**AAA*AAAAA*A*AAAAAAAAAA*AA**A***A*A*A*A*AAAAA**A*A*AA*****AAAA*AAAA*AAAAA*A**AAA*A**AA*A*AAA*A**A**AAA*AA*AAA***AAA*AA*A*A*AAAAA*A,....x..x.x.x.....x.x..........x.x.....x.x.x.x.......x..........x.x.x...x.x.x.x........x.........x.x.x....x.x.x.x........x.........x.x.x....x.x.x.x.......x..........x.x.x...x.x.x.x........x.........x.x...x..x.x.x.......x..........x.x.x...xx.x..x........x..........x.x.x...x.x.x..x.......x..,822,Hard,True
puzzle_100,17,A*AAA*AAA*AAAAA*AAAAAAAA*AAAAA****AAAAA*AAAAA**AAAAAAAAAAAAAAAAA**A******A*AAA*A**A*AAA*A*A*A*AA*AAA*A*AAAA**A**AAAAA*AAAAA*A*A*AAAAA*A****A*A***A*AAAAA**AAAAAAAAA*AAAA**A*AA*AA**AAA*AAAAA*A*AAA*AAAAAA*AAA*AAA**AA*AAA**A*A*A*A*AAA*A*AAA*AAAA*****A*AAA*AA*AAAAAAA***AAAA**AA*AAAA*A*AA*AAAA*,........x..x.x..xx.x.x.x..................x.x..x.x.x.x.x.x...................x.x..x.x.x.x.x.x...................x.x.x.x.x.x.x.x..................x.x.x.x..x.x.x.x..................x.x.x.x.x.x.x.x..................x.x.x..x.x.x.x.x..................x.x.x.x...x.x.x..........x.......x.x..x.x..,824,Hard,True
puzzle_101,17,AAAA***A*AAAAA*A**A*AAAAAAAAAAA****A*******A*AAA*AA*AAAAAAA*AA*A*AAA**AA**A*A*AAAAA*AAAAAAAAAA*A**AA**AA*A*A*AAAAAAAAAA*AAAAAAA***AA*AAAA*A***A**AAA*AA*AA*A*A*AAA**A***AA*AA*AA**AAAAAA*A*A*AAA*AAAA*AA*AA**AA*****AAAAAAAAAAAA*A*AA***AAAAAAA*******AAA*AAAAAA*AAAA*A*A**A*AA***A*A*AAAAAA*A*A*,.........x.x.x.x..x.x.x.x..................x.x.x.x..x.x.x.x...................x.x.x.x.x.x.x.x..................x..x.x.x.x.x.x.x..................x.x.x..xx.x.x.x..................x..x.x.x.x.x.x.x..................x.x.x.x..x.x.x.x..................x.x...x.xx.x.x.......x..........x.x.x....x.,826,Hard,True
puzzle_102,17,AAA*AAAAAAAAA*AAAAAAAAAAAAA*AAA*AA*A*AA*A*AAAAAAA**AA*AAAA*AA**A*A*AA*A*AAA**AAAA**A*A*A*AAAAAAAAAAAAAAAA*AAAA**A*****A*AAA*AAAAAAA*AAA*AA*A*AAA*A*AAAA*A*A*A*AA*A*A*AAA*AAAA*A*AAA*AAAAA*A*AAAAA**AAAAAAAA*AA*AAA*AAAAA***A*AA*A*AA****AAA*AAAAAA*AAA*AAAAAAAAA*AAAAA***AAAAAA**AAAAAAAAA*AA*A*A,..x.x.....x...x........x.x...x...x.x.x......x...x........x.x...x...xx.x.x.....x..............x...x.x.xx.x.x.x...................x.x.x.x..x.x.x.x...................x.x.x.xx...x.x.x..........x........x.x.x.x....x.x.x..........x.......x.x.x..x...x.x.x..........x.......x.x.x..x...x.x.x.......,828,Hard,True
puzzle_103,17,A*AAA*A*A*AA*AAAA*AAAAAAAA**AAA*AAA*AAA*AA*AAA*AA*AA**AA*AAAA*A**AA*AAAAA****AA*A*A*A*AAAA*AAA*AA*****A**A***A**AAAAAA**AAAAAAAAA**A***AAAAAAAA*A*AA*AAAA**AAAAAA*AAA*AAA*AAA**AAAA**AAAAA*A**AAAAA*AAAAA**AAAAAAA***A**A*A*AA**AA*A*AAAAA*AA*AAAA**AAAA*AA*A*A*A***A*AAAAA**A*A*AAA*A**A**A*AA*A,x.x.......x....x.....x.x.x...x......x.......x...x.xx...x.x.x..................x.x.x.x..x.x.x.x........x..........x.x.x....x.x.x.x........x.........x.x.x....x.x.x.x........x.........x.x.x....x.x.x.x........x..........x.x.x....x.x.x.x......x.x.........x.x.......x.x.x......x.x.x.......x.x...,829,Hard,True
puzzle_104,17,**A*A*AAAAA**A*A*A*AAAA*A*A**A*AA*A*******AAA*AAAAAAAA*A*AA***AAAAAA*AA*****AAAAAAAAAA*AAA*AAAA*AA*AA**AA*AA**AAAAAA*A*A*A*A*AAA**A***AAA*A***A**AAA*AA*A*AAAAAAA***AA*AAAAA*A*A*AAAAAAAAAAAAAAAAAAA*A**AA****AA**A*A*AAAAA*A*AAAAAAA*AA*A*AAA*A*******A*AAA*AA*A*AAAAAAAAAAA***AAAA***A*AAAAA*A*,......x.x.x....x.x.x.x.......x............x.x...x.xx.x.x.x..................x.x.x.x..x.x.x.x..................x..x.x.x.x.x.x.x...................x.x.x..x.x.x.x.x..................x..x.x.x.x.x.x.x...................x.x.x.x.x.x.x.x..................x.x.x.x..x.x.x.x..................x.x.x.x.,831,Hard,True
puzzle_105,17,A*A*AAAAA*A*AAAA*A**A**AA*A*A*AAA***AAAAA*AA***AAAAAA**A**AA*AA***AAA*A*A*AA*AA*AA*A*AAA*AAA*AAA*A**AA****A*A**A**A*AAAAAA*A***A*AAAA**A*AAAAA*A***AAAA*A*AAAAAAAAAA*A*AA*AAAA*AA***A*AAAAAAA*A*AAAAAA*A***A*AAAAA*A*AAA*A*AA*A*A*AAAAAA**AAA****A*A**AA*A*A*A*AAA**AAA*AAA*A*AAA*AA*A***A*A*AAAA,..x..x.x.....x...x........x.x...x...x.x.x......x...x.......x.x....x...x.x.x.....x....x.......x.x.....x....x.x.....x.x..x.x.....x.x..........x.......x.x.x.x....x.x.x.........x........x.x.x.x...x.x.x..........x.......x.x.x..x...x.x.x..........x.......x.x.x..x...x.x.x..........x.......x..x.x,833,Hard,True
puzzle_106,17,AAA*AAA**A*AAA*AA*A*AAAAAAA*A*A*A*AA**A*AAAA*AA*A*AA*AAAAAAA*****AA*****A**AAAAAAAA*AAAAAAAAAAAAA**A*A*AAA*AAA**AAA*AAAAA*AAA*AA***AA*AA**AA*A*A*A*A*AA*AAAAAAA*A**AAA*AA**A*AAAAA*AAAAA**AAAA*AA**AA***A*AA****AAAAAAAAA**AAAAAAA*A*AA**A*AAAA**A**AAA*A***AAAAAAAA*AA*AAAAAAAAAA**AAA*AAAA*AA**,.........x.x.x.x..x.x.x.x..................x..x.x.xx.x.x.x..................x.x.x.x...x.x.x..........x.......x..x.x.x...x.x.x..........x.......x.x.x.x....x.x.x.........x........x.x.x.x...x.x.x..........x.......x.x.x.x......x.x.........x.xx.....x.x.x........x.x........x.x.x.....x.x..x.....,835,Hard,True
puzzle_107,17,**A*A**AA*A**AAAAAA*A**AA**AAA*A*AAAA*A*A*A*AA*AAAAAAA**AA*AAAAAAAAA*AAA*A*AAA**A*AA*AAAAAAAAAAAAAA*AAAAAAAA*AAA*A*****AA*AA*AAAA*AAAAA***AAA*A*A*A*AAAA*AA*AA*A*AAAAAAAAA*AAA**A*AAA***AAAA*AA*A****AAAAA*AAA*AAAAA**AAAAA***A*AAAAA*AAAAAAAAAAA*AAAA*AAAAA**AA***AAA**AAAAAAA*A*AAAA*A*****AAAA,..x.x...x.x......x...........x.x.x....x.x.x.x.......x..........x.x.x...x.x.x.x........x.........x.x.x....x.x.x.x.......x..........x.x.x...x.x.x.x..................x.x.x.x.x.x..x.x..................x.x.x.x.x.x.x.x..................x.x.x.x.x.x.x.x...................x.x.x.x.x.x..x.x.........,836,Hard,True
puzzle_108,17,AA**A**AAAAAA*AAA*AAA*A*AAA*AAAAA**A***AAA*AAA***AAAA*AAAAA*AAA*A*A*AAAA*AAAAA*A*AAA*AAAAAA***AA*AAAAA*AAAAAAAAAAA***A*AA*A*AA*****AAAAAAA*A*AA*AAAAAA**AAAA*AAA***AAAAA*AA*A*****A*A*A*AAAA*AAAAAA**A*A*AAAAA*A**AA**A*AA*AAAAA*AAA*AAAA*AA*AA***AAA*AAAAAAA*A*A**AAAAAAAA***A*A*AA*AAA*AAAAAAA*,.x.....x.x.x........x.x.......x.x..x.....x.x.x........x.x.......x.x..x.....x.x.x........x.x.......x.x..x.....x.x.x........x.x........x.xx.......x.x.x......x.x.x.......x..........x.x.x...x..x.x.x.......x..x.........x.x...x..x.x.x.x........x...........x.x.x....x.x.x.x......x.x..........x.x.,838,Hard,True
puzzle_109,17,**A*AAAA*A*A*A**A*A*AAA*AA**A*AAAAAA*A**AAAA*AAAAAAAAAAA*A*A*AA*AAAA***AAAA*AAAAAAAAAA*AAAA*A**AA***AAAAAAAAAAA**A**AA*AAAAAA**A*A*AA***A**AA*AAAAA**A*A*AAAA**A*AAAAAA****AAAA*AAAAA*A*AAAAAAA***AAAA*AAA*A***AAAA**A*AA*AAAAA*A**AAAA*AA*A**AAAAAA****A*AAAAA*A*****AAAAAAAAA*AAAA*A**AA*AAAAA*,.......x.x.x.x....x.x.x.........x........x.x.x.x...x.x.x...........x......x.x...x.x..x.x.......x.....x....x.x.x.....x..x.x.......x.x........x.x.x......x.x.x.......x.x........x.x.......x.x.x......x.x.x.......x.x........x.x.x.....x.x.x........x.x.......x.x..x.....x.x.x........x.x.......x.x.,840,Hard,True
puzzle_110,17,AAAA*AAAAAAAA*A***AAAAA****A**AAAAAAA**AAAAA*AA*******AAA*A**AAAAAA**A***AAAAA*AAA*AAA*AA*AAAAAAAAA*AAA**AAAAA*AAA**AAAAAAAAA*A*AAAAAAAAAAA*AAAAAAA*AA**AA*A****A***AA*A*AAA*AAAA*AA***AAAA*AAAAAA**AAAAAA*AAA**AAA*AAA*AAAAAAAAAAAAAA*AAAA*AAA**AAAAAA**A**A**A*A*A*AA*AAAAAAAA**A*A*AA****AAAAA,.x.....x.x.x........x.x.......x.x..x.....x.x.x........x.x.......x.x..x.....x.x.x........x.x.......x.x.x......x.x.x.......x.x........x.x.x.....x.x.x........x.........x.x.xx...x.x.x..........x.......x.x...x....x.x.x.....x...x........x.x...x...x.x..x.....x..x.........x.x...x..x.x.x.......x..,842,Hard,True
puzzle_111,17,*A*A*AAA**A*AAAAAAAAAAAAA*****AAAAA*AAAAAAA*AAAAAAAAAAAAAA*AA**AA*AA*A**A*AA*A*AAA*AA*A*A*AAAAA***AAA**AAA*A*AAAAAAAA*AA*A*A*AAA*A*A**AA**AAAAAAAAAA*AAAAAAAAAAA*AAA**A*AA*AA*AAAAAAA*AAAAAA*AAA*AAA**AAA***AAAAAAA*AAA*AAA*AAAAA*AAAA***AAAA*AAAAA**A*A*AA***AAAAA*AA*AA***A*AAA*AAAA*AAAAA*A*A*,.......x..x.x.x...x.x.x..........x........x.x.x.x..x.x.x.x...................x.x.x.x..x.x.x.x..................x..x.x.xx.x.x.x..................x..x.x.x.x.x.x.x..................x.x..x.x.x.x.x.x..................x.x.x...x.x.x.x........x.........x.x.x....x.x.x.x.......x..........x.x.x...x.,843,Hard,True
puzzle_112,17,AAAA*AA*A*A*A*AA*A*AAA*AA*AAAAAA*A*A*AAAA**A*AAAA*AA*AA*AAA*AAAAAAAA*AAA*AAA*AAAAAAAA*A**A**A***A*AAAA*AAA*AA**A***A**AA*A****AA*AAAAAA*A*A*AAA**A**AAAA***AAAAAAA**AAA*AAAAA*AA**AAA**A**AA*A**AA**AA*AAAAA*AAAAAA*AA*AAAAA*A*AA**AAAAAAAA*AAA*AAA*A*A**AA*AAA*AAAAA***AAAA***A**A***A*AAAAAAAAA,x..x.x....x.............x....x.x.x.x.x.x...x..............x...x.x.x..x.x.x...x..............x...x.x.x..x.x.x...x..............x...x.x.x.x.x.x....x.............x....x.x.x.x.x.x...x..............x...x.x...x.x..x...x.....x........x...x.x...xx.x.....x.....x......x.....x.x...x..x...x.x.....x..,845,Hard,True
puzzle_113,17,*AAA*A*A*AAAA**AA*AAAAA*A**AAAA*AAA*AA*A*AAAAA**AA*AA*A****A**A*A*AA*AAAAAAAAA**A***A*AAAAA*A**A*AAAA*A*AAAAAAAAA**AA*A*A*A*A**AA*AA*AA*A***A*AAA*AAA*AAAA*A*A**AA*AAAAAAA*AA*AAA*A*A*AAA**A*AAA**AA*AAAAAAA**A**AA**A*AAA*AAAA*AAA**AA**AAAA*AAA***AAAAAA*AAAAA*AAAA*AA*A*AAAAAA*AAA*A*A*AAAA*AA,.....x.x.x.....x..x.x.......x.x........x.x.x.....x..x.x.......x.x........x.x.x......x.x.x........x.x.......x.x..x.....x.x.x........x.x........x.x.x.....xx...x.......x.x....x...x.x.x......x...x........x.x...x...x..x.x.....x...x........x.x...x...x.x..x.....x...x.........x.x..x.....x.x.x....,847,Hard,True
puzzle_114,17,*AAAA**AA*A**AAAAAAAA**AAAA**AAA*AAAA**A*AAAAA*AAAA*AAAAAAA*A*AAA*AAA*A*A*AA*A*AA**A*A*A*AAAA*AA*AAAA**AAAA*A*AA*AA**AAAA**AAAA**AA*AAAAAAAAAAAAAAAA*A*AA***AAAAA**AA*A*AA*AAA*AAAAAAA*AAA**AAAAA*AA***AAA*A*AAA****A*AAAA**AAA*AAAA*AAA*AAA*AA*A*AAAA**A*AA*A**AA**AAAAA*A*AAAA*A*AA*A*AAAAA*AAA,..x.x...x.x............x.....x.x.xx.x.....x.x..........x.x......x.x.x.x......x.x..........x.x.....x.x..x.x.....x.x..........x.x.....x.x.x..x.....x.x..........x.x.....x.x..x.x.....x.x..........x.x......x.x.x.x......x.x..........x.x.....x.xx.x.x.......x..........x.x.....x.x.x..x.....x.x....,849,Hard,True
puzzle_115,17,AAAAAAA*AA*AAAAAAAAAAAAAAAA*AAAAAA*A*AAA**AAAAA**A*AAAAAAAAAAAA*AAA*AA*AA***A*AAA**AAAA*AAAAAAAA**AAAA*AAA*AAAAA*AAAAAA**A*AAAAAA*AAAA*AA**AAAA*AAAAA**AA**AAAAAAAAA**AAAAA*AAAAAAAAAAAAAAAAAAAAAAAAAAAAAAA*AAAAAAA*A*AAAAAAA**AAA*AAA*AAAAAAAA*AAA*AA*AAAAAAA**A*AAAAAAAAAAAAAAAAA*A*A*AA***AAAA,x.x........x...x......x.x.x...x....x.x.......x...x......x.x.x...x....x.x.......x...x......x.x.x...x....x.x.......x....x.....x.x.x....x..x..x........x...x......x.x.x...x....x.x.......x...x......x.x.x...x...x..x.......x...x......x.x.x...x..x.x.x.......x..........x.x.x....x.x.x.x........x...,850,Hard,True
puzzle_116,17,AAA*AAA*AA**A*AA*AA*A*A*AAAA*AAAAA*AAA*AAA*A**A**AAAA**A*AAAAAA*AA*A*AA*AAA***AAA***AA**A***AAAA*AAAAAA*A*AAAAAA**AAA**A***A***AAAA**AAA*AAAA*AA*A*A*AA*AAA*AAAAAAAAA**AAAAAAA*A*A*AAAAA*AAAA*****A*AAA**AAA*A*AAA*A*A**AA**A*AAAAAA**A*AAAA*A*A*AAAAA*AA*AAA**A**AAAAAAAAAA**AA*AAAAA*AA*A*A*A*A,.x..x.x.....x............x.x...x.x.x.x..x.....x............x.x...x.x..x.x.x.....x....x.......x.x....x...x.x.x......x...x........x.x...x...x.x..x.....x...x........x.x...x....x.x.x.....x....x.......x.x...x....x.x.x.....x....x.......x.x....x...x.x.x......x..x.........x.x...x..x..x..x.....x..,852,Hard,True
puzzle_117,17,AAAA*A*AAAAAAAAA*AAAA*A*A*AAAA*A*A**A*****AAA*AAAAAAAAA*A*AAAAA*A**A****A*AAAAAAAAA*AA*AAAAA*A***AAAAAAAAAAAA*AAAAA*AAAAAA*A*AAAAAAAAAA*A*A*AA**AA*AAA*AA**A*AAAAA*AAAAAA*AAAA**A*AAAA*AAAAAAA*A*AAA*A**AAAAAAAA*AA*AAAAAAAAA**AAAAAAAAAAAA*AAAAAA***AAAAA*AA*AAAAAAAAAAAAA*A**AAAAAAAAAAAAAA*AAA,.........x.x.x.x..x.x.x.x..................x..x.x.x.x.x.x.x...................x.x.x.x..x.x.x.x........x.........x.x..x...x.x.x.x........x..........x.x.x...x.x.x.x........x.........x..x.x...x.x.x.x........x.........x.x.x.....x.x.x........x.x.......x.x.x......x.x.x........x.x.......x.x..x..,854,Hard,True
puzzle_118,17,AA*AAAA*AAAA*AAAA**AA*A*AAAAA*AA*AAAAAA**A*A*AA*A*A*AA*AAAA*A**A*AAAAAAAA*A*A*AAAAAAA*AAAA*AAAAAA**A*A*AAAAAA*AAA*AAA*A***AAAAAAAAAAA**A**AAA*AA*A*AA*A*A**AAA*AAAAAA**A*AA*A***A*AAAAAA*AA*AA*A*AAA*AAAA**AAAAA*AA*AAA*AAAAA*A*A*A*A*A*A*AA*A*AAAAA**AAAAAAAAAA**AAA*AAA*A*A**AA**AAA**AA**AA*AA,.x.x.......x.x........x.x.x......x.x.x.......x..x.......x.x.x......xx.x.........x.x......x.x.x.x.......x..........x.x.x....x.x.x.x........x.........x.x.x....x.x.x.x......x.x.........x..x.....x.x.x.x......x.x..........x.x......x.x.x.x......x.x.........x.x......x.x.x.x.....x..x.........x.x.,856,Hard,True
puzzle_119,17,A*AA*AAAAAAAAAA*AAAAA*A**AA*A**AAA*A*AAA*AAA*A*AAAA*A*A*AAA****A*AAAA*A**A*AAAAAAAA*AAAAA*AA*A*AAA*A*AAA**A**AAAA*AAA*AAAAA*AAAAA***AA*AAAAAA**AA***AAAAA**A**AAAAAAAA*AAAAAA*AA*AAA*AAAAAAAAA*A*AAAAAA*AAAAA*AAAAAA**A*A*A***A**AAA*A*AAAA***AAA*AA*****A*AAAAA*A**AAAAAAA*A*AA*AAAAAAAAAAAAA*A*,.......x.x.x.x....x.x.x.........x........x.x.x.x....x.x.x.........x........x.x.x.x....x.x.x..........x........x.x.x.x..x.x...x.........x....x...x...x.x....x...x...x.....xx...x.......x.x........x.x.x.....xx.x.x.........x........x.x.x.x....x.x.x..........x........x.x.x.x....x.x.x.........x.,857,Hard,True
puzzle_120,17,AAA*AAAA*AA*AAAA*A*A*AAAAA**AAAA*AAA*A***AAAA*A*AAA*A***AA*AAAAA*AA*AAAAAAAAA*AAAA**AAAAA*A*AAAA*A*AAAAAAAAAA*****A*AAAAA*AAAAAA*A*AAA*A**AAA*A*AAAA*AAAAAA*AAAAAAAAAAAAAA*AAA*A*A*A**AAAAAAAAAAA***AAA*AAAAAAAAAAAA**A***AAAAAAA*A*A*AAAAAAA*AAAAAAAA**AAA*AA**AAA*AA*AAAAAAAAAAAAAAAAA**AAAAAA*,x.x.x.....x............x.x...x.x...x.x......x.....x......x.x...x.x..x.x.x...........x........x.x.x.x...x..x.x.........x........x.x.x.x....x.x.x.........xx........x.x.x.....x..x.x.......x.x........x.x.x......x.x.x.......x..x.......x.x.x......x.x.x.......x..x.......x.x.x......x.x.x.......x.,859,Hard,True
puzzle_121,17,AA*A*AAAAAA*A*AAAA*AAAAAAAAAAAAAA**AA*AAA***A**A*AAAA**A*AA*AA*AAA*A***AAAAAAAAA***AAAAAAAAA*AAAAA*AAAAA**AAAAAAAAAAA*AA*A**A*AAAAAAAAAAA***AAAAAAAA*A*A*AAAAAA***A***AAAA*AA*A*A*AAAAAAAA*AAA*A**A*A****AA*AAA*A*AAAAAAAAA*AAAAAAA*A**AAAA*A**A*AAAAAAAAAAA*AA*AAAAA*AA**A*A*AA****A*AAAA*A*A*A*,.x.x.x..........x........x.x.x.x....x.x.x.........xx.........x.x.x......x.x.x.......xx.x.........x.x......x.x.x.x......x.x..........x.x......x.x.x.x......x.x..........x.x......x.x.x.x....x.x.x..........x........x.x.x.x....x.x.x.........x........x.x.x.x....x.x.x.........x........x.x.x.x...,861,Hard,True
puzzle_122,17,A**A*AAAAAAAAAAAAAA**AAAA**AAAAAAAAAAAAA*AAAAAAA**A*A*A*A**AAAAAAA*AAA*AAAAAAAAAA*AAAAAA*A*AAA**AA*AAA*AA*AAAAAAAAA*AA*AAAAAA**AAA*A*AA**AAAA**AAA****AAAAAA**A*AAAAAAAAAAAAA*AAAAA**AAA*AAAAAAAA**AA*A*AAA*AAAAAAAA*AAAAAAAAAA*AA*AAAAAAA**AA*A**AA*AAAA*AAAA*AA*A***AAAAAAAA**AAA*AAAAAA*AAA*AA,...x..x.x.x.......x..........x.x.x...x.x..x.x.......x..........x.x.x....x.x.x.x......x.x.........x...x....x.x.x.....x..x.x.......x.x........x..x......x.xx.x......x.x.........x.x......x.x.x.x......x.x..........x.x.....x.x..x.x.....x.x..........x.x.....x.x..x.x.....x.x..........x.x.....x.x.,863,Hard,True
puzzle_123,17,**AAA**AAAA*AAA**AAAAAAAA*AA**AA*A*AAAAA**AAAAAA***A*AAA*A*A*AAA*AAA*AAAAAA**AA*AAAAAA**AAAAAAAA*A*AAAA*AAA*A*A*AAAA*AAAAA*AAA*A*A**AAAAA*A*AAAA**AAA**A*AA*A*A*A*AAA*A*AAA**A*A*AAA*AAA*A**A*A**A**AAA*A*A*AA*A*AAA*A*A*A*A**A**AA***AAAAA*AAAA*AAAAAAA*AAA**A***AA*A**AAA*AAAA*AAA*A*AA*AA****A,..x.....x.x.x....x.....x.......x.x..x.x.....x.x..........x.x.....x.x.x..x.....x.x..........x.x.....x.xx.x.x.......x............x.x...x.xx.x.x.x...................x.x.x.x.x..x.x.x..................x.x.x.x..x.x.x.x..................x.x.x.x..x.x.x.x..................x.x.x.x..x.x.x.x.........,864,Hard,True
puzzle_124,17,AAA*A**AAAA*AAAAA**AA*AA*AAA*A*A**AAAAA*A*A*A*AA*AA*AAAAAAAA*AAA*A***AAAAAAA*AA*AAA*AA*AAAAAAA*A*AAA**AAA*AA**AAAAAA*AAAAAA*AAA*AAAAAAAAAAA**AAA*A*AAAAAAA*AAA*AAAAAA*A*AAAA***A*AAAAA*AAAA*AAAA*AA*A*A**A*AAA*A*AAA*AAAAA**AA**AAAAAAA*AAAAAA*A*AAAA*AAA**AAAAAA*AAAA*AAA*AAAAAAAA*AAAAA**AAAAAA,x...x.......x.x....x...x.x.x......x...x.......x..x...x...x.x.x..........x.......x.x.x..x...x.x.x......x...x........x.x...x....x.x.x.....x....x.......x.x....x...x.x.x......x...x.......x.x....x...x.x.x......x...x.......x..x...x...x.x.x......x...x........x.x...x....x.x.x.....x....x.......x.x,866,Hard,True
puzzle_125,17,AAA*A***AA***AA**AA*AAAA*A*A*AAAA**AAAA*AAA**AAAAAAAA**AAAAAAAAAAAAAA*A***AAA**AAAA**AAA*AAAAAAAAA*A***AAAAA*AAAAAA*AAAAA**AAA*AAAA*AAAA*AAAAAA**AA*AAAAA**AAAAAA*AA*A*AA**A*AAA**AA*AAAAAAAA*AAA*AAAAA**AA*AAA*AA*A*AAAAA*A*A**AAAAAAA*A***AA*AAA**AAAA*A*A*AAA*AA*AAA*A*A*AAA**AAAA**AAA*AAA*A*,..x.x...x....x...x.....x...x....x...x.x...x...x....x.....x...x.....x..x.....x...x.x..x...x.x...x........x.........x.x.x....x.x.x.x.......x..........x.x.x...x.x.x.x........x.........x..x.x...x.x.x.x.......x..........x.x.x....x.x.x.x........x.........x.x.x....x.x.x.x........x.........x.x.x.,868,Hard,True
puzzle_126,17,AAAA*A*A*AAAAAA*AAA*A**AAAAAAA*AAAAA*AAAAAA*AAAAAAA*A**AAAAA*AAAAA*AAAA*AAAAAAA*A***AA*AA*A*AA*AA*AAA*AAA*AAAAAAA***AA*AAA*AAA**A*AAAAAA**AAAAAAA*AA**A*AAA*AAAA*A**A*AA*AAAA**AAAAAAAAAA*AAAAAAAA*AA*AA*AAA****AAAA*AAAAA****AAAAAA**AAA*A*A**AAAAA*A*AAAAA*A*AAAAAAAAA*AAAA*AAA*A***AAAA*AAAAAA,.x.x.x.x...................x.x.x.x.x.x.x..x..................x.x.x.x..x.x.x.x........x..........x.x.x...x.x.x..x.......x...........x.x.x..x...x.x.x......x...x.........x.x......x.x.x.x....x.x.x..........x........x.x.x.x....x.x.x.........x........x.x.x.x....x.x.x.........x........x.x.x.x...,870,Hard,True
puzzle_127,17,*A*AAAA**AA*A*A**A*AAA*AAAAAAAAA*AA*AAAAAAA*A*AAAAA*AA*AA**AAA*AA**AA*AAAA*AAAA*AAAAAA**AAAAAA*AAAAAAA*AA*AAAAA**AA*A*AA**AA*A*A*A**AA*AAAAAAAA*A*AA*AA**AA*AAAAAAA*A*AAA*AAAAAAAA*A*AA**AAA*AA****AAAAAAAAAAA*AAAAAA**AA**AA**A**A**AAAAAA*AAAAAA*AAA*A*AAAAAAAA*AA**AAA*A*AAAAAAAAA*AA*A***A***,......x...x.x.x..x.x.....x.......x....x.x.....x.x...x......x.x.....x...x.x......x.x..x.......x.x.....x..x.x.x.....x............x.x...x.xx.x.x.x...................x.x.x.x..x.x.x.x..................x.x.x.x..x.x.x.x..................x.x.x.x..x.x.x.x..................x.x.x.x.x.x.x..x.........,871,Hard,True
puzzle_128,17,AA**A*AA**AA*AA*AA*AA**AAAA*AAAA*A*A**AAA**AA*AA*AAAAA**AAAAA**A**A**AA*A*AAAAA*AAAAAA*A**AA*AAAA***AAA***AA**A*A*A*AA**AAA*AAA*AA***A*AAAA**AAAAA*AAAA*A*AAAAAAAAA*AA**AA*AA**AAA*A*AAAAA**A*AAAAAA**AAA*AA*A***AAAAAAA*A****A*AAAA*AAAAAAAAAAAAAA*AAAAAA*A*A*AAA*AAAAA****AAAA*AAAA*AAA**AA*A*A,....x.....x...x.xx.x...x.x............x.....x.x..x.x.x...x.x............x.....x.x.x..x.x...x.........x........x.x.x.x...x.x.x..........x.......x.x.x.x....x.x.x.........x........x.x.x.x....x.x.x.........x........x.x.x.x....x.x.x.........x........x.x.x.x...x.x.x...........x......x.x...x.x..,873,Hard,True
puzzle_129,17,AA*A*AAAA**A*AAAAAAAAAAAA*AAA*AA*A**AAAAAAAAA*AAA**AAAAAAAA*AA*A*AAAAAAA*AAAAAAAAAAA*AAAAAAAAA*A*AA**AA*A*AAAA*AAAAA*AA*AAAAA*AAAAA****AA**A*AAA*AAAAA*A**A*AAAAAAA*AAAAAAAA*AA**AAA*AAAAAAAAAAA*AA*AAAAAAAAAAA*AA*AAAA**AAA*AAA*AAA**AA**AAA*AAAAAA*AAAAAA*AAAAAAAAAAAAAAAAAAA*AAAAAA*AAA**AA*AA,......x.x..x..x..x.x.x...........x.......x..x.x.x...x.x.x..........x........x.x.x.x..x.x.x.x...................x.x.x.x..x.x.x.x..................x.x.x.x..x.x.x.x..................x.x.x.x.x.x.x.x..................x.x..x.x.x.x.x.x..................x.x.x...x.x.x.x........x.........x.x..x...x,875,Hard,True
puzzle_130,17,A**AAA***AAAAAAAAA****AAAAA*AAA**A*AAA**AA*AAAAA*A*AAAAAA*A*AAA*AAA*AA*A*A**AAAAAAAAA*A*A*A*AAAAAA*AAAAAAAA**A*AAAAAAA**AA**A*AAAAA*A*AAAAA*AAAAA*AA*A*AAA*AAAAAAAAAA**AAAAAAAA*AA*AA*A*AAA**A***AAA*A*AAAAAAAA*A***AAA****AA**A*A*A*AA*A**AAA**A*A*A**AAAAAAAA*AA*A*AAAAAAAAAAAAAA*AA**AAAAA*AAA,x..x........x.x.......x.x.x......x.x.x.......x.x........x.x.x.....x..x.x.......x.x........x.x.x.....x..x.x.......x.x........x.x.x.....x.x.x........x.x.......x.x.x......x.x.x.......x.x..........x.x.....x.xx.x.x.....x............x.x.....x.x..x.x.....x.x..........x.x.....x.x.x..x.....x.x....,877,Hard,True
puzzle_131,17,AAAAA**A*AA****A**AA*A*AAAAAAAAAAAAAA**A*A**A*A*AAAA*A*AAAAAAA*AAAA*AAA**AA*AAA**AA*AAA*AAAAA****A*A**AA*AAA*A*A*AAAAAA*AAAAAA**A*AAAAA*AAA**AAAAAAA***AA*AAAAAAAAAAA*AAA**AAA***AAAA*AA*A*A**A*A*AAA*A*AAAAAAA**AAA*A*AA**AAAAA*A**A***A*AAAAAAA*AAA*AA*A*AAAAA*A*A****AAAA**AAA*AA*AAAAAAAA*A*A,x.x.x.....x............x.x...x.x..x.x.......x.....x....x.x.....x.x...x......x.x.....x...x.x......x.x...x.....x.x......x...x.x.....x.x....x.....x.x.....x....x.x.....x.x....x.....x.x.....x....x.x.....x.x...x......x.x.....x...x.x......x.x...x.....x.x......x...x.x.....x.x..........x.x.....x.x,878,Hard,True
puzzle_132,17,AAAAAAAAAAAA**AA**A**AAAAAAAA*AAAAA*AAAA***A*AAA*A*A*AA**A*AAA**A*AAAAA*A*A*A*AAA**A***A*AAAAA*AAAAA**AAA*AA*AA*AAAAA*A*AAAAAA*AAA*A*AA*****AAAAA*AAA*A*A*A*A*AAAAAA*AA**AA*AA*AA***AAA*A*AAAAA*AAAA*AAA***AA**A*A***A****A*A*AAAAA*AA*AAAA*A*A*AAA****AAAAA*A*AA*AAA*A***AA**A*AA*A***AAA**AAAAA,x.x..x.....x............x.x...x.x.x.x.x......x...........x.x....x.x.x.x.x.....x............x.x...x.x..x...x.....x.....x..x...x.x...x........x.....x...x.x.x....x.x...x.......x......x...x.x.x...x.x....x.......x.....x....x.x.x...x.x...x........x.....x...x.x..x...x.x...x........x.....x...x.x.,880,Hard,True
puzzle_133,17,AAA*A*AA*A*AA*AAAA*A***AAAAA**AAA**AA*AAA*AA*AAA**AAAA*AAAAAA*AAA*AAAAAAA**AAA*A*A***AAAAAAAA*AAAAAAA*AAAA*AAAAA*A**AAAAAA**AA*AA*A*A*AA*A*AAAAAAAAAAA*AAAA**A****AAAA*AAA**AAA*AAA*A*A****AAAAAA*A*AAAAAA*A*A*A*AAAAA*A*AA*A*AA****AAAAAA*A*AAAAA*AA*AAAAA*A*AAAAA**AAAA*AA*AAA*A*AAA*AAAAA*AAAA,....x.x..x.x.....x.x..........x.x.....x.x.x..x.....x.x..........x.x.....x..x.x.x.....x.x..........x.x......x.x.x.x.....x.x..........x.x.....x.x.x.x.......x..........x.x.x...x..x.x.x.......x..........x.x.x...x.x.x.x........x..........x.x.x...x.x..x.x.......x..........x.x.x...x.x.x..x......,882,Hard,True
puzzle_134,17,*AAAAAA*AA*AAAAA**A*AAA*AA*AA***AAAAAAAA*A*AAA*A**AA*AA*A*AAA*A**AAAAAAAA*AAAAAAAA**AAAAAAAAAA*A*AA*AA*AA*AA*A*AAAAAAA*A*AAAA*AA*****A*AA*AA*AA*A*A*A*AA**AAA*AAAAAAAAA**AAAAAAAAAAAAAA*AAAAAAAAAAAA*A****A*AA*AAAA*A*A*AAAAA*AAAAAAAAAA**A*AAAAAAAA**AAA*AAAAA*AA*A*AAAAAAAAAAA*A*AA**A*AA***A*A,.x.......x.x.x......x.x.x.......x..x.......x.x.x......x.x.x.......x..x.......x.x.x......x.x.x.......x..x.......x.x.x......x.x.x........xx.........x.x.x....x...x.x.......xx...x.......x.x....x...x.x.x......x...x.......x..x...x...x.x.x......x...x.........x.x..x...x.x...x........x.....x...x.x,884,Hard,True
puzzle_135,17,AAAA*A**AAAA*A*AAA*AA*AAA*AAAAAAAA**AAA*AAAAAAAAA**AAA*A*AA*AAAAAAAA*AAAAAAAAAAA*AAAAA**AA*A*AAAAAAAAAAA*AAAAA*AAAA*A*AA****AAAAA*AAAAA**A*AAAAA*AAA*A**AAAAAAA*AAAAAAA*A*AAAAAA*AAA**AA*AAAAAAAAAA*AA*AAAAA*AAA**AAAA*AA*AAA*AAA**AA**AAA*AAAAAA*AAAAAA*AAAAAA*AAAAAAAAAAAAAAAAAAAAA**AAA*AAAAAA,..x..x..x.x......x...........x.x.x..x.x.x..x.......x..........x.x.x...x.x.x.x..................x.x.x.x.x.x.x.x..................x.x.x.x..x.x.x.x..................x.x.x.x..x.x.x.x...................x.x.x.x.x.x..x.x..................x.x.x.xx...x.x.x..........x........x.x.x.x...x..x.x.......,885,Hard,True
puzzle_136,17,**AAAA*AAAAAA*A*AA*A*AAAA*AAAA**A*A*AA**AAA*A*AAA**AAA*A*AA*AA**A*AAAAAAAAA*AA*AAA*A*AAAA*AAAAA*AAAA***A****A**A*AAA**A*A*A*AAA**A*AAA**AA*A*A*AAAAAAAA*AAAAAAAAAAA**A*A**A*AAAA*A*AAAAA*AAAAAA*AAAAAAAAAAA*AA*A*AA**AAAAA*AAAAAAAAA***AA***A*A**A*AAAA*AAAAA*AA*AAA*AAA***AA*AAA**A*A*AA*AA**AA*,........x...x.x.xx.x.x.x..................x.x.x.x..x.x.x.x...................x.x.x.x..x.x.x.x..................x.x.x..x.x.x.x.x...................x.x.x.x.x.x.x.x..................x.x.x.x..x.x.x.x..................x.x.x.x.x.x.x.x..................x.x...x.x..x.x.x.....x....x.......x.x....x.,887,Hard,True
puzzle_137,17,*AAAAAAA*AAAA*AAA*A****AAAAAAAAAAAAAAAAA*AA*AAAA*AAAAAAA***AAAAAAAA*AA*AAA*A**AAAA*AA***AA**AAAAAAAAAA*AAAAA*AAA*A**AA*A*AA*A*A*AAA*A*A*A*AAAAAA***AAAAA*A*AAA**AA*A**AAAAAA*AAAAA*AAAAAAAA**AA**A*AAA*AAA*A***AAAAAA**AAA**AA*AAAAA*AAA*AAAAAAAAA**A*AAAAAAAA*AAAA*AA**AA**A*AAA*AA*AAAA*AAAAA*A,.x.x.x.x..................x.x.x.x.x.x.x..x..................x.x.x.x..x.x.x.x..................x.x.x.x..x.x.x.x..................x.x.x.x.x.x.x.x..................x.x...x.xx...x.x.....x......x.......x...x.x....x.x.x...x....x.x.......x.....x......x.x...x.x...x.x......x.....x.....x..x...x.x..,889,Hard,True
puzzle_138,17,***AAAAAA*AAAAAAAAA*AA*AAA*AAA*A*A**AAAAA*A*A**A*AAAAA*AA****AAAA*AAAA**AAAAAAAAAAAA**AAAAA*A*A**AA*A*A**AAAAAAA*AAA*AAAA*AAAA*AA*A*A*A**A*A*AAA*AAAA*AA*AA*AA**AAAAAAAA*A*A***AAAAAAAAAAAAA*A*AAAAAAA*A*AAAA*AAAAAA*AA*A**AAA*A*A**AAA*A**AAA*AA*A*AA*AAAAA*AAAAA*A**AAAAAAAAAAAAAAAA**A*AAA*AAA,...x..x.x.x.......x..........x.x.x....x.x.x.x......x.x..........x.x......x.x.x.x......x.x.........x.x......x.x.x.x......x.x.........x.x......x.x.x.x......x.x..........x.x.....x.x.x..x....x.x...........x.x....x.x...x.x....x.x.....x......x.....x.x....x.x...x.x.....x.......x....x.....x.x.x..,891,Hard,True
puzzle_139,17,*AAAAAAAAA**A*AAAAA**A*A*AAAA*A**AAAAAAA*A*AAAAAAAA*AAAAA*AAAAA*A**AAA*AAAAAAA**AAAAAA*AAAAAAAAAAAAAAAAAAAAA*AAAAA**A*AA*AA**A*AAAAAA*AAA*AAAA**AA**AA*A*AAA*AAAAA*A*AAA*AAAA*A**A**AAAAA*AAAAAAAAAAAA*AAAAAAA*AAA**AAAAAAAAAAA*AA**AAAA**A*AAAA*AAA*A*AAAAAAAAAAAAA**A*A*AA*AAAA*AA*AAAA*AA*A*A*,.x..........x.x.x....x.x.x.x......x.x..........x.x......x.x.x.x......x.x..........x.x......x.x.x.x......x.x.........x.xx.....x.x.x........x.x.......x..x.x.....x.x.x........x.x.......x.x..x......x.x......x...x.x.....x.x....x.....x.x.....x....x.x.....x.x....x.....x.x.....x....x.x.....x.x...,892,Hard,True
puzzle_140,17,*A***AAA***AAAAAAA**AAAAA*A*AAA*A**A***A*A*AAA**A*AA*AA*AAAAA*A*AA*A*AA*AAAA****AA*A*A**AAA*AAAAAA**A*AA*AAAAAAA*AAA*AAAAAAAA*AAA*AAA***AA*AA**A*AAA*AAAAAAAA*AAAAAA*AA*AAAAAAAAA*A**AAAAA*AAA**AAAA*A*A*AA*A***A*AA*AAAAA**A**A*AAAAAAA**AAAA**A*AA*AA*A*A*AAAAAAAAAAAAA*A**A*AAAAA*AAAA*AAA*A*A,.x...x.......x.x....x...x.x.x......x...x........x.x...x...x.x.x......x...x.......x.x....x...x.x.x.....x....x.......x.x...x....x.x.x.....x...x........x.x...x...x.x.x......x...x.......x.x....x...x.x.x......x...x.......x...x..x...x.x.....x......x.....x.x...x.x....x.x.....x.....x......x.x...x,894,Hard,True
puzzle_141,17,AAAA*A*A*AAA*AAA*AAAAAA*AA*AA*AAAA*AAAA*A*AA*AAA*A**AAA*A*AAA**AA*AAAA*AAA*A*A*AAA*AAAAAAAAAA*AAA*A*AAAAAA*AAAAAAAAAAA**AAAAAAAA*AAA***A**AA***AAAAAA*A*AAAA*AA**A*AA*A****AA**AAAAA**A*AAAAAA*AAAAA*AAA*AAAA****AAAA*A*AAAAAAAAA***AA*A*AAA**AAA*A*AA***AAA*A*AAAAA**AAAAAA**A*A*AAAAAA*A**A*AAA,.........x.x.x.x..x.x.x.x..................x.x.x.x..x.x.x.x..................x.x.x..x.x.x.x.x..................x.x.x.x..x.x.x.x...................x.x.x.xx.x.x...x..............x.....x.x.x..x.x...x.x......x.....x.......x.x..x.....x.x.x....x...x.x........x...x.....x.x.x....x...x.x.......x..,896,Hard,True
puzzle_142,17,AAAAAA*AAAAAA**A*AA**AA*AAAAAAAAAAAAAAAA*A***A*A*A*****AAA**A*A*AA**AAAA*AAAAA**AAAAAAAAAAAAA*AAAAA*AAAAA**AAAAAA***AAAAAA*A*AAAAAAAAAAAA*A**AAA*AA*A**AAA***AAAAAAAAAAAA*AA***AAAAA*AAA**AA*AAAAA*AAA*AAAAAA**AA*AAAAA*AAAAAA*AAAAA*AAAAA*AAAA*A*AAAA**AAA*AAAAA**AA**AAAA*AAA*A**AAAAAA**AAAAAA,.x.x...x.......x......x...x.x.x....x.x...x.......x......x...x.x.x....x.x...x.......x......x...x.x.x...x.x....x.......x.....x....x.x.x...x.x...x.........x....x...x.x...x..x.....x.....x...x..x.....x.x...x..x...x.x.....x......x.....x.x...x......x.x.....x...x.x......x.x...x.....x.x......x...x,898,Hard,True
puzzle_143,17,*AAAAA*AAAAAAAAA*AAAAAA*AAA*A*AAA*AAAAAA*A*A***AAAA*A*AA*AAAAAAA**AA**AA*A*AAA**AA*A**A*A*A**AAAAAA*AA*AA*AA*AAA*A*A*AAAAA**A*AAA*AA*A***A*AA*AAAAAAA*AAAA*AA****AAAAAA**A**AAAAAA*AAAA*AAAA*A*AAAAAAAAA**A***AAA*A*AA****A*AAA***AAAAA*AA*A**AAAAAA*AA*A*AA*AAA**A*AA***AAAAAAAAAAAAAAAA*AA*AAAA,.....x.x.....x.x..x.x.....x.x..........x.x.....x.x..x.x.....x.x..........x.x.....x.x..x.x.....x.x..........x.x.....x.x.x.x......x.x.........x.x.......x.xx.......x.x.x......x.x.........x.xx.....x...x.x......x.x...x.......xx.....x.....x.x....x.x...x.x............x.....x.x.x.x.x....x.x......,899,Hard,True
puzzle_144,17,*A*AAAAAAAAAAA*A*A*AA*AA*AAA*AAAAAAAAAAAAAA*AA****AAAAAA**AAA*AAAAA*AA*AAAAA*AAA**A***A*A*AAA*A*AAA*AA*AA**AAA*AAAA*AAA*AAAA**AAAAA*AAAAAAAA*AAAAAAAAA*A*A*AAAA*A**AAAA*A**A**AAAAAA*A*AAA*A*A*AA*A*AAAAA*A*A**AAA*AAAAAAAAAAAAAAAA*AA***AA*AAAA***AAA*A*AAAAAAAAAAAAAAAAA*AAAAAA*AAAAA*AAA*A*A**,....x.x...x.x....x.x...........x.x....x.x.x.x......x.x..........x.x......x.x.x.x......x.x.........x.x......x.x.x.x......x.x..........x.x......x.x.x.x....x.x.x..........x.......x.x..x.x...x.x.x..........x........x.x.x.x....x.x.x..........x.......x.x..x.x...x.x.x..........x........x.x.x.x..,901,Hard,True
puzzle_145,17,*AA*AAAAAAAAAAA*A**AAAAAAA*AA*A**AAAAA***AAAAAAAAA*AA**AAAAAAA*AA*AAAA*AAA***AA*A*A*AAAA*AAA*A*A*AAA*AAAAAAAA*AAA*A*A***AAAAAAAA**AAAAA*AAAA***AAAAA*AA*AAAA*AA*AAAA***AAAAAAAAAAAAAAAAAA***A*A*AAA*A**AAAAAAAAAAAA**AAAAAA*A*A*AAAAAAA***AAA*A*AA*A**AA*AAA*A**A*AAAAAAAA*AAAAAAAAA*A*AAAA*A*A*A,..x.......x.x.x......x.x.x.......xx.x.......x...x......x.x.x.......x.x........x.x.x......x.x.x.......xx.x.......x.x........x.x.x......x.x.x........x.x........x.x.x.....x..x.x.......x.x........x.x.x.....x..x.x.......x.x........x.x.x.....x.x..x.......x.x........x.x.x......x.x.x........x.x..,903,Hard,True
puzzle_146,17,A*A*AAA*A*AAAAAA*A*A*AAA*A*AAAAAAAA**A*AAAA**AAAA**A*AAA*AAA*AA**AAAAA*AAAAAAAAAAAA*AAAAA*AAAAAAAA*AA*AAAA**AAAA*AAAAAAA*AAA*AAAAA*AAAAAA*AAAAAAAAAAA*AA*AAAAAAA*A**A**A*A*A*AAAAAAAAAA*A*AAAAAAAA**AAA**AAAAA*AAA*AAA*A*AAA*AAAA***A*AAAAAAAAAA*AA*A*AAA*AA*AA*AA***AAAAAAAAAAA*AAAAAAAAA*AAAAA*,......x...x.x.x..x.x.x...........x......x.x..x.x...x.x.x..........x........x.x.x.x....x.x.x.........x........x.x.x.x...x.x.x..........x.......x.x.x.x.....x.x..........x.x.....x..x.x.x.....x.x..........x.x.....x.x.x.x.....x.x..........x.x.....x.x.x.x.......x..........x.x.x...x.x.x.x.......,905,Hard,True
puzzle_147,17,AA*A*AAA*A*AA*AAAAAAAAAAAAAAAAAA*AAAAAAA**AAAA*AAAAAAAA*AAA*A*AAA*AAAAAA**A*AAAA**AAAA*AAAAA*A*A*AA*A*AAAAA*AA*AAA***AA*AA***A*A*A*AA**AAAA*A***AAA**AAAA*AAAA*A*A*AAA***AAAAAAAAAA*AA*AAAAA**AAA***AAAA***AA*AAAAAAAAAA*A*AAAA*AAA*A*AAAAAAA*AA*AAAAAA*AAAAA*AAA*AAAA**AAAAAAAAA*AA*AAAAAAAAAAAA,.x..........x.x.x....x.x.x.x......x.x..........x.x......x.x.x.x......x.x..........x.x......x.x.x.x....x.x.x..........x.......x.x.x.x....x.x.x.........x..........x.x.x...x..x.x.x.......x..x........x.x....x...x.x.x.....x....x.......x.x...x....x.x.x.....x....x.......x.x...x....x.x.x.....x...,906,Hard,True
puzzle_148,17,AA*AA*AAA*AAA*A****A*AAAAA*A*AAAAAA*A*AA****AAA*AAAA***AAA*AA*A**AAA**A*AAA*A**AAAAA*A*AAAAAA*A*A*AAA*A*AAAAA**AAA*AAAAAA**AAAA*A*AA*AAA*AAA*AAA***AAAA**AAAA**AAAAA***A*A***AAAA*A*AAAAAAAAA**AA*AAAA*A**AAAA*AAAAA*AAAAAAA*AA**AAAAA*AAAAAAAA**AAAAAA*A*AAA*AA*A**A*AA*AA***A*AAAAAAA*AA*A*AAAA,.x.x......x.x..........x.x.....x.x..x.x.....x.x....x.....x.x......x...x.x......x.x...x......x.x.....x...x..x.....x.x...x......x.x.....x....x.x.....x.x....x.....x.x......x...x.x.....x..x...x.....x.x......x...x.x......x.x...x......x.x.....x....x.x.....x.x..x.x.....x.x..........x.x......x.x.,908,Hard,True
puzzle_149,17,*AA*AAAA*A*A*AAAAA**A**AAA*AA*AAAA*AAAA*AAA*AAAA**AA*AAA*A*A*A*A*AA**A*AAAA*AAAAA*AAAAAAAA*AAA*A*AAAA*AA***AA***AAA*AAAAAAA*A*AAA*A*A**A****A**AAAAAAAAAAAAAA*A*A***AAAA**AA*A*AAAAA*AAAAAAAAAAAAAA*AAAA**AAAAAAAA*AAAA**AA*AAA*AAA***AAAA*AAA*AA**AAA*AAAAAAAAAAAA*AA***AAAAAAA*A*AA*AAAAAA*AAA*,..x.x......x.x...x.....x.x......x...x.x.....x.x....x.....x.x.....x......x.....x.x...xx.x...x.x..................x.x.x.x.x.x.x.x..................x.x.x.x..x.x.x.x..................x.x.x.x.x.x.x.x..................x.x...x.x.x.x.x......x...........x.x....x.x.x.x.x.....x............x.x...x.x.,910,Hard,True
puzzle_150,17,*A*A*AAA**A*AAAA*AAAAAAAA*****AAAAA*A*AAAAA*AAA*AAAAAAAAAA*AA**AA*AA*A**A*AA*A*AAA*AA*A*A*AAAAA***AAA**A*A*A**AAAAAAA*AA*A*A*AAA***A**AA**AAAAAAAAAA*AAAAAAAAA*A*AAA**A*AA*AA*AAAAAAA*AAAAAA*AAA*AAA**AAA***AAAAAAA*AAA*AAA*AAAAA*AAAA***AAAA*AAAAA**A*A*AA***AAAAA*AA*AA***A*AAA*AA*A*AAA*A*A*A*,.......x..x.x.x...x.x.x..........x........x.x.x.x..x.x.x.x...................x.x.x.x..x.x.x.x..................x..x.x.xx.x.x.x..................x..x.x.x.x.x.x.x..................x.x..x.x.x.x.x.x..................x.x.x...x.x.x.x........x.........x.x.x....x.x.x.x.......x..........x.x.x...x.,912,Hard,True
puzzle_151,17,*A*A*AAA*AAA*AAAAAA*AAA*AAAAAAAAA*AAAA*AAA*AAAA*A*AAA****A*AAA*AA**AAAAAAAA**AA*AAAAAAA**A*AAAAAAAA**AAA**A**AAAAAAAAAA**A*AA**AA*AA*AAAA*AAAAAAAAAAA***AAAAAAAAA*AAAA*AAAAAAAA*AAAAAAAAAA*AAAAA*AAAA***A*AAAA*AAA*AAAAAAA*AA*AAAAA**AA***AAA**AAAAA*A*AAA*AAAAAAAAAAAA*AAAAA*AAAAA*AAAA*AAAAAAAA,.x.x.........x.x......x.x.x.x......x.x..........x.x......x.x.x.x....x.x.x.........x........x.x...x...xx...x.....x...x....x.....x...x...xx...x.x...x........x.........x.x.x....x.x.x.x......x.x..........x.x......x.x.x.x......x.x.........x.x......x.x.x.x......x.x.........x.x......x.x.x.x.....,913,Hard,True
puzzle_152,17,AAAA*AA*A*A*AAAAAAAAAA*AAA**A*A*AAAA**A*AA*AA**AAA*A*AAAA*AA*AAA**A*AA**AAAAAA***A*A*AA*A*AA****AA***AAA*A*AAAAAA*AA*A*AAAAAAAAA**AAA*AAA*****AA*A***AAAAAAAA*A***AA*A*A*AA*A*A***AAA**AA*A*AAAA*A***A*AAAAAAAAA*AA*A*AA****AA***A*A****AAAAA*A*A*AA**A*A*AA******AAAA**A**A*AAA*A*A*A*AAAAA*AAAA,......x.x....x.x.x.x.x......x...........x..x...x.x.x.x.x......x............x.x...x.x..x.x.x.....x............x.x...x.x..x.x.x.....x............x.x....x.x.x.x.x......x............x.x...x.x..x.x.x.....x....x.......x.x.....x....x.x.....x.x..x.x.....x.x...........x......x.x.x.x.x...x..x......,915,Hard,True
puzzle_153,17,A*AAAAAAAAAAAAAA*AA*A*A*AAA*AAA*AA**AA*AAA*****A*AAAAAA**AAAAAAAA***AA*AAAA*A**AAAAAAA*A*A*AAAA*AAAA***AAAA**AAAAAAAA*AA**AAAA*AAA*A**A*A*AAA*A***A*AAAAAAA**AAAAAAAAA*AAA*AAAAAAAAA*AA*A*A*A*AAAAAAAA*AA**AAAAAAAAA*AAAAAAA**AA***A*AAA*A****A*AAAAAAAAA*A*A**AA**AAAAAAAAA*AAAAAAAAA**A**AAAAAA,...x.x.......x.x..x.....x.x.x........x.x.......x.x..x.....x.x.x........x.x.......x.x.x......x.x.x.......x.x.........x.x......x.x.x.x....x.x...........x.x......x.x.x.x.....x..x.........x.x......x.x.x.x....x.x.x..........x.......x.x.x.x....x.x.x.........x.........x.x.x....x.x.x.x.......x...,917,Hard,True
puzzle_154,17,*AA*A**AA*AAAAA*AAA*A*AAA*AA**AA*AAA*AA***AAAA*AAA*AA*A*AAA*AA*AA*A*A******AAAA*AAA*AAAAAAAAAA**A***A*AAA*AA*AA*AAA*AAA*AAAAAA**AA***AAAAAAA****A*A*AAAA**AA*A*AA**A*A**AAA***AAAAA*AAAA*AA**A*AAA*A*AA**AA*AAA**AAAAAAAAAAA*AAAAAAA*A****AAAAAA**A**AAA*AAA**A**AAAAAAA**AAA*A*AAA*AAAA*AAAAA*AA,..........x.x.x.x.x.x.x.x..................x.x.x.x..x.x.x.x..................x..x.x.xx.x.x.x..................x.x.x.x....x.x.x.........xx.......x.x..x.....x.x.x........x.x.......x..x.x.....x.x.x........x.x.......x.x.x.......x.x........x.x.x.....x.x.x........x.x.......x.x..x.....x.x.x.....,919,Hard,True
puzzle_155,17,AAA*A*A*A*AAA*A*AA***A*AAAAAAAAA***AAAA*AA*AAAAA**AAAA*AA*AA*A*AAAA*AAA*AAA*A*AAAA*AAAAA****AA*A*A*A*AAAAAA***AAA*A*AAAAAAAA*A**AAAA*AA*A*AAA*AAAAAAA***AAAA**AAAA*AAAA*AAAAAA*AAA*AA*A**A*A*AAAA*AAAAAAAAAAA*AAAAAAAAAA**AAAAAAAA*A**A*AAAAAAAAAAAAAA*AAA**A**AAAAAA*AA*AAAAAA*A**AAAAAAA*AAA**A,.x..x.x.........x........x.x.x.x...x.x..x.........x........x.x.x.x....x.x.x.........xx.........x.x.x....x.x...x.......xx.........x.x.x....x.x.x.x........x..........x.x.x...x..x.x.x.......x..........x.x.x....x.x.x.x........x.........x.x.x....x.x.x.x........x.........x.x.x....x.x.x.x.......,920,Hard,True
puzzle_156,17,*AAAA*AAAAAA**A*A***AAAA*AA**A*AAAAA*A*A*AAA*A**AAA**AA*AA**AAA*A*AAAAAAAAA*AAA**A*A***AAAAA*AAAAAAAAAAAAAAAA*A*AAA*A*AAAAA***AAAAAAAA*A**AAA*A*A**AA*A***A**AAA*AAAAA*A*A*A*AAA**AAAA*A*AA*AAA*A*A*AAAAAA*AAA*AAA*AAA*AAAA*AAA*AAAA*AA*AAA*A*AAA*AAAA*AA**A*AAAA*AA*A**AAAAA*A*AA*AAAAAAAAAA**A*,.x....x.x.x.........x........x.x.xx....x.x.x.........x........x.x.x.x...x.x..x.........x........x.x.x.x...x.x.x..................x.x.x.x..x.x.x.x..................x.x.x.x.x.x.x..x..................x.x.x.x.x.x.x.x..................x.x.x.x.x.x.x..x..................x.x.x.x..x.x.x.x.........,922,Hard,True
puzzle_157,17,*A*A*A*AA*AAAAAAA*A*AA*AAA****AA*AAAAAA*AAA*AAAAA*AAAAAA*AAAAAA*AA*AA*AAAA*AAA*AAAAAAAAAA*A*AA***AAAAA**AAAAA*A*AAAAA**A*AA*A**AA*A*A*A*AAAAAA*AAA*AA****A*AAA**AAAAA*AAAA*A**AAAAAAAAAA****A***A*AA*AAAAAAAA**AAAA*AAA*AAAAAAAAA*AA*AAA*AAAAA**AAAA*AAAAAA*AAAAAA****A***AAAAAAA*AAAAA**AAAAAA*A,.....x.x..x.x.....x.x..........x.x......x.x.x.x.....x.x..........x.x.....x.x.x.x.....x.x..........x.x.....x.x.x..x.....x.x..........x.x.....x..x.x.x.....x.x..........x.x.....x.x.x.x.......x..........x.x.x...x.x..x.x.......x..........x.x.x...x.x.x.x.......x..........x.x.x...x.x.x..x.......,924,Hard,True
puzzle_158,17,AA**AAA*AAAA*AA**AAAAA*AA*AAAAAAAAA**A**AAA*A***AAAAAAAA*A*AA**A*AAA****AAAAAAAAA***AAAA*AA**AA***A*AA*A*AAAAA*AAAAA**AAAAAAA*A**AAA*AA***AA*A*A*A*A*AA*AAA*AAA*AA***AA*AA*AAA*AAA**AAA*AAAAAAAAAAAAAAA**A*A****A**AAAAAAAA*AA*AAAAAAA*****AA*AA**A*AAAA*AA*A*A*A*AAAAAAA*A*A*A*AA***AA**A*AAA*AA,x.....x.x..x.......x.x........x.x.x.....x.x.x........x.x.........x.x......x.x.x.x....x.x.x..........x........x.x.x.x....x.x.x.........x........x.x.x.x....x.x.x..........x.......x..x.x.x...x.x.x..........x........x.x.x.x..x.x.x.x...................x..x.x.x.x.x.x.x..................x.x.x.x.,926,Hard,True
puzzle_159,17,*A*AAAAAAA*A*AAAAAAAAAAAAA*AAAA*A**AAAAAAA*AAAA*AAAA*A**A**AA*AA*A*A***AAAAAAAAAAA*AAAAAA**AAAAA*AAAAA*AAAA*AAAAAAAAAAAAAA***AA*A*AAAAAAAAA*AAAA*AAAA*A*AAAA*AAA**A***AAA*AAAAAAAAA*A*A**AAAA*A*AAA**AAAAAAAA**AAA*AAAAAAAAAA*A*AA**AA*AAAA*A***AAAAAAAAA**A**AAA*AA*AAAAAA*A*A*AA*A*AAAAAA*A**A*,....x.x....x.x...x.x.....x......x.....x.x...x.x....x.x...........x.x.....x..x.x.x.....x.x..........x.x......x.x.x.x....x.x...........x.x....x..x.x.x.....x.x..........x.x.....x.x.x.x.......x..........x.x.x...x.x.x.x........x.........x.x.x....x.x.x.x........x.........x.x.x....x.x.x.x.......,927,Hard,True
puzzle_160,17,AAAAA*A***AAA**A**AAA*AAAAA*AAAA*AAAAAAAAAAA**AAA*A*A***AA**AAA*AAAAAAAAAAAAA*AAAAAAA*AAAAAAAAA*AAA*A*AAAAAAAAAAAAAAAA*A***AAAAAA*AAA*AAA*AA*AAA******AA*AAAAA*AAAA*AAAAAAAAAAA**A**AA**A**AAA***AAAAAAAAAAAAAAAAAAAAAA*A*AA**AAAA*A*AA*AAAA*A**AAA*AAAAAAAAA**AA***AA*****AAAAAAAAAAAAAA*A*A****,.x.x..x...x..............x...x.x.xx.x.x.x...................x.x.x.x..x.x.x.x..................x.x.x.x..x.x.x.x..................x.x.x.x.x.x..x.x..................x.x.x.x.x.x.x..x...................x.x.x.xx...x.x.x..........x.........x.x.x....x.x.x.x.......x..........x.x.x...x.x..x.x......,929,Hard,True
puzzle_161,17,**AAAAA*AA*AAAA**A*AA**AAAAAAAAAAAAA*AAAAA*A**A*AAAAA*A*A*A*AAAAAAAAAAAAAA*AAA*A*A*A*AAAA*AAAAAA*AAAA*A*AA*AA***AAA**AAAAA*AAAA*AA**AAA*AAAAAA*AA*AA**AAAA*AA*A*AAA*AAAAAAA*A*A*AA*AAAAA*AA**A***AAAAA*AAAA*AAA*AAAAAAAAAAA*A*AA**AA*A*AAAAAAAA*AAA*A*A*A*A*A*AAAA*AAAAAAAAA*A*AAAAA*A*A*AA****AA,..x.x.x.....x............x.x...x.x.x.x.x......x...........x.x....x.x.x.x.x.....x............x.x...x.x.x.x..x.....x............x.x...x.x..x.x.x.....x............x.x...x.x.x.x.x......x...........x.x....x.x.x.x.x.....x............x.x...x.x..x...x.....x.....x......x.x...x.x...x.x......x.....x,931,Hard,True
puzzle_162,17,**AA*A*AA*AAAAAA*AAAA**AA*AAA*AAAAA*AAAAA**A*AAAAA*AAAAAA*AAAAA***A**AAAAAAA**AA*A***AAAAA*AAAA*A*AAAA*AA*AA*A**AAAAAAAAA*AAAA*A*AA*A*AA*AA*AAA*AAAA*A*AAA*A***A*A*A**AAA*A*A*AAA**AA*AAAA*A****AA*A*AA**AAA**A*A**AAAAAA*AAAAA*AAAA**AA***A*A*AAAAA*AAAAAAAAAA***A*AAAAA*A**AAAAA*AAA*A*AAA*AA*A,...x.x......x.x...x.....x.x......x...x.x.....x.x....x.....x.x.....x....x.x.....x.x...x......x.x.....x...x.x......x.x...x.....x.x......x...x.x.....x..x...x.....x.x......x...x.x.....x.x....x.....x.......x.x..x.....x.x.x........x.x.......x.x.x......x.x.x.......x.x........x.x.x.....x.x.x.....,933,Hard,True
puzzle_163,17,*A*A*A*A**AAAAAAA*AA**A*A**AA*AAAA*AAA*A*A*AAAA**AA*A*AAAAA**A*AA*AA*A*AA*AAAAAAAAA*AAA*A*AAAAAA*AAAA**AAAAAA*AAAA***A*A*AA*AAA**A**AA*AA*AAA*A*AAA*AAA*AA*A*A*AA*A*A*AAAAA***A**AA*AAA*A**AAA*A*A*A*AA*AAAA*A**AAAAA*A*AA***AAA*A**AA*A*A*AA*A*A*AAA*A*A*AA**AAAAAA*AAAA*AA*AAA*A**AAAAAAAA*A**A,.x.x......x.x.........x.x......x.x.x.x.....x.x..........x.x.....x.x..x.x.....x.x..........x.x.....x.x..x.x.....x.x..........x.x......x.xx.x......x..x........x.x.......x.xx.......x.x.x......x.x.........x.x......x.x.x.x....x.x.x..........x.......x.x.x..x...x.x.x..........x.......x.x..x.x...,934,Hard,True
puzzle_164,17,*A*AAAAAAAAAAAAAAAAA*AA*AAAAAA***AAAAAAAAA*A*AAAA*AAAA*A**A*A*AAAAAAAAAAAAAAAAA*AAAA*AAA*A*AAAAAAA*AAAAA*AAA*A*AA*AAA*A**AAAAAA*AAAAAAA*A*AAAAAA*AAA*A*AAAAAAAAAAA*AA***AAAAAAA*******AAA*A*AAA**AAA**AAAAAAA*A*AAAAAAA*A*A**AAA**AAAAAAAA*AA*AA*A***AAAAAAAA*A*AA*A*A***A*AAAA*AAA*A**AA*A*AAAAA,.x.x.x........x.........x.x.x....x.x.x.x.......x..........x.x.x...x..x.x.x.......x..........x.x.x...x..x.x.x.......x..........x.x.x...x.x.x.x........x.........x.x.x....x.x.x.x.......x..........x.x.....x.xx...x.....x.x......x...x.x.....x..x.........x.x...x..x.x.x.......x..........x.x.x...x,936,Hard,True
puzzle_165,17,AAAAAAAA*AAAAAAAA**AAAA*AAAAAAA**AAA*AAA*AAA*AAA*AAAA*AAAAA*AAAA****A*AAAA*AAA***AAA**AAAAA*AAA*AAAAAA*A*AA*AAAA*AA*A*AAA*AAAAA*AAAAAAAAAAA*AAAA*AAAAA*AAAAAAA*AAAAA***A*AA*A*AAA***AAAAA*AAAA*AAA*AAAAAA**AA*A****A*AA*AAA**A*AA*AAAA*AAAAA*AA*AAAAAAAAAAA*AAAA**AAAAAAAA*AAA*AAAAAA*AA***AAA*A*,.x.x.........x.x......x.x.x.x......x.x.........x.x......x.x.x.x.....x..x.........x.x......x.x.x.x......x.x..........x.x.....x.x.x.x.....x.x..........x.x.....x.x.x.x........x.........x.x.x....x.x.x.x......x.x.........x.x........x.x.x.....xx.x.x.......x............x.x...x.x.x..x.x.....x....,938,Hard,True
puzzle_166,17,*A*A*AAAAA*AAAA*AAA*A***AA*AA*AAAAA***AA*A*A**AAAAA*AAAA***AAAA*AAAAA*AAA*AAA*AAAAAAAA**AAA**AAA*AAA*AAAAAA*AAAAAAA*AA*AA*A**AAA*AAAAAAAAAAA*AAAAAAAAAA**AA**A*A*AAA*A*A*AA*AAAAAAAA*A*AAA**AAA***AAAAA*A*A*AA*AAA*A*AA*A**A*AA*AA**AA*AAAAAAAAAAAAAA*AAAAAAA*AAAAA*****AAAAAAAAAAAAA*A**AAA*A*A*,.x...x.x.x..........x.......x.x.x.x....x.x.x.........x........x.x.x.x...x.x.x..................x.x.x.x.x.x..x.x..................x.x.x.x.x.x.x..x..................x.x.x.xx.x.x..x..................x.x.x.x..x.x.x.x...................x.x.x.x..x.x.x.x........x..........x.x.x...x.x.x..x.......,940,Hard,True
puzzle_167,17,**AAAAAAAAAA*AAA*AA*A**AAAAAAA*A*AAA*AAAA**AAAAAAAA*A*AAAAAAAAAAAAAA*AAAAAAAAA*AAAA*A*AAAAAAAAAAA*AAAA*AAAAAAA*AAAA***AAAAAAAAAAAAAAAAA**AAAAAAAAAAAAA*A**AAAAAAAAA*AAAAAAAAA*AAAAAA*AAAAA*AAA*AAAAAAAAAAAAA*AAAAAAAAAA*AAAAAAAAAAAAAA*A*AAAAAAAAAAA*AA*AAA**AAAAAAAAAAA*A*AAAAAAAAAAAAAAAAAAAAAA,..x.x.x...x..............x...x.x.xx..x.x....x.............x....x.x.x.x.x.x...x..............x...x.x.x..x.x.x...x..............x...x.x.x..x.x.x...x..............x...x.x.x.x.x.x....x.............x.....x.x.x.x..x...x.x............x.....x.x.xx.x.....x.x..........x.x......x.x.x.x.....x..x.....,941,Hard,True
puzzle_168,17,*A*AAAA*A*AAAAAAAA*AAAAAAA*AAAAAAAAAA*AAA*AA*AAA**AA***AAA*A*AAAAAAA*A*AAA*A*AAAAAAAAAAAAAAA**AAAAA*AAAAAAA*A****A*A*A*A**AAA*A*A*AAAAA**AAAAAAA**A*AAA*AAA**A*AAA*A*A*A*AAA*AAAAAAAAAAA*A*AAA*AAA*AA*AAAA*AAAAA**AAAAAAAAA*AA*A*AAAA*AAAAAAA*AAAAAAAA*AAA*AA*AA*AAAAAA*AAAAAAA*AA****AAAA*A*AAAA,.x.x.x..x..................x.x.x.x..x.x.x.x..................x.x.x.x.x.x.x.x..................x.x.x.x.x.x.x.x...................x.x.x.x..x.x.x.x...................x.x.x.xx...x.x.x..........x.........x.x.xx.....x.x.x........x.x........x.x.x......x.x.x........x.x.......x.x..x.....x.x.x.....,943,Hard,True
puzzle_169,17,A*AAAA*AAAAA*A*A*AAAA*AA*AA**AAAAAAAAAA**AAA*AA***AAAAA*AAAA***AAAA*AAAAAAA*AAA*AAAAAA*AAA*AAA**AAA**A*AA*AAAAAAA*AAAAAAAAAAAA*AAA**A*AA**AAAAAAAAAA*AAAAA*A*A*AAA*A*A**AA*AAA*A*AAAAAAAA*A*A*A*AAAAA***AAA**A**A*AA*A*AAA*AAAAAAAAA*AA**AA*AAA*AAAAAAA*AAAAAAAAAAAAAAAA****AAAA*A*AAAAA**A*AAAAA,.......x.x.x...x..x.x.x.......x..........x.x.x....x.x.x.x........x..........x.x.x...xx.x.x.x..................x.x..x.x.x.x.x.x..................x..x.x.x.x.x.x.x...................x..x.x.x.x.x.x.x..................x.x.x.x.x.x.x.x..................x.x.x.x...x.x.x..........x.......x..x.x.x..,945,Hard,True
puzzle_170,17,AAAA*A*AAAAAAA*AAAAAAAAAAA**AA**AAAAAAAAA*AAAAAA*A*AAA*A*AAA*A**AAAAAAA*AAAAAAA*AA**AAAAAA***AA*AA*AAAAAAAAAA*AAAA****A*AAAAAAAA**AAAAAAAAA***A*AAA**AA*AAAAA**AAA***AAA*AAA**AAAAA**AAAAAAAAAAA*AAAAAAA*AAAA**A*AAAAAA*AAA*AAAAA**AAAA*AAA*AA**AAAAAAAA*AA*AA*AA*AAAAA*AAAAAAAA**AAAAAA*AA*AAAA*,.x.......x.x.x......x.x.x.......x.x........x.x.x.....x.x.x........x.x.......x.x.x......x.x.........x.xx.....x.x.x........x.x.......x.x........x.x.x.....xx.x.........x.x......x.x.x.......x.x........x.x.x.....x.x.x........x.x.......x.x.x......x.x.x.......x..x.......x.x.x......x.x.x.......x.,947,Hard,True
puzzle_171,17,**A**A*A*A*AAAAA*AAAAAA*AAAAA**A****A**AAA*AA**AAAAAA*AA*AA*AAA*AAAAAA***AAA*AAAAAAAAAAAAA**AAA*A*A**AAA***AAAAAAAAA*A*AAAAAA**AA*AA****A*AAAAA*AAAAA*AAAA*AA*A**A***AAA******A*A*A*AA**AA*AAAAA***A**AA***A**AAAA**AAA*AAA**AA**A*A*AA**AA*AA*AA*AA****AA**AAAAAAA**AAAAAAA*AAAAAAAAAAAA*A*AAAAA,.....x.x.....x.x..x.x.....x.x..........x.x.....x.x..x.x.....x.x..........x.x.....x.x..x.x.....x.x..........x.x.....x.x.x.x......x.x.........x.x.......x.xx.x.....x...x........x.x...x...x..x.......x...x...x..x.x.....x...x..x.....x.x...x......x.x.....x.....x......x.x...x.x...x.x......x.....x,948,Hard,True
puzzle_172,17,AA*AAA*AAAA*AAAA***AA*A*AAAAAAAAAA*AAAA**AAAAAAAAAA*A*AAAAA*AAAAAAAAA*AAAAAAAAAAAAAAA****AA***AAAAAAAAA*AAAAA*AAA*AAAA*AAA****AA*A*AAAAAA*AAA*AAAAA*A*A*AA*AAAA**A*AAA*AAAAAAAAAA*A**AAAAA*A*AAA*AA**AAAAAAAAA**AAA*A*AA*AAAAAA**AAAAA*AAAAAAAA*AAAAAAAA*AAA*A**AA*AAAAAAAAAA*A*A*A*A*A*AAAAA*A*A,.x.x...x.x............x.....x.x.x..x.x...x.x............x.....x.x.x.x.x....x.x...........x......x.x.x.x.x...x.x..................x.x.x.x..x.x.x.x..................x.x.x.x.x.x.x..x..................x.x.x.x.x..x.x.x..................x.x.x.xx..x.x.x..................x.x.x.x.x.x.x.x..........,950,Hard,True
puzzle_173,17,A**AAA*AAA*AAA*AAA*A*A***AAAA*AAAA*AA*AAAAAA*AAA*A***A***AAAAAAAAA*AAAA*A*A******A*A*A****AA*AAAAAA*AA*AAAAAAAAA*A***AA*AA**A*A*AAAAA*AAAAAAAA*AAAAA*A*A**AAA****AA*A*A*AAA*AA*AAAA*****AAA*A****AAA*A*A*A*AAAAAA*A*AAAAAAAAA**A*AAA*AAAAAAAAA*AAAA**AA**AAAAAA***A*AA*AAAAAAAAAAAA*AAA*AAAA*AAA*,...x.x.x.x.......x..........x.x.x...x.x.x.x..................x.x.x.xx.x.x.x...................x.x.x.x..x.x.x.x..................x.x.x.x..x.x.x.x..................x.x.x.x.x.x..x.x...................x.x.x.xx.x.x...x..............x...x.x...x.x.x....x.....x........x...x.x...x.x..x...x.....x..,952,Hard,True
puzzle_174,17,*AAA*AAAA*AAA*AAAAAAAAAAAA*AAAAA**AAAAAA**AA**AAAA*AAAAAAAAA*AAA*AAAAAAAAAAAA*A*AAAAAA*A*A*A*AAA****A*AAAA****AAAA*AA*AAA*A*A*AA****AAA**A*A*AAAAA*AAAAAAAA*AAAAA*A*A**AA*AAA**AAAAAAAAAAA*AAAAAAAAA*AA****A*AAA******A*A*AAAA*AAAAAAAAA***A***A*AAA*AAAAAA*AA*AAAA*AAAA***A*AAAAA*AAA*AAA*AAA**A,..x.....x...x..x.x...x.x...x........x.....x....x.x.x...x.x...x..............x...x.x.xx.x.x.x...................x.x..x.x.x.x.x.x..................x.x.x.x..x.x.x.x..................x.x.x.x..x.x.x.x...................x.x.x.xx.x.x.x..................x.x.x.x...x.x.x..........x.......x.x.x.x...,954,Hard,True
puzzle_175,17,*AAAAAAA*AAA*A*AAAAAAA*AAAAAAA*AAAAAAAAAA***AAAA*A*AAAAA*AAAA*AAAAAA*AAAAA***A*A*AA*AAAAAA**AAAAAAAAAAAA*AAA**AAAA*A*A*AA*AA**AAAAA*AAAAAAAAAAAAA*AA*AAAA**A**AA*AAA**AA*AAA*AAAA***AAAAA**AA*A**A*AAAA**A*AAAAAA***A*A*A*AAA*AA*A*AAA*A*****AAAAAA*AAAAA*AAAA*A*AAAA*AAAA*A*AA*A**AA*A*A**AA**AA,.x.x.x.......x..........x.x.x...x.x.x..x.......x..........x.x.x...x..x.x.x.......x..........x.x.x...x..x.x.x.......x..........x.x.x....xx.x.x.........x........x.x.x.....x.x.x........x.x........x.x.x.....xx...x.......x.x....x.....x.x.....x....x.x.....x.x..x.x.....x.x..........x.x.....x..x.,955,Hard,True
puzzle_176,17,A*AA*A*AAA*A*A*A*AAAA*AA**A***A*AAAAAAA**A*A*A****AAAAA*AAAA***AAAA*AAAAAAA*AAA*AAA*AA*AAA*AAA**AAA****AA*AAAAAAA*AAAAAAAAAA*A*AAA**A**A**AAAAAAAAAA*AAAAA*A*A*AAA***A**AA*A*A*A**AAAAAAA*A*A*A*AAAAA***AAA**A**A*AA*A*AAA*AAAAAAAAA*AA**AA*AAA*A*AAAAA*AAA*A*AAAAAAAAA*****AAAA*A*A*AAA**A*AAAA*,.......x.x.x...x..x.x.x.......x..........x.x.x....x.x.x.x........x..........x.x.x...xx.x.x.x..................x.x..x.x.x.x.x.x..................x..x.x.x.x.x.x.x...................x..x.x.x.x.x.x.x..................x.x.x.x.x.x.x.x..................x.x.x.x...x.x.x..........x.......x..x.x.x..,957,Hard,True
puzzle_177,17,A**A*AAAA*AAA**A**A*AA**AAAAAAAA**AAAAAAAAAA*AAAAAAAAA*****AAAA*A**A*AAAAAA***AAA*AAA*AA*A*A*A*AAAAAA*AAA*AAAA*A**A**AAAA*AA**AAAA*A*A*AAAAAAAAAAA*AA**AA**AAA*A*AAAAA*A*A*AAAAAAAAAA*AAAAA***AAAAAAAAAAAAA*AAAA***A***A*A*AA*AA*AA*A*A*A*AAA*AAAA*A**AA*A*AAAAA*AAA*AAAAAAA*AAAA*AAAA*AAAAAAAAA*,...x.x.x.......x..x.......x.x.x......x.x.x.......x.x........x.x.x.....x.x.x.........x........x.x.x.x...x..x.x.........x........x.x.x.x..x.x.x...........x......x.x.x.x.....x.x..........x.x.....x.x.x.x......x.x.........x.x......x.x.x.x.....x.x..........x.x.....x.x.x.x......x.x.........x.x..,959,Hard,True
puzzle_178,17,AA**AAAA*A*A*AAA*AA*AAAAA*A*AAAAA**AA**AAAAA*A*AA*AAA*A*A**A****A*AAA***A**AAAAAAAAA**AAAA*A**A*AAAAA*A*AA**AAAAAAAAA*A*AA*AA*AA**A*A*A*AAA*AAA*AAA*A***AAAAAAAA*AA**A*A*A**AAA*A*A*AAA*AA*AAAAAAA*AAA*AAA*AAA*AAA*A**AA**A***AAAA**AA**AAA*AAAAAA*AAAAAA***AAAAAAAA*A*AA*AAAA*AAA*AAAA*A*A*AAA*A,.x.....x.x.x........x.x.......x.x..x.....x.x.x........x.x.......x.x.x......x.x.x.......x.x........x.x.x.....x..x.x.......x.x........x.x.x.....x.x.x........x.x.......x...x......x.x.x...x...x.x........x...x.....x.x..x...x...x.x........x...x.....x..x.x...x..x.x.........x...x....x.x.x.....x..,961,Hard,True
puzzle_179,17,AAA*A*AAA**AAAA*AAAAAAAAAAAAA*AA**A*AA**AAAA**A*A*AAAAA*AA*AAAAA*AA*AAA*AAAA**A*AAA*AA*A*AA**AAAA*AA*AAA**AAA*AA****A*AA*A**A**A*AAA*AAAA*AAAAAAAAA*A***AA**A*A*A*A*AAA*A*AA*AAAAAA*AA*A**A*AAAA*AAAAAAAA*A*AA*AAAAAAAA**A*A*AAA**A*AAA*A*AAAA*AAAAA*AA**A***AA**AA**A*AAAA*A*AAAAA*AAAA***AAAA*A,..x.x.......x...xx.......x.x...x.....x..x.....x...x.x......x.x...x......x.x.....x...x..x.....x.x...x..x...x.x.........x........x.x.x.x..x.x.x.x...................x.x.x.x..x.x.x.x..................x.x.x.x..x.x.x.x..................x.x.x.x..x.x.x.x..................x.x.x.x.x.x..x.x.........,962,Hard,True
puzzle_180,17,*AAAAA*AAAA*AAAAAAAA***AAAAAA*AAA**A*A*AAAAAAA*AAA*AAAAAA*AAAAAAA*A*A**AAA*A*AA*AAAA**AAA*AA*AA*AAAAAAAA*AAAAAAA*AA*AAA*A*A*AAA*AAA*AAAAAAAAA*AAAA*AAAA**AAAAAAAA**A*AAAAAA*A*AA*AA*AAA*A*AAAAAAAA**AA*A*AAAAAA*AAAAA*****AAAAAA**AAAAAA*AAA*A**A*A**AAAA**A**AAAA*AAAAA**AA*A*A*A*AAAAAA*AAA*AAA,.x.x.x.x..................x.x.x.x..x.x.x.x..................x.x.x.x.x..x.x.x..................x.x.x.x..x.x.x.x..................x.x.x.x.x.x.x.x....................x.x.x.xx.x.x...x..............x...x.x.x....x.x...x.......xx.....x.....x.x....x.....x.x.....x....x.x.....x.x...x......x.x.....x,964,Hard,True
puzzle_181,17,A**AAAAA*A*AAA*A**AAA*AAAAA*AAAA*A*A*A**AA*A*A*AAA**AAA*A*A**AA*AA*A*A*AAA*A*AAAAA*AA*AAA*AAAAA**AAA*A*****AAA*A*AAAAA*AAAAAA*AA*AA*AAAAAA*AAAA*AAA*AAAAAA*AAA*A*A***AAAAAAAA***AA**AAAAAAAAAA**AAAAA*AAAAA*A**AA*A***AAA*AAAA*A*AAA*AAA***AA*A*AAAAAAA***AAAA*AAAAA*AAA*AAA*A**AAAAAA**AAAAA*A**,.........x.x.x.x..x.x.x.x..................x.x.x.x..x.x.x.x..................x.x.x..x.x.x.x.x..................x.x.x.x..x.x.x.x...................x.x.x.x..x.x.x.x........x.........x...x.x..x...x.x...x....x...x.........x.x..x...x.x.x......x...x.......x..x...x...x.x.x......x...x.......x.x..,966,Hard,True
puzzle_182,17,*AAA*A*AAAAAAA**AAAAA*AAAAAAA**AA*A*AAAA*AAAA**AAA*A*A*AAAAAAAA*AA*AAAA*AAAA****A*A*AAAA*A*AAAAAAAA*AAAAAAA**AA*A**AAA*AA*A**AAA*AAAAAAA*AA*AAA*A**A*AA*A**A**AAAAAAAAAAAAAAAAA***A*A*AAAAAAAAAAAAAAAAAAAAAA*AAAAAA*AAAA*A*AAAAA**AAA*AAA**AAAAAA**AAA*A*AAAAAA**AAA*A*AAAAA*A**A*A**AA*A**AAAA**,...x.x.......x..x.x.....x.x.x........x.x.......x.x.x......x.x.x.......x.x.........x.x......x.x.x.x....x.x.x..........x.......x.x.x.x.....x..x.........x.x......x.x.x.x.....x.x..........x.x.....x.x.x.x......x.x.........x.x......x.x.x.x.....x.x..........x.x.....x.x.x.x......x.x.........x.x..,968,Hard,True
puzzle_183,17,AAAAAAAAA*AAAAAA*A*AAAA*AA**AAAA*A*AAAAAA***AAAAA*A*AAA*A*AA*AAA*AAAAA*AAAAAAA***AAAA*A*AAAAAAAAAAAAAA*AAAAA*A*AAAA****AAAAAAAAAAAAAAAA*AA*AAAAA*A*A*AAAAA***AAAAAAAAAAAAAA*AAA*AAAAAAA*AA**AA*AAA*AAAAAAAAAAAAA*AAAAAAAAAA*AA*AAA*AAA*AAAAA*AAA*A**A*AAA*AAA*A**AAAAA*A*AAAA***AAAAAAAAAA*AAA*A*,..x.x.x...x..............x...x.x.x.x.x.x....x.............x....x.x.x.x.x.x...x..............x...x.x.x..x.x.x...x..............x...x.x.x..x.x.x...x..............x...x.x.x.x.x.x....x.............x.....x.x.xx.x.....x.x..........x.x.....x.x..x.......x.x.....x..x.x.x......x...x.......x..x...x.,969,Hard,True
puzzle_184,17,AAA*AAA*AAAA*AAA***AAAAA*AAAAAAAAA*AAAA**AA**AAAAAAAAA*AAA*AAAAAAAAAAAAAA*A*AAAAAAAAA*A****AAA*A*A*A*AA*AA*AAAAA***AAAA*AAA****AA*A*A*AAAAAAAA*AAAAA*A*AA*AA**A*A*AAAAA*AA*AAAAAAAAAAA**AAAA****AA*AAAAAAAAAAAA*A*A****A*AAA***A***AAAAAAAAA*A*AA*AAAAAA*AAA*A*AAA*AA**AAAA*AAAAA**AAA*AAA*AAA*AA,.x..x...x.....x........x...x.x...x.x.x....x.....x........x...x.x...xx.x.x...x..................x.x.x.xx.x..x.x..................x.x.x.x..x.x.x.x..................x.x.x.x..x.x.x.x..................x.x.x.x.x.x.x.x....................x.x.x.x..x.x.x.x........x..........x.x.x....x.x.x.x.......,971,Hard,True
puzzle_185,17,*AA*AA*AA*A*AA*AAAAAAAA*AAA*A*AAAA*AAA*AAAAAAA**A**AAAAAAAA**AA*A*A*AA**AAAAAA*AA**AA**A*AA*AAA***AAAAAA***AAAA*AA**AAA**AAA****AA*A*A*AAAAA**AAAAA*AAA***AA****AA*AAA*AAAA*A*A*A*A*A*******A**A*A**AAAA*AAAAA*A*AAAA*AAA**A*AA*A*****AAAAAAAAAAA*A*AA**AA**A*A**AA**A**A*AAA*AAAAAA*A*A*****A***,.x......x.x.x.......x.x........x.x.x.....x.x.x........x.x.......x.x.x......x.x.x.......x.x........x.x.x.....x.x.x..........x.......x.x.xx.x...x.x..................x.x.x.x..x.x.x.x..................x.x.x.x.x.x.x.x..................x.x.x.x.x.x.x.x...................x.x.x.x..x.x.x.x.........,973,Hard,True
puzzle_186,17,A*AAAA*A*A*AAAAAAAAAAAA*AAAAA**AAAAA*A**AAAAA*AAA*A*AAA*AAA*AA*A*A**AA***AAAA*AAAAAAAAAAAA*AAA*AA*AAAAAA*AAA*AAAAAAAAA**A*AAA*AAAAAAAAAAAAA*AAA*AAAAAAAAAAAA*A*AAAA***A******A**AAA*AA*A*AAAAAAA*AAA*AA*AAA*AAAA***AAAAAA**AAAAAAA*AAA*A***AAAA*A*AAAAAAA*AA*AAAAAAAAAA*A***AAAA*A**A*AAAA*AAAAAA,.......x...x.x.x..x.x.x...x..............x....x.x.x.x.x.x....x..............x...x.x.xx.x.x.x...................x.x.x.x..x.x.x.x..................x.x.x.x.x.x.x.x..................x.x..x.x.x.x.x.x..................x.x.x...x..x.x.x.......x..x.......x.x.x.......x.x........x.x.x.....x.x.x.....,975,Hard,True
puzzle_187,17,*AAAAA*A*AAA*AAA***AAA*AAA*A*A***AA*AAA**A*AAA*AAA**AAAA*AAAAAAAA*AAAAA*A*A**AA***A*****AA*A*A*AAA**AAAAA*AAAAA*AAAA*AAAA*AA****AAAAAAAAAAAAAAAAA**AAA*AAAAAAAA**AAAAAAAAAA*A*AAAAA*AAAAAAAA***AAA**A*A*AAAA*A*A*A*A*A*A*****A***AAAAA*AAAAA*A*AA*A*A*AAAA*AAAAAA*AA**AAA*AAAAAAAA*AAA*A*A**AAA*A,.x.x......x...x........x.x...x...xx.x.x.........x..........x.x.x...x.x..x.x.......x..........x.x.x...xx.x.x.x...................x.x.x.x..x.x.x.x..................x.x.x.x.x.x..x.x..................x.x.x.x..x.x.x.x...................x.x.x.x..x.x.x.x........x..........x.x.x....x.x.x.x.......,976,Hard,True
puzzle_188,17,AA*A*A*AAAAAA*AAAAAA***AAAAAAAA*AA*AAAAA*AAA**A**AAAAA*AAAAAAAAAAAA*A*A*AAA*AAA*AAA*AAAA*AA**AAA*AAAAA*A**AA*AAAA***A*AAA*A**AAA***AAAA*AAAAAAA*AAA*A*A*A*A***AAA**AAAAAAAAAAAA***AAAAAA*A**AA*AAA***AAAAAAAAAAAA*AAAAAA*A***AA**AAAAA**A*AAAAAA*AAAAAAAAAAAAA**A***AAAAAA*AAAAA*A*AA*AAAAAAAAAAA,...x.x.x.......x..x.......x.x.x......x.x.x........x.x........x.x.x......x.x.x.......xx.x.........x.x......x...x.x.....xx.....x.....x.x....x.x...x.x............x.....x.x.xx.x.....x.x..........x.x......x.x.x.x......x.x..........x.x.....x.x..x.x.....x.x..........x.x.....x.x..x.x.....x.x.....,978,Hard,True
puzzle_189,17,AAA*AAAAA**AA*AAAAAAAAAAAAAA*A*AA*AA*AAAAA**A*A*A**AAA**A*AA*A*A*A**AA****AAA***A*AAAAAAAA*A*AAA***A**A*A*A*AA****AAAAAAAA**AAAAAAAAAA*AAA*A*AA*AAAAA*AAAAA*A*AAAAA*A**AA**AAAAAAA*A**AAAAAAAA*AAAAAA*A*A*A*AAAAAAA*A**A*A*AA*AAA*AAA*A*AAAAAA*A*AAAAA*AA**AAA*A**AAA*AAAAA****AAAAAAAAA***AAA**A,....x.x.....x..x.x.x.....x.x..........x.x.....x.x..x.x.....x.x............x.....x.x.xx.x.....x.x..........x.x.......x.x.x......x.x.x.......x.x........x.x.x.....x.x.x........x.x.......x.x..x.....x.x.x........x.x.......x.x..x.....x.x.x........x.x.......x.x.x......x.x.x.......x.x........x..x,980,Hard,True
puzzle_190,17,**AA*A*AAA*AAAAA*AAAAAAAA****AA*A*AAAAAA*AAAAAAAAAAAA*AAAAA***AAAA**A***AA*AAAA*AAAAA*A*AAAAAAAAAA*A*AAA*A*A***AAAA*AAAAA*AAAAA**A**AAA****AAA*A*AAAAA*AAAAAAA*AAAAAA*A*AAA***AAA*AAAA*AAAAAAAAAAA***AA***AA*AAAA*AAA**AAAAAAAA**A*AA**A*AAAA**AA**AA*A***A**AAAAAA*AAAA*AAA*A**A*AAA*A*A***AAAA*,.........x.x.x.x..x.x.x.x..................x.x.x.x..x.x.x.x...................x.x.x.x.x.x.x.x..................x.x..x.x.x.x.x.x..................x.x.x.x.x.x.x.x..................x.x..x.x.x.x.x.x..................x...x.x.xx...x.x...x........x.....x...x...xx.....x...x...x....x.x...x...x....,982,Hard,True
puzzle_191,17,AAAA**AAAA*A*AAA*AA*AAAAA**AAAAAAAAA**A**A*AAAAA*AAAAAAAAAAAA*AAAA**AAAAAAAA*AAA**AA*AAA*AAAA***AAAAAAAAAA**AAAA*A*AAA*AAAAAA*AA***AAAAAAA***AAAAAA*A*AA*AAAAAA*AAA*AAAA*AAAA**AA*AA*AAAAAAAAA*AA**AAAAAA**A***AAAAAAAAAAAAAA*AAA*AAAAAAAAAAAA**A*AA*AAAAAAAAAAAAAAA**AAAAA*AA*AA*A*AAA*A***A*A*A,.......x.x.x...x..x.x.x.......x..........x.x.x....x.x.x.x.......x..........x.x.x...x.x.x.x........x.........x..x.x...x.x.x.x........x.........x.x.x....x.x.x.x.......x..........x.x.....x.xx.x.x.....x............x.x...x.x...x.x......x.....x.....x.x....x.x...x.x......x.....x.....x..x...x.x..,983,Hard,True
puzzle_192,17,AAA*AAAAAAA**A**AAAA*AAA**A*AAAAAAAA*AAA*AAA*AAA*AAAA********A*A*AAAAAAA*AAAA*A*AAAAA*AA*AA**AAAAAAA*AAAAAAAAAA*AA*****A**AA*AAAA*AA*AAAAA*AAAAAAAA*A*AAAA*AAAAAAAAAAA*AAAAAAAAAAAAAAAAAA**A*A*A*AAAAAAAA*AAAA**AAAAAA*AA**A*AA*AAAAAA**A*AAAA*AA**AAAAAAAAAAAA**AAAA*AAAAAAAAAA*AAAA**AAAAAA*AA*,x.x.x.x...................x.x.x.x..x.x.x.x...................x.x.x.x.x.x.x..x..................x.x.x.x..x.x.x.x........x...........x.x.x....x.x.x.x........x.........x.x.xx.....x.x.x........x.x........x.x.x......x.x.x........x.x.......x.x..x.....x.x.x........x.x.......x.x..x.....x.x.x.....,985,Hard,True
puzzle_193,17,***AAA*A**AA*AA*A*AAAAAAAA*AAAAAAAAAA*AAAA*AA*AAAAA*A*AAAAAAAA*AAA*AAAAA*A**AA*AAAA*A*AA*A*A*A*AAAAA*AAAAAA*AAA**AA*AA*AAA****A*AAA*AAA*AAAAAAAA**A**AAAAAAAAAAAAAAAAAAA**AAA*AAA**AAA*A**A*AA*AAAAAAAAAAAAAA*A*A*AA*AAAA**AAA**AA***AAAAAA*AAAA*AAAAA*A*AAAAAAA*AAAAAAAA*AAA*AA*AAAAAAAAAAAAAA*A,....x.....x...x.x..x...x.x...x....x...x.........x.x......x.x.x.x.....x.x..........x.x......x.x.x.x....x.x.x..........x........x.x.x.x....x.x.x.........x........x.x.x.x...x.x..x..........x........x.x.x.x..x.x.x.x...................x.x.x.x..x.x.x.x..................x.x.x.x..x.x.x.x.........,987,Hard,True
puzzle_194,17,AAAAAAAA*AA**AAAAAA*AAAAAAAAAAAAA*A*AAAAAA**AAAAAA*AAA*AAAA*AAAAAAAAAA*AAAAA*A*AA*AAA*A*A*A*AAAAAAAAA*AAAAAAA*AAAAAAAAAAAAAAAA*AAAAAAAAA*AAAAAA*AA*****AAAAAAAAAAAAAAA*AAA*AAAAAAAAAA*AA*AA*AAAA**AAAAAAAAAAAAAAA*AAA*AA*A*AAAAAA*AA*AA*AAA*AA*AAA*AAA*A*A*A*A*AA*AAAAA**A**AAAA*A*AAA**AAAAA*AAA,.x.x.x.x..................x.x.x.x.x.x.x..x..................x.x.x.x..x.x.x.x..................x.x.x.x.x.x.x.x....................x.x.x.x..x.x.x.x........x...........x.x.x...x..x.x.x.......x..........x.x.x....x.x.x.x......x.x..........x.x......x.x.x.x......x.x..........x.x.....x..x.x.x....,989,Hard,True
puzzle_195,17,*A*A*AA*AAAAAA*A*A*AAAAAAAA*AAAAAAA*AAAAAAAA*AA*AAAA*AA*AAAA**A*A*AA*A*A*A**AAAAAAAAAA****AAA*AAA*AAA*AAAAAAAAAAAAA*AAA**A*AAAAAAAA**AAAAAAA*AAAAAAAAAAAAAA*A*AAAA*AAA*AAA*AAAAAAAAAAAAAA*AAAAA**A*AA**AAAAAAAA*AA*AA*A*AA**A****A*AAAAAAA*AAAA**AAAAAAAAAA**A*AAAAA*AAAAA*AA*AAAAA*AAA**A**AAAA*,.x.x.....x.x..........x.x.....x.x.x.x......x.x..........x.x.....x.x..x.x.....x.x..........x.x.....x.x..x.x.....x.x..........x.x......x.x.x.x......x.x..........x.x.....x.x..x.x.....x.x..........x.x.....x.xx.x.x.......x............x.x...x.xx...x.x.....x......x.....x.x....x.x...x.x......x...,990,Hard,True
puzzle_196,17,AA**AA**A*A*A***A**A*A*AAAA*AA*A*A*AAAA*AAA*A*AAA*AA*****A*AAA*A*AA*AAA*A*A*A***AAA*AA*A**AAAA*A**A*AA**AAAAA***AAAA*AAA*AA**AAA*AA**A**AAAA*AA*AAAAAAAAAAAAA*AAAAA**AA*AA*A*A*A*AA**AAA*AAAAAA*AAAAA**AAAAAA*AA*A*A***AAAAA*AAAAAA*AAA**AAAAA*A*A******AAAAAAAAAA*AAAAAAA*AAAAAAA*A*AAA*AAAAAAA*,.x..x.....x.x..........x.x.....x.x..x.x.....x.x....x.....x.x.....x....x.x.......x...xx.....x.x.x........x.x........x.x.x.....x.x.x........x.........x.x.xx....x.x.x..........x.......x.x.x..x...x.x.x..........x.......x.x.x..x...x.x.x..........x.......x..x.x.x...x.x.x..........x.......x.x.x.,992,Hard,True
puzzle_197,17,AAA*A**AA*AAAAA*AAAAAAAAAA**AAAAAAA***AAAAAAAA*AAA*AAAAA*AAA*AAA*AAA**AAAAA**AAAAA**AAAAAAA*AAAA**AA***AA***AAAAA*A*AAAAAAAAAAA*AAAA*AAAAA*AAAAAAAAAAAAAAAA*AAAAAAAAAAA**AAAAA*A***AAAAA*AAAAAAAA*AAAAA*AAA**AAAAAAAAAAAAAAAAA*AAA*AAA*AAAAAAAA*AAA*AA*AAAAAAAAAA**A*AAAAAAA*AA**AA*AAAA***AAAAA*,........x.x.x.x..x.x.x.x..................x.x..x.x.x.x.x.x...................x.x.x..x.x.x.x.x..................x..x.x.x.x.x.x.x..................x.x..x.x.x.x.x.x..................x.x.x.x..x.x.x.x...................x.x.x.xx...x.x.x..........x.......x.x..x.x...x.x.x..........x........x.x.x.,994,Hard,True
puzzle_198,17,*AAAA*A**AAA*A*A*AAAA*****AAAAAAAAA*A*AAA*AAAAA*A*AAA*AA**AA*AAAAAAAAA*AAA*A*AA*A**A**AAA***A*AAA*A*A*A*AAAAAAA**A*A*A*AA**A***AAA*A*A*AAAAA*AAAAAAAAAA**A**A**AAA*A*AAAAAAAAAA*AAAAAAA*AA****AAA**AAA*AAA*AA*AAA*AAA*AAAAAAA*AAAA***AAAA*AAAAA****A*A*A**AAAAAAA*A***A**AA*AAAA*A*A*A*AAA*A*AA*A,..x.x.x..x.......x..........x.x.x...x.x.x.x..................x.x.x.x.x.x.x.x..................x.x.x.x.x.x.x..x...................x.x.x.x.x.x.x..x..................x.x.x.x.x.x..x.x..................x.x.x.xx...x.x.x..........x........x.x.x.x....x.x.x..........x.......x.x.x..x...x.x.x.......,996,Hard,True
puzzle_199,17,*AA****A**AA*AAAA*AAAAAAAAAAAAAAAAA***AAAAAAAAAAAAAAAAAAAAAAA**AAAAAA**AAAAAAAAAAAAAAA*AAAAAAAAAAAAAAAAAAAAAAAAAAAAA*AAAA*AAAAAAAAAAAAAAAA*AAA*AAAAAAAAAAAAAAAAAAAAAAA***AAAAA*AAAA**AAAAAAAAAAAAAAAAAA**A*A*AAAA*AAAAAAAAAAAA**AAA*AAAAAAA*AAAAAAAA*A*AAAAA*AAA*AA*A*AAAAAAAAAA*AAAAAA**A*AAAAAA,..x.......x...x.x....x.x.x...x....x.........x...x.x..x.x.x.x........x.........x.x..x...x.x.x.x........x..........x.x.x....x.x.x.x........x..........x.x.x....x.x.x.x......x.x.........x.x.......x.x.x......x.x.x.......x.x........x.x.x.....x..x.x.......x.x........x.x.x.....x..x.x.......x.x...,997,Hard,True
puzzle_200,17,AAA*AAA****AAAAAAAA*AA*AA*AAAA*AAAAAAAAAAAA**AAAAAAAA*AA**AAAA***AAA*AAAAAA***AAAA****AAAAAAA*A*AAAAA**AAAAAAAAA*A*A***AAA*AA*AAAAAAA*AAAAAAAAAAAA*AAAA**AA*AAAA*AA*AAAAAAA*AAAAAAAAA*AAA*A*AA*AAAAAAAAAAA*A*AAA*A*A**AAAAAA**A*AAAAAAA*A*AA*AAAA*AAAAA*AAAA**A*AA*AAA*A*A**AAAAAAAAA*A*AAA***AAA,..x..x......x.x..x......x.x......x...x.x.....x.x....x.....x.x.....x....x.x.....x.x....x.....x.x.....x....x.x.....x.x...x......x.x.....x...x.x......x.x...x.....x.x......x...x.x.....x.x..........x.x.....x.x.x.x......x.x..........x.x.....x.x.x..x.....x.x..........x.x.....x.xx.x.x.....x......,999,Hard,True
puzzle_201,17,*A*A*AAAAA*AAAA*AAA*A***AA*AA*AAAAA***AA*A*A**AAAAA*AAAA***AAAA*AAAAA*AAA*AAA*AAAAAAA***AAA**AAA*AAA*AAAAAA*AAAAAAA*AA*AA*A**AAA*AAAAAAAAAAA*AAAAAAAAAA**AA**A*A*AAA*A*A*AA*AAAAAAA**A*AAA**AAA***AAAAA*A*A*AA*AAA*A*AA*A**A*AA*AA**AA*AAAAAAAAAAAAAA*AAAAAAA*AAAAA*****AAAAAAAA*AAAA*A**AAA*A*A*,.x...x.x.x..........x.......x.x.x.x....x.x.x.........x........x.x.x.x...x.x.x..................x.x.x.x.x.x..x.x..................x.x.x.x.x.x.x..x..................x.x.x.xx.x.x..x..................x.x.x.x..x.x.x.x...................x.x.x.x..x.x.x.x........x..........x.x.x...x.x.x..x.......,1001,Hard,True
puzzle_202,17,*A*A*A*A*AAAAA*AAA*AAAA*A*AAA*AAA**A*A*A*AA*A***AA*AA*A**AA*AAAAAAAAAA*A*A*A*AA**A*A*AAA**A*A*A*AAAAA*A*AAAAAA*A****AAAA*A*A*AAA*AAA***AA*A*A*A*****A*AA*AAAAAAA*A***AAA*AAAAA**AA**AA*AA*AA*AAAAA*A**AAAA*A**AAAAA**AAAAAAAAA*AAA*AA**AAA*AAA**A**AAAAAA*A*AA*AAAAAAA**A*AA*AAAA***A**AAAAAAAAAA,.x.x.x.........x........x.x.x.x....x.x.x.........x........x.x.x.x....x.x.x.........x........x.x.x.x...x.x.x..........x.......x.x.x.x....x.x.x.........x........x.x...x...xx.x.......x...x......x.x.x.......x..x.......x.x.x..x...x.x.........x........x.x.x.x...x.x.x..........x.......x.x.x.x...,1003,Hard,True
puzzle_203,17,*AAAAAAAAAAAAAAA*AAAA**AAAAA*AAAAA*AAA**A*AAAAA*AAAAAAAAAAAAAAAAAAAAA*AAAA*AAAAAAA*A*AAAAAAA*AAAAA**AAAA*AAA*A*AAAAA**A*AAAAA*AAA*AAAAAA*AAA*AAAAA*A*AAAAAAAAAA*AAAA***A*A*AAAAAAAA*AAAAA*AAA*AAA*A*AAA*AAA*AAA**A*****AAAAAAAAAAAAA*A*AAAA*A*AAAAAAAA*AAAAA*AA*AAAAAAA*AAAA*AAAAAAAAA*A*AA*AAAA*,....x.....x.x.x..x.x...x.x..................x.x.x.x..x.x.x.x........x.........x.x..x...x.x.x.x........x..........x.x..x...x.x.x.x........x.........x.x.x....x.x.x.x........x.........x..x.x...x.x.x.x........x..........x.x.x....x.x.x.x......x.x..........x.x......x.x.x.x......x.x.........x.x.,1004,Hard,True
puzzle_204,17,A**A*A*A*A*A*A*A**AAAAAA****A***A*AA***AAAAAAAAA*AAAA*AAA*AAAAAAAA*AA***A*AAAAAAAAA*AAAA*A*AA*AAAAAA*A****AAAAA*AAA**AAA*AAAAAAAAAAA**A*AA*AAAA*AA*AAAAA**AAAAAAAAAAA**AAA*AAA***A*AAA*AAAAAAAA*AAAAAAAA**AA**A*AAAA*AAAA*AAAAAA*AAAAA*A**A***AA**AAA***AAA*A*AAAAAA*A*AAA***A***AAAAA*A***AAA*A*,.......x.x.x.x....x.x.x.........x........x.x.x.x....x.x.x..........x........x.x.x.x..x.x.x.x..................x.x.x..x.x.x.x.x...................x.x.x.x..x.x.x.x..................x.x..x.x.x.x.x.x...................x.x.x.xx.x...x.x............x.......x.x.xx.....x.x.x........x.x........x.x.,1006,Hard,True
puzzle_205,17,AAA*A***AA*A*AA*A*AAA*AA*A*AAA**AA*AAA***AA***A*AAA**A*A*AAA*AAAA***AAAAAAAAAA**A*AAA*A*A*A*AAA*AAAAAA*AAAAA*AAA***A*A**A*A**AAAAAAAAA*AAA*A*A*A**A*A***A*AAAA*A*A*A*AAAAAA*AAA*A****AA****AA******AAAAA*AAAAA**A*AA**A**A*AA*AA*AA***AAA*AA*AAA**AA*A**AA***AAAAAA*A*A*A*A*A***AAA*AAAAAAA*AAAAA,..x.x.........x.x......x.x.x.x.....x.x..........x.x......x.x.x.x....x.x.x..........x........x.x.x.x....x.x.x.........x........x.x.x.x....x.x.x..........x........x.x.x.x..x.x.x.x..................x.x.x.x..x...x.x.........x..x......x.x.x...x....x.x.......x....x.....x.x.x....x...x.x.......x.,1008,Hard,True
puzzle_206,17,AAAAA**AA*AAAAAAAAA*AA**AAAAAAAA**AAAAAAAAAAAAAAA*AAAA*AAAAAAAAAAAAA*AAAAAAA*AAAAA*AAAAAAAAA*AAAA**AA**AAAAA*A*A*AAAAAAAAAAAA*A*A*A*A*A*AA*AAA*AA***AAAA*AA***AA*AA*AA*AAAAAAAAA*AAAA**AAA*AA*****AAA*AAAA*A**AAAAAAAA*A*AA*AAAA*AAA*A*AAA*AAAAA*AAAAAA*A***AAAAAAAA**A*AAA*AAAAAAA*AAAAAAAAA*AAA,..x.x.......x...xx.......x.x...x....x.x.x.....x....x.......x.x....x...x.x.x......x...x........x.x...x....x.x.x.....x....x.......x.x...x....x.x.x.....x....x.......x.x...x....x.x.x.....x....x.......x.x....x...x.x.x......x...x........x.x...x....x.x.x.....x..x.x.......x.....x......x.x...x.x..,1010,Hard,True
puzzle_207,17,*A*AAAAA*AA**AAAA***AAAAAAAAAAA*A*AA*AAA*A***A*A*A*AAA*A*AAAAAAAAAA*A*AAAAA*A*A**AA***AAA**A*AAAAAAAAAAAAAAAAAAA*A*A*AAAAA*AA***AAAAAAA*A*AA*AAA*AA***AAAAA*A*A*AAAA*A*A*A*A*AAAAAA**AA*AA**AA*AA*AAAA*AAA*AAAAAAAAAA**A*AAA*AAAAAAA**AAAA*AAAAAAAAAAAA*******A*AA*A**A*A*AAAA*AAA*A*AAAAAAAA*A**,.x.x.x.x..................x.x.x.x..x.x.x.x..................x.x.x.x.x.x.x.x...................x.x.x.x.x.x.x..x..................x.x.x.x.x..x.x.x...................x.x.x.x.x.x.x..x..................x.x.x.x..x.x.x.x..................x.x.x.xx.x...x.x............x.......x.x.x.x....x.x.x......,1011,Hard,True
puzzle_208,17,**AAAA*AA**AAAAA*A****AAAAA*AAA**A***AAAAAAA*AAAAAAAAAA*A*AAA*AA*AAAAAAAAAA**AAA*AAAAAA*AAAAAAAAA**AAA*AAAAAAA*AAA*AA*AA*A*AAAAAAAAA****AAAAAAAA*A*AAA*AAA**AA*AAAAAAAA*AAAAAAAAAAAA*AA*A*AAA**AA*AAAAAAAAAAAA*A*AAAAAAAA*A*AAAAAA*A*AAAAAAAAAAA*AA*A**AA**AAAAA*A**A**AAAAAAA*AA*AAA*A*AA**A**A*,..x..x.......x.x.x......x.x.x........x.x.......x.x..x.....x.x.x........x.x.......x.x.x......x.x.x.......x.x.........x.x......x.x.x.x....x.x.x..........x........x.x.x.x....x.x.x..........x........x.x.x.x...x.x..x.........x........x.x.x.x...x..x.x.........x........x.x.x.x..x.x.x.x..........,1013,Hard,True
puzzle_209,17,AAAAAA*A*AAA*AAA*AA*AAA*A*AAA*A**A***AAAAAAAAAAA*AAA*AA*AA*AA*AAAA*AA*AAAA*A*AAA**AAAA*A*AA*AAAAAAAAAA**AAA*AAAA*****A*AA**AAAA*AAA*AAA*A*AAA*A*A**A***AAAAAAA*A*A*AAA*AAAAA*A**AAAAA*A**AA*AA**AA*AAA*AAAAAA*A*A*AAAAAAA****AAAA**A**AA*AAA*AAA*A*AAAAAAAA*AA*AA*AA*A***AAAAAAA*A*AA*AAA****A**A,...x.x.x.......x..x.......x.x.x......x.x.x.......x.x........x.x.x.....x..x.x.......x.x........x.x.x.....x.x..x.......x.x........x.x.x.....x.x.x.........x........x.x.x.x...x.x..x.........x........x.x.x.x..x.x.x.x....................x.x.x.x.x.x.x..x..................x.x.x.x.x..x.x.x........,1015,Hard,True
puzzle_210,17,*AAAAAAAAAAA*A*AAAAAAA*AAAAAAA*AAAAAAAAAA*A*AAAA*A*AAAAA*AAAA*AAAAAA*AAAAAA**A*A*AA*AAAAAA**AAAAAAAAAAAA*AAA**AAAA*A*AAAA*AAAAAAAAA*AAAAAAAAAAAAA*AA*AAAA**A**AAAAAA**AA*AAA*AAAA**AAAAAA**AA*A**A*AAAA**AAAAAAAA**AA*A*A*AAA*AA*A*AAA*A*****AAAAAAAAAAAA*AAAA*A*AAAA*AAAA*A*AA*A**AAAA*A**AA*AAA,.x.x.x.......x..........x.x.x...x.x.x..x.......x..........x.x.x...x..x.x.x.......x..........x.x.x...x..x.x.x.......x..........x.x.x....xx.x.x.........x........x.x.x.....x.x.x........x.x........x.x.x.....xx...x.......x.x....x.....x.x.....x....x.x.....x.x..x.x.....x.x..........x.x.....x..x.,1017,Hard,True
puzzle_211,17,AA*A***AAA*A*AAAAAAAAAAAA*AAA**A*A*AA*A*A**A*A*A*AAA*AAAAA*AA*AAA*AAA**AA*AAA*AA*AAAAAAAAA*AA***A**AAAAAA**AAAAAAAAAAAAAAAAA*AA***A*AAAA*A*A**AAAAAAAAAAAAAAAAA***AA*AAA*AAA*AAA*AAAAAAAA**AAAAAA*AA**A**AAAAA*AAA*AAA**AAAAAAAAA*A*AAA**AAAAA*AAA*AAAAA*AAAAA*AAAAA**AA**AAAA*AAAA*AAAAAA*AAA*AA,.........x.x.x.x..x.x.x.x..................x.x.x.x.x.x.x.x..................x.x..x.x.x.x.x.x..................x.x.x..x.x.x.x.x..................x.x.x.x...x.x.x..........x.......x..x.x.x...x.x.x..........x.......x.x..x.x...x.x.x..........x.......x.x.x..x..x.x.x...........x......x.x..x.x...,1018,Hard,True
puzzle_212,17,*AAAAAA*A*AAAAA*AAAA***AAA*AA**AAA**AAAAAAA*A*A*AAAAA*AA*A***A*A*AAAA*A*A*A*AAA*A*AAAAAAAA*AAA**A**A*AAAAAAAA*AA*A****AA*A***AA**A*AA*AAAAA*AAA*A*AA*A***A*A*AA***AAAAAAA****A*AAAAAAAA**A*AAAA**A***AAAA*AA*A**AAAAAA*A*A*A**AAAAA**A*A*A*AAAAA**AAAAAAA*A***AA*A*A***AAAA*A*AA*A**AA*A*A*AAAA*A,...x.x..x...x.....x........x...x.x...x.x.x....x.....x........x...x.x....x.x.x...x....x.x...........x.x....x.x..x.x.....x.x..........x.x.....x.x.x.x......x.x..........x.x......x.x.x.x......x.x.........x.x......x.x.x.x......x.x..........x.x......x.x.x.x....x.x.x..........x........x.x.x.x...,1020,Hard,True
puzzle_213,17,AA*AA*AA***AA**AAAA***A*AAA*AAAA***AAAAAAA*AAA*A*AA*A***AA*AAAAAA**AAAAA**AAA***A*AAA*AA*AAAA*AAA*A***AAAAA**AAAAA**AAAA***AAA**AAAAAAAAAAA*A*A*A*A***AAA***AA*AAAAAAA*A**A*AA*AAAA*A*A*A*A*A**AAAAAAAA**AA*AAA*AAAAA*AAAAAA*AAAAAAAA**AAA*AAA**A**A*AAAAAA*A**A*AAA*AA**AAA*AA*AAAAAA*AAAAA*AAA*,.x.x...x.......x......x...x.x.x....x.x...x.......x......x...x.x.x....x.x...x.......x......x...x.x.x....x.x...x........x.....x....x.x.x..x.x.....x.......x....x.x...x...x..x.......x...x...x....x.x...x...x..x.x.....x...x........x.x.......x.x..x.....x.x.x....x...x.x........x...x......x.x.x...,1022,Hard,True
puzzle_214,17,A*A*AAAAAAAAAAA*AAA*AAAAAAAAAAAAAAAAAAA*AAAAAAAAAA*AAAAAAAAAAA****AAAAA*AAAAAAAAAA*AAAAAA*AAAAAAAAA*AAAA*AAAAA*AAAAAAAAAAAAAAAAAAAA*AAAAAAAAAAAAAAAAAAAAAAAAAAA*AAA*AA**AAAAAAAA**AA*A*AAAAAAAA***AA*AAAA*AAAAA*AA**A*AAAAA*AAAAAAAAAAAAAAAAAAAAAAAAAAAAA*AAA*AAAAAAA**AA*AAAA**A*AAAAAAAA**A*AAA,..x.x...x.x......x.....x.......x.x....x...x.x.x....x.x...x........x.....x....x.x.x...x.x....x.......x......x...x.x.x....x.x...x.......x......x...x.x.x....x.x...x.......x......x...x.x.x....x.x...x........x.....x....x.x.x...x.x....x.......x......x...x.x.x..x.x.x...x..............x.....x.x.x,1024,Hard,True
puzzle_215,17,A*AA****AAAAAAAAAAA*A*A*AA*A******AAA*A*AAAAAAA*AAAAAA*A*AAAAAAA*AAAAAA*AAA*AAAAAAAA*AA**AAA*A*AAAAAAAAAA*A*A*AAAAAAA*A**A*AAAAAAAAAAA**A*A*A**AAAAAAAA*AAAA*AAA*AAAA*AAAAAAA*AAAAAAA*AAAA*A**A*A*AAA*AAAAAAAAAAAAA**AA***A*AAAA*AA*AAAAA*A*AA*A*AAAA**A*A*A*AAAAAA**AAAA*AAAAAAAAAAAAAA*A**A*AAA,.........x.x.x.x..x.x.x.x...................x.x.x.xx...x.x.x..........x........x.x.x.x...x.x.x..........x.......x.x...x....x.x.x.....x..x.x.......x.x..........x.x.....x.xx.x.x.....x.............x....x.x.x.x.x.x...x..............x...x.x.x..x.x.x...x..............x...x.x.x..x.x.x...x.......,1025,Hard,True
puzzle_216,17,AAA*AA**AAAAA*AAA*AAAA*AAAAAAAAAAA**A*A*A**AAAAAAAAA*A*A*A*AA*A**AAAAAA*A**AAAA****AA**A***AAA*A*AAAAAAAAAA*AA*AA*A*AAAA*AAAAAAAAAA**AAAAAA*AAAAA*AAAA*AA*AA**A*AAAAA*A*AAAAAAA**AAAAAAAAA**A*A*A*AAAAAA*AAAAAAA*A*AAAAAAAAAAAAAAAA*A*AAA*AAA**AAA**AA*AAAAA*A*A****AAAAA*AAA**AA**AAA***AAAAAAAA,.x..x.....x.x..........x.x.....x.x..x.x.....x.x..........x.x.....x.xx.x.x.....x............x.x.....x.xx.x.......x.x........x.x.x......x.x.x........x.x........x.x.x.....x..x.x.......x.x........x.x.x.....x..x.x.......x.x........x.x.x.....x..x.x.......x.x........x.x.x......xx..x........x.x..,1027,Hard,True
puzzle_217,17,AA*AA**AAA*A*AAAAA**A*A*AA*AA*A**A*A*A*A*A*AAAAA*A*AAAA*A*AAA*A*AA**AA**AAA*AAAA*AAA*A*AAAAAA*A*A*A**AAAA*AA*A*AA*A*A*AAAAAAAAAA**AA*A**AAAA*AAA*AA*A*AAAAAA*AAAAAAA**AAAAAAA***AAAAAA*A*AA*AA*AAAAA*A***AA*A**AAA****AAAAAAAAAAAA*A****AA*A**A*AAAAAAAAAAA*A*AA*AA*AA*AAA*A***AA*A*AAA*AAA*A***A,.x.......x...x.x....x.x.x...x......x.......x...x.x....x.x.x...x......x.......x...x.x....x.x.x...x......x.......x....x.x...x.x.x....x....x.........x...x.x..x.x.x.x........x..........x.x.x...x.x.x.x..................x.x.x.xx.x.x.x..................x.x.x.x..x.x...x.........x....x...x.x.x....,1029,Hard,True
puzzle_218,17,AAA*AA*AAA*A*A*AAAAAAA*AAAA*AA**AA*AAA*AA*AAAAAA*AA**AAAA*A*AAAAAAAAAAA**A***AA*AAAA****AAAAAAA*AAA*A*A*A**A*AAAAAAAAAAAAA*AA*AAAAAAA*A*AA*AAAAA*AAAAAAA**AAAAAAAAAAAAAAAAAAA*AAAA**AAAAA*AA*A*A*AAAAAAAAAA*AA*AA*A**AAAAAA**AAA**AA*AAA**AA*A*AAAAAAAAA**A**A**AAAA*A*AAAAAAAAA*AA*AAAA*AA*AAA**,.x...x.......x.x....x...x.x.x......x...x.......x.x....x...x.x.x......x...x.......x.x....x...x.x.x.....x....x........x.x..x....x.x.x.....x...x........x.x...x...x.x.x......x...x.......x...x..x.....x.x...x..x...x.x.....x............x.x...x.x.x.x..x.....x............x.x...x.x..x.x.x.....x....,1031,Hard,True
puzzle_219,17,AAAA**AAA*AAAAAA*AAAAAA*AA**AAAAAAAAA**A**AAAAA*AA**AAAAAAAAAAAAAAAAAAAAA*AA*AAAAAAAAAA*AAA*AAA**A*AA*AA*A*AAA*AAA*AAA*AAAA*AAA*AA**AAAAAAAAAAA*AA*AAA**A*AAAAA*AAA**A*AAA*AA*AAAAAAAAAAA**A**AAAAA**A*AAA*AAAAA*AAAA*AAA*AAAAA*AAAAAA*A**AAAAAAA*A***AAAAAAAAA*A**AA*AAA*AAA*AAAAA*AAAAAA*AAAA*A,......x.x.x.x......x.x.........x.xx.......x.x.x......x.x.x........x.x........x.x.x......x.x.x.......x..x.......x.x.x......x.x.x.......x..x.......x.x.x......x.x.x.......x..x.......x.x.x......x.x.x........x.x........x.x.x......x.x.x.......xx.x.......x...x......x...x...x...xx.x...x.......x..,1032,Hard,True
puzzle_220,17,*AAAA*AAA*A***AAAAAA**A**A*AAA**A*AA**AAA*A*AAA*A*AAAAAA**A*AA***A***AA*A*AAA*AAAAA**A*AAAAA*AA***AAAAA*A*AAA*A*A*AAA**AAAAA*A*A*AA*AA*AA*******AA*AAA*A*AAAAAAAAAA**AAAAAAAAAAA*AA*A*AAA*A*AAA*A*AAAAA*A*A**A*AAA*A*AAAAAAAAAAAA*AAA**AAAAA****AA***A*A*AAAA*AAA*A*AAA*AA*AAA*AAAA*AAA*AAAA*A*AA,....x.x.x......x.x.x.......x.x..........x.x.....x.xx.x.x.....x............x.x...x.x..x.x.x...........x........x.x.x.x..x.x.x.x...................x.x.x.x..x.x.x.x...................x.x.x.x.x.x.x.x..................x.x.x.x..x.x.x.x..................x.x.x..x.x.x.x.x..................x.x.x.x.,1034,Hard,True
puzzle_221,17,*A*AAA**AAA*AAAAAAA*AAAAA***AAAAAAAAAAA*AA*AAA*AAAAAA*AAA*AAAAAAAAAAA*AA*A*AAAAAAAA*AAAAAAAAAAA*AAA**AA*AAA*AAAAAA*AAA**AAAAAA***AAAAAAAAAAAAAA*AAAAAAAAAAAAAAAAA**AAAA*A*A*AAA**AAAA*AAAAAAAAAA*AAAAAAAAA*AAAAAAAAAA****AAAA*A*AAAA*AAAAAAAAAAAAAAA**AAA*AAA*AAAAA*AAAA**AAAAAAAA**AAAAAAAA*AAAA,.x.x.....x.....x......x.x...x.x....x.x.....x.....x......x.x...x.x...x..x.....x......x.....x.x...x.x...x.x......x.....x.....x.x....x.x...x.x.....x......x.....x.x...x.x......x.....x.....x.x....x.x...x.x....x.x.....x.....x......x.x.....x...x.x......x.x...x.....x.x......x...x.x.....x..x...x..,1036,Hard,True
puzzle_222,17,AA*AAA*A**AAAAAAAAAAAAA*AAAAAAAAAAAAA*AA*AA**AAAA*AAAAAAA**AAAAAAAAAAA**AAAA*A*A*A*AA*AAAAAA**AAAA*A*AA**AA*AAA*AAA*AA***AAAAAAA*AAAA*A*A*AAAAAA*A*AAA*AA*AAAAAAAAAAA*AAAAAAAAAAA**AAAAAAAA*AA**AA*A*A**A******AAAAA***AAAA*AAAA*AAAAAAAAA**AAAAAAAA*AAA*AAAAAAAAAA*A*AAAAA**A**A**AAA*AAA*A*AAAA,.x...x.x...x........x.....x...x.x..x...x.x...x........x.....x...x.x.x....x.x...x.......x......x....x.xx...x.x.....x......x.....x.x....x.x...x.x......x.....x.....x.x.....xx...x.......x.x....x...x.x.x..........x.......x.x.x.x....x.x.x.........x........x.x.x.x...x.x.x..........x.......x.x.x.,1038,Hard,True
puzzle_223,17,AAAA*A*AA*A**AA****AA**A**A*AAA*AAAAA*AAAA**AAA*AAAAA*A*A***AAAAAAAAAA*A*AAAA*AAA**A**A*AA*A**AAAA*AAAA*A*A*A*A*A*A*****AA**A*AA*AAA*AAAAAAA*AAAAAA*AAA****AAA****AA*A*AAAAAA**AAAA*AA**AAAA*A*AA*AAA***AAAAAA*AAAAAAA*AA**AAAAAAAAAA**AA*A*A**AAA*AAAAAAA**A**AAAAAA*AAA*A*AAAAAAA*AA*AA*A*AA*AA,.x.x.x.x..................x.x.x.x.x.x.x.x...................x.x.x.x..x.x.x.x...................x.x.x.x..x.x.x.x..................x.x.x.xx.x...x.x............x.......x.x.xx.....x.x.x........x.x........x.x.x......x.x.x........x.x.......x.x..x.....x.x.x........x.x........x.x.x......x.x.x....,1039,Hard,True
puzzle_224,17,A*AA*AAA*A*A**AAAA*A**AAAAAAAAAAAAAAAAA*A*AAAAAAAAA*A*AA**AA*A*AAA*AAAA**AAAA*****AAA*AAAA*AA*AAA*AA**AA*AAA***AAAA**AAAAAAAAAAAA*AAAAAAAAAAAAAAAA***A*AA*A*AAAAA*AAA*A*AAAAAAA*A*AAAAAAAAAA*A***AAA*AAA****AAAAA*A*AAA**AA*AAAA**AAAAAAAAAA*AAAAAA*AA*AAA*AAA*AAA*AAAAAAAAAAAA*AAA*AAAAAAAAAAAAA,...x.x.x.......x.x........x.x.x.....x.x.x.........x........x.x.x.x..x.x..x..........x.......x.x.x.x....x.x.x.........x........x.x.x.x....x.x.x.........x........x.x.x.x...x.x.x..........x.......x.x.x.x.....x.x..........x.x......x.x.x.x....x.x.x.........x........x.x.x.x.....x..x.........x.x,1041,Hard,True
puzzle_225,17,AA*AAAAAAAA*AA***AAAAAA*AA*A*AAAAAA**AAA*AAAAAAA**AAAAA*AA*A*A*A*AA*A*AAA*AAA*A*AA*AAA*AAAAAAA*A*AAAAA***AA*AAAAAAAA*AAA*A*AAAAAA*****A**A****AAAAAAA*A*AA*AAA*AA*A**A*A**A**AAA*AA***A*AAA*AAAAA*AAAAAAAAA****AAAAA**AAAAAAAAA*AAA*AAAAA*AA**AA*A***AAA*AAA*A**AAAAAAAAAAAAA***A*AAA*AA*AAAAAAA*,....x.x...x.x....x.x.....x.....x.......x....x.x...x.x.x....x.....x........x...x.x...xx.x.x...x..............x...x..x.x.x.x.x...x..............x....x..x.xx.x.x....x..............x....x.x.x.x.x.x...x..............x...x.x.x..x.x.x...x..............x...x.x.x..x.x.x...x..............x...x.x.x.,1043,Hard,True
puzzle_226,17,AAAAAAAA*AAA*A*AAAAAAA*A*AA*AA*AAA*AA*AA*AAA**AAAA*AAAAA*AA***A*AA*AA*AA**A*A*A*AAAAAAAA**AA**AAAA*AAAAAAAA*AAAA****AA*AA*A**A*AAAAA*AAAAAA*AAAAA*AAAAA*AAAA*AA*A**AAAAA*AAAAA*AAAA***AA***AAAAAA*A*AA*AAAAAAAAAAAAA*AAAA**AA*AAAA*AA*AAAAAAA*AAAAAAAAAA*AAAAAA*A*A*A*AAAAAAAAAAAAAAAAAAAAAAAA*AA,......x..x...x.x.x.x.x......x............x.x...x.x.x.x.x......x...........x.x.....x.xx.x.......x.x........x.x.x.....x..x.........x.x...x..x.x.x.x..................x.x.x.x.x.x.x..x..................x.x.x.x.x.x.x.x..................x.x.x.x..x.x.x.x..................x.x.x.x..x.x.x.x.........,1045,Hard,True
puzzle_227,17,*AAAAA*AAAA*AA*AAAAAAA*AAAAA*AAAAAA*AAA*AA*AA**AA**A*AAAAAAAAAA*AAAAAAA*AA*AA*AAAAAAAAAAAA*A*AAAAA**AAA*AA*AA**AA*AAAAAAAAAA*AAAA**AAAA*AAAAAAAAAAAAAAAAA*AAAAAAAAA*AAAAAAAA*AAAA**AAA**AAAAAAAAAAAAA*A*AAAAAA*A*AAA*AAA*AAAAAAAAAA*AAA*AAA*AAAAA*A*AAAAAA*AAAAAAAAAAAAA*AAAAAAAAAAAA**AAA**AAAAA,..x.x.....x.x....x.....x.x......x...x.x.....x..x...x.....x.x......x...x.x......x.x...x.....x.x.......x..x.......x.x.x..x...x.x.x..................x.x.x.x.x.x.x.x..................x.x..x.x.x.x.x.x..................x.x.x.x..x.x.x.x..................x.x.x.x..x.x.x.x..................x..x.x.x,1046,Hard,True
puzzle_228,17,AAAAA*AAAAAAAAAAAAAAAA*A**AA*AAAAA*A*A*AAAAAAAA*AA*AAAA*AAA*A*AAAAA*AA*AAA*A*AAAA*AAAAA****AA*AAAA*AAAA*AAAAAAAAAAAAAAA*AAAAAAAAAAAAAAA*AAA*AAAAA*AAAAAAA*AAAA***AAA*AAAAAAAAAAA*AA***AA**AA*A***AA*A*AAAA**AAAAAA*AAAAA**AAAAAAAAA*AAA*A*A*AAAA**AAAAAAAAA**AAAA*AA*AA*AAAAAAA*AAAAAAAAAA*AAAAAA,.x.x..x.x..................x.x.x.x.x.x.x.x..................x.x.x.x..x.x.x.x...................x.x.x.xx...x.x.x..........x.......x.x.x......x.x.x.......x..x.......x.x.x..x...x...x.......x..x...x....x.x...x...x....x.....x...x....x...x.x...x....x...x.....x....x...x...x.x....x...x...x.....x.,1048,Hard,True
puzzle_229,17,AAAAA**AA*AAAAAAAAAAAA*AAAAA*AAAAAA*AAA*AAAA***AAAAAAAAAA*AAAAAAAA*A*AAAAAA**AAA*AAAAAAAAAAAA*AAAAAA*A*AAAAAAAAA*A**AA*AAA*A**AAAAAAAA*AAAA*AA*A*A*A**AAAAAAA**AAAAAA*AA*AA**AAA**A*A**AAAAA***A*A*AAAAA*A*AAAAAAAA*A**AA*A*A**AAA*AAAAAA*AA*AAAA*AAA*AA**AAAAA*AAAAAAAA*AAAAAAAA*AAAAAAA*AAAAAAA,.x.x..........x.x......x.x.x.x....x.x.x..........x........x.x.x.x....x.x.x.........x........x.x.x.x....x.x.x.........x........x.x.x.x...x.x..x.........x........x.x.x.x...x..x.x..........x........x.x.x.x..x.x.x.x..................x.x...x.x.x..x.x.....x............x.x...x.x..x.x.x.....x....,1050,Hard,True
puzzle_230,17,AAAAAA*AA**A**AAAAAA*AAAAAAAAA*AAAAAAAA*AAAA**AAAA***AAA**A*AAAAAAA*AA*A*AAA*A**AA*A*AA**AA*A*AAAAA*AAA*AAAA*AAAAA*AA*A*AAAA**AAAAAAAAA*AAAA*AAA*AAAAAA*AA*AA*A*AAA*AAA*AAAAAAAAAA*AA**AAAA*AAAAA*AAAAAAAAAAAAAAA*AAAA***AAA*A*AA**AAAAAAA*AAAAAAAAAA*AAA**AAA*A*A***AAAAAAA*A*A***A**AA***AA*AA*,.x.x.x..x..................x.x.x.xx.x.x..x..................x.x.x.x..x.x.x.x..................x.x.x.x.x.x..x.x..................x.x.x.x..x.x.x.x..................x.x.x.x.x.x.x.x..................x.x.x...x.x..x.x.......x..........x.x.x...x..x.x.x.......x..x.......x.x.....x...x..x.....x.x..,1052,Hard,True
puzzle_231,17,*AAA**AAAAAAAAAAAAAAA*A*AA*A*A**AA*AA*A*AA*AAA*AAAAAAAAAAA*AA***AAAAA****A**AA*AA*AAAA*A*A*A*AAA*AAA*AA**A**A*A*AAAAAAAAAA*AAA**AAA*****A***A*A*AAAAAAAAAAAAAAAA***AAA**AA*AAA**AA*AAA*AA***AAAAAAA**AAA***A******AA**AAA*AAA*AAAAAA*AAAAAAA*A*A*AAAAAAA*AAAA*AAAA*AAA*AAA*AAAAAAA*AAAAAAAAA*A***,.........x.x.x.x..x.x.x.x..................x.x.x.x.x.x.x.x..................x...x.x.xx.x.x.x..................x.x.x..x.x.x.x.x..................x.x.x.x...x.x.x..........x.......x.x.x..x...x.x.x..........x.......x..x.x.x...x.x.x..........x.......x.x.x.x...x.x.x..........x.......x.x.x..x...,1053,Hard,True
puzzle_232,17,AAA*AAAA***AAAAAA*AAAAAAAAA*A*****AA***A**AA*A*AAAA*AAA*AAAAAAA**AAAAAAA*A***AAAAAAA*AA*AA*AAAAAA*AA*AA****AA*A*AAAA*AAAAAA*A*AAA***AAA**AA*AAA*A*AAAA*AAA*A*AAAAAA**AAA*AA*A*AAAAAAA*AA*AAA*A**AA*AAA*AAAA*AA*AA*A*AAAAA*AAAAAAA*AA*A*******A*AAAAA***AAAAAA*AAAA**AAAAA**AAAAAAA*AAA*AA*AAAA*A*,.....x......x.x.x.x.x...x.x............x.....x..x.x.x.x...x.x............x.....x.x.x..x.x...x.x............x.....x.x.x.x.x....x.x...........x......x.x.x.x.x...x.x............x.....x..x.x.x.x...x.x............x.....x.x.x..x.....x.x.......x..x.x.....x.x..........x.x.....x.x.x.x......x.x....,1055,Hard,True
puzzle_233,17,**A**AAAA*A*AA*AAAAAAA*AAAAAAA**AA**AAA*AA*A*AAA*AAAAAAAAAAA*****AAAA**AA*AAAAAAAA*A*A*A*A***AAAA**AAA*AA*AA*AAAAAAAAAAAA*AAAAAAAAAAA*A****A**AA*AAA*AAA**A*AAAAAAAAAA*AAAAAAAAAAAAAAAAAAAAAAAAA*A*A*AAAA*A*AAA*A*AAA*A***A*A*A*A*AAA*AA*AAA*AA*****AA*AA*AAAAAAAAAAAA*AAAAAAA***A*AAAAA*A*AAAAAA,......x.x.x.x....x.x.x..........x.......x..x.x.x...x.x.x..........x.......x.x..x.x...x.x.x..........x........x.x.x.x....x.x.x.........x........x.x.x.x....x.x.x..........x........x.x.x.x..x.x.x.x..................x.x...x.x.x.x.x......x...........x..x...x.x.x.x.x......x...........x.x....x.x,1057,Hard,True
puzzle_234,17,AA*A*AAAAAA*AAA*A*AAAAA**AA*AA*AAAA*A*A*AAAAAA*AAA*AAA***AAA***AAAAA*AAAAAA*AAAAAAAA***A*AAAA**A*AA**AAAA*A*A***A*AAA****AAAA*AAAAAA**AAA*A*AAAA**A*A*A*AAAAA**A*AAAAAAAA*A*AAAAAA*A*A***A***AA**AA*AAA*AAAAAAAA*AAAAA**A****A**AA***AA*A*AAAAAAAA*AAA**A**AAAA*****A*AAA*AAAAA*AAAAAAAA*A**A**A*,.....x..x.x...x...x.x........x...x......x.x.x...x..x.x.........x...x....x.x.x.....x....x.......x.x...xx...x.x.......x..........x.x.x...xx.x.x.x...................x.x.x.x.x.x.x..x..................x.x.x.x..x.x.x.x..................x.x.x.x..x.x.x.x..................x.x.x.x..x.x.x.x.........,1059,Hard,True
puzzle_235,17,**AA*A**AA*A*A*AAAAAA*AAA*A**AAAA**AAA*A*AA*A*AAAAA*AAA*AAA**AAAAA*AAA**A**AAAAAAA*AA*A*A*AAA*A**A*AA***A**A*AAAAAA*A*AAA*AAAAA*A**A*AAA*A*AA**A*A**AAAAAAAA*AAA*AA*A*AA*AA*A*AAAAA*AAAAA*AAAA*A*A*AA*AA**AAA**A**A*AAAAA*AA*A*AAAAAA*A**A**AAA*A*AAAAAAAAAAAA*A*A*A**A**A*AA*AAA*AAA*AAA*A**AA*A,.........x.x.x.x..x.x.x.x...................x.x.x.x.x.x.x.x..................x.x.x.x..x.x.x.x..................x.x..x.x.x.x.x.x..................x..x.x.xx.x.x.x..................x.x.x.x..x.x.x...........x......x.x.x.x....x.x.x..........x.......x.x..x.x...x.x.x..........x.......x.x.x..x...,1060,Hard,True
puzzle_236,17,AAAAAAAAAAA*AAA*AA**AAA*A*AAAA*AAAAAAAAAAAAA*A*AA*AAA*AA***AAA***AAAAAA*A*AAA**AAAAAA***AAAAAAAAAA*AA*A*AAAAA*AAAAAAA*AAAAAAAA*A*A**AAA*AAAAAAAAA*AAAAA*AA*AAAA**AAAAAAA**AA*AAAA*AA**A**AAAA*AA*AAAA*AA*AA**A*A*AAAAA*AAAAAAAAAAA*AA*AAAAAAAAAA**AAAAA*AAAAAAAAAAAA**AAAA**AA**A*AA*A*A*AAAAAAAA,x.x....x.....x.......x....x.x...x.x.x...x......x.......x...x.x....x.x.x...x.....x........x...x.x...x....x...x.....x...x....x...x.x...x...x....x.....x...x...x....x.x...x...x...x......x...x...x...x.x....x...x...x.....x....x...x...x.x...x....x...x.....x...x....x...x.x...x...x....x.....x...x.,1062,Hard,True
puzzle_237,17,AA**AAAA*AAAAAA**AAAAAAA**AA*****A**AAAAAAA*AAAAA**A*A*AAA*A*AAAAAAAAA***AAAAAAAAA*AAAAAAA*AAAA*AAA*AAA**AA*AAAAA*AAAA*A*AAAAAAAAA*A*AAAA*AAA*AAA*A**AAAAAA*AAA***AA*A*A**AAAAA*AAAA*AA*AAA*AAAAA**A**AA*A*A**AAAA*AAA*AAA*A*AAAAAAAA***AAA*AAAA*AA*AAAA*A*AAA*AAAAAAAA*AAA*AAAA*AAAAAAAA*A*AAAA*,.......x..x.x.x...x.x.x..........x........x.x.x.x..x.x.x.x...................x.x.x..xx.x.x.x..................x.x.x..x.x.x.x.x..................x.x...x.x.x.x.x......x...........x.x....x.x.x.x.x.....x............x.x...x.x..x.x.x.....x............x.x...x.x.x.x.x......x...........x.x....x.x.,1064,Hard,True
puzzle_238,17,*AAAAA*AAAAAAA**AA*A*AA*AAAAAAAAAAAAAA*A*AAA*AAA*AAAA*AAA*A*AAA*AAA*AA**AAAA**AAAAAA*AAAA*A*AAA*AAA*A*AA*A*AAAAAAAAAAAAAAAAA**A*AAAA***A*AAA*A*A*AA*AAAAAAAAAAAA*AAAAAAAAAAAAAAAAAAAAAAAAAAAAAAAA*AA*AA**AAA**A*AAA*AAAAAAAAAA*AAAAA*AAAAA*AA***AAA*AAA*A**A*A*AAAAAA****AAAA*AAA**AAAAAA*AAAA*AA,....x......x.x..xx.x....x.x............x.....x.x.x..x.x...x.x............x.....x.x.x..x.x...x.x............x.....x..x.x.x.x...x.x............x......x.x.x.x.x....x.x............x.....x.x.xx.x.x.....x............x.x...x.x..x.x.x.....x............x.x....x.x.x.x.x.....x............x.x...x..x.,1066,Hard,True
puzzle_239,17,A***AAAA*A*AAA*AA*AAAAAA**A*AA*A**AAAAAAAA*AA*A*A*AAAAAA**AAAA*AAAAAAA*A**AAAAA*AAAAAAAAAAA*AA***A*AAAAA*AAAAAAAAAAA**AA*A*A**A**AAAAA*AA*AAAAA*AAAA***A**AAAA*A*AA*A*A*A*A*AA*AAAA*AAA**AAA*A*AAAA****AAAA*A*AAAA**AAAA*AAAA***AAAAA*A*AAAAAAAA*A*AA**A*A*A*A**AAA*A*A*AA**A*AA*AAAAA*AAAAAA*A**,.....x.x.x......x.x.x........x.x.......x.x..x.....x.x.x........x.x........x.x.x.....x..x.x.......x.x..x.....x.x.x..........x.......x.x.xx.x.....x.x..........x.x......x.x.x.x.....x..x.........x.x......x.x.x.x......x.x..........x.x.....x.x..x.x.....x.x..........x.x.....x.x..x.x.....x.x.....,1067,Hard,True
puzzle_240,17,AAAAAAAAAAAAAA*A*A*AAAAAAAAAAAAAAA*AAAAA*AAAAA**AA*AAAAAAAA*AAA**AAAA*AAAAAA**AAA*AAAAAAAAAAAA*AAAAA*AAAAAAAAAA*AAA*A*AAA*AAAAA*AAAAAA*AA****AA*AAAA*A*AAAA*A*AAA*A*AA**AAAAAAAA*AAA*AAA*A*AAAAA*A*A*AAA*AAA*AAAA*AAAAAA*AAAAAAAAAAAAA**AAAAAAAAAA*AA*A***AAA*AAAAAA**AAAAAA*A*AAAAA*AAAAAAAA*AAA,.x.......x.x.x......x.x.x........x.x.......x.x..x.....x.x.x........xx.........x.x.x....x.x.x.x..................x.x.x.x.x.x.x.x..................x.x.x.x..x.x.x.x..................x.x.x.x.x.x.x.x..................x.x..x.x.x.x.x.x..................x...x.x.xx.x.x.....x............x.x...x..x.,1069,Hard,True
puzzle_241,17,A*AAAA***AAAA*AAA*AAAAAAAAAAA*A*AAAA*AAAAAA*AAAA*A*A*AAAA*AAAAAAAAA**AAAAAAAA*AAA**AAAA*A*AAAAAAAAAAA*AA*A*A*AAAA****AAAAA*A*AAAAA*AAAAAAAA*A*AA*A**AAAAAA*A*A*AA*AAAAA*AAAAAA*AAAA*AAAA*AAAAA*A**AAAAAA*AAA**AAAAA*AAAAAAAA*AAAAAAA***AAAA*AAAAAAAAA*A*A*AAA***AA***AAA*AAAAA*A*A*A*AAAAA*A**AA*,x.x.x..........x........x.x.x.x....x.x.x.........x........x.x.x.x....x.x.x.........x........x.x.x.x....x.x.x..........x........x.x.x.x..x.x.x.x...................x.x.x.x.x.x..x.x...................x.x.x.x..x.x.x.x........x.........x.x...x....x.x.x.....x...x........x.x...x...x..x.x.....x..,1071,Hard,True
puzzle_242,17,AAAAAAA**A*AAA*AA*AAAAAAAAAA*AAAA**A*AAA***A*A*AAA**AAA*AAAAA*AA*AA*A*A***AA*AAAAAAAAA*AAAAAAA*****A**AA*AAAAA*AAAAAAA*AA*AAA*AAAAAAA*AAAAAAA**AAA*AA*A*AAAAAAAAAAA*AA*AA*AAAAAAAA*AAAAAAAA*A*AAAAAA*A**AA**A*A***AAAAAAAAA*AA*A*A**AAAA***A*AAAAAAAA**AAAAAAA*AAAAAAAAAAA*A*AAAAAAA*AAA*AA*A*AAA,.........x.x.x.x..x.x.x.x..................x.x.x.x..x.x.x.x...................x.x.x.x..x.x.x.x........x..........x.x.x....x.x.x.x........x.........x..x.x...x.x.x.x........x..........x.x.x....x.x.x.x......x.x.........x.x......x...x.x.....xx.x...x......x.......x...x.x....x.x.x...x.....x....,1073,Hard,True
puzzle_243,17,AAAAAAAA*AA**AAAAAAAA*AA*AAAAAAAA*A*AAA*AAA**AAAAAAAAAAAAAA*A*A*A*AAAA*AAAAAAAA**AAAAAAAAAA**AAAA*AAAAA*AAAAAA*A****AAAAAAAAAAA*AAA*AA*A*AA*AAAAAA*AAA*A*AAAAAAAAAAAA*A*AAA*AAAA*AAAA***A*AAAAAAAAAAAAAAAAAA**AAA*A*A*AAAA**AAAAA****A**AA*A**AA*AAA**A*AAAAAAA**AAA*AA**AAAAA*AAAAAAAA*A*A**AAAA,....x.x.......x.xx.x.......x.x........x.x.x......x.x.x........x.x........x.x.x.....x..x.x.......x.x........x.x.x.....x..x.x.......x.x........x.x.x.....x..x.x.......x.x........x.x.x......x.x.x........x.x........x.x.x.....xx.x.........x.x......x...x.x.....x..x...x.....x.x..x...x...x.x......,1074,Hard,True
puzzle_244,17,*A*AA*A**AAAAA*AAA*AAAAAAAAAAAA*AAAAAA***AAAAAAAA*AAAA*A*AAA*A***AA*AAAAAAA*A*AAAAAAA**AAA*A*A*AAAAA**AA*AAA*A***AA*A*AAA*A*AAAAA*A**AA*AA*AA*AAAAAAAAAAA*AAAAAAAA*A**AAA*A*A**AAAAAAAA*AAAAA*AAA*AAAAA*A**AAAA***AA*AAAAAAAAAAAAAAAAAAAA*AAAA*AA**A***A*AAA**AAAA*AAAAAAA*AAAAAAA*AAA*AA*AAA*A*A,.x.x.........x.x......x.x.x.x.....x.x...........x.x....x.x.x.x......x.x.........x..x.....x.x.x.x.......x..........x.x.x...x.x.x.x.......x..........x.x.x...x.x.x.x..................x.x.x.x.x.x.x.x..................x.x.x.x..x.x.x.x..................x.x.x..xx.x.x.x..................x.x.x.x..,1076,Hard,True
puzzle_245,17,AAAAAAAAA*AA*AA*A*AAAA**AAAA*AAAAA*A*AAAAA*AAAAAAA*AA*A**AA*AA*AAAAAAAAAAA**AAAAAA*A*AA*A*AAA*A**A*A*AAAAAA*AAAA*AAA**AAAA*AAAAAAAA**AA*A*A*AAAA*AAAA**AA****AAA*AAAAAAAA*AAA**AA*AAAAAAA*AA*AAAAAA*AAAAAAAAA**A**A*AAAAAA*AAAAAAAAAAA*AAA*AAAAAAA*AAAA*A*AAA*AAAAA**A*AAA**A*AAAA*AAAAAAAAAAAAA*,.x.x.x.....x............x.x...x.x..x.x.x.....x............x.x...x.x..x.x.x.....x............x.x....x.xx.x.x.......x..........x.x.x...x..x.x.........x...x....x.x.x.x.......x..........x.x.x...x.x.x.x.......x..........x.x.x...x.x.x.x..................x.x.x.xx.x...x.x............x.....x..x.x.,1078,Hard,True
puzzle_246,17,AAA*AAAAAAA*AAA*AA*A**AAA**A*AAAAA***AA*A*AAAAAAAAAAAA***A**AA*A*AA**AA*AAA*AAA*A*AAAA*AA**A**AA**AA*A*AAAA*A*A*A*AAAA*AAAAAAA****AAA*AAA*A*AA*AAAAAAA**A*AAAA**A*A*A*AAA**A**AAAAAA*AAAA*AAA*AAA**AA***AAAAAAAA*AAAAAAAA*****AAAA***A*AAAAA*AAAA***A*AAAAA*AA*AAAA*A***AA*A*AAAAA**AAAA*A*AAAA*A,....x.....x.x.x..x.x...x.........x....x...x..x.x...x.x...x........x.....x...x.x.x....x.x...........x.x....x.x.x.x......x.x..........x.x......x.x.x.x......x.x.........x.x......x.x.x.x......x.x.........x.x......x.x.x.x......x.x..........x.x......x.x.x.x.....x.x..........x.x.....x.x.x..x....,1080,Hard,True
puzzle_247,17,A*AAAA**A*AA*AA*AAAAAAAA*AAAAA*AAAAAA*AAA*AAAAAAA**A*AAAAA*A*AAAAAAAAAAAAAAAA*AAAA**A*AAA**A*A*AA**AAAAAAAAAA*AAA*AAAAAA*AAAAAAA*A**A**AAAAAA*AAA**AAA*AAA*AAAA*AAAAAAAAAA*AA**A**AA*AAAAAAAAAAAAAAAA*AAAAA*AAAAAAAA****AAA*A*AAAA*AAAAAAAAAAAAAAAAAAA***AAAA*AAAAAAA*AAA***AAA*A**AAAAAAAAAAAAA*,..x.x.....x..x...x.....x.x......x...x.x.....x.x....x.....x.x.....x.....x......x.x...x.x....x.x.....x......x.....x.x...xx.x...x.x............x......x.x.x.x.x....x.x............x.....x.x.x..x.x...x.x............x......x.x.x.x.x...x.x............x.....x..x.x.x.x...x.x............x.....x.x.x.,1081,Hard,True
puzzle_248,17,AAAAAAA**AAAA*AA**AAAAAA*AAA**AAAAA*AAAAA*****AAA*A*AA*A*AAAA*AA**AAAAAAAA**AA*A*AA*AA*A*AAAAAAAA**AA*A*AAAAAAA**A*A*AAAAAAAAAA*AAAAA*AAAAAAAAA****AAAAA*A**A*AAAAA*A**A*AAA*A*AA*AAAA*AA**AAAA****AAAAAA*AAA*AAAAAAA**AAAAA*AA*AA**AAAAAA**AAAA**AAAA*AA**AAA*A*A*AAA*AA**AA**AA**AAAA*A*AAAAAA*,.x.x........x.x........x.x.x.....xx.x.x........x..........x.x.x...x..x.x.x.......x..........x.x.x...x.x.x..x.......x..........x.x.x...x..x.x.x.......x..........x.x.x....x.x.x.x........x..........x.x.x...x..x.x.x.......x..x.......x...x...x....x.x...x...x..x.x.....x...x........x.x...x....x.,1083,Hard,True
puzzle_249,17,AAA*A*A*AAAA*AAA*AA*A**AAAAA*A*AAA*A*AAA**AA*AAAAAAAA**AAAAAAAAAAA*AAAAA*A****AAAAAAA*A**AA*AAAA**AAAA*AAAA**A***A*AAAAAA*A*AAAAA***A**AAAAAA*A**A*A*AAAAAAA*AAA*A*AA*AA*AA*AA**A***A*A*AA*AA**AAA*A****AAAA*AA***AAAAA*AAA***AAAAAAAAAA*AA**AAAAA**A**AAAAA***A*A**AAA*A*AA*AAA*AAA*AA*AA*A*AA*A,..x.x........x.x.x.....x.x.x.........x........x.x.x.x...x.x.x..........x.......x.x.x..x...x.x.x..........x.......x.x.x.x....x.x.x.........x........x.x.x.x...x.x.x..........x.......x.x.x......x.x.x.......x.x........x.x.x......x.x.x.......xx.x.......x.x.........x.x......x.x.x.x.....x.x.....,1085,Hard,True
puzzle_250,17,AAAA*AA*AAAA***AAAAAAA**AA**AAAA*AA*AAAAAAA**A*AAA***A**AA*AA*A*AAAAAA*AAAAAAAAA*A*AA**A*A*AAAAAA*AAAAAAAA*AAAAA****A**A***AA*AAAAAAAAA*A*AA*A*AAAAAAA*AAAAAA**AA*AAA*AAAAAAAAAAAAAAAAAAA*AAAAAAAA*AAAAAAAAAAAA*AAAAA*AAA*AAAAAA*A*AA**AAA*AAAA*AA*AA*AAAAAA***AAAAAAA*AAAAAA*AA**AA*AA*AAA*A*A*A,.x.x.x....x..............x...x.x.xx.x.x.x...................x.x.x.x..x.x.x.x..................x.x.x.x..x.x.x.x..................x.x.x.x.x..x.x.x..................x.x.x.x.x.x.x..x...................x.x.x.x.x..x.x.x..................x.x.x.xx.x...x.x............x.....x.x...x..x...x.x.....x..,1087,Hard,True
puzzle_251,17,AA*AAAA*A*AAAAA*AAA*A*A*A*AAA*AAAA*AAAAAAA***AAAAAAAAAAAA*AAAAA**AA**AAA*AAA*AAAAAAA*AAAAAAAAAA**AAAAAAAAAAAA*AA*A*A*A*AAAAAAAAAAAAA**AAA*A*AA*A*AA*A*AAA*AAAA*AAAAAAAAAAA*AAAAAAAA**AAAAA*AA**A*AAAAAA**AA***AAAAA*AAA***A*A*AA*AAA*AAAAAA*A*AAAAA****AAAAA*A*A**AA*A*AAAAAAAAAAA*A*AAA*AAA**A*A,.x...x.....x.x......x...x.x.....x..x...x.....x.x......x...x.x.....x..x...x.....x.x......x...x.x.....x.x....x.....x.x.....x....x.x......xx...x.......x.x........x.x.x.....x..x.x.......x.x..x.....x.x.x........x.x.........x.x......x.x.x.x....x.x.x..........x.......x.x.x.x.....x.x..........x.x,1088,Hard,True
puzzle_252,17,AAAAAAA*AAAA*AAAAAA*AAA*AA*AAAAAAAA**A**A**AAAAAAAAAAAA*A*AA*A**AA*AAA*AAA**AA*AAAA*AAAAA*A*AAAAA**AA*AAAA*A*A*AAA*AAA**AAAAA*A*A*AA**AAAAAAAA*AAAAA*A*AAAAAAAAA*A*AA***A*A**AAAAAAAA*AAAAAAAAAAAAA*AAAAAAA*AAA**AAAAAAAA*AAAA*A**AA*A*AAAAA**AAA*A**AAAAAAAAAA*AA**AAA*A*A**AAAAAAAAAAAA*A*AAA*A,.........x.x.x.x..x.x.x.x...................x.x.x.x.x.x.x.x..................x.x..x.x.x.x.x.x..................x.x.x.x..x.x.x.x..................x.x.x.x.x.x.x.x..................x.x..x.x.x.x.x.x..................x.x.x...xx.x...x.......x......x...x.x.x......x...x.......x.xx...x...x...x....,1090,Hard,True
puzzle_253,17,A**A*AAAAAA*AA**A*A*A***AA*AAAAAAAAAA*A*AAAAAAA****AA*AAAAA***AAAAAAAAAA**AAA*AAAAA*AAAAAA****AA*A*AAA*A*AAAAA*AAAAAAAAAAAA**AA*AAA*A*AA*AAAAAAAAAAA*A*A*AA**A*AAAAAA*AAAA*AAAA*AAAA*AAAAAA*AAAAAA**AA*A*AAAAAAA*AAAA*A**AA*AA*A**A*AAA*AAAAAAAAAAA**AAAAAAA***A*A*AAA**AAAAA*AAAAA**AAAAA**AAAAA,...x.x..x.x.......x..........x.x.x....x.x.x.x.......x..........x.x.x...x..x.x.x.......x..........x.x.x...x.x.x.x.......x..........x.x.x...x.x.x..x.......x..........x.x.x...x.x.x.x..................x.x.x.x.x.x.x.x..................x.x.x.x.x.x.x..x..................x.x.x.x.x.x..x.x.........,1092,Hard,True
puzzle_254,17,*AAAAAAAAAAAA*AAAAA**AA**AAAAAAAAAA*A*AAAAAAAA*A*AAAAAAA*AAAAAAA**AAAAA**A**AAAAAAAAAA***AAA*AAA*A***AAAAAAAA*AAAA*AAAAA*A*AAAAA*AA*A*A*AAA*AA***AA*AAAAAAA*AAAAA*A*AA**AAA**AAA*A***A*AAA*AAAAAAAAAAAAAAAAA*A*AAAA**A*A*AAAAAAAA*AAA*A**AA*AAA*AAAAAA**AAAAA*AAA*AAAAA*A*AAAAA*AAAAAA*A*A*AAAAA*,.x....x.......x.x....x...x.x.x....x.x...x........x.....x...x.x.x....x.x...........x.x......x.x.x.x......x.x.........x.xx.....x.x.x........x.x.......x.x..x......x.x......x...x.x.....x.x....x.....x.x.....x....x.x.....x.x....x.....x.x.....x....x.x.....x.x....x.....x.x.....x....x.x.....x.x...,1094,Hard,True
puzzle_255,17,*A**AAA**A*AAA*A*A**A*AAAAA*A*AAAAAAAAAAAA**AA*AAAAAAAAAA*AAAA**A*AAAAAA**A****AAAAAAAAAAAAA*AA**AAA**A*AAAA***AAAAAA*AAAAAAAAAA*AAAA**AAA***A***AA*AAAAAAAAAA*AAAA*AA**A*A*A*A*A***AAAAA*A*AA*AA**AA**AAAAAAAAAAAAAAAA***AAAAAAA*AA*A**AAAAA*AAA**A*A*A****AAAAA*AAAA**AAA*AAA**AAAAA*A*AAAAAAA*,.x.........x.x.x....x.x.x.x........x.........x.x.x....x.x.x.x.......x..........x.x.x...x.x.x.x........x.........x.x.x....x.x.x.x........x.........x...x.x..x.x...x...x....x.....x...x.....x..x.x.......x.x........x.x.x.....x.x.x........x.x.......x.x.x......x.x.x.......x.x........x.x.x.....x.,1095,Hard,True
puzzle_256,17,AAAAAAAAAAAA*AAA*AAAAA*AA*AAAA*A*A*AAAAAAA*AAAAA**A*AA**A**AA*A*AAAA*AAAAAAA*AAAA***A*AAA*A*AAAAAAAAAAAAAAAAA**AAA**AAAAAAAAAAAAAA**AAAA*AAAA*AA***AA*A*AA**AAAAAAAAA**AAAA*A*AA*AA*AAAAAA*AAA*A*AAAAA*AA**AA*AA*AAAA*A*AAA*AA**A*A*A*AAA*A**A*AAA*A*A**AA*AAA*AAAAAAAA*A*AAA*AAAAAA*AA**A*AAAAAA,.x..x.x.x..................x.x.x.x.x.x.x.x..................x.x.x.x..x.x.x.x..................x.x.x.x.x.x.x.x..................x.x...x.x..x.x.x.....x....x.......x.x.....x..x.x.......x.x..x.....x.x.x........x.........x.x.xx....x.x.x..........x.......x.x.x..x...x.x.x..........x.......x.x.x.,1097,Hard,True
puzzle_257,17,*A***AAA*AAA***AAAAAAA*A*AAAA*A*A*AA*A*A*AAAAA*AAA*A*AA*A*AAA*AAAAA****AAAA*AAAAA**AAAAA***AAA*AAAAAAAAAAAAAAAA*AAAAAA*AAAA*****AAAAAA*A*AAAAAAAAA*AA*AAAA*A*A*AA***AAA*AAA*A*AAA*AA*AA*AAAAA*A*AAAAAA*A*A*AAAAA**AAAAA*AAAAAAAA*AAA***AAA*AAAA*AAA*AAAA*A**A*A*AAA*AAA*AAAAAAAAA*AAAA***A*AA*AAA,.....x.x.x.x......x.x.........x.x......x.x.x.x.....x.x..........x.x.....x.x.x.x.......x..........x.x.x...x.x.x..x.......x..........x.x.x...x.x.x.x.......x..........x.x.x...x.x.x.x..................x.x.x.x.x.x..x.x..................x.x.x.xx.x.x...x..............x....x.x.x.x.x.x....x.......,1099,Hard,True
puzzle_258,17,AAAAA*AA*AAAA**A*A**AAAAAA*AAAAAAAA*AA*A*AAAA**AAAAA**AAAAAA***AAA*AAAAAAAA*A*AA*AAA*AAAAA*AAAAAAAA*AAAAA*A*AAAAAA*AAA**AAAAAAA***AAAAAAAA**AAA**AAA*AA*AA*AAA*A*A*AAA***AAAA*AA*A**AAAAAA*A*AAAA*AAAAAAAAAAAA**A*AA*A*AAAAAAAA*A*AAA*A**AAA*A*AAA*AAAAAAA*A*A*AAAAAA*AAAAA**AA**AA*AAA*AAAAAA*AA,.x.x...x.x............x......x.x.xx.x.....x.x..........x.x.....x...x..x.....x.x...x......x.x.....x...xx.......x.x...x....x.x.x.....x....x.........x...x.x..x.x.x.x........x..........x.x.x....x.x.x.x........x.........x.x.x....x.x.x.x........x.........x.x.x....x.x.x.x........x.........x.x.x.,1101,Hard,True
puzzle_259,17,*AAAA*A*A*AA*AA*AAAA**A**AA***A*A*AAAAAAAAAAAAA****AAAAAA*A***AAAAAAAA*A*AAAAAAA*A**AAAAAAAA*A**AAA*A*AAA*AAA*A*AAAAA**A*********A*AAAAA**AAA***A*AAA*A*AA*A*AAA**AAAA*AAA*AAAAAAAAAA*AAA*AAA***AAAAA*AA*AAA*AAAA*AAAAAAAAA*A*A***A*AA*AAA*A**AAAAAA**AAAAA*AAAAA***A*AAA*A*AAAAAA*AA*AAAAAAAA*A*,....x.x.x..x.....x.x..........x.x......x.x.x.x......x.x.........x.x......x.x.x.x.....x.x..........x.x.....x.x.x.x......x...........x.x.x..x.x...x.x......x.....x.....x.x....x.x.....x.....x......x.x...x.x...x.x......x.....x.....x.x....x.x...x.x.....x......x.....x.x...x.x....x.x.....x.....x.,1102,Hard,True
puzzle_260,17,AAAA*AAAAA*AA*AA**A*AAAAA****A*AAAAAAA*A*AAAAA**AAAAA**AAAAA*AA****AA*AAAAAAAAAAA*A*AA***A*A*AA*****AAA*AAA*A*A*A*AAA***AAA*A*AAAA*****AAA*AAAAAAAAAAAAA*AA*A*AAAAA*AA**AAAAA**AAAAA*AAAA*AAAAAAAA*A*A*A*AAA*A*AAAAAAAAAAAA**AAAAAAA*A******A*A***AAAAA*AAAA*A*AAA*AAAA*AAA**AAAAAA*AAAAAAA*AAAAA,.x.x.....x....x.......x.x....x...xx.x.......x...x......x.x.x.......x..x.......x.x.x..x...x.x.........x........x.x.x.x...x.x.x..........x.......x.x.x.x....x.x.x.........x........x.x.x.x....x.x.x.........x........x.x.x.x...x.x.x..........x.......x.x..x.x...x.x.x..........x.......x.x.x.x....,1104,Hard,True
puzzle_261,17,*AA*AAAAAAA*AAAA*AAAAAAAAA*AAAAAAAAAA****AA*A*A*AAAAAAA*AAA*AAAAAA*A**A***AAAA*A*AAAAAAA*AAAA**AA*AAAAAA*AAAAAA*AAAAA*AAAAAAAAAAAA**AAAAAAAAA*AAA*AAA**AAAAAAA***AAA**AA*A*AAAAA*AAA**A**AA*AAA*A**AA*A*AAAAA**AAAAAAA*AAA*AAAAAA**A**AA*AAAAA*AAA*AAA***AAAA*AAAAA**A*AA**AA*AA**AAA*AAA**AA*AAA,........x.x..x.x.x.x.x.x..................x.x.x.x...x.x.x..........x.......x.x.x.x...x.x.x..........x.......x.x.x.x....x.x...........x.x....x.x.x...x.....x........x...x.x...x.x.x....x.....x.......x....x.x...x.x.x...x......x.......x...x.x....x.x.x...x.....x........x...x.x...x.x.x....x.....,1106,Hard,True
puzzle_262,17,AA***A*AAAA*AAAA*AAAAAA*AAA*AAAAA*AA*AAA*AAA*AAAAAAAAAAA***AAAA*A*AAA**A*AAAAA**AAAAAAAAA*AAAAA*AA*AAA*A*A*AAA*A**AAAAAA*AA*****A*A*AA*AA**AAAAAA*AAA*AAAAAAA**AA**A*AAAAAAAAAA*A*AAA*AAAAAAAA*AA**A*AAAAAAA**AAAA*AAAAAAA**AAAA*AAAA*AAAA*A**A**AAAA*AA**AAA*AAAA*AA*A**A*A*AAA*AAAAAAAA*AAA*AAA,.....x.x.....x.x..x.x.....x.x..........x.x.....x.x..x.x.....x.x..........x.x.....x.x..x.x.....x.x..........x.x.....x.x.x.x......x.x.........x.x.......x.xx.x.......x.x........x.x.x.......xx.x.......x...x......x...x...x...xx.x.......x...x......x.x.x...x.....x........x...x.x...x..x.x...x....,1108,Hard,True
puzzle_263,17,*AAAA*AAAA**AAAA*AAAAAAAAAAAAAAAAAAAAAAAAA*AAA*AAAAAA***AAAAAA*AAA*AAAAAAAAAA****AAAA*AAAAA**A*A*AA*AA**AAAAA*AAA*AAAAAA*AAA**A**A*A*A*AAA*AAAA*AAA*A*AAAAAAAAA*AAAAA*AAA*A**AA*AAAAAA*AAAAAAA**AAAA**A*AAA**AA*AA*AAA****AAAAAA*AAA*AA*AAAAAAA**AAAAAAA**AA**A*A*AAAAA*AAAAA*AAAAAAAA*A*A*A*AAA*,...x..x.x.....x...x........x.x...x...x.x.x......x...x........x.x...x...x.x..x.....x...x........x.x...x....x.x.x.....x..x.x.......x.x........x.x.x......x.x.x........x.x.......x.x..x.....x.x.x........x.x.......x..x.x.....x.x.x........x.x........x.x.x......x.x.x.......x.x........x.x.x.....x.,1109,Hard,True
puzzle_264,17,AAAAAA*AAA*AA**A*AAAAAAA***AAAAAAA*A*AAAAAAAAAAAAA**AAAAAAA*AAA*A**AAAAAAAAA*AAA**AAAAAAAAAA***AAAAAAAAAA**A*AAAAAAAAA*AA*AAA*AAAAAAA*AAAAAAAAA*A*AAAA*A*AAAAAA**A*AAAAAA*AAA***AA*A*AAAAAAA*AAAAAAAAA*AAA*AA*AAA*A**AAAA*A*AAA*AAAA**AAAAAAAAAA**AAAAAA**AAAA**A*AA**AAAAAA*AAAAA*AAAAAA*AAAAAAA,...x...x.x.....x..x...x.....x.x......x...x.x.....x..x...x.....x.x......x...x.x......xx....x.....x.x.....x....x.x.....x.x...x......x.x.....x...x.x......x.x...x.....x.x......x...x.......x.x....x...x.x.x....x.x...x.......x......x.....x.x...x.x....x.x.....x.....x......x.x...x.x...x..x.....x..,1111,Hard,True
puzzle_265,17,AA*AAAA*AAA*AA*AA**AAAAAAA*A*A**AA**AAA*AAAAAAAAAAAA*AAAAA**AA****A*A**A**A*AAA*AAAAAAA*AAA*AAA******A*AA*****AAAA*AAAA*AAAAAAAAAAAA**AA*A**AAAAAA*AAA*AAAAAAAAAA*AA*AAAAAA*AAAAAAAAAAA*AAAAAAAAAAAAA***AAAAAAA*AAAAA*AA**AAAAAAAA*AAA**A**AA*A**AAAA**AAA*AAAAA*AAAAAAAAAAAAAAAAA**AA*AAAAAAAAAA,x.......x.x.x......x.x.x.........x........x.x.x.x..x.x.x.x...................x..x.x.x.x.x.x.x..................x.x.x.x..x.x.x.x..................x.x.x.x..x.x.x.x...................x.x.x.x..x.x.x.x........x.........x...x.x..x.x.x.x........x..........x.x.x....x.x.x.x........x.........x.x.x.,1113,Hard,True
puzzle_266,17,AAAAAAAAAAAAAA*A**AAAAAAA**AA*AAAA*A**AAAAAAAAAAAA*AAA*AA*A**AA*A*AAA*AAAAAAAAAAAAAA*AAAAA*A*A**A**A*A*AAAAA***AAAAAA***A*A*AAAAAA*AAAAAAA*AAAA*A**AAAA*A*A*AAAAAAAAAA*AAAAAAAA*AA*AAAA*A***A*AAAAAAAAAA**A*AAAAA**A*AAA*A*AAA*A**A*AAA*AAAAA**A*A*A*AAA*AA**AAAA*A**AAAAAAAAAAAAAAAAA***AAA*AAA*,.....x...x.x.x....x.x...x.......x......x...x.x.x...x.x....x........x....x.....x.x.x..x.....x.x.......x..x.x.......x.x........x.x.x.....x.x.x........x.x........x.x.x.....xx.x.x.........x........x.x.x.x....x.x.x..........x........x.x.x.x....x.x.x.........x........x.x.x.x....x.x.x.........x.,1115,Hard,True
puzzle_267,17,*AAAAAAA*AAA*AAA*AA*AAAAAAA*AAAA*AAAAAAAAAAAAAAAAAA*A*AA**AAAAAAAAAAA*AA*AAA*AA*AAAAA***A*A*AAAAAAAA*A*AAAAAAA**AAAAAAAA*AAAAAA*AAAAAA***AAAAA*AAAA**A**AA****AAAA*A*AAAAAAAAAAAAAAAAAA**A*AAAAAAA*AAAAAAAAAAA*AAAAAA**AA**AA*AA*AAAAAAAAA*AAA*AAA*AA***A*A*AAA**A*A*AAA*AA*AAAA*AA*A*AAAAA*A*AAA,.x.x.x.........x........x.x.x.x...x.x.x..........x........x.x.x.x...x.x..x.........x........x.x.x.x....x.x.x.........x........x.x.x.x....x.x.x..........x........x.x.x.x..x.x.x.x..................x.x...x.xx...x.x.....x............x.x...x.x.x.x..x.....x............x.x...x.x..x.x.x.....x....,1116,Hard,True
puzzle_268,17,AAA*A*AAA*AAAAA*AAA**A*AA*AAAAAAAA*AAA*AAA*AAAAAA*AAAAA*A*AAAAAAA*AAAAAA*AAA*AA*AA*A*AA**AA*AAA*AAAAAA*AA*A*A*A*A*AA*AAA*A*A*****A*AAAAAAAAAAAAAAAAAAA*A*AA***AA*AAA*AAA*AA*AA*AAAAAA*AAA**A*AAAA*AA*AAAAAAAAAAA*AA**A**A*A*AAAAAAAAAAA*AAAAAAAAAA*AAA*A*AAAAAAAAAAAAAAAA*AAAAAA*AAAAA**AA**AA*AA,....x.x.x.x.......x..........x.x.x...x.x.x.x........x.........x.x.x....x.x.x.x.......x..........x.x.x...x.x.x.x..................x.x.x.xx.x.x.x..................x.x.x...xx.x...x.......x......x...x.x.x....x.x...........x.x.....x.x.x.x......x.x.........x.x......x.x.x.x......x.x.........x.x.,1118,Hard,True
puzzle_269,17,AA*AA*A**AA**AAA*AAAAAAAA*AAAA**AAA*AAAAAA*AAAAAAA*AAAAAA*AAAAAA**AAAA*A**AA*AAAAAA*AAA*A*AAAAAAA**AAAAAAAAA*****A*AAAAAAAA*AAA*AAA*AA***A*AAAAAAA*AAAAAA***A*AAAAAAAAA**AAAA*AAA**AA*AAAAA*AA*A*AAAAA*A*A*AAAA*AA*A**AA**AAAA***A**AA***AAA*AAAA*A*A*AAAA*AA**AAA*A**AA*AAAA**AAA*AAAAAAAAA*A*AA,.x.x.........x.x......x.x.x.x.....x.x..........x.x......x.x.x.x......x.x.........x..x.....x.x.x.x......x.x.........x.x......x.x.x.x......x.x..........x.x......x.x.x.x....x.x.x.........x........x.x...x...x..x.x.....x...x..x.......x...x...x....x.x...x...x..x.x.....x...x........x.x...x....x.,1120,Hard,True
puzzle_270,17,A*AAA*A**AAA*A*AAA***AAAAAA**A**AA*AAAAA****AAAA*AAAAA*AAAA*A***A**AAAAAAAAAAAAA**AAA*AAAAAAAAAAAA****A*AAA**AAAAAAAAAAAAAAAAAAAA*AA***AAA*A*AA*AAAAA*A*A*A*AA*AAA*AAA**A*AA*AAAAA*AAAA*A*AAAAAAAAA*AAAA*A*AAAAAAAA*AAAAAAA*AAA*AAAAAAAAAAAAAAAAA*AAAAAAAA*AAAAAAAAAAAA*AA**AAAAAAAAAAAAAAAAAA*AA,..x........x.x.x.x....x.x.x..........x.......x.x.x..x...x.x.x..........x.......x..x.x.x...x.x.x..........x.......x.x.x..x...x.x.x..........x........x.x.x.x....x.x.x..........x.......x.x.xx.x...x...x..........x...x...x.x..x.....x...x.....x..x.x...x....x...x.....x...x....x...x.x...x...x....,1122,Hard,True
puzzle_271,17,AAAAAA*AAAAA*AAAAAA*AAA*A*A*AAAA*A**A*AA*AAAA*AAAA*AAA**AA*AAAAA**AAA*A*AA*AAAAAAAAAA*AA*AAAAAAA****AAA*A***A**AA*A**AAAAAAAAA*A*AAAAAAAAAA**AAAAAAAAAAAA*A**AAAAAAA***AA*AAAAA***AAAAAA**AA*AAAAAAA*A**AAAAAAAAA*AAAAAAA*A*AA**A*AAAAA*AAAAA*AA*A**A*AA*AAAA*A****AA*AAAAAAAAAA*AAA*****AAA****A,...x.x.......x.x.x......x.x.x.......x.x........x.x.x.....x.x.x........x.........x.x.x....x.x.x.x......x.x.........x...x....x.x.x.....x...x........x.x...x....x.x.x.....x..x.x.......x.x.........x.x......x.x.x.x.....x.x..........x.x.....x.x..x.x.....x.x..........x.x.....x.x..x.x.....x.x.....,1123,Hard,True
puzzle_272,17,AAAAAAA*AA**AAAAA*A**A*A*AAA***AA*AAAA***AAAAAAAAA*AAA**AA*AAAAAA**AA*AAA*A*AAAAAAAAAAAAAA*A*AAAA**AAAAAA*AAAAA*A**A*A*AAA*AAAAAAAAAA*A*AAAAAAAAAAA*A*AAAAAAAA*AAAAAAAAA*A*AAAAA*A*A*AA*AAAAAAA*AAAAA**AAAAAA*AA*AAA**AA*A*A*AA**AA*A*A*A*AAAAAAAAAA***A*AAAA*AAA*A*AAAAA***A*A*AAAA*AA*AAAAAAA*A,.x..........x.x.x....x.x.x.x......x.x.........x.x........x.x.x.....x..x.x.......x.x........x.x.x.....xx.x.x........x.........x.x.x....x.x.x.x.......x...........x.x....x.x.x.x.x.....x............x.x...x.x.x..x.x.....x............x.x...x.x..x.x.x.....x............x.x...x.x..x.x.x.....x.....,1125,Hard,True
puzzle_273,17,AAAAAA*A*A**A***AAA*AAA*AAAAAAAAAAA*AA**AAAAAAAAAAA*AAA*AAA*AAAA*AAA**AAAA*A*AAAAAAAAAAAAA**AA**AAA*AAA*AAAA*A*AAAAA**AA*AAA*AAAAAAAAAA*AA*AA*AAA*AAA*A*A*A*AAAAA*AAAAAA*AAA*A*AAAAAA*A**A*AAAAAAAAAAAAA*AAAAAA*AAA*A*AA*AA*AA*A*AAA*A*AA*AAAA*AAAAAAA*AAAA*AAAAAAAA*AAA**AAA*AA*AAAA*AAAAAA**AAA,.....x.x.x..x.....x.x..........x.x......x.x.x.x.....x.x..........x.x.....x.x.x.x......x.x.........x.x......x.x.x.x.....x.x..........x.x.....x.x.x.x.......x..........x.x.x...x.x.x..x......x...........x.x.x..x.x...x.x......x.....x......x.x...x.x....x.x.....x.....x......x.x...x.x...x..x.....,1127,Hard,True
puzzle_274,17,A**AAAA*A*AAA*A*A*A**AAAAAA*AAAAA**A**A*AAA*AAAAAAAAAA**AA*A*AAAAA*AA**AA*A*A*A*A*A*A**A**AAAAAA*AAAA*AAA*AA**AAA*A*AAAAAA*A*A*A**AA****AAAAA*AA*AAAA*AAA*AAA*A*A*AAA***AAA*AAAAA**AAA*A*A*A*AAAAAAAAAA*AAA*AAA*AA**A***AAA*AA*AA***AAA*AA*AAA*AAA*AA*AA*AAA*A*A*AAAAAA*AAA*A**AAA*AAA*AAAAAAAAA*,...x......x...x.x.x....x.x...x........x.....x...x.x..x...x.x...x....x...x.....x...x....x...x.x...x....x...x.....x....x...x...x.x...x....x...x.........x.x..x....x.x.x.....x....x.......x.x....x...x.x.x......x...x.......x..x...x...x.x.x......x...x.......x.x....x...x.x.x......x...x.......x.x.,1129,Hard,True
puzzle_275,17,**AA*A**AA*A*A*AAAAAAAAAA*A**AAAA**AAA*A*AA*A*AAAAA*AAA*AAA**AAAAA*AAA**A**AAAAAAA*AA*A*A*AAA*A**A*AA***A**A*AAAAAA*A*AAA*AAAAA*A*AA*AAA*A*AA**A*A**AAAAAAAA*AAA*AA*A*AA*AA*A*AAAAA*AAAAA*AAAA*A*A*AA*AA**AAA**A**A*AAAAA*AA*A*AAAAAA*A**A**AAA*A*AAAAAAAAAAAA*A*A*A**A**A*AA*AAA*AAA*AAA*A**AA*A,.........x.x.x.x..x.x.x.x...................x.x.x.x.x.x.x.x..................x.x.x.x..x.x.x.x..................x.x..x.x.x.x.x.x..................x..x.x.xx.x.x.x..................x.x.x.x..x.x.x...........x......x.x.x.x....x.x.x..........x.......x.x..x.x...x.x.x..........x.......x.x.x..x...,1130,Hard,True
puzzle_276,17,AAAAAA*AA**A*AA*AA*AAA*AA*AAA**AA*AAAAAAAAAA*A*AA*A*AA*AA*A*AAAA**A*AAAA*A*AAA*AAAAAAA*AA***AAA*AA*AAAAAAAA*AAAAA*A*A*AAAA*AAA*A*AAAAA**AAAA*AAAA*AA*AA*AAAAAAAAAAAAA***AAAAA*AAAAAA*AA*A*AA**AAAAAAA**AAAA*AAA**A*AAA*A*A*A***AAAAAAA*A**AAAAA*AA*****AAAA*AA*AAA*AAA*AA*AAAAA*AA**AAAA**AAAAAAA,.x.x.x.......x..........x.x.x...x..x.x.x.......x..........x.x.x...x..x.x.x.......x..........x.x.x....xx.x.x.........x........x.x.x.x....x.x...........x.x....x.x.x.x.......x..........x.x.x...x.x.x.x.......x..........x.x.x...x.x.x.x........x.........x.x..x...x.x.x.x..................x.x.x.x,1132,Hard,True
puzzle_277,17,AAAA**A*AAA**AA**AAAAAAAAAAA**AAA**A**AAAAAAAAAAAAAAAA*AAAAAA**AAAAAA***A*AAA*AAAAAA*AAAAAAAA*AAAAAA*AA**AAA*AAAAA*AAA*AAAAAAAAAAAAAA**AA*AA*AA**AAAAAAAAAAAAAA*A*AAAAAA***AAA*A*AAAAAAAAA*AA*AAAAAAAAA*A*AAA*AAAAAAAAAA*AAAAAAAA*AAAA*A*A*AA*AAA*AA*AA*AAAAA*AA*A*AAA*AAAA*AAAA*A*AAA***A*AAA*AA,......x.x.x..x...x.x.x..........x.......x.x.x.x....x.x.x...........x........x.x.x.x..x.x.x.x...................x.x.x.x..x.x.x.x..................x..x.x.x.x.x.x.x..................x.x.x.x..x.x.x.x..................x.x..x.x.x.x.x.x...................x.x.x.xx.x...x.x............x......x.x.x.,1134,Hard,True
puzzle_278,17,AAAA*AAAAAAA*AAA**AAAAA**AAAAAAAAAAA*A**A*****AAAAAAA*AAAAAAAAAAAAAAA*AAAAAAA*AA*AAAAAAA**A*AAA*A*A*AA*AAAAAAAA**AAAAA*AA********A*A*AAAAAA*A*AAAAAA**A**AA*A*A**AAAAAAAA*AAAAAAAAAA*A*A*AA*A*AAA*AAAAAAAAA*A*AAAAAAAAAAAAA**AAA*A*AAAAA*A*AAAA*AAAAAAAAAA**AAAA*A**AA**A**AAAA**AA*AA*AAAAA**A*A,x.x..x........x..........x.x.x...x.x.x..x.......x..........x.x.x...xx.x.x.x...................x.x.x.x..x.x.x.x...................x.x.x.x..x.x.x.x........x..........x.x.x....x.x.x.x........x.........x.x.x....x.x.x.x........x..........x.x.x....x.x.x.x......x.x..........x.x.....x..x.x.x.....,1136,Hard,True
puzzle_279,17,AA**AA*A*A*AAAAAAAAAA*A*A**AAAAAAAA**A*****AAAAAA*AAA*AAA*AA*AAA****AA*A*AA***AAA*A*AAAA*AAAA**A*A*AAAA*******A*AAA**AAA*AAAAAA**AAA**AA*AAAAAA*A***AAA*AAAAAAAAAAA***AA***A*AAAAAA*AAA*AAAAAAAAAAA***A***AAA***AAAAAAAAAA****AAA*AAAA*AAAA*AAAA***A*AAAAAAA*AAAAAAAA*AAAAAAAAAAAA***AAAAAAAAAAAA,.........x.x.x.x..x.x.x.x..................x.x..x.x.x.x.x.x...................x.x.x.xx.x.x.x..................x.x.x..x.x.x.x.x..................x...x.x.xx.x.x.x..................x.x.x.x...x.x.x..........x.......x.x.x.x....x.x.x.........x........x.x.x.x...x.x.x..........x.......x.x.x..x...,1137,Hard,True
puzzle_280,17,AA*AAA*AAAAAAAAA*A*AAAAAA*AAA*A**A*AAAAAA*AA*AAA*A*A*AA***AAA*AA*AAAAAA*AA**A***AAA*AA*AAAAAAAAAA*AAA*A*AAAAA**AAA*A*A**AAA*A*A*AAA***AAAAAAA*AA*AAAA*AAAAAA*A*A*A**AA****AAA*AA**AAA*A*AAA**A**AAAAAA*AAAA*A**AA*A*A*A*AAA*AAAA**AA*A*AAAAA*A*A**A*AAA*AAAAAAA*A**AAAAAA*AAAAA*A**AAAA*A*AAA*A*A,.x...x.......x.x....x...x.x.x......x...x.......x.x....x...x.x.x......x...x.......x..x...x...x.x.x.....x....x.......x.x...x....x.x.x.....x...x.........x.x..x...x.x...x....x...x.....x....x...x...x.x...x....x...x.....x...x....x...x.x...x........x.....x...x.x.x....x.x...x.......x......x...x.x,1139,Hard,True
puzzle_281,17,AAAAAAAA***AAA**AA**AAA*AAAAA****A*A*AAAAA*AA**AAA**AAA*AAA*A*AAAAAAAAAAAAAAAA*A*AAAAAAA*AAAAAA*A*A*AA*AAAAAAAAA**AAAAAAA*AAAAAAA*A**AA*AA*AAAA*AAAAA*AAAAAA**AAAAAAAAAA*AAAA*A*AA*AA*AAAAAAAAAA*A*AAA***A**AA****AAAA**A*AAAAAA**A*AA*A*A*A*AAAAAAAAA**A*A*A**AAAAAAAAAAA*AAAAAAAA*AAAAA**AA*AAA,..x.x........x..xx......x.x.x........x.x.......x.x..x.....x.x.x........x.x.......x.x..x.....x.x.x........x.x.......x.x..x.....x.x.x........x.x........x.x.x......x.x.x........x.x.......x.xx.x.....x.x............x.....x.x.xx.x.....x.x..........x.x.....x.x..x.x.....x.x..........x.x.....x..x.,1141,Hard,True
puzzle_282,17,**AAAAAAAAAAAAA*AAA*AA*AA*AAAAAAAAAA*AAAAAAA*AAAAA*AAA*AAAA*AAA*A*AA*AAAAAAAAAAA*A*AAAAA*AAAAA*AAAAAAAAAAA*A*AA***AAA*AAAAAAA****AAA*A*A*AAAAAA*A**A**AAAAAA*A**AA*AAA*AAAAA*AA*AAA*AAAAAAAAA*A*A**AAAAAAAAAAAA**AAAA*AAAAA**AAA*AA*AAAAAAA*A*AAAAA**A*AAA*A**A***A*AAAA**AAAAAAAAAA*AAAAA**AAAAA,..x.x.x..x.......x..........x.x.x....x.x.x.x.......x..........x.x.x...x.x.x.x..................x.x.x.x.x.x.x.x...................x.x.x.x.x.x.x..x..................x.x.x.x.x..x.x.x..................x.x.x.xx.x...x.x............x......x.x.x.x.x....x.x............x.....x.x.x..x.x...x.x.......,1143,Hard,True
puzzle_283,17,AA*AAA***AAA*AAAAAAAA*A*AAA*A**AA******AA*AA*AAA*AAAAAAAAAAA*AA****AAAAA*A**AA**AAAAAAA*AAAAA*A*AA*AA*AA**AA*AAAAAAA*A*A*A*AAA****AA****A***A*AAAAAAAAA*A*AAA*AAA*AAAA**AAA*AA*A*AAAAAAAA*AA*AAAAA*AA*AA**A*AA**AAAAAAAA****AAA**AAAA**AAAAAAAAAAA**A*AAAAAA***AAAAAAA*A*AAAAAAA**A*AAA*AAAAA*AAA,.........x.x.x.x..x.x.x.x..................x.x.x.x..x.x.x.x..................x..x.x.x.x.x.x.x..................x.x.x.x.x.x.x.x..................x.x...x.x.x.x.x......x...........x..x...x.xx.x.x.......x..........x.x.x.....xx...x.......x.x....x...x.x.x......x...x........x.x...x...x.x..x.....,1144,Hard,True
puzzle_284,17,*AAAAAAAAA*AA*AA**AAAAA*A*AA*AAA*AAA*AAAAAA*AAA*AA*AAA*A*A*AA**AAAAA**A*A**AAA*AAAAAAA*AAA*AAA*AAAA*AA******A*AAA*A*A*AAAAA*A*AAAAA*A**AAA*A*A**AAAA*A**A*AAAAA*AAAA****AA*A****A**AAA*AAAA*AAAAA*AAAA*A*A**AA*AA*****AAA*A*AAA**AAAAA**AA*AAA*AAAAAAA*AAAA*AA*AA**AAA*AA*A***AAA*AA***AAAA*AA*AA,.......x.x.x..x...x.x.x..........x........x.x.x.x..x.x.x.x..................x..x.x.x.x.x.x.x...................x..x.x.x.x.x.x.x..................x.x.x..x.x.x.x.x..................x.x.x.x..x.x.x.x...................x.x.x.xx...x.x.x..........x.......x.x..x.x...x.x.x..........x.......x..x.x.,1146,Hard,True
puzzle_285,17,AA*AAAAAAAAAA*A**AAAA*AAAAAAAAAAAAAAAAAAA*AAAAAAA*AAA*AA*AA**AAAAAAAAAAA**A*AA*AAAA*AA*A**A**AAAAA*AAAAA*AAAAAA*A*AAA*AA*AA**A*AAAAA*A*A*AA*A*AAA*A***AAAAAA**AAA***AAA*AAA***AA*AAA*AAA*AAAA*A*A*AAA**AAAAA*A**AA*AAAAA*A*AAA*AAA****AAA*A*A**AAAAAAAAA*A*AAA*AAA*AAAA***AAAAAAAA*AAA*AAA*AA*AAA,.x.x.x.x...................x.x.x.x.x.x.x..x..................x.x.x.x.x.x..x.x..................x.x.x.xx...x.x.x..........x.........x.x.x....x.x.x.x......x.x..........x.x......x.x.x.x......x.x.........x.x......x.x.x.x.....x.x..........x.x.....x.x..x.x.....x.x..........x.x.....x..x.x.x.....,1148,Hard,True
puzzle_286,17,AAAAA*AAA*A*AAAAAAAA*A*A**A***AAAA****A*A*A*AAA*AA*A*AA**A*****AAAA**AA**AAAAAA*AA**AA*A*AAAAAAAAAAA*AA*A*AAA**AAAAAAAAAA*AAAAAA*AAAAAAA*A**AAAAAA**AAA*A*A*AAAAA**AA**AAAAA**AA*AAAAAAAAAA*AAAAA*AA*AA*AAAAAA*AA*AA*AAAAAAAAA*A*AAAAAA*AAA*AAA*AAAAAA***AA*AAA**AAAA*AAAAA*AAAAAA*AA*A*A*AA*AAAA,....x...x.x..x...x.x...x........x.....x...x.x.x....x.x...x.......x..........x.x.x...xx.x.x.x...................x.x.x.x..x.x.x.x..................x..x.x.x.x.x.x.x..................x.x.x.x..x.x.x.x...................x.x.x.x..x.x.x.x........x..........x..x.x...x.x.x.x........x.........x.x.x.,1150,Hard,True
puzzle_287,17,A*A*AA*AAAAA*A*AAAAAAAAA*AA**AAAAAA*AA*AA*AAA*A*A*AA***A**AAAA*A*A**AAA*A*AAAAA*AA*AAAAA*A*A*A***AAA**AA**A*AAA*AAAA***AAAAAA***A***AAAA***AA*AAA*AAA*A*AAAAA*AA*A*A*A*AAAAA**AA*AAAAA*A**AAAAAAA*A**AAAAA*AA**A*A*A*AAA*A*A*AAAA***AAAAAAAAA**AA**A*A*A*AA*AAAAA*A**A*AAAA*A**AA**A*A*A*A*A*AAAA,..x........x.x.x.x...x.x.x..........x.......x.x...xx...x...x.....x........x...x.x...xx.x.x.........x........x.x.x.x....x.x.x.........x........x.x.x.....x.x.x........x.x.......x.x.x......x.x.x.......x.x........x.x.x.....x..x.x.......x.x........x.x.x.....x..x.x.......x.x........x.x.x.....x.,1151,Hard,True
puzzle_288,17,AAA*AAAAAAAAA*AAAAAAAAAAAA*A*A*AAA*AAAAA***AAAA*AAA*A*AA*AAA*AAA**A*AAAAA*AAA*AAAA*A*A*AAAAA*A*AA*AAA*AAA*AAA*A**A*AAA**A**AAAAAA*AAAA*AAAAAAAA*AAAA*AAAAAAAAA*A*AAAAA**AAAAAAAAAAAAAAAAAAAAAAAAAAAAA*AAAAA*A*AA*AAAAA***AAAAAAAAAA*AAAAA***AA*AAAAAAAAAA*AAAA**AAAAAAAAAAAAA*AA*AAA*A***AA**AAA*,x.x.........x.x......x.x.x.x.......x..........x.x.x....x.x.x.x......x.x.........x..x.....x.x.x.x......x.x..........x.x......x.x.x.x......x.x..........x.x......x.x.x.x......x.x.........x.xx......x.x.x........x.x.......x..x.x.....x.x.x........x.x.......x.x..x.....x.x.x........x.x.......x.x.,1153,Hard,True
puzzle_289,17,**AA*AAA*A*AAA*A*AA*AA***AAAAA**AAAAAAAAAA*AAAAAAA*AAA****A*AAAAA*AAA*A*A*AA*AA**AA*AA**A**A*A*A*A*A*AAAA*A*A***A*AAA******A*AAA*A*A*****AAAA*AA**AAA*A*AA*AA**AAAAAAAAAAAAAAAAAA***AAA*AAAAA**AAA*AAAAAA*A**AAA*AA*****AAAAA*****AAA*AAAA***AA*AA*AAAA*AAAA*A*A**A*A*AAA*A*AAAA*A*AA**A**AA*A*A*,...x.x.x.....x....x.......x.x...x....x.x.x.....x...x........x.x....x..x.x.x.......x..........x.x.x...xx.x.x.........x........x.x.x.x.....x..x.........x.x......x.x.x.x....x.x.x..........x.......x.x.x.x.....x.x..........x.x.....x.x.x.x.....x.x..........x.x......x.x.x.x......x.x.........x.x.,1155,Hard,True
puzzle_290,17,*AAAAAAA*A***A*A**AA*AAAAAA*AAAAAAAAAA*AAAAAA*AAA*AAAA**AAAA*AA*AAAA*A*AAAA*AAA***AAAAAA*AAAAAAAAAA*AAAAAAAA*AAAAAAA*A*A*AAAAAA**AAAA*AAAAA*A**AA**AAAA***AAAAAAA**AAA*AAA*AAA*AAAA***AAAAAAA*A*AA*AAAAAAAAA*A*AAAA*AAAA*AAAAAAAA**AA**AAA*AAAAAAAAAA*A*AAA*A**AAAAA*A*AAA*AAAAA*AA*AA*AAAA**A*A*,.x.x.x...x..............x...x.x.x.x..x.x...x..............x...x.x.x..x.x.x...x..............x...x.x.x.x.x.x....x.............x....x.x.x.x.x.x...x..................x.x.x.x.x.x..x.x..................x.x.x.x.x..x.x.x..................x.x.x.x..x.x.x.x........x...........x.x.x..x..x.x..x......,1157,Hard,True
puzzle_291,17,AAAA**AAA**AAAAAAAAAA**AAA*AAAAA**A*A*AAAA*AAAAAAA*A***AA*A*A*A*AAAAAA*AAA*AAA*A*A*AAA*AAA*A*AAAA*A*A*AAAA*AAA*AAAA*A***AAAAA*A*AAAAAAAAAAAAAAAAAA*AAAAAAAAA*AA*AAAAAAAAAAAAAAA*A*AAA*AAAAAA***A*AA**AA*A*A*AAAA*A*A*AAA*A*AAA**AAAAA**AAA*AAAA*AA*AA*AAAAAAAA*AAA**AAAAAAAAAA*AAAAAAAAAA*AAA*AAA,.x.x..x.........x........x.x.x.x..x.x.x.x...................x.x.x.x..x.x.x.x..................x.x.x.x..x.x.x.x..................x.x.x.x.x.x.x..x...................x.x.x.x..x.x.x.x........x..........x.x.x...x..x.x.x.......x...........x.x.x...x.x..x.x.......x..........x.x.x....x.x.x.x......,1158,Hard,True
puzzle_292,17,A**AAAA*AAAAA**AAAAA*AAAA*AA*AAAAAAAAAAAAA**AA*AA**AAAAAAAA*AAA*AAA*AAA*AA*AA***A*****A*A*AA*AAAAAAAA*A*AAAAAA*AAA*AAAAAA*A***AAAAAAAAA*AAAA*AAAAAA**AAAA*AA*A**AAAAAAAAAAAAAAAA*AAAA**A*AA*AAAAAAAAAAAA*AAAAA*AA*AAAAAAAAA*A*AAA*AAAAAAAAAA*AAAAAAAAAA*A*A*A***AAAA**AAAAAAA*AAAAAAA*AAAAAAA*A*A,x..x.x..x..................x.x.x.x.x.x.x.x..................x.x.x.x.x.x.x..x..................x.x.x.x.x.x.x.x...................x.x.x.x..x.x.x.x..................x.x.x.x..x.x.x.x...................x.x.x.x.x..x.x.x..................x.x.x.xx.x...x.x............x.....x.x...x..x...x.x.....x..,1160,Hard,True
puzzle_293,17,**AAA*A*AAAAA*A*A*AAAAAAA*AA*AAA*AAAA*AAA**A***A**A*A**A**AAAAAAAAAAA*A*AAAAA**AAAAAAA*A*AAAAAAAA*A*A*AAAAAAAA*A*****AA*AAA*A**AA*A*A*A*A*AAAA*A*AA*A**A*A*AA**AAAAAAAAAA**AAAAA*A*A**AAAA**AAA*A***AAAAAAAA*A*AAA*AAAA**A*A***AAAAA*AAAAAAAAAA*AA*AAAA**AA***AAA****A*A*AAA*AAA*A*A*A**A*AA*AA*A,....x.x.x.......x..x.......x.x.x..x...x.x.........x........x.x.x.x..x.x.x.x...................x.x.x.x..x.x.x.x..................x.x.x.x.x.x.x..x..................x.x.x.x..x.x.x.x..................x.x.x.x..x.x.x.x...................x.x.x.xx.x...x.x..................x.x.x.x.x.x.x..x........,1162,Hard,True
puzzle_294,17,*AA*AAAAAAAA*AAAAAA*AAAAAAAA**AA***A**AAA*AAAA*AAA**A*AAAAA*AA*AA*AAAAAA*****AAAAAAA*AA*AAAAA***AA***AA*AAAAAAAAAAAAA*AAAAAAAA*AAAAA**AAAAAA***AAAAAA*A**AAA*AAA*A*AAAAAAA**A**AA*AAAAA****A*AAAAAAA*A*AAAAAAA**A*AAAAA****AAAA*AA*AAA*A*A*AAAAAAAAAAAAAAAA*AAAA*AA***AAA*AAAAAAAAA*AAAAA**A*AA**,.........x.x.x.x..x.x.x.x..................x.x.x.x..x.x.x.x..................x.x.x.x..x.x.x.x...................x.x.x.xx.x.x.x..................x.x.x.x..x.x.x...........x......x.x.x.x....x.x...........x.x....x.x.x.x.......x..........x.x.x...x.x.x.x.......x..........x.x.x...x.x.x.x........,1164,Hard,True
puzzle_295,17,AA*AAA*AAAA*AAAAAAAAAAA*****AAA*AAAAAAA**A*AAA*AA**AA*A*AA*A**AA*AA*AA*A*AAAAAA*AA*AAA*A*A*AAA*AAAAAAAAAAAAAAAAAAA*AA*AA*AAAAAAA*A*AA*AAAAA*AAAAA*A**AAAAAAAAAAAAAAAAAAAA*A**A**AA*A*A**AAAAAAAA*AAAAAAA*AA*AAA*AAAAAA**AAAAA*AAAAAAAAAAA**AAA*AA*AAAAAAA*AAAAA*AAAA*AAAA*AAAAA*AAAAAAAAA*AAAAAAA,.x.....x.x...x......x.x.....x...x..x.....x.x...x......x.x.....x...x.x......x.x...x.....x.x......x....xx.....x.x.....x....x.x.....x.x....x.....x.x......x...x.x.....x.x....x.....x.......x.x..x.x...x.x............x.....x.x.x.x.x....x.x...........x......x.x.x.x.x...x.x............x.....x.x.x.,1165,Hard,True
puzzle_296,17,*AAAAAAAA**A*A*AA*AAAAAAAAAA**AA*AAAAA**AA*AAA*AAAAAAA*AAAAAA*AAA*AAAAAA**A*AA*AAAAAAAAAAA*A*AA*AA*A*AA*A*AAA**AA*AAA*AAAA*A*A*A*A*A*AAAA**AAAA*A*AAAAAA*A*A*AA**A*AAA*AA*A***AAAAA*AAA*AA***AAA***A*AAA*AAAAA**AA*AAAAAAA**A*AAAA**AAA*AAAA*AAA*AAAA*AAAAA*AAA*AAAAAAA**AAAA*A*AA**AAAAAAAA***A*,.......x...x.x.x..x.x.x...x..............x...x.x.x.x.x.x....x.............x.....x.x.xx.x.x...x..............x...x.x.x....x.x...x.......xx.....x...x..x.....x.x...x......x.x.....x...x.x.......x....x.....x.x.x...x....x.x.......x...x......x.x.x...x...x.x........x...x.....x.x..x...x...x.x.....,1167,Hard,True
puzzle_297,17,AAAAAAAAAAAAA*AA*AAA*AAAAAAAA*AAA**AAAAAAAAA***AAA*A*A**AAA*AAAAAAAAAAAA*AAA*AA*A**AAA*AAA*AA*AAA*AA**AA*AAAA***AA***A*AAAA**AAAAAAAAAAAAAAA*AAAAA**A*AAA*AAAAAAAA*A*A*A*AA*AA*AA****AA*A*AA*AAA*AAAAAAAAAAAAAAA**A*AAA*AA*AA*AA*AA*AAAAA**AAA*AAAAAAA*AA*AA*AAAA*A*A*AAAAAAA*AAAAAAAAAA*A*AAAAA*,x.x.x..........x........x.x.x.x....x.x.x.........x........x.x.x.x....x.x.x.........x........x.x.x.x....x.x.x.........x........x.x.x.x....x.x.x..........x........x.x.x.x..x.x...x.........x....x...x.x...x..x.x...x.....x............x.x...x.x..x.x.x.....x....x.......x.x.....x....x.x.....x.x..,1169,Hard,True
puzzle_298,17,AAAAA*A*AA*AAAAAAAA**AAA*AAAAAAAAAA*AAAAAA***AA*AA*AAAA****AAA*AAAA**AAAAA**AAA*AAAAAAAAAAAAAA*AA*AAA**A***AAAA*AAAAA*AAAAAA*AAAAAA*AA*AA***A*A**AAAAAAA*AAAAA*AAAA*AAAAA*AA*AAA*AAAA**A*AAAAAAAAA**A*A***AAAAAA*AAA****AAAAA*AAAAAA**A*AAAAA**A*AAA*AA**AAAAAAAAAAAA*AAAAAAAAAA*AAA*AAAA*A*A*A*A,..x.x.x.....x....x.......x.x.....x....x.x.....x.x..x.x.....x.x...........x......x.x.x.x.x....x.x............x.....x.x.x..x.x...x.x......x.....x......x.x...x.x....x.x.....x......x.....x.x....x.x...x.x......x.....x.....x.x....x.x...x.x......x.....x.....x.x....x.x...x.x......x.....x......x.x,1171,Hard,True
puzzle_299,17,AA*AAAAAAA*AAA**AAAAA*AAAA**AA*AAA*A*AAA*AAAAAA*AAAA*AAAAAAAAA***A***AAA*A****A*A*AAAAAAAAAAAA*AA***AAAAA**AAAAAAAAAAA*AA*AAAAA*AAA**AA*AAAA*AAAAA*AAAAAAAA*A*A*AAA**AAAA*AAAAA**AAAAA*AA*AA*A*A*AAAAA***AAAAAAAAAAAA*A*AAAAAAAAAAAAAA*AAA*AAAAAAAAA**AA**AAAA*AAAAAAAAA*AAAAA***AAA*AAAA*AAA*AAA,.......x.x.x.x....x.x.x..........x........x.x.x.x..x.x.x.x....................x.x.x.x.x.x.x.x..................x.x.x.x..x.x.x.x..................x.x.x.x..x.x.x.x..................x.x..x.xx.x.x.x..................x...x.x.xx...x.x...x........x.....x....x.x.x...x.x...x........x.....x...x..x.,1172,Hard,True
puzzle_300,17,AAA*A*AAA*A**A*AA*AAAAAAAAAAA***AAA***AAAAA***A*AAAAAAA**A*AAA**AAAAAA***AAA*AAAAAA*AAA*A**AAAAAA**AAAA**A*AAA*AAAAA*AAAAAA*AAA*AAA*AAAAAA*A*AAA*AAA*AA*A*A*A*AAAAA*A**A*A**AA*AAA***AAAAAAAAAAAA*AAAAA*AAA****AA***AAAAAAAAAA*AAA*A*A**A**A***A**AAAAA*AAA***AA*AA*A**A**A*AA*AA**AA*A*A*A*A*A*A,x.....x......x.x...x.x...x.x............x.....x.x.x.x.x....x.x...........x......x.x.x.x.x...x.x............x.....x.x.x..x.x...x.x............x.....x..x.x.x.x...x.x............x.....x.x.x.x.x....x.x...........x......x.x.x.x.x...x.x............x.....x.x...xx.x.....x.....x......x.x...x.x....,1174,Hard,True
puzzle_301,17,*AAAAAA*AAAAAAAAAA*AAAA**AA*A*AA*AA*AAAAA***AAAAAA*AAA*AAA*AA*A*AAA*AAAA***AAAAAAA*AAAAAAAAAAAAAAAA*A*****AAAA*A*AAAAA**AAAAAAAAAAAAAAAAAAAA*A*A*AAAAA*AAAAAA*AAAAAAAA***A*AA*AAAAAAA*AAA*AAAAAAAAAA*AAA*AA*A*AAAAAAAAAA*AAAAA*AAAAA*AAA*AAA*AA*AAA*AAA*A**A*AA***AAAA*A*AAAAA***A*AAA*AAAAAAAAAA,......x...x.x.x..x.x.x...x..............x....x.x.x.x.x.x....x..............x...x.x.x..x.x.x...x..............x...x.x.x..x.x.x...x..............x...x.x.x..x.x.x...x..............x....x.x.xx.x.x.....x............x.x.....x.x..x.x.....x.x....x.....x.x.......x...x......x.x.x...x...x..x.......x,1176,Hard,True
puzzle_302,17,A*A*A*A*A*AAA*AAAAAAAA**A*A**AAAAAAAA**AA*A*A*AA**AAAAA*AA*A**AA*AAAAAAAA**AAAAAAAAAAAA**A*AA**AAAA*AAA*AAAAA*AAA****AAAA****A*A*AAAAAAAAAAAAA*AAAAAAA**A****AA***AAAAAAAA*AAA*A*AAAAAA*A*A*AAA**A*AAAAAAAAA*AAA*AAAA*A**AAAA**AAAA*AAAAA*AAAAAA*AAAAA*A*AAAAA*AA*****AAAAAAAAAAAAAAAA*AAA***AAA*,......x.x.x.x....x...x.........x.x..x.....x.x.x....x.....x.......x.x..x.x....x.x.....x.....x......x.x...x.x...x.x............x.....x.x.xx.x.x...x..................x.x.x.x.x.x.x.x..................x.x.x.x..x.x.x.x..................x.x.x.x..x.x.x.x..................x.x.x.x..x.x.x.x.........,1178,Hard,True
puzzle_303,17,AA***A*AAAA*AAAA*AAAAA**AAA*AA*AA*AA*A*A*AAA**AA*A**AAA*****AAA*A*A*A****A*AAA***AAAAAAAA*AA**A*AA*AA**A*A*AAA*A**AAAAAA*AA*****A*A**A*AA**AAAAAA**A**A*AAAA***AA**A*AAA*AAAAAA*A*AAA*AAAAAAAA**A****A*A*AAA**AAAA*AA*AAAA**AAAA*A*AA*AAAA*A**A**AAAA*AA**AA**AAAA**A*A**A*A*A*A*AAAAAAAA*AAA*AAA,.....x.x.....x.x..x.x.....x.x..........x.x.....x.x..x.x.....x.x..........x.x.....x.x..x.x.....x.x..........x.x.....x.x.x.x......x.x.........x.x.......x.xx.x.......x.x........x.x.x.......xx.x.......x...x......x...x...x...xx.x.......x...x......x.x.x...x.....x........x...x.x...x..x.x...x....,1179,Hard,True
puzzle_304,17,***AAAA*AA**AAAAA*A*AAA*AAAAAAAAAAAA*A*A*A*AAAAAAAAAAAA*A*AAAAA*AA*A*A*AAAA***AAAA*A*AAAAAA*A*AAAAAAAA*AAAAAA****AAAAAAA*A*A**A*AAA**AA*AAAAAAA*AAAAAAAA*AA**A*AAA*AAAAAAAA*A*A**A**A**AA*AAAA***AAAAAAA*AAAA*A*A*A*AAA*AAAAAAAAA**A*AAA*AAA**AAA*AAA*A*A*AAA*AAA*AAAAAA**AA*AA**A*AAAAAAAA*AA**A,...x.x......x.x...x.....x.x......x...x.x.....x..x...x.....x.x......x...x.x.....x.x....x.....x.x.....x....x.x.....x.x...x......x.x.....x...x.x......x.x...x.....x.x......x...x.x.....x..x...x.....x.x......x...x.x.....x.x....x.....x.x.....x....x.......x.x...x....x.x.x.....x...x........x.x...x,1181,Hard,True
puzzle_305,17,AAAAAAAAAA*AAAAAAAAAAAA*AA***AAAAAA*AA*A*AAA*AAAA***A*A*AA***A*AAAAAAA**AAAAAAAA******A*AAAA*AAA**A*A**AAA*AAAAAAA*AAAAA*AAA*****AA*AAA**AAAAAAAAAAAAAAAAAAAA*AAAAAAAAAAAA**AAAAAAA*AAAA**A*A**A*AAA*AAA*AAA*AAAAAA***AA**A*AAAAA**A*AAAAAAAAAA*AAAAAA**AA*A*AAAA**A*A*AA**AA**AAAAAAAA**AAAA**AA,.....x.x.x..x.....x.x..........x.x.....x.x.x.x......x.x.........x.x......x.x.x.x......x.x.........x.x......x.x.x.x.....x.x..........x.x.....x.x.x.x......x.x.........x.x......x.x...x.....x.x......x...x.x.....x..x...x.....xx.......x...x.x....x.x.....x.....xx.....x.x....x.....x.x......x...x.,1183,Hard,True
puzzle_306,17,**AAAAA*AA*A*A*A*A*A**A*AAAAAA*A*AAAAAAA*AAA*AAAA*AA**A*AA*AA*AAAAAAA*AAAAAAAAAA*AAA*A*A**AA**AAAAAAAA*A*A*AAA***A**A***A***A**AA*AAAAAAAAA*AAA*AAAA*A*AA**A*AA**A*AAA*AAAAA*AAAAAA*AAA*****AAAAAA*AA*A*A*A*A**A*A*AAAAA**AAAAAAAA**AAA*AA*AAAAA*AAAAAAAAAAA*AAAAAA**AA**A*A*AAAAA*AAA*AAAAAAAAAA,..x.x.x.x..................x.x.x.x.x.x.x.x..................x.x.x.x.x.x.x..x..................x.x.x.x..x.x.x.x..................x.x.x.x.x.x.x.x....................x.x.x.xx...x.x.x..........x........x.x.x.x....x.x.x..........x........x.x.x.x....x.x.x.........x........x.x.x.x...x..x.x......,1185,Hard,True
puzzle_307,17,*A**AAAAAAAAAAAAAAAAAAAAAAA*AAA*A*AAAAAA**AAAA*AAAA*AAAAA*AAAAAAAAAAAA*AAAA*AAAAAAAAAA*AAAAAAA**AAAA***AAA*AA**AAAAA*AA*AAAAAAA*AA*AAAA*A*AAAAA*A*AAAAAAA**AA**AAAAAAA*AAAA***AAAAAAAAAAAAAA*AAAAA*AAAAA*AAAAAA*AAAAA*AAAAA*AA*AAA*AAAAAAA**AA*AA*AA*A*AAAA*AAAAAAAAAA***A*AAAAAAAAAAAAAAAA*A*AAA,.x.......x.x...x....x.x.x.....x....x.......x.x...x....x.x.x.....x....x.......x.x...x....x.x.x.....x....x.......x.x....x...x.x.x......x..x.........x.x...x..x...x.x.....x..x...x.....x.x......x...x.x......x.x...x.....x..x.....x...x.x.......x....x.....x.x.x..x.x...x.........x....x...x...x.x..,1186,Hard,True
puzzle_308,17,AAA*AA*A**A*A*AAA*AAAAAA*AA****AAA*AA**A*A*AAAA**AAAAAAAAAAAA***A*A*AAA***AAAA*A*A*A**AAAAA*A*A***AAA*AAA*AAAA*A*AAAAAAAAAAAA*AA*AAAAAA*A*AA*AAAAAA*A*AAAAAA*A*A*A*A*AAAAAAAA*AAAAAAA*AAA*A*AAAAAAA**AAAA*AAAAAA*AAAAAAA*AA**AAA*****AAA*AAAAAA*AAA*AAAA****AA*AAA*A*AAA*AAAAA*AAAAA*AAAAA*AAA*AA,.x.....x..x.x.......x.x........x.x.x.....x.x.x........x.x.......x.x..x.....x.x.x........x.x.......x.x.x......x.x.x.......x.x........x.x.x.....x.x.x..........x.......x.x.xx.x...x..x...........x......x.x.x.x.x...x.x..................x.x.x.x..x.x.x.x..................x.x.x.x.x.x.x..x........,1188,Hard,True
puzzle_309,17,AAA**AA*AAAA*AAAAAAAAA*AAAAAAAA*A*AAAAAAA*AAAA*A*AAA***AAAAA*AAA**A*AA*AAA*AAA*AAAAA*AAAAAA*AAAAAAAA*AAA*A***A*A*A*A*AAAAAAAA*AAAAAAAAAAAAAAAA**AAA*AAAAAAAAAAAAAA***A**AAAAAAAA*A**AA*AAAAAA*AAAAAAAA*AAA*A*AAAAAA**AAAAAAAAA*AAAAAAAAAA***AAAAA*A*AA**A*AAAAAA*AAA**AA***A*A***A*AAAA***AAAAA*A,..x.....x....x.x.x...x.x....x.......x......x...x.x.x....x.x...x........x.....x...x.x..x...x.x...x........x.....x...x.x..x...x.x...x........x.....x....x.x.x...x.x....x.......x......x...x.x.x....x.x...x........x.....x...x.xx.x...x.x............x.....x.x...xx.x.....x.....x......x.x...x.x....,1190,Hard,True
puzzle_310,17,AA***AAAAA*AAAAA*AAAAAA**A**AAAA*AAAA**AA*AAAAAAA*AA*AAA*A**A*A**A****AAAA*AAAAA*AAAA*AAA*A*AAA*AAAAA******AA*AA*AAAAA*AAAAAAA***A*A*A*A*AA*AAAAA*AAAAA*AAAAAAA*AA*A*AAAAAA*AA*AAAAAA***AAAAAA*A***A*A*A*AA**A*AAAA*AAA***AAA*AAA*A*A*AAAAAAAA***A*AAAA*AAAAAAA*AAA*AAA*AAA*A**AAA**AA*AAAAA*AAAA,.......x.x.x.x....x.x.x..........x........x.x.x.x..x.x.x.x...................x.x.x.x..x.x.x.x..................x.x.x.x.x.x.x.x..................x.x...x.xx.x.x.......x..........x.x.x....x.x.x.x.......x..........x.x.....x.x.x.x......x.x.........x.x......x.x.x.x.....x.x..........x.x.....x.x.,1192,Hard,True
puzzle_311,17,AAAAA*A**AAAAA*A*AAAA****AAAAAAAAAAAAAAAA*AAAAAAA*AAA*AA**AA*AAAAAAAAA*AAA*A*AA*A**A**AAA***AAAAA*A*A*A*AAAAAAAA*A*AAA*AA**A*A*AAAAA*A*AAAAA*AAAAAAAAAA**AA*A**AAA*AAAAAAAAAAAA*AAAAAAA*AA*A**AAA**AAA*AAA*AAAAAA*AAA*AAAAAAA*AAAA***AAAA*AAAAA***AA*AAA**AAAAAAAAAA**AA*AA*AAAA*A*A*AAAAA*AAAA*A,..x.x.x..x.......x..........x.x.x...x.x.x.x..................x.x.x.x.x.x.x.x..................x.x.x.x.x.x.x..x...................x.x.x.x.x.x.x..x..................x.x.x.x.x.x..x.x..................x.x.x.xx...x.x.x..........x........x.x.x.x....x.x.x..........x.......x.x.x..x...x.x.x.......,1193,Hard,True
puzzle_312,17,AAAA*AAA*AAA*AAA**AAA**AA*AAAAA*AAAA*AAAAA*A*AAAAA*AAAA**A***AA*AA*AA*A**AAAAAAAAAAAAA*AA*AA**A*AAAA*A*AAAAAAA*AAAAAAAAAAAAAAAAAAAAAAA*AAA*AA**AA*A*AAAAAAAAA*AA*AAAAA*AAAAAAAAA****A*A*AAAA*A*AAAAAAA*AAAAAA*AAAAAAAAAAAA*AAAAAAA*A*AAA**AAAAA*A*AAA*AA*AAAA*AAA**A**AAA**AA*AAAA*AAA*A*A*AAA*A*,.....x.x.x.....x..x.x.......x.x........x.x.x.....x..x.x.......x.x........x.x.x......xx.x.........x.x......x.x...x.....x..x.....x...x.x..x...x.....x.....x......x.x...x.x...x.x......x.....x......x.x...x.x..x.x.x.....x............x.x....x.x.x.x.x......x............x.x...x.x..x.x.x.....x.....,1195,Hard,True
puzzle_313,17,AA*AAAA*A*AAAAA*AAAAAA*A*AA*AAAA*AAAAA*AAAAAAA**AAAAAAAA**AA**AAAAAAAA*AAA*A**AA**A**AAAAAAA*AAA*AAA*A**AAA*A*A*AAA*AA*AAAAAAA*AA**A*A*AAAA*AAA*AAA*A***A*AA*AA*AA**AAAAA*AAAA**AAAAAAAAA*AAAAAA*A**A*AAAAA*A***A**AAAAAAAAA*AA*A*A**A**A*A*AAAAA**AAAAA*A*AA*AAA*AAAAA*A*AAAAA*AA**AAAA*A*A*AAA*,....x.x.x.....x..x.x.........x...x.....x..x.x...x...x.x........x...x.....x.x..x...x...x.x........x...x......x.x.x...x....x.x.......x...xx.....x.x.x........x.x........x.x.x.....x..x.x.......x.x........x.x.x......x.x.x........x.x.......x.x..x.....x.x.x........x.x.......x.x..x.....x.x.x.....,1197,Hard,True
puzzle_314,17,AA*AAAA*A*AAAAA*AAAAAA*A*AA*AAAA*AAAAA*AAAAAAA**AAAAAAAA**AA**AAAAAAAA*AAA*A**AA**A**AAAAAAA*AAA*AAA*A**AAA*A*A*AAA*AA*AAAAAAA*AA**A*A*AAAA*AAA*AAA*A***A*AA*AA*AA**AAAAA*AAAA**AAAAAAAAA*AAAAAA*A**A*AAAAA*A***A**AAAAAAAAA*AAAA*A**A**A*A*AAAAA**AAAAA*A*AA*AAA*AAAAA*A*AAAAA*AA**AAAA*A*A*AAA*,....x.x.x.....x..x.x.........x...x.....x..x.x...x...x.x........x...x.....x.x..x...x...x.x........x...x......x.x.x...x....x.x.......x...xx.....x.x.x........x.x........x.x.x.....x..x.x.......x.x........x.x.x......x.x.x........x.x.......x.x..x.....x.x.x........x.x.......x.x..x.....x.x.x.....,1199,Hard,True
puzzle_315,17,AAAAAAA**A*A*AAAAA*AAAAAA*A*A*AAA***AA*A*AAAAAAAAAAAA*****AAAAAAAAA*AA*A*AAA*AAAA*A*AA*A*A****A*A*AAA**AAAAA*AAAAA*AAAAA***A*A**AAA*AAA***AAAAA*AAA*A***AA*A*A**A**AAA*AAAAAAAAAA*AA*****A*AAAAAA**AAAAAAA*AAAAAA*AAAA**A**AAAAAA**AAAAAAAAAA*AAAAAAA*AA*****AAAAA**AAAAAA*A*AAA*AAA*A*AAAA**A*AA,..x.x.x..x.......x..........x.x.x....x.x.x.x........x.........x.x.x....x.x.x.x.......x..........x.x.x...x..x.x.x.......x..........x.x.x...x.x.x.x..................x.x.x.x.x..x.x.x..................x.x.x.xx.x.x...x..............x...x.x.x...x.x....x.......x.....x....x.x.x...x.x...x........x,1200,Hard,True
puzzle_316,17,AA**AAAA**A*AAAAAAAAAAAA*AAAAAAA*AA*A*AAAAAAAA*AA*A**AAA*AA*AAAAAAA*AAAAAAAA*AAAAAAAA**AAA*AAAAAAAAA****AAAAA*A*AAAAAAAA*A*AAAAA*A*A**A*A*A*A**A**A*AAA*AAAAAAAAAA*AAAA**AAAAA*A*A*AA*A*A**AAA**AAA*AAA*AA*A*A*AAAAAAA*A*A*AAAA**AAAAA*AA*AAA*A*AAA***AAAAAA*AA*AAA*AAAAA*****AAA*AA**AAAAAA*A*AA,x...x.x........x...x.....x.x.x....x....x........x.x..x....x.x.x.....x...x........x.x...x...x.x.x..........x.......x.x.xx.x...x.x............x.....x.x.x...x....x.x.......x...x......x.x.x...x...x.x........x...x.....x.x.x....x...x.x.......x....x.....x.x.x....x...x.x.......x....x.....x.x.x...,1202,Hard,True
puzzle_317,17,AA*A*AAAA*AAAAAAAAAAAAAA*A*AA**AAAAAA****AAAAAA*AAA*AAAAAAA*AA*AAA**AA*A**AAAAAA**AA*AAAAAA*AAA*AAAA*AA*A*A**AAAAAAAAA*A*AAA**AAA**AAAA*AAAAAAA*A*AAA*AAAA*AAA*A*A*AAAAAA***A*AAA*A*A**AAAAAAAA**AAA*AAA*AA*A*AAAAAAAAA**AA*A*A*A**AAAAA*A*AA*AAA**A*AA*A**AAAAA*AAAA*AAAAAA*AAA*AAAA*AA*A*AAAAAA,......x.x.x.x....x.x.x.........x.........x.x.x....x.x.x.x.......x..........x.x.x...x..x.x.x.......x..........x.x.x...x.x.x.x........x.........x.x.x....x.x.x.x.......x..........x.x.....x.x.x.x......x.x.........x..x.....x.x.x.x......x.x.........x.x......x.xx.x......x.x.........x.x......x.x.,1204,Hard,True
puzzle_318,17,*A*AAAAAAA**A*AAAA*AAA*AAA*AAAAAAA**A*A*AAAA**A**A**AAAA*A*AAA*A*AAAAAAA**A*A*A*A***A*AAAA*AAAAAAAAAAAAAAAAAAAAA**A*A*AAA*AA*AA*A*AAAAAAA*A*AAAA*AA**A*A***A*A**A*A*AAA*A*A*AAA**AAA*A**AA*A**A*AAAAA*AAAAAAAAA*AAAAAA**AAAAAAA***AA*AAAAAAA**AA*AAAAAA*AAAAAAAAAAAAAAAAAA*AAA*AAAAAAA**A*AAA**AA,...x.x.x.x.......x..........x.x.x...x.x.x.x..................x.x.x.x.x.x..x.x..................x.x.x.x.x.x.x.x..................x.x.x.x.x.x..x.x..................x.x.x.x.x.x.x..x..................x.x.x.x.x.x.x.x..................x.x.x.x...x..x.x.........x........x.x.x.x...x.x.x..........x,1206,Hard,True
puzzle_319,17,AA*A*AAAAAAAAAAA**A*A****AA*AAA*AAA**A*AAA*A*AA**AAAAAAAA***AA*AAA*A****AAAAA*A*AAA*A*AA*A*AAA****AAAA*AAAA*AAAAA*AAA*AAAAA**AAAAA*A*AAAAAAAA*A***AAAA**AAA*AA***AAAA**AAAAAA*A**AA*A*AA*AAA*A*A*A*AAAAA**AAAAAAAA**A***AA*A*AAA*AA*AAA*A*AAA*AAAA*A****A**A*AAAA****AA*AAA*AAAAAAAA*AA*****AA*A*,.....x.x.x.x......x.x.........x.x......x.x.x.x.....x.x...........x.x....x.x...x.x.....x......x.....x.x...x..x...x.x....x.......x.....x.x..x.x.x.....x............x.x...x.xx.x.x.......x..........x.x.x....x.x.x.x........x..........x.x.x...x..x.x.x.......x..........x.x.x...x..x.x.x.......x...,1207,Hard,True
puzzle_320,17,AA*A*AA*AAAAA**A*AAA**A*AAAA*A*A*AA*A*A*AAAAAAAAAAAA**AAAAAA*AAA*AA***AA**AAAAA*AAA*A*A*AAAA*AAAA*AAA*AAAA*AAAAA*AAAAAAAAAAAAAAAAAA*AAAAAAAAA*AAA*AAAAAAA***AA*AAAAAAAA***A*AAAAAAA**AAAAAAAA*A*AAAAA*AAA*A**A*A*A*AAAA**AAAAAAAAAA*AAAAA*AAAAAAAAAAA*AAAAAAAAA*A*AAAAAAAAAA*A*AA*AAAAA*A*AAAA*A*,.x.x.....x.x..........x.x......x.xx.x.......x.x........x.x.x.....x....x.......x.x...x....x.x.x.....x..x.x.........x...x....x.x.x.x.......x..........x.x.x....x.x.x.x......x.x..........x.x......x.x.x.x......x.x.........x.x......x.x.x.x......x.x.........x.x......x.x.x.x.....x..x.........x.x.,1209,Hard,True
puzzle_321,17,AA*A**AAAA*A*AAA*AAA*A*AAAAAA**AAAAA*****AA*AAAAAAA*AAAAAAAAAA**AAAAAA**A**AAAA*AAAAAA*AAAAAAA**AAAAAA*A*****AA*AAAAAAAAAA*AAA**A**A*A*AA***A*AAA*AAAAA***AAA*AAA**A*A***AAAAA*AAAAA*AAAAA**AAA*A*A****A*A*AA*A*AAAA*AAA*A*AA*AAAAAAAAA*****AAAAAAAAAAAA*A*AA***AAA*A*A*AAAAAA*AAAA**A*A**AAAAAAA,x........x...x.x...x.x.x....x.....x.......x....x.x...x.x.x...x..............x...x.x.xx.x.x.x..................x.x.x..x.x.x.x.x..................x.x.x.x...x.x.x..........x.......x.x.x..x...x.x.x..........x.......x.x.x.x....x.x.x.........x........x.x.x.x....x.x.x..........x.......x..x.x.x..,1211,Hard,True
puzzle_322,17,AA*AA*AAAAAAAAA*A**AA*AA*AAA*AAAAAAAA****AAAAA*AA*AAAA*AAAAAA*A**AAAAAA*A*AAAAA*A*A*AA*AAAAAA*AAAA**AA*AAAAAA*AAAAA*AA*AAA*AAAAAA*AAAAAA*AA*A**A*AAAAAAAAAA*AAA*AAA**AAA*A*AAA*AAAA*A*AAAAA*AAAAAAA*A**AAAA*AAAAAAAAAA*AAAAAAAAAAAAAAAA*AAA*A*A**A**AA*AAAAAA*A*AAAAAAAAAAAAAA*AAA*AAA*AAAAA*AAAA,x...x...x.....x....x...x.....x...xx.......x.x...x....x.x.x.........x........x.x.x.x..x.x.x.x..................x.x.x..x.x.x.x.x...................x.x.x.x..x.x.x.x...................x.x.x.x.x.x.x.x..................x.x.x.x..x.x.x.x..................x.x.x..x.x.x.x.x..................x.x.x.x.,1213,Hard,True
puzzle_323,17,*AAAAAA*AAAAAAAAA*AA*A**AA*AAA*AAAAAA*AAAAAAA*A*A**A*AAAA*****AAAAAA*AAA*AAA*AAA**AAA*AAAAA*AAAA*A*A*AAA**AAAA*AA*AA*A**AAA*AAA*AAA*A*AAAAAA*A*AAAAA*AAAAAAAAAA****AAAAAAAAA**AAAA*AAAA**AA*AAAAAAAAAAAAA*A*AA*AAAAAAA**AA*AA**AAA*AAA**AAAAAAA***A*AAA*A*AAAAAA*AAAAAAAAAAAA*AAA*AAAAA*A*AAAA*A*,..x...x.x.x..........x.......x.x.x.x....x.x.x.........x........x.x.x.x...x.x..x.........x........x.x.x.x...x.x.x..........x.......x.x.x..x...x.x.x..........x.......x.x.x.x....x.x.x.........x........x.x.x.x...x.x..x.........x.........x.x.xx...x...x.x........x...x......x.x.x...x...x..x.....,1214,Hard,True
puzzle_324,17,*AAA**AAAAA*AAAA*AA***A**AAA*AAA*AAA*A*AAAAAA**AA*AAA*A*AAA***AAAAA*AA*AAAAAAAA**A***AAA*AAAA*A*AAAAA*A*AAAAAAAAAA***AAAAAAAAA*A*AAAAAAA*AA**AAAAAAA*AA*AAA*AA*AA**AAAAA*AAAAAA*AAA*AA*A**AAAA*A*A***A*A*AAAA*A*AAAA*AAAA*A*AAAA*A**AAA*AAAAA*AAA*AAA***AA*AAAAA**AAAAAAA*A*AAAAAA*AAA*A*A*AA***A,.x.x....x.x...........x......x.x.x.x.x...x.x............x.....x.x.x..x.x...x.x............x.....x.x.x.x.x....x.x...........x.......x.x.x.x....x.x.x..........x.......x.x.x..x...x.x.x......x...........x.x.x..x.x.x...x......x.......x....x.x...x.x.x....x.....x........x...x.x....x.x.x...x.....,1216,Hard,True
puzzle_325,17,AA*AAAAAAAAAAAAAAAAA*A**AA*AAAAAAAAA**AAAA*A*AAA*AAAAAAAA*A*AAAAAAA*AAAAAAAAAA*A*AAAAAA*AAAAA**AAAAAA**A*AA**A*AAAA**AAA*AAAAA**AAAAAAAAAA**AAAA*AAA**AAAA*A*A**AAAAAAAAA***AAAAAAAAA*AAA*AAAA*AAAAAAAAAAAA*A*AAAAAAAAAAAAAA*AAAAAA*A***AAAAAA*AA*AA*AA*AAAAA*AAAAA*AA*AAA*AAAAAAAAA*AAA*AAAAAAAA,......x.x.x....x.x.x.x........x..........x.x.x...x..x.x.x.......x..........x.x.x...x..x.x.x.......x..........x.x.x...x.x.x.x........x.........x..x.x....xx.x.x.........x........x.x...x...xx.x.x.........x........x.x.x.x.....x.x..........x.x.....x..x.x.x.....x.x..........x.x.....x.x..x.x....,1218,Hard,True
puzzle_326,17,AAAAAA*AAAAAAAA**AAAA*A*A***AA*AAAAAA*AAAAA*A*AA*A*A*AAA**A*AAAAAAAAA***AAAAAA*AA*AAAAAAAAAAA*AAAAAAAA*AAA*A*A**A*AA**A*AAAAA*AAAAA**AAAAA**AAAAAA*AA**AA*AAAAAAAA*A*AAA*A*AAA**AAA*AAA*A**A*A*A*AAAA*****A*A*A*A*A*A*AAAAAA*AAA*A*AA*AAA***AAA*AAAA*AAAAAAA*AAAAAAAAAAAAAAAAAA*AAAAAAA*AAAA*AAAA,...x.x..x.x.......x..........x.x.x....x.x.x.x......x.x..........x.x......x.x.x.x......x.x..........x.x.....x.x..x.x.....x.x..........x.x.....x.x.x..x.....x.x..........x.x......x.x.x.x....x.x.x..........x.......x.x..x.x...x.x.x..........x........x.x.x.x...x.x.x..........x.......x..x.x.x...,1220,Hard,True
puzzle_327,17,AAAAA*AA**AAAA*AAAA*AAAA*A*A*AA*AA**AA**A*AAAAAAA*AAA*AA****AAA*AAA**AAAAAAAAAAAAA**AAA*AAAA***AA*AA*AAAAAAAAA*A*AA****AA*AAAAA*A***AAAAAAAAAAAAAA*A*AAA**A*AAAAA**AA*AAAA*A*AAAAAAA*A*A*AA*AAA*A*AA**A*AAA**AAAAAAA*AAAA***AAA*AAA*A**A*A*AAA**AA*AAAAAA*A*A*A*AAAAAAAAAAA**A*A*AAAAAAAAAA*A**A*,..x...x......x.x.x...x...x.x........x...x.....x...xx...x.....x...x....x...x.x...x....x...x.........x.x..x....x.x.x.....x....x.......x.x....x...x.x.x......x...x.......x.x....x...x.x.x......x...x.......x.x....x...x.x.x......x...x........x.x...x....x.x.x.....x....x.......x.x....x...x.x.x....,1221,Hard,True
puzzle_328,17,AAAAAAAAA*AA*AA*AAA*A*AA*AA*A*A**AA*AAAAAA**AAAAAAAAA****AAAAAAAAA**AAAAAAA*AAAA**AAAAAA*AAA*AAAAAAAAAAAAAAAA**AAAAAA*AAA*AA*AAAAAAAAAAA*AAAAAAA*A*AAAA*A*A*AAAAAAAAAAAA*AAAAAA*AAA*AAAA*AAAAAAAAA*AAA*AAAAAAAAAAA*AAAAAA*AA*AA*AAAAAA*AAA*AAAAA*A*AAAA**AAAAAAAAAAAAAAAAA***AAAAAA*AA*AAA*AAA*AA,...x.x.x........x.x.......x.x.x......x.x.x.......x.x........x.x.x.....x.x.x........x.x.......x.x.x......x.x.........x.x......x.x.x.x.....x.x..........x.x.....x.x.x.x.....x.x..........x.x.....x.x.x.x......x.x.........x.x......x.x.x.x.......x..........x.x.x...x.x.x.x........x.........x.x.x.,1223,Hard,True
puzzle_329,17,AAAAAAAA*AAA*AAAAA*A*AA**AA**AAA*A**A*A*AAAA**AAAAAAA**AAAAAAAAAAAAA*AAAAAAAAAA*AAA*AAAAAAAA*AA***AAA*AAAA*A*A*AAAAAAAA*AAA**AAA*AAAAAAAAAA*AAA*A*AAA*A**AA*AAAAA**A**AAAA*AAA**A*A*A*A**A*AAA*AAA***A****AAAAA**AAAAAAA*A*AAAAAAAAA*****AAAA*AAAAAA*A*AAAAA**AAAAAAAAAA****AAAAAA***AAA*A*AAA***,..x.x.x...x......x...........x.x.x..x.x.x.x........x...........x.x.x....x.x.x.x......x.x..........x.x......x.x.x.x......x.x..........x.x.....x..x.x.x.....x.x..........x.x......x.x.x.x....x.x.x..........x........x.x.x.x....x.x.x.........x........x.x.x.x....x.x.x.........x........x.x.x.x...,1225,Hard,True
puzzle_330,17,*AA**A*A*AAAAAAA*A*AAAAAAAA*AAAAAAAAAAAAAA*AA**AAAAA*AAAAAAAAAAA*A*A*A*AAAA*AAA**AA*AAA**AAAA*AAAAAAAAAAAAAAAA**AAAA*A*AAA*AA*A***AAAA*AAAAAA*A*A*AAAA**A***AA*A***AAAAA*AAAA*A*A*AAAAA*AAAAAAAAAAAA**A*A*AAAAAAAAAAAA*AA***AA*AA*AAAA**AAA*AAAAAAAAAA*A*AAA**AAAA*AA*A**AAAA*AA*AAAAAA**AAAA*AAA,.x...x.x.x..........x.......x.x.x..x...x.x.x..........x........x.x.x.x....x.x.x..........x.......x.x.xx.x....x..x...........x......x.x.x.x.x....x.x............x.....x.x.x..x.x...x.x......x.....x......x.x...x.x...x..x.....x.....x......x.x...x.x....x.x.....x......x.....x.x....x.x...x.x.....,1227,Hard,True
puzzle_331,17,*****AA**AA*AA*AAA*AAAAA*A*A*AAAAAA*AAAA*AAAAAAAA*A*AAA*AAAAAAA**AAAAAAA*AAAAA*AAAAAAAAAAAAAAAA****AAAAAAAA**AA*AA*AAA*AAAAAAAAA*AAAA*AAA*AAAA*AA*AAAAAA*AAAAAAAAAAAAAAAAAAAAAAAA*AAA*AAAAAA*AAAAAA*AA**AAAAAAAA**AAAAA*AAAAAAAAAAA**AAAAAAAAAAAA*AAAA*A*AAAAAAAA*AAAAA***AAAAA**A*AAAAA*AAAAA*AA,......x...x..x.x.x.x.x...x..................x.x.x.x.x.x.x.x..................x.x.x.x.x.x.x.x..................x..x.x.x.x.x.x.x..................x.x.x.x....x.x.x.........xx.......x.x.x.......x.x........x.x.x.....x.x..x.......x.x........x.x.x.....x.x.x........x.x.......x.x..x.....x.x.x.....,1228,Hard,True
puzzle_332,17,AAA*A**A*A*AA*AAAA*AA*A***AA*AAAAAAAAA**AAAAAAAA**A**A*AAAAA*AA*AAAAAAAAAAA*AAAAA**AA*AAAA*AAAA**A**AAAAA*A*AAA*A*AAAAAAAAAAAA*AA***AA**AAA*AAAAAAAA*A*AAA*AAAAAAAAA*A**AAAA*AA***AAAAAAAAAAA*AAAA*AAAAA***AAAA*AAAAA***AAAAAAAA*AA*AAAAAA****AAAAAA***A*AAA*A*AA*AAAAA*AAAAAAAA*AAAA*AA*AAA*A*A*,.x.....x.x.x........x.x........x.xx.......x.x.x......x.x.x.......x..x.........x.x...x..x.x.x.x..................x.x.x.x..x.x.x.x........x..........x.x.x....x.x.x.x........x..........x.x.x....x.x.x.x......x.x..........x.x......x.x.x.x......x.x.........x.x......x.x.x.x......x.x.........x.x.,1230,Hard,True
puzzle_333,17,AAAAAA*AAAAA***A*AAA**AAA*AAAAAAA*AA*AAAAAAA*AAAAA*AAA*AAAAAAAA*A**AA*A*AA**AAAAA*AAA*AAAA*AAA*AAAAAAAA*A*A*A*A*A**AAAAAA***AA*AAAAAAAAA*AAAA*A*AAA*AAAAAA*AAAAAAAAAAAAA*AAAAA*AAA**A**AAAAA*AAAAA*A*A*AA*AAAA**A**A*AAA*AA*A*AAAAA*A*AAAAA**AA***AA*AA**AAAAA*AA*AAAAA*AAAAAAAAAA*AAAAAA***AAAA*,.x.x.x.........x........x.x.x.x....x.x.x.........x........x.x.x.x...x.x.x...........x......x.x.x.x....x.x.x.........x........x.x.x.x......x.x.........x.x......x.x.x.x.....x.x..........x.x......x.x.x.x....x...x.........x.x..x....x.x.x.....x....x.......x.x....x...x.x.x......x...x.......x.x.,1232,Hard,True
puzzle_334,17,AA***A*A*AA*AAAAA*AAAAAAAAAA*A***AA*A*AAAAAAA***A*AAAAAAAAAAAAA****AAA*AAAA*AAAA*A*A**AAA*AAAAAAA**AA**AAA***AAAAAAA*AAAA*A*A*A*A****AA*AA**A*A***AAAAAAAAAA*A*AAA******A***AA**A*AAA*AAAA*AAAAAAAAAA***AAA*AAA*A*AAAA*A*A*A*AAA*AAAA*AA**AA*A**A*A*AAA*AAAAA**AA*AAA*AAA**A*AAAA*A***AAAAAAAA*A*,.......x.x....x.x.x.x.x......x............x.x...x.xx.x.x.x...................x.x.x.x..x.x.x.x..................x.x.x.x..x.x.x.x...................x.x.x.xx.x.x.x..................x.x.x..x.x.x.x.x..................x..x.x.x.x.x.x.x..................x.x.x.x...x.x.x..........x.......x.x.x.x...,1234,Hard,True
puzzle_335,17,*AAA*A*AAAA*AAAA*AAAAAA**AAAA*AA*AAAAAA*A*AA*AA*A*AAAAAAAAA*AA*AA*A*AAAA*A*AAA**A**A*AAAAA*AA*AA**AA*A**A*A*A*AAAAAAAAAAAA*AAAAAAAAA*A****A*A*A*AAA*AAAAAA*A*A*AAAA*AAAAAAAA*A***AAA*A*A*A**AAAAAAA*AAA*AAA*AAAAA****A*AAAAA*AA*AAAAAAAAAA**AAAA*AAAAA*AAAAA*A*AAAAAA*AA*AA*AAA*AAAA*A**AAAAAA**A,.x.....x....x.x.....x.x....x.....xx.......x...x.x....x.x.x...x......x.......x...x..x...x.x.x...x..............x...x.x.xx.x.x.x..................x.x...x.xx.x.x.x...................x.x.x.x..x.x.x.x..................x.x.x.x..x.x.x.x..................x.x.x.x..x.x.x.x..................x.x.x..x,1235,Hard,True
puzzle_336,17,AA****A*AAAA*AAA**AA*AAA*A*AA*AA*AAAAA*AAAAAA*A*AAAAAAA*AAA*A**AAAAAAAAAAA*A*AAAAAAAA*AAA*AAAAAAAA****AA****AAAAAAAAAAAAAAAAAAAA*AAAAA**AA****AAAAAA*AA*AAA*AAA*A**A***A*AA*AAAA*A*AAAAAAAAAAA*AAAA*A*A**AAAAAAA**A*AA*AAAAAAA*AAAAA**AAAA**AAAA*AAAA*A*A*AAAAAA**AAAAA**AAA*AA**AAA**A*AA*AA***A,x.........x..x.x...x.x.x.x..................x.x.x.x.x.x.x.x..................x.x.x.x..x.x.x.x..................x.x.x.x..x.x.x.x..................x.x..x.x.x.x.x.x..................x.x.x.x.x.x.x.x..................x...x.x.xx.x.x.....x............x.x...x...xx...x.....x...x....x...x.x...x....,1237,Hard,True
puzzle_337,17,A**AAAA*A**AA*AAAA*AAAA*AAAA*A*AA*AAAAA*AAAAA*AAAA**AA*A*AAA*A*****AAAAAA**AA*A*A*AAAAA*A**A*AAAA**AAAAA*AAAA**AAAAAA****A**AAAAAA**AA*AAAAAAAAAA*AA*AAAAAA*AAAAAAAAA*AAAAAA*AAA**AAAA*A*AAAAAAA**AAAAAAAAAA*AAAAAA**A*A*AA*AAAAAA*AAAA*AAAAAAAAAAAAA*A*AAAA*A*AAAAA*AAAAAAA*AAA*AAAAAAAAAAA*A*AA,....x.x.....x..x.x.x.....x.x..........x.x.....x.x....x.....x.x.....xx...x.......x.x........x.x.x.....x.x.x........x.x........x.x.x.....xx.x.x.........x.........x.x.x....x.x.x.x.......x..........x.x.x...x..x.x.x.......x..........x.x.x...x.x.x..x.......x..........x.x.x...x..x.x.x.......x...,1239,Hard,True
puzzle_338,17,*A*A*AA*AAAAA**A*A***A**AA*AAA*AAAAA*AAAAA*AA*AA*A*A*AA*A**AA*AAAAAAA*A*AAAA**A*A*****AAA***AA*A**AA*AA**AA*A**AAAA****AAA**A*AA*AAA**AAAA*AAAAA**A*AAA*AAAAA*AAAAAAAA*AA****AAA*A*A**A*A*AAAAAA*AAAAA**A***AA**AAAA*AAAAA*AAAAAAAAAA*AA*AA***AA***A****AAAA*A*AAAA*AAA*A*A*A**AA***A*A*A**AAAAAA,.x.x..x.x..................x.x.x.x.x.x.x.x..................x.x.x.x.x.x.x.x..................x.x...x.xx...x.x.....x......x.....x.x.....x....x.x.....x.x..x.x.....x.x...........x......x.x.x.x.x...x.x............x.....x.x.x..x.x...x.x............x.....x.x.x.x.x....x.x...........x......x.x.x.,1241,Hard,True
puzzle_339,17,A*AAAAAAAA*AAAAAAAAAAAA*AAAAA*AAA**AA*AAAAAA*AAA**A**AAAA*AAA*A*AAAA*AAAAA*AAAAAA**AA*AAAAAA*AAAAAAAAAAA*AA*A*AAAAAA**AAAAAAAAAAAA*AAAAAAAA*AAA**AAAAA**A*AAAAAAAAAAAAA*AAAAAAAAAAA*AAAAAA**A**AAAAA*AA*AAAAAAAA*AA*A**AAAAA*A*AA*AAAAA*A*AA*A*AAAAA*A*AA*AAA*AAAAAA*AAAAA*AAAAA*AAAA***AAAAAAAAA,x......x.x.x........x.x.......x.x..x.....x.x.x........x.x.......x.x..x.....x.x.x........x.x........x.x.x......x.x.x........x.x.......x.xx.x.......x.x........x.x.x......x.x.x.......x..x.......x.x.x......x.x.x........x.x........x.x.x......x.x.x........x.x........x.x.x.....x..x.x.......x.x..,1242,Hard,True
puzzle_340,17,AAAAA*A*A*AAAAAA*AAA*AAAAAAAAA*AAAAAAAAAAAAAAAAAA**AAAA*A*AA**A*A*AA*AAA**AAAA*AAA**A*AAA*AAAAA***AAAAAAA*AAAAAAAA*A**AAAAAAAAA*AA**A*AAA**A*A*AAA*A*AAA*AAAAAAAA*AA*AA*AAAAA*AAA***AAAAA**A*A*AAAAAA*AA*AAAAAAAA*AA*AAA*AA**AAA*AA*A*AAAAAA*AAAAAAAAAAA*AA*AAAAA*AAA**AAAAA**AA*AA*AA*AAAAAAAAAA,......x.x.x.x....x.x.x..........x........x.x.x.x....x.x.x.........x........x.x.x.x....x.x.x.........x........x.x.x.x....x.x.x.........x........x.x.x.x...x.x.x...........x......x...x.x.x....x.x...x.......xx.....x...x...x....x.x.......x...xx.....x.x.....x.....x......x.x...x.x...x..x.....x..,1244,Hard,True
puzzle_341,17,*AAAAAAAAAAAAA***AAAAAA*AAA*A**AAAAA*A*AAAAAAAA**A*AAA*AAA**AAAAAAAAA**A*AAAAAA*A**AAAAAAA*A**AAAAA**AA*A*AAA*AAAA*AAAAA*A*A**A***A*A*AAAAAA*AA*AAA*AAAA*A*AAAAA**AAAA*AAAAA***A*AAA*AAA*A*AAAAAAA**AAAA**AAAA*A*A*AAA**AAAAAAAAAAA*A*AAAA*A**A**AAA*AAA**AAAAA*AAAAAAA*AA*A*AAAAAAAAAA*AAA***AAA,.....x.x..x.x.....x.x..........x.x......x.x.x.x....x.x.x.........x........x.x...x...xx.x.x.....x............x.x....x.x.x.x.x......x...........x..x...x.x.x.x.x......x............x.x...x.x..x.x.x.....x............x.x...x.x..x.x.x.....x............x.x....x.x.x.x.x......x............x.x...x.x,1246,Hard,True
puzzle_342,17,AA*A*A*A****AAAAAA**AA*AAA*AAAAAAAAAAAAAAAA*A*AA*AA**A**A**AAAAAAAAAAAAAAAAAAAAA*A*A***AAA*AAA**AAAAAAA*A**AAA*A*AAAAAAAA*AAAAA*AAA*AAA*AAAA*A*A*AA*A**AAAAAAAA*AAAA*A*AAA*AAA*AAAAAA**AA*AAAA*AAA*AAA*AAA*AA*AA**AAAAAAAAAAAA*A*A*AAAA*AAAAAAAAAA***AAAAAA****A**AAA*A*AAAAAAA*AA*A*A*A*A*A*AAAA,.x.x.x.x...................x.x.x.x..x.x.x.x..................x.x.x.xx...x.x.x..........x........x.x.x.x....x.x.x..........x.......x.x.x..x...x.x.x..........x........x.x.x.x....x.x.x..........x.......x.x.xx.x.....x.x..........x.x......x.x.x.x......x.x..........x.x.....x.x..x.x.....x.x.....,1248,Hard,True
puzzle_343,17,AAA**AA*AAAAAAAAA*A*A*AAAAA*AAAAAAAAAAAAAAAAAAAAAA*A*AAAA*AAAAAA*AA*AAA*AA*A*AA**AAAA*AAA*A*A*AAAAAAAAAAAA*AAAAAAAAAAAA*AAAAAAA*AAAAAAAAA*AAAAAAAAA*AAA*AAAAAA*AA*AAAAAAAAA*AAAA**A*AAAAAAA**AAAAA****AAAA*AAAAA**AAAAAAAAA*AAA*AA*AAA*AAAAA****A*AA**AAA**AA*AAAA*AAA*AAAAAAAA*AAA*AA*AAA*AAAA*A,.x.......x...x.x....x.x.x...x......x.......x...x.x....x.x.x...x......x.......x...x.x....x.x.x...x......x.......x....x.x...x.x.x....x....x.........x...x.x..x.x.x.....x....x.......x.x.....x....x.x.....x.x....x.....x.x.....xx.....x.....x.x....x.x...x.x......x.....x......x.x...x.x...x..x.....,1249,Hard,True
puzzle_344,17,AAAA*A*AAAAAAAA*AAAAAAAAAAAAA**AAAAA**AA**AAAAAAA*A*AAAA*AAAA**AA**AA**AA**AAAA*AAA*AAAAAA*AA*AA*AAAAAA*AAA*AAA*A*A*AAAAAAAA*AAA*AAA***A*AA*AA**AAAA*AAA*AAA*AAA*A*AA*AAAAAAAA**AAAAAAAAA*AAAAAAAAAAAA**A*AA*A*A**A*AA*A*AAAAAAAAAAAAAAA**AAA*AAAAA**AAA*AAAAAAAA*AAAAAAA*AAAA*AAA*AAAAAAAAAA*AAA,.x.....x....x.x.....x.x....x.....xx.......x...x.x....x.x.x.........x........x.x.x.x..x.x.x.x..................x.x.x..x.x.x.x.x..................x.x..x.x.x.x.x.x...................x.x.x..x.x.x.x.x..................x.x.x.x..x.x.x.x..................x.x.x.x..x.x.x.x..................x.x..x.x,1251,Hard,True
puzzle_345,17,*AA**AAA*AAA**AAA*AAAAAAAAAAAAAAA**A**AAAA*AAAA***AAAAAAAAAAA*AAA*A*AAAA**AAAAAAA**AAAAAA*AAAA*A**AA*AA**AA**AAAA*A***AAAAAA*AA*A*A*A*A*A*AAA*AAA**A*AAAAAAAAAAAAA***AA*AAAAAAAA*AAAAAA*AAA*AAA*AAAA**AAAA*A*A*AAAA*AAAAA*AAAAAAAA*AAA*AAAAA*AAAAAA*A**AAAA*A*AAAA*AAAAAAAAAAAAAAAAAAAAA*AA*AAAAA,.x.....x.x.x........x.x.......x.x..x.....x.x.x........x.x.......x.x..x.....x.x.x........x.x........x.xx.......x.x.x......x.x.x........x.x.......x..x.x.....x.x.x.........xx........x..x.x.....x.x.x........x.x........x.x.x......x.x.x.......x..x.......x.x.x..x...x.x.x..........x.......x..x.x.,1253,Hard,True
puzzle_346,17,AAAAA*AA*A*AAAAAA*AAA*A**AAA*AAAAAAAAAAA*AAAAAAAAAAA*AAA*AA**A*A*A*A*AAA*AAAAAA*AAAAAAAAAAAAAAAAAA*AAAA*AAAA*A**AAAAAA**AAAAAAAA***AAAAAA*A*A**AA*AA**A*AAAAA*AAAAAAAAAA*AAA*AAAAA**AAAAAAAA***AAAAAAA*AAAAAA*AA**AAAAAAAAAAAAAAAAAAAAAAA**AAA*AAAAA*AA*A**AAAAAA*AAA*AAA*AAAAA*AAAAAAAAAAA**AAAA,.......x.x.x.x....x.x.x..........x........x.x.x.x..x.x.x.x....................x.x.x.x..x.x.x.x........x.........x.x..x...x.x.x.x........x..........x..x.x...x.x.x.x........x..........x.x.x....x.x.x.x......x.x..........x.x......x.x.x.x......x.x.........x.x......x.x.x.x......x.x.........x.x.,1255,Hard,True
puzzle_347,17,***AAA*A*AAAAA*AAAAA**AAA*A**A***AAAAAA*A*AAAAAAAAAAAA*AAAAAAAA*AA*AAAAAA*AA**A*AAA*AAA*A**AAA*AAA*AAAAAA*A**AAAA*AAA*AAAA*A*A*AAAA*******AAAAA*AAAA*AAA*AAAA**AAAAAA***AAA***AAAA*AAAAAAAA*A*A*AAAAA*AAAA**AA*AAA*A**AA**A*AA*AAAAAA*AA*A****A*AAAAAAAAA**AAAAAAA****AA*AA*AAA*AAA*AAA*A***A*A*A,...x.......x.x.x..x...x.x.x..........x.......x.x.x..x...x.x.x..........x........x.x.x.x....x.x.x..........x.......x.x.xx.x.....x.x..........x.x......x.x.x.x......x.x..........x.x.....x.x..x.x.....x.x..........x.x......x.xx.x.......x.x........x.x.x.......xx.x.......x...x......x.x.x...x....,1256,Hard,True
puzzle_348,17,A*AAAA*AAAAAAA**AAAAAAAA**AAAAAAAAA*AAAAA*AAAAAAAA*A**A**A*AA*AAAA*AAAAA**A*AAA*A**A*AAAAA*AAAA*AAAA*AA*A*AAAAA*AAAA**A*A*A**A**A**AAAAAAA*AAAAAAAA*AAA*AAAAAAA*AA*A***AAA**AAAAAAAAAAAA**AAAAA*A***AAA*AAAAAA***AAA*AAA*AAAAAAAAAA*A****AA*AAAAAAAAAAAA*AAAAA*A*AAA*AA**AAAA*AAA*A*AAAAAAAA*A*AA,..x.x...x....x...x.....x...x....x...x.x...x...x....x.....x.......x.x..x.....x.x.x....x...x.........x.x......x.x.x.x.....x.x..........x.x.....x.x..x.x.....x.x..........x.x.....x.x.x.x......x.x.........x.x......x.x.x.x......x.x.........x.x......x.x.x.x.....x.x..........x.x.....x.x..x.x.....,1258,Hard,True
puzzle_349,17,*AAA*AAAA*AAA*AAAAAAAAAAAA*AAAAA**AAAAAA**AA**AAAA*AAAAAAAAA*AAA*AAAAAAAAAAAA*A*AAAAAA*A*A*A*AAA****A*AAAAA**AAAAA*AA*AAA*A*A*AAA**AAAA*AAAA*AAAAA*AAAAAAAA*AAAAA*AAA**AA*AAA**AAAAAAAAAAA*AAAAAAAAA*AA****A*AAA*A****A*A*AAAA*AAAAAAAAA***A***A*AAA*AAAAAA*AAAAAAA*AAAA**AA*AAAAA*AAA*AAA*AAA**A,..x.....x...x..x.x...x.x...x........x.....x....x.x.x...x.x...x..............x...x.x.xx.x.x.x...................x.x..x.x.x.x.x.x..................x.x.x.x..x.x.x.x..................x.x.x.x..x.x.x.x...................x.x.x.xx.x.x.x..................x.x.x.x...x.x.x..........x.......x.x.x.x...,1260,Hard,True
puzzle_350,17,AAA*AAAAAAA*AAAAAAAA*AAAA*AAA**AAAA***AAAAA*AAAA*A*AAAAAAA*A**A***A**A*AAAAAAAAAAAA**AAAAAAA*A*AAA*AAAAAA**AAAAA*AAAA*AAA*A*AAAAA*AA**AAAA*AAAAAAAAAAAAA**AAA*AAAAAAA*A**AA*AAA*A*A*A*AAAA*A**AA*A*AA**A**AAA*AAAAAAAAAAA*A*AAA**AAAAA*AA***AAAAAA*A*AAAAA**AAAAA*AAAAA**A*A*AAAAAAA*AAAAA*AAAAA*,......x.x.x.x....x.x.x..........x.......x.x..x.x...x.x.x..........x........x.x.x.x....x.x.x.........x........x.x.x.x....x.x.x.........x........x.x.x.x....x.x.x..........x........x.x.x.x..x...x.x.........x..x.......x.x.x......x.x.x.......xx.x.......x...x.......x.x....x...x.x.x.....x....x..,1262,Hard,True
puzzle_351,17,A*AAA*A*AAA*A*AA*AAAAAAAAA*AAAAAA*A**AAAA*A*AA*AAA*AAA*AAAAAAA**AAAA****AAA*A*AAAA*AAAAAAAAAAAA*AAAA**AA**A*AAAA*AAAAAAAAA*AAAAA*AAA*AAA**AAAAA*A**AA*AAAAAAAAAA*A*AA****AAA*A**AAA*AAA*AAAAAAA*A***AA**AAAA*AAAA**AAA*AAA*AA*AAAAA*A*AAAAA*A**AAA**AAA**A*A**AAA*AAAAA*AAAAAAAA*A*AAAAAAA*A*AA*A,........x.x.x.x..x.x.x.x..................x.x..x.x.x.x.x.x..................x.x.x..x.x.x.x.x...................x.x.x.x.x.x.x.x..................x...x.x.x.x.x.x....x.............x....x.x.x.x.x.x...x..............x...x.x.x..x.x.x...x..............x...x.x..x.x.x.x...x..............x...x..x.x,1263,Hard,True
puzzle_352,17,*AAAAAA*AA*AAAAAAAAAAAAAAA*A***A*AAA*AAAA*AAA*AAAAA*A*A*A*A*A*A*A*AAA**AAAA***AAAA**AAA*A*AAAAAAA*AA**AA*AAAAA*A*AAAAA*AAAAAA*A*AAA*AA**A**A*AAA**AAAAAAAAAA**A*A*AAA*A**AAAA*AAAAA*AAAA*AAA*A*AAA*AAAAA*AAA*AA*A*AAAAAAA*AAAAAAAAAA*A**AAAA*AAAA*AAAAAAAAAAA*AA*AA**AAAAAAAAAA*****AAAA*AAA*AA**,......x.....x.x.x.x.x....x.x...........x......x.x.x.x.x...x.x............x.....x.x..x.x.x...x.x............x.....x.x.x..x.x...x.x............x.....x.x.x.x.x....x.x...........x......x.x.x.x.x...x.x............x.....x.x..x.x.x...x.x............x.....x...x.xx.x.....x...x........x.x...x...x..,1265,Hard,True
puzzle_353,17,AA**AAA**AAAAA*A*AA*A*AAAAAAAAA*A*A*A***A***AAAAAAAA*AAA*AAA*AA****AAAAAAAAA*AAAAAAAAA*AAAA*AAAAAAA*AA*AAAAA*AA*AA*AAAAAA***AAAA*A*A*AAAAAA*A**A*A*AAAAAA***A*AAA*AAAAAAA*AAAAAAAA****AAAAA*A*AA*AAAAAAAA*AAAA*AAAA*A*A**A*AAAAA*A**AAAA*AAAA*A*AAA*AAA***AAAAAA*AAA**AAAAAA*AA**AAAAAAA*****AA**,.x.........x.x.x....x.x.x.x.......x...........x.x.x....x.x.x.x......x.x..........x.x......x.x.x.x......x.x..........x.x......x.x.x.x....x.x.x..........x........x.x.x.x....x.x.x.........x........x.x.x.x....x.x.x..........x........x.x.x.x....x.x.x.........xx.......x.x.x......x.x.x.......x..,1267,Hard,True
puzzle_354,17,AA*AA**A*AAA**AAAAAAAA*AAAAAAA*AAAAAA**AA**AAAA*AAAAAAAAAAAA*AAAAA*AAAAAA*AAAAAAAAA*AA*AAAAAAA*AAAAA*A**AAAA*AAAAA*AAAAAAAA*AAAA*AAAAAAA*AA***AAAAAA*AAAAAAAAAAAA*AAA*AAAAA**AAAAA*AAAAAAAAAA*AAAAAAA*AAA*AAAAAAAAAAAA*AAAAAAAA*AAAAAA*AAAAAAAAAAAAAAA*A*A*AA*AAAAAAAAA*AAAAAAAAA*AAAAAAAAAAAAAAA,x...x.....x....x...x...x.x...x....x.........x...x.x..x.x.x.....x....x.......x.x...x....x.x.x.....x............x.x...x.x.x.x.x......x...........x.x....x.x.x.x.x.....x............x.x...x.x..x.x.x.....x............x.x...x.x..x.x.x.....x............x.x...x..xx.x.x......x...........x.x....x.x.,1269,Hard,True
puzzle_355,17,**A*A*A**AA**AAA*AAA*AA*AAAAA*AAAA**AAAAAA****AA*AAAAAAA**AAA*AAA***A**AAAAAA*AAAAA*AAA*A*AAAAAA*A*A***AAAA*AAA*AA**AAAAAAAA****AAAA*AA**AA*AAAAA*AA*A*A*AAA**A**AAAAAAAAAAA**AAAAAA*AAAA*AAAAAAA***AAA*AAA***AAAAAAAA*AAAA*AA*A*AAA*A*A*A*AAA*A**AAAAA*AAA**AAAA****A**AA**AA*AA*AAAA**AAA*A*A*A,..x.x.x........x.x........x.x.x......x.x.x.......x..x.......x.x.x......x.x.x........x.x........x.x.x......x.x.x.......xx.x.........x.x......x.x.x.x......x.x..........x.x......x.x.x.x......x.x.........x.x......x.x.x.x.....x.x...........x.x....x...x.x.x.....x....x.......x.x...x....x.x.x....,1270,Hard,True
puzzle_356,17,**A*AAAAAAAA*AAAAAAAAA*A**A*AAAAAA*A**AA*AAAAA**AAA*AAAAAA**A*AAA***AA*AAA*AAAAAA**A*AAAAAAAAAAAAAAAAAAAA**AAA*AAAAA**AAAAAAAAA*AAAAAAAAA*AAAAAAAAAAA*AAAA*A*AA***A****A*AAAAAAA*AA*AAAAAAAA*AAAAAAA*AAAAAA*AAAAA*AAAAAAA**AAAA*AAAAAAAAAAAAAA*AA**A*AAAAAAA**AAAAAAAAA*AAAA*AAAAAAAA***AAA*A*A**,.....x.x.x.....x..x.x.......x.x........x.x.x.....x..x.x.......x.x........x.x.x.....x..x.x.......x.x........x.x.x......x.x.x........x.x........x.x.x.....xx.x.x.........x..........x.x.x...xx...x.x.......x....x.....x.x.x....x...x.x........x...x.....x..x.x...x...x.x.........x..x.......x.x.x..,1272,Hard,True
puzzle_357,17,AAAAAAAAAAAAAAAA*AAAAAAAAAAAAAA***A*A*AAAA**AAA*A*AAAAAAAAAAAAA**AA*AAAA**AAA*AA*A*AAAAAA*AAA*AAAA**AA*AAAAAAA*A*AAAAAAA**AAAA*AAAAAA*A*A*AA*AA*AAAAAAAAAAAAAAAAAAAAAA*AAAAAAA*AAA*AA**AAAA*AAA**AAA*A*AAAAAAAAAA**AA***A*A***AAAAA**AAAAA*AAAAAA*AAA**AA*AA*AAAAAAA*AAAAAAAAAAAAAAA*AAAAAAAAA*AA,.........x.x.x.x..x.x.x.x...................x.x.x.x..x.x.x.x........x..........x.x.x....x.x.x.x........x..........x.x.x....x.x.x.x......x.x..........x.x......x.x.x.x......x.x..........x.x......x.x.x.x....x.x.x.........x..........x.x.x...xx.x.x.x...................x.x.x.x..x.x.x.x.........,1274,Hard,True
puzzle_358,17,AAA**AA*A***AAA***AA*AAAAAAAA*AA**AAA*AAAAAAAAAAAAA*AAAA**AAAAAAA*A**AAAAAAAAAA*AAAAAAAA*AAA*AAA*AAAAA**AA**A*AAAAA*A*AAAAAAA*AAAA*AA*AAA*A*AAAAA*AAA**AAA*A**AAAAAAA*A*AAA**AAAAAAA*AAAAAAAA*AA**A*A*AAAAAA**AA*AAA*AAA*AA*AAAAAAAA*AAAA*A**A**AAAAAAAA*A*A*AAAAAA*AAAAAAA*A*AAAAAA*AAA*AAAAAAA*,x.x.........x.x......x.x.x.x......x.x...........x.x....x...x.x.x.....x....x.......x.x....x...x.x.x......x...x.......x.xx.......x.x.x......x.x.x........x.x........x.x.x......x.x.x.......x..x.......x.x.x......x.x.x........x.x.......x.x.x......x.x.x.......x..x.......x.x.x......x.x.x.......x.,1276,Hard,True
puzzle_359,17,**AAAAA*A*A*AA*A**AAAAAA*AAA*AAAAA****AA**AAAAAAAA**AAA*AA*AAAA*AA*AAAAA*AAA*AAA*A*AAAAAAAAA**A**AA*AA*A**AAAAAA*A*AA**A*AAA*A**AAAAAAAAA*AAAAAAAA*AAAAA*A*A**A****AAAAAAAAA**AAA*AAAAAAAAAAA**AAAAA*AAAAAAA*AAAAAA*A*****A*A*AAAA***A*A*AAAAAAAAAAAAAAAAAA*A**AA*AA**AAAAA*AAAAA*AAA**AAA*AAA***,......x.x.x.x.....x.x..........x.x.....x..x.x.x.....x.x..........x.x.....x.x.x.x......x.x.........x.x......x.x.x.x.....x.x..........x.x.....x.x..x.x.....x.x..........x.x.....x.x.x.x......x...........x.x.x..x.x.x.x..................x.x.x.x.x.x.x.x..................x.x.x.x.x.x.x..x.........,1277,Hard,True
puzzle_360,17,*AA*A*AAAAA*AA*A*A*AAA**AAA*AAA*AA*AAAAAAAAA*AAA*A*AA**AA***AAAAAAAAA*AAAAAAA**AA**A*AAAAAA*AAAAAAA*AAAA*AAA*A*AA**AAA*AAA*AAA**AAAAAAAA**AAAAAA*A****AAAA*AAA***A*AAA*AAA*AAA**AA**A**AAAAAA*AA*AAA*AA**AA*A*AAAAAAAA**A*AAAAAAAAAA*AAAA**AAAAAAA**AAAA*AAAAAAAAAAA*AAAAAAAAAAAAAAAAAA*A**AAAAA*,..x.x..x.......x.x........x.x.x......x.x.x.......x..x.......x.x.x......x.x.x.......x..x.......x.x.x......x.x.x.......x.x........x.x.x.....x.x.x.........xx.......x.x.x......x...x.......x.xx...x...x.x........x...x.....x.x......x...x.x.....x.x....x.....x.x.....x....x.x.....x.x...x......x.x..,1279,Hard,True
puzzle_361,17,*A**A*A*A*****AA*AAA*AAAA*AAAAA**AAAAAAAA*AAAAA*AAAA**A*AAAAAAAA*A*A*A*AAAAA*A**AAAAA*AAAAAAAAA*AAAAAAAAAAA*AAAAAAAA*AAA*A**AA**AAAAAAAAAAAA*AAA*A*AAA*AAA*AA***AAAAA*AAA*A*A*A*AA*AA*AAAA*AA***AAAA*A*AAAAA*AA*AAA*A*AAAAA**A*AA*AAAAAAAAAA*A*AAA*A*AAAAAA*AAA*A*AA**AAA*AAAA*AA*AAAAAA**AA*AAAA,.x....x.x.....x......x.....x.x...xx.x...x.x..................x.x.x.x.x.x.x.x..................x.x.x.x.x.x.x..x..................x.x.x.x..x.x.x.x..................x.x.x.x.x.x.x.x..................x.x.x...x..x.x.x.......x..x.......x.x.x.......x.x........x.x.x.....x.x.x........x.x.......x.x.,1281,Hard,True
puzzle_362,17,AAAAAAAAAAAA****A*A*AA***AAAA*AAA*AA**AAAAAA*A**AAA*A*AA*AAAA***AAAAAA**AAA*AAA*AA*AA*AAAA*AAAAAAA*AAAAAA*A*AAA*AAA*A**AAAAA*AAAAAAA**AAA**A**AAA*AAAAAAAAAA*AA***AAAAAAA*A*AAA*A*AAAAAAAAAAAAAA*****AAA*AA*AA*AAAAAAA*AAAAA*AAA*A*AAAA*AAA*AAAA****AAAA***AAA*AAAAAA**AAAAAAAAA*AAAAA*A*A**AAAAA,.....x.x.x.x......x.x.........x.x......x.x.x.x......x.x..........x.x.....x..x.x.x.....x.x..........x.x......x.x.x.x....x.x.x...........x......x.x...x.x..x.x.x.....x............x.....x.x.xx.x.x.....x............x.x....x.x.x.x.x......x............x.x...x.x..x.x.x.....x............x.x...x.x.,1283,Hard,True
puzzle_363,17,AAAAA**A*AAA*AAAAAAAAA*AAAA**AA***AAA*AA*AAAAAAAAA*AAA*AAAAAA*AAAAA*AAAAA*AA**AAAAAAAA*AAA*AAAAAAAAAAAAAAAAAAAA*AAAAAAAAAAAAAAAAAAAAAAA*AA*AA*AAA**AAAAA*AAAAAAAA*AAAAA*AAAAAAAA*AA*AAAA*A*AAAAA*AAAAAA*AAAAAAAA***AAAAAAAA*AA*AA*AAAAAAAAAA*AAAAAAA**AA*AAAAA*AAAAAA*A*AAAAAAA*A*AAAAA*A*AAAAAA*,..x.x.....x.....xx.....x.x...x......x.x.....x...x..x.....x.x...x......x.x.........x.x......x.x.x.x.....x.x..........x.x.....x.x.x.x......x.x.........x.x......x.x.x.x.....x.x..........x.x.....x.x.x.x.......x..........x.x.x...x.x.x.x........x.........x.x.x....x.x.x.x.......x..........x.x.x.,1284,Hard,True
puzzle_364,17,AAAAAAAAA*AAAAAAAAAAAAAAAAAAA*AA*AAA*A*AAA*AAA*AAAAAAAAAAAAAA*A**A*AAAAA*A*AAAAA*AAAAAA*AAAAA*AAAAAAAAAAAAAAA**AAAA*AAA*AAAAAAAAAA**AAAAAAAAAAA**A**A*AAAAAAAAAAAA**AA*A***A**AA*AAAAAAAAAAAAAAAAA**AA*AA*AAAAA*A*A*A*AAAAAAAA**AA*A*A*A*A*A***AAAAAAAAAA*AA**AAAAA*AAA*AAA*AA*AA*AAA***AA*AAA**A,........x.x..x.x.x.x.x.x...................x.x.x.x..x.x.x.x..................x.x.x.x..x.x.x.x...................x.x.x.x.x.x.x.x..................x..x.x.x.x.x.x.x..................x.x.x.x.x.x.x.x..................x.x.x...xx...x.x.......x....x.....x.x.x....x.....x.......x.x..x.x...x..x.....,1286,Hard,True
puzzle_365,17,AA*AAAAAAAAAA*AAAAA*A*AA*AAAAAA***AAAAA*AAAAA*A*A*AAAA*A*A*AAAAA**AAA*A**AAAA*A*AA**AAAA*AAAAA*AAA*AA*A*AAA*AA**A*A*AAAA**AAAAAAAAAAAAA*A*A*AAAA***A*AA*AA*AAAA*A*AAAAA*AAAA*AAA**A*AAAAAA****AA*AAAAAAAAAA**A*AAAAA*****AAAA***A*A*A*A*AA**A**A*AAAAA*AAA*AA*AAAAAA**A*AAAAAAAA*AAAAA*AAA*A*AAAA,....x.......x.x.xx.....x.x.x........x.........x.x.x....x.x.x.x......x.x.........x...x......x.x.x...x..x.x.x.......x..........x.x.x....x.x.x.x........x..........x.x.x...x..x.x.x.......x..........x.x.x...x..x.x.x.......x..........x.x.x...x..x.x.x.......x..........x.x.x....x.x.x.x........x..,1288,Hard,True
puzzle_366,17,*AAAAAAAAAAA**AAAA*A*A***A*A*AAAAAAAAAA*AAA*AAA*A*AAA*AA*AAAAAAA*AAA*A***AAAAAA*AA*AAAAAAA*A*AAAAAAAA*AAAAAAAAAAA*AAAA**AAAAAAA**AAAAAAAAA*A*A*AAAAAAA*AAAAAA****AA*AAAAA*AAA**A*A*AAA*****AAAA*AAA**AA*AAAAA*AAA*AAAA*AAA*AAAAAAA*A***AAAAAAAAA**AA**AA*A*AA*AAAAA*AA*A*AA*AA*AAAAAAAAAAAAAA**AA,..x...x.x.x..........x.......x.x.x.x....x.x.x.........x........x.x.x.x...x.x.x..........x.......x.x.x..x...x.x.x..........x.......x.x.x..x...x.x.x..........x.......x.x.x.x....x.x.x.........x........x.x.x.x...x.x.x..........x.......x.x.x..x...x...x.......x..x...x...x...x..x...x.......x...x,1290,Hard,True
puzzle_367,17,*AAAAAAA*A*A*AAAAAAAAA*****AAA*AAAAAA*AAAAAAAAA*AA***AAA*A*AAAAA*A*AAAAA**A*AAA**AAA**AAAA*A*AAAAA**AA*AAAA**AAAA*A*A****A*A*A*AAA**AA*AAA***A**AAA*AAAAAAAAAAAAAAAAAA*AAAAA*AA****A*AAAAAA*AAA*AAA*AAAAAAAAAAAA*A***AAA*AAAAA**A*AAAAAAAA***A*AAA**AA*A*A*A*A*A**AAA*AAAAA*AAAAAAA*AA*AAAAA*AAAA,.x...x.x.x..........x........x.x.xx.....x.x.x........x.x.......x...xx.......x.x...x....x.x.x.........x........x.x.x.x....x.x.x.........xx.........x.x.x....x.x.x.x........x..........x.x.x....x.x.x.x........x.........x.x.x....x.x.x.x........x.........x.x.x....x.x.x.x........x.........x.x.x.,1291,Hard,True
puzzle_368,17,**AAAAAAAAA*A***AAA**A*AAAAAAAAAAAAAA*AA*AA*A*AA*A****A**AA*AAAA*A*AA*AAAAAA*A*A**A*AAA*A**AAAA*AAA*AAAA*AAAA*AAAA*AA**A***AAAAAAAAAAAAAAAAAAAAA**AAA*AAA**A****AAAA**AAAAA*A*A*AAAA*AAA**AAAAAAAAAAAAA*AAAAAAAAA*A**AAA*AA**A**AAAA*AAA*A**AAAAAAA**A**AA*AA*A***A*AAAA*AAAAA*AAAA*AA*AA*A***A**,..x.x.x.....x............x.x...x.xx.x..x......x...........x.x....x.xx..x.x.....x............x.x...x.x..x.x.x.....x............x.x...x.x..x.x.x.....x............x.x...x.x.x.x.x......x...........x.x....x.x.x.x.x.....x............x.x...x...x.x.x......x...x........x.x...x...x.x..x.....x...x..,1293,Hard,True
puzzle_369,17,AA**AAAAAAAAAAA*AAAAA*AAAAAA*A**AAAAAAA*A**AAAAAAAAAAA*AAAAAAAAA*A*AAA*AAAAAAAAAA*AAAA**A*AAAA*AAAAA*AAAA*AAA*AAAAA**A**A*AAAAAAA*AAAAAAAAAAAA**AAAAAAAAAAAAA*A*AAAAAAAAA*A**AAA*AAA*AAA***AAAAAA*AAAA*AAAAAAAAAAAAAAAAA*AA**AA*A*A*A*A**AA*AAAA*AAAAA*AAAAA*AAA*A**AAA*AAAAAAAAA*AAAAAAA*AAAAAA*,.x..x.....x...x........x.x...x...x..x.x.....x...x........x.x...x...x.x.x......x...x........x.x...x...xx.x.x.....x............x.x....x.x.x.x.x......x............x.x...x.x.x..x.x.....x............x.x...x.x..x.x.x.....x............x.x...x.x..x.x.x.....x............x.x....x.xx.x..x......x....,1295,Hard,True
puzzle_370,17,AA*AA*AAA*AAAA*AAAA**A*A*AAAAAAA**AAAAAAAAAAA*AAA***A****AA**AAAAA*AAAAAA*AAA*A**A**AA******AAA*AAA*AAAAAA*AAAA*****AA**A**AAAAAAAAAAAA*AA*AAA*AAAAAA**A*AAAAA*AA*AAAAAAAAAAA*AAAAAAAAAAA*AAAAA***AAAAAAAAAAAAA**AA*AAAAA*AAA*AA**A**AAA*AAAAAAAAA*AAA**AAAA**AAAAAAAAAAAAAAAA*AAAAAAAAAAA*AA**AA,....x.x.x.......xx.........x.x.x....x.x.x.x..................x.x.x.xx.x.x..x..................x.x.x.x..x.x.x.x..................x.x.x.x..x.x.x.x..................x.x.x.x.x.x.x.x..................x.x.x.x..x.x...x.........x........x.x.x.x...x.x.x..........x.......x.x.x.x....x.x.x.........x.,1297,Hard,True
puzzle_371,17,AAAAAA*A*AA**AAAAA*A*A*A**AAA*A*AAAAA**AAAAAAAA*AAAA*AAAAAAAAAAAAAAAAAAAAAAAAA*AAA*AA*A*AA**AAAAA*AAAAAA*AAAAA**A**AAAAAAAAAA*AAAAAAAAAAAAAAAAAAAAAAAA*AA*AA***AAA*A*A*AA*AAAAAAAAA*AAAAAAAA*AAAAAAA*A*AAAAAAAA*AA**A*AAA*AAAAA*A**AAA*AAAAAAAA**A*AA*AAAAAAA*AA*AAA**AAAAAAAAAA**AAAAAAA*AAA*AAA,.x.x.x.x..................x.x.x.x.x.x..x.x..................x.x.x.x..x.x.x.x..................x.x.x.x..x.x.x.x..................x.x.x.x.x.x.x.x..................x.x.x.x...x..x.x.........x........x.x.x.x..x.x.x...........x........x.x.x.x..x..x..x.........x........x.x.x.x....x.x.x.........x,1298,Hard,True
puzzle_372,17,AAAAAAAAAAA*A*AAAAAAAA*A*AAA**AAAAAAAA*AAAAAAAA*A***AA***A*AAA*AAAAA*AAAAA*A*AA*AA**AAAAA*A*AAA**AAAAAAAAAAAAAAAAAA*A*AAAAAAA*AAAAAAAAAAAA*AAAAAAA*A*AAAAA**AAA*A*AAA*AAAAAAAAA*AAAA*AAAAAAAAA*AA*A*A*AAAAAA*AAAAAAA***AAAA*AAAA*A*AAAA*A*AAAAAAAAAAAA*AAA*A*AAAA*AAAAAAA*AAA**A*AAAAA**AAAAAAA*A,....x.x.x...x.....x........x...x.x...x..x.x...x.....x........x...x.x...x.x.x....x.....x.......x....x.x...x.x.x...x......x.......x...x.x....x.x.x...x.....x........x...x.x...x.x..x...x.....x........x...x.x...x.x.x....x.....x.......x....x.x...x.x.x...x......x.......x...x...x..x..x....x...x..,1300,Hard,True
puzzle_373,17,AAAA*AA*AAAA**A**A*AAAAA*A**AAA*AAAAA*A*A*A*AAA**AAAA**AAAAA*AAAA*AAAAA*A*A*AAAA**AA*AAA*AAAAAAAAA*A*AAAAAA*AA**AA**AAA*AAAAAAA*AAAA*AAAAA**AAAAAAA**AAAA**AAAAAAAAAAA*AAAA**A*AAA*AA***AAA*AAAAAAA**AAAA*AAAA*AAA*AAAAAAA*AA**AA**AA***A*AAAAAA*AAA*AAAAAAAAAAAAAAAA**AA**AAAAAAAAAAAAAAAAAAAAAA,..x...x..x.x.....x...x........x.x...x...x.x..x.....x...x........x.x...x...x.x.x..........x.......x.x.xx.x....x..x..........x.......x.x.x.x....x.x.x.........x........x.x.xx....x.x.x..........x.......x.x.x..x...x.x.x..........x.......x.x.x..x...x.x.x..........x........x.x.x.x...x..x.x......,1302,Hard,True
puzzle_374,17,*A*A**A*A**A*AAAAAA*AAAAAAA*A****A*AAAAAA*A*AAA*A*AAAAAAAAAA*AAAA*AA*AA*A*AA*AAA*AAAAAAA*AAAAA****AAAAA*A*A*AAA*AAA*AAA**A*AAAAAA**AA*AAAAAAA**AAAAAAAA**AA*AAAA*A*A*AAA**AA**A*AAAAAAA*AAAAAAAAA*AAAA**AA**AAA***AAAAAAAA*AAA*AA*AAAA**AAA****AAAA**AAA*AAAAA*A*AAAAAA*AAA*AA*AAAAA*AAAAA*AAAAAA,...x.......x.x.x.x....x.x.x.........x.........x.x.xx...x.x.x..........x.......x..x.x.x...x.x.x..........x.......x.x.x......x.x.x.......xx.x.......x.x........x.x.x.....x...x........x.x...x...x.x.x......x...x.......x.x....x...x.x.x.....x....x.......x.x...x....x.x.x.....x....x.......x.x...x.,1304,Hard,True
puzzle_375,17,*AA*AA*AAAAA*AAAAAAA*A****AAAAA*A*AAA**AAAAA*A*AAAAA****AA*AAAAA**AAA*A*AAAAAAAAAAA*AAA**A**AA*A*AA**A*AAAA*A*A*A*AAA*AA**A*AAAAA*A*AAA**AAAAAAAAAAAAA*AAAA**AA*AAAAA*A*AAA*AAAA*AAAAA**AAAAAA*AAA*A*AAAAAAA**AAAAAAAAAAAA*A**A***A**A*AAAAAAA*A*AAAA*AAAAA***AAAA**AAA*AAAA*AAAAAAAA*AAAAAAA*AAA,..x....x.....x.x.x...x....x.x.......x...x.......x.xx.......x.x.x......x.x.x.......x..x.........x.x...x..x.x.x.x........x..........x.x.x....x.x.x.x........x.........x.x.x....x.x.x.x........x.........x.x.x....x.x.x.x........x..........x.x.x...x.x..x.x.......x..........x.x.x....x.x.x.x......,1305,Hard,True
puzzle_376,17,***AA***AA*A*AAA*AAAAAAAAAA***A**AAAAA*AA**AA*A*AAAAAAAAAAAAAAAAA**AA***A*AAA*AAAAA**A*AAAAA*AAA*A**A*AAAAAAA*AA*A*AAAA**AA*AAAAAA**AAAAAAAAAA*A*AAAA*AAAA*AAA*AAAAAA**A*AAAA*AAA*A*AAAAA*AAAAAAAA*AAAA***AAA*AAAAAA*AA*AAAAAA**AAA*A*AAAAAAA*AAAAAAAA*A*AAAA*A*AAAAA*A*AAAAAAA**AAAAA*A**AA*AAAA,.........x.x.x.x..x.x.x.x...................x.x.x.x..x.x.x.x........x.........x.x.x....x.x.x.x........x..........x.x.x....x.x.x.x........x..........x.x.x....x.x.x.x......x.x.........x...x....x.x.x.x......x.x..........x.x......x.x.x.x......x.x..........x.x.....x.x.x.x......x.x.........x.x.,1307,Hard,True
puzzle_377,17,***AAAA*AAAAAAAAAAAAAA*AAAA*A*AAAA*AAA**AA*AAAAAAA*AA*A*AAA**A**AAA*AAA*AAAAAA*AAAAA*AAAAAAAAA*A*AA*A*AAAAA*A*A*AAAAAAAAAAAAAAAA**A**AAAA*A*AAA*AA*AAAAA*A*A*A*AAAAAAAAA**AAAAAA**AAAAAAAAAAAAAAAAA*AA**AAAA*AA**AAA*AAA*AAAA*A*AAAAAA*AA*AA**AAA*A*AAAAAAA*AAAA*A*AAAA*AAAAAA*AAA*AAAAAAAAAA*AAA,........x.x..x.x.x.x.x.x...................x.x.x.x..x.x.x.x..................x.x.x.x..x.x.x.x...................x.x.x.xx.x.x.x..................x..x.x.x.x.x.x.x..................x.x.x...x.x.x.x........x.........x.x.x....x.x.x.x........x.........x.x..x...xx.x.x.........x........x.x.x.x....,1309,Hard,True
puzzle_378,17,AAAA*AAAAA*AAA*A*AAA*AA*AAAA**AAAAA*A*AAAAA*AA*AAAAA*AAAAAAAA**AAAA*A*AA*A*AAAAA*A*A*A*AAAAAA*A*AAAAAAA**AA*A*AAA*AAA*AAAAAAAAAA***AA*AAAA*AAAAAAAAAAAAA*AA*AAA*AAAAAA*AAAAAA*AAAAAAAA*AAAAAAAAAAAA*AAAAAAAAA*AA*A*AAA**AAAAAAA*AAA*AAAAAA*AAAA**AAA*AAAAAA*AA**AAA**AAAAA***AAAAAA*AA*A*AA*AAAAA,......x..x.x.x...x.x.x..........x.......x.x..x.x...x.x.x..........x........x.x.x.x...x.x.x..........x.......x.x.x..x...x.x.x..........x.......x.x.x.x.....x.x..........x.x.....x.x.x.x......x.x..........x.x.....x.x.x..x.....x.x..........x.x.....x..x.x.x.....x.x..........x.x.....x.x..x.x....,1311,Hard,True
puzzle_379,17,AAAAAAAA*AAAA**AAAAAAAAAAAAAAAAAAAA*AAAAAAAAAAA*AAAA**AAA*AAAAAAAAAAAAAA*AA*AA*A*AAAAA**A***AAA*AAA*AAAAAAAAAA***AAAAAAAAAA*AAA*AAAAAAAAAAAAA**A*AA**AAAAAAAAA*AA*AAAAAA*AAAA*AAA*AA*A*AAA*A*AAAAA*A*AAAAAAAAAAAAAAAAA**AAAAAAA*AAAAAAA**AAAAAAAA*A*AAAAAAAAAAAAAAA**A*AAA*AAAA*AAAAAAAAAAA*A**AA,.x.x.x.........x........x.x.x.x...x.x..x.........x........x.x.x.x....x.x.x.........x........x.x.x.x....x.x.x.........x........x.x.x.x...x.x.x...........x......x...x.x.x..x.x.x...x..............x...x.x.x....x.x...x.......xx.....x.....x.x......x...x.x.....x.x....x.....x.x.....x....x.x.....x,1312,Hard,True
puzzle_380,17,AAAAAAAAAAA**AAAAAAA*AAA**A*AAAAAAA*A*A**AAAAA*AAA*AAAA**AAA*AA*A*A*A*AAAAAAAAA**A*AAAAA*A**A**AA*AAAAA*AA*A*A*AAA*A**AAAAA**AAA**AAAAA*AAA*A*AAA***AA*A*AAA**A***AA*A*A*AAAAAAAAAAA**A*A**AAAAA*AAAAA*AAA*AAAAA*AA*A**AA**AAAA*AAA*AAAAAAAA*A*AAAA*AAAA***AA*AAAA*AAAAA*A*AAAA**AA*A*AA*A**A**AA,..x..x.x.x.......x..........x.x.x...x.x..x.x.......x..........x.x.x....x.x.x.x........x.........x.x.x....x.x.x.x.......x..........x.x.x...x.x.x.x..................x.x.x.xx.x.x.x..................x.x.x.x...x.x.x..........x........x.x.x.x...x.x..x.........x........x.x.x.x...x..x.x.........x,1314,Hard,True
puzzle_381,17,AAAAAAAAA*AAAAA*AAA*AAAAAAAAAAAAAAAAAAA**A**AA*A*A*AAAAAAAAAA*A**AAA*AAAA*AAAAA*AAAAAAAA*AA*AAAAAA*AA*AAA*AA*A*AAAAAAAAAAA*AAAA*AAA*A**AAAA**AAAAA***AAAAAAA*AA*AAAA**AAAAAAAAAAA*A*AAA**AAA*A*AA***AAAA*AAAAAAA*AAAAAAAA*AAAAA**A**AA*AA*AA*AAAAAAAAAAAAAAAAA*AA*A*AA*AAAAAAA*AAA**AA**AAAAAA*AA,...x...x......x.x.x...x...x.x........x...x.....x.x..x...x...x.x........x...x.....x.x.x....x...x.x.......x....x.....x.x.x...x....x.x.......x...x......x.x.x...x...x.x........x...x.....x...xx...x.....x...x....x...x.x...x........x.....x...x.x.x....x.x...x.......x......x...x.x.x...x..x...x....,1316,Hard,True
puzzle_382,17,**AA**AAA*A**AAAA*AAA**AAAAAAAAAAAAAAAAAAAAAAAA**A*AAAAA**AAAAAA*AAA*AAAAAA*AAA*A***AA*AAAAAA*AAAAAAAA*AAA*AAAAA*AAA**AA**AAAAAAAAAAAAAAAAAAAAAA**AA*AA*A**AAAAAA*A*AAAAAA*AAAAAAAAA*A*AAA*AA*A*AAAAAAAAA*AAAAAA*AAAAAAAAAA*A*AA***A*AAAA*AAAAA*AAAAA*AA*AA*AAAAAAA*AAAA*AAA*A*AAA*AAA*A***AAA*A*,...x..x.x.x.......x..........x.x.x....x.x.x.x......x...........x.x.x..x.x.x.x..................x.x.x.x.x.x.x.x..................x.x.x.x.x.x.x..x..................x.x.x.x..x.x.x.x..................x.x.x.x.x.x..x.x..................x.x.x.x.x.x.x.x..................x.x...x.x.x.x.x......x....,1318,Hard,True
puzzle_383,17,*AA**AAAAA**AAAAAA**AAAAAAAAA*A*AAAAA*AAAAAAA****A***A***A**AAAAAAA*A***A*AAA****A**A**A**AA*AAA*AAAA**A*AAAAAAAAA***AA*AA***AAA*AAAAAAAAAAAAAAA**AA**AAAAAA**AAA*AAAAAAAAA*AAA*AAA***AAAAAAA***AAAA*A*A**AA*AAAA*A****AAAA*A****AAA*A*AAAAA***A*AAAAAA***AAA*A**AA*AAAAA*A*AA***AAAAA**AAA**AAA*,.x...x.x.x..........x.......x.x.x.x....x.x.x.........x........x.x.x.x...x.x.x..........x.......x.x.x......x.x.x.......x.x........x.x.x.....x.x.x........xx........x.x.x.....x.x.x........x.x.......x.x.x......x.x.........x.x......x.x.x.x.....x.x..........x.x.....x.x.x.x......x.x.........x.x.,1319,Hard,True
puzzle_384,17,AA*AAAAAAAAAAAAA*A*AAAAAAAAAAAA**A*AAAAAA*AAAAAA*A*A*AA***AAAAAA*AAAAAA*AA**AA**AAA*AA*AAAAAAAAAA*AAAAA*AAAAA**AAA*A*AA*AAA*A*AAAAA**AAAAAAAA*AA*AAAA*AAAAAAAA*A*A**AA***AAAA*AA**AAA*A*AAA**A**AAAAAA*AAAA*A**AA*A*A*A*AAA*AAAA*AAAAA*AAAAA*AAA**A*AAA*AAAAAAA*A**AAAAAAAAAAAA*A**AAAA*A*AAA*A*A,.x...x.......x.x....x...x.x.x......x...x.......x.x....x...x.x.x......x...x.......x..x...x...x.x.x.....x....x.......x.x...x....x.x.x.....x...x.........x.x..x...x.x...x....x...x.....x....x...x...x.x...x....x...x.....x...x....x...x.x...x........x.....x...x.x.x....x.x...x.......x......x...x.x,1321,Hard,True
puzzle_385,17,A*A*AA*A*AAAAA*AA*A*A*A*AA*A**A***AA*AA*AAAAA*AAAAAAA*A*A*AA*AA*A*AAAA*A*AA*AA*AAAAA*A*AAAAAAAA*A*AAAAAAAA**A*AA*AAAAA*AAA*AAA**AAAA*AAAA*AA*AA*AAAAAAAAA*A*AAA*A***A*AAAAAAAAAAAAAAAA*AAA*AAAAAAAA*AAA**AAA******AAA*AAAAAAAAAA*A**AAAA*AAAAA*A**AAAAAAAAAAAAAAAAAAA*AAAA**AA*A*AAAAAAAA*A*AAAAA,.........x.x.x.x..x.x.x.x..................x..x.x.x.x.x.x.x..................x.x.x.x.x.x.x.x..................x..x.x.x.x.x.x.x..................x.x.x.x...x.x.x..........x.......x.x.x..x..x.x.x...........x......x.x.x..x...x.x.x..........x.......x.x.x.x.....x.x..........x.x.....x.x..x.x....,1323,Hard,True
puzzle_386,17,AA*A*A*A**A*A*A*AAAAA*A*AA*A*A*AAA*AA*AAA*AAAAAAA*AA*A*A*A*AAAAAAAA***AA**AAAAAAAAAAAA*AAAAAA**AA**AA*A*A***A*AA**AA*AA*AAAA*A*A*AAAAAAAAAAAA*A*AAAAAA*AA**AAAAA**A****AAAAAA*A*AAAA*A***AAAAAA*AAA*A**AAAAAAAAAAA*AAAAAAA*A*AAAA*AAAAAAAAAAA*AAAA**AA*A*AAA**A*A**AA*A****AAAA*AAAAAAAAAAAA*AA**,.......x....x.x.x.x.x.x....x..............x...x.x.xx...x.x...x........x.....x....x.x.x...x.x...x........x.....x...x...x....x.x...x...x..x.x.....x...x........x.x.......x.xx.x......x.x..........x.x.....x.x..x.x.....x.x..........x.x.....x.x..x.x.....x.x..........x.x.....x.x..x.x.....x.x.....,1325,Hard,True
puzzle_387,17,*AAAA*AAA*A*AA*AAAAA*AAAAAA**A*A*A*AAAA*AAAAA*A*AAAAAAAA*A**A*AAAAAAA*A*A*AAAAAAAAAA*AAAAAAAAAAAA*AAAAAAAAAAA*AA*A*A*A*AA*A*A*A****A*AAAAA****AAA*A*A*A*AAA*AAAAAA*AAA**AA**AAAA*AA*A*A*AAA**AAAAAAAA******AAAAA**A*AAAAAAA*AA*AA*A*AAA**AAAAA*AAAAA***A*AAAAA*A**A*AAAA*AA*AAA*AAAAAAAA*AAA*AAAA,........x.x..x.x.x.x.x.x..................x...x.x.xx.x.x.x...................x.x.x.x..x.x.x.x..................x.x.x.x..x.x.x.x...................x.x.x.xx...x.x.x..........x.......x.x.x......x.x.x.......xx.x.......x.x.........x.x......x.x.x.x.....x.x..........x.x.....x.x..x.x.....x.x.....,1326,Hard,True
puzzle_388,17,AA*AAAAA*AAA*A*AA*AAAAAAAAAAAAA*AAAAAAAA*AAAAA**AA*AAA**A*A*AAAAAA*AAA*A*A*A**A**AAAA*AA*A**AA*AAAAAAAAAAAAAA*AAA*A**A*A***A*A**AA*AAAAA**AAA*AAAA***A*AAAAAAAAAAA*AAAA*A*A**A*AAAAAAAAA*A*AA**AA*AAAA*AAAAAAA**AAA*AAA*AA***A*AAA*A*AAA**AA*AA****AAAAAAAAAAA*A*AAAAAA****AA*AAAAAA**AAAAAAAA*AA,.x.x.x.........x........x.x.x.x....x.x.x.........x........x.x.x.x....x.x.x..........x........x.x.x.x..x.x.x.x....................x.x.x.x..x.x.x.x........x..........x.x.x....x.x.x.x........x..........x.x.x....x.x.x.x......x.x...........x.x......x.x.x.x....x.x.x..........x........x.x.x.x...,1328,Hard,True
puzzle_389,17,AA*AAAA*A*A*AA*AAA*AAA*A*AAAAAA*AAA*AAAAAAA*AAAA**AAAAA***A*AAAAAAAAAA**AAAA*AAAAAAA*AAAAA*AA**AAAA*AAA*A**AAAAAAA**AAA*AAAAA*AA***A*A*AAA*A*A*AA*AAAA**AAAAA**A**AAAA*AAAAAA***A*A*AAAAA*A*AAAAAAAAAA*AAA*AAAAA**A*AAAAA****A*AAAAA*AAAAAAAAAAAA*AAAA*AAAAAA**A**A*AAA*AAA**AAAAA***AAAAA*A*AAAA,....x.x.x....x...x.x.......x....x.....x.x.x...x....x.x...........x.x.....x.x.x.x......x.x.........x.x......x.x.x.x......x.x..........x.x.....x.x..x.x.....x.x..........x.x......x.x.x.x......x.x.........x.xx.......x.x.x......x.x.x........x.x........x.x.x......x.x.x.......x..x.......x.x.x...,1330,Hard,True
puzzle_390,17,A*AA*A**AAAAAA****A**AAA**AAAAAA*AA*AAAAAAAAAAA**AA*AAAA***AA*AAA*AAAAAAAAAA*AAA*AA*A*AA***AA***AAAAAAAAAAAAAAAAA**A**AAAAAAAAAAAAAAAAAA***AA**A*AAA*AAAAAAAAAAAAAA*AAAAAA*AAAAAAAA*AA***AAAAAA***AAA*AAAAAA*A**AAAA*A*AA*AA*AA*A*A*AA*AAAAAAAAAAA*AA*AAAAAA*A*A*A*AAA*AAA*A**AAA*AAAAA*AAAAAAAA*,...x.x..x.x.......x..........x.x.x...x.x.x.x........x.........x.x.x....x.x.x.x........x..........x.x.x....x.x.x.x......x.x..........x.x.....x..x.x.x.....x.x..........x.x.....x.x.x..x.....x.x..........x.x......x.x.x.x......x.x..........x.x......x.x.x.x....x.x.x...........x......x...x.x.x..,1332,Hard,True
puzzle_391,17,AAA*AAA*A*A*A*AAAAAA**A**AAA*AAAAAAAAAAAAAAAA*AA**AAA*AA*A*AAAA*AA*AAAA*AAAAA*AAAAAAAAAAAAAAAAAAA*A*AAA*AAAAAA*AAAA**A***AAAAAAAA*AAAAA*AAA*AAAA*A*A*A*AA*AAAAA*A*AAA*A*AAAAAAAAAAA**AAA*AAAAAA**AAAAAA*AAAA*AAA*A*AAA***AAAAA****A*AAAAAAAAAAA*A*AA**AAAA**AAAAAAAAAAAAAA*A*AA*A*AAAAAAAAAAAAAAA,.x..x.x.....x............x.x...x.x.x.x..x.....x............x.x...x.xx.x.x.x...................x.x.x.x.x..x.x.x..................x.x.x.x.x.x..x.x..................x.x.x.x..x.x.x.x..................x.x.x.x..x.x.x.x...................x.x.x.xx.x.x...x..............x...x.x.x....x.x...x.......x,1333,Hard,True
puzzle_392,17,**AAAAAAAAAA*AA**A*A**AAAAAAAAAAA***AAA*A*AAA*AAA*AA*AAAAA*AAAA*AAA*AAAAAAA*A*AAAAAAAAA**A*AAAAAA*AAAAAAAA**A**AAAA*A*AA**AAAAAA*AAAAAAAAAAAA*AAAAA****AAAAAAAAA*AAAAA*AAAA*AAAAAA*A*A***AA***AAAAAAA*AAA**AAAAA*AAAAA*AA*AA**AAAAAAA*AAAAAAAA*A**AAAA*AAAA*AA*AAAAAAAAA*AAAAAAAAAA*AAAAAAAA*AAA*,..x.x......x.x...x.....x.x......x...x.x.....x.x....x.....x.x.....x....x.......x.x...x....x.x.x.....x..x.x.......x.....x....x.x.....x.x...x......x.x.....x...x.x......x.x..x......x.x......x...x.x.....x.x....x.....x.x.....x....x.x.....x.x....x.....x.x.....x....x.x.....x.x....x.....x.x.....x.,1335,Hard,True
puzzle_393,17,**AAA*AAAAAAAAA*AAAAAAAAAAAAA***AA*A**A*AAAAAAAA*A**A*AAAAA*AAAA**A*AAA*A**AAA*A*AAAAAAAAAAA*AA****AAAAAAAA*AAAAAAAA*AAAA*AAAAA*AAAAAA*A***AAA*A*AAA*AA**AAAAA*A*A*AA*A*AAA*A*A*A*AAA*AAAAA**A*AAAAA*AAAAAAAAA**AAAAAA****A*AAA***AA*AAAAAAAAAAAAAAAA****AA*AA**A*A**A*AAAAA**AAAA*AAAAA*AAA*AAAA,.......x.x.x.x....x.x.x.........x........x.x.x.x....x.x.x.........x........x.x.x.x...x.x.x..........x.......x.x.x.x.....x.x..........x.x.....x.x.x.x.....x.x..........x.x.....x.x.x.x........x.........x.x.xx...x.x.x..................x.x.x.xx.x.x.x..................x.x.x...x.x.x.x........x..,1337,Hard,True
puzzle_394,17,AAAAA*A*AA**AAAAAAA*AAAAA*A*AA*AAAAAAAAAA**AAA*AAAAAA**AA*AAAAAAAAA*AAAAAA**AA**AAAA**AAA*AAAAA*AA****AAAAA*AA*AA*AAAAA*AAAAAAAA*AAAAA*A*AAAAAA*AAAAAAAAA*AA*AAA*AAAAAAA**AAAAAAA**AAAAAAAAAAAA**AAAAAAAAAAAAA*AAAAA*AA**A*AAAAAAAAAAAAAAAAAA*AA***AAAAA*AA***AAAAAAAA*A*AAAAA**AAAAAAAAAAAAAAAAA,.x.x.........x.x......x.x.x.x......x.x.........x.x......x.x.x.x......x.x.........x.x......x.x.x.x......x.x..........x.x......x.x.x.x......x.x.........x.x......x.x.x.x....x...x.........x.x..x.....x.x.x....x...x.x........x...x......x.x.x...x....x.x........x..x.......x.x.x..x...x.x.x........,1339,Hard,True
puzzle_395,17,*AAA*A*A*AAA*AAAAAAAAAAA**A*AAA*A*AAA**AAA*A*AAAA*A*A*AAAA****AAA*A*AAA*AAAAAAAA*A*AA*AAAAAA**AAA*A*AAAA***AA*AAAAA*AAAAA*AA*AAAAAAAAAAAAAAAA*AA**AA*AAAAAAAAAAA*A*AAAAAA*AAAA**AA*****AAAAAA*AA*AAAAAAAAAA*AAAAAAAAA*AAAA*AA***AAAAAAAA*AAAA**AAA*AA***AAA*AAA*AA*AA*A*AAAAAAA*AAAA*AAAAAA***AAA,.x.....x.x.x........x.x.......x.x..x.....x.x.x........x.x.......x.x.x......x.x.x.......x.x........x.x.x.....x.x.x..........x.......x.x.xx.x...x...x..........x...x...x.x..x.x...x.........x........x.x.x.x....x.x.x.........x........x.x.x.x...x.x.x..........x.......x.x.x.x....x.x.x.........x.,1340,Hard,True
puzzle_396,17,A*A*AAAAA*AAA*AA*A*A**AAA*AA**AAAAAAA*AAAAAA*AA**A*AA*AA*AA*AAA*AAAAAA**AAAAAAAAAAAAA*AAAAA*A*A****AAAAA**AAAAAAA*A*A***AAA*AA*A*AAAAAAA*AAA*AAA*AA*AA***AA*AA***AAAA*AAAA*A*A*AAAAAAAAAAA*A**AAA**AA**AAAAAAAAAA*AAA*AAAA*AAA*A*A**AAA*****A**AAA*AA*A*AA*A*AAAAAAAAA*AAAA**AA*A*A*A*AAAA*A*AAAA,....x.x.x.x......x.x..........x.x......x.x.x.x......x.x.........x.x......x.x.x.x......x.x..........x.x.....x..x.x.x.....x.x..........x.x.....x.x.x..x.....x.x..........x.x......x.x.x.x....x...x.........x.x..x...x...x.x....x...x...x......x...x...x....x.x...x...x....x.....x...x....x...x.x...,1342,Hard,True
puzzle_397,17,*A*AA*AAA*AAAAAA*AAA*AAA*AAAA*A*AAAAA*AAA*AA*AA**A*AAAAAA*AA***A*AAAAAAAAAAAAAA*A**AAA*AAAA**AAAAAAAAAA*AAAAAAAAAAAAAAAAAAAAA*AA**AAA*AAAAAAA*AA*AAAAA*AA*AAAAA**AA**A**A*A**A*AAA*AAAAAA**AAAA*AA**AAAAAAAAAA**A*AA*AAAA*A*AAAA*AAA**AAAAAA*A****AAA*AAA*A*AAAAA*AA*AA*AAA****AA*AAAAAAAAAAAAAAA,....x.x.x.x......x.x..........x.x.....x.x..x.x.....x.x...........x.x......x.x.x.x....x.x.x..........x........x.x.x.x....x.x.x.........x........x.x.x.x....x.x.x.........x........x.x.x.x....x.x.x..........x.......x..x.x.x..x.x.x...........x......x.x...x.x...x.x......x.....x.....x..x...x.x..,1344,Hard,True
puzzle_398,17,AAAAA*AAA*AAA*AAAAAAAAAAA*AAAA**AAAAAAAAA**A*AAAAAAA*AAAAAAA*AAAA*AA*AA*AAA*AAAAAA*A*AAAAA*A*A*A*AAAA*AA*A**AAAAA**AAAAAAAAAAAAA**AA*A*AAAA*A*A*AAAAAAAAAAAAA****AAA*AAAAAAA*A*AAA*AAAAAAA*AAAAAAAAAAAAA*AAAAAA**AAAAA*AAAAAAAAAA***AAAAAA**AAAAAA*AA*AAAAAAAAAAAAAA**AA*AA*AA*AAAAAAA**AAAA*AA*A,.......x....x.x.xx.x.x....x.............x....x.x.x.x.x.x...x..............x...x.x..x.x.x.x...x..............x...x..x.x.x.x.x...x..............x...x.x.x...x.x....x.......x.....x....x.x.x...x.x...x........x.....x...x.x.x....x.x...x.......x......x...x.x.x....x.x...x........x.....x...x.x..x..,1346,Hard,True
puzzle_399,17,AAAAAA*AAAA*AAAA**AAAAA*AAA*A**AAA*A*A*A*A*A*AAA****A*A*AAAA*AA*AA*AA**AAAA*A*A*A*AA**AAAAAAAAAA*AAA*AAA*AAA*AA*A*A*A*A*A*AAAAAAA*AA*AA*A****A*A*A*AAA*AA*A*AAAAA**A**AA*A**AAAA*AAAAAA*AAAAAA*A**A*AA*AA*AAA*AAA*AAAAA*AAAAAAAAAAA**A**A*AA**A*****AAA**A*A*A*A*A*A**A*AA**AAAAAA**A*A*AA*A*A*A*,.x.....x..x.x.......x.x........x.x.x.....x.x..x.......x.x........x.xx.......x.x.x......x.x.x.......x..........x.x.x...x.x.x.x........x.........x.x.x....x.x.x.x.......x..........x.x.x...x.x.x.x........x.........x.x.x....x.x.x.x........x.........x.x..x...x.x.x.x........x.........x..x.x...x.,1347,Hard,True
puzzle_400,17,AAAAAAA*AAA*AA*AAAAAA*AAAAA*AAAA**AAA*AA***AAAAAA*AAA*AAA*AAAAAA*A*AAAAAAAAA*AAAAA*AAAAAAAAA*AA*AAAAA*AAAAAAAAAA*AAA*AAAAAA*AAA*AAAAA*A*A*AAA**AAAAAA**A*AAAAAAA*AAAAAA*AAAAAAAAAAA*AAA*A*AA*AAAAAAAAAAA*A*AA**AAAAAAAAA**AA**AAAA*****A**AA*A*AAAAAA*A*A*A****AAAA***A**A*A*AAAAAAAAAA*AAA*AAAAA,.x.x.x.........x........x.x.x.x...x.x..x..........x........x.x.x.x..x.x.x.x...................x.x.x.x..x.x.x.x..................x.x.x.x.x.x.x..x..................x.x.x.x..x.x.x.x...................x.x.x.xx...x.x.x..........x.......x...x.x....x.x.x...x.....x........x...x.x...x..x.x...x....,1349,Hard,True
puzzle_401,17,AAAA*AA*AAAAAAAAAAAA*AAAAAAAAAA*AAAAAAAAAA*AAA*A*AAAAAAAAAAAA*A**AA*A*AAAAA*A**AAA*AA*A*AAAAA*AAAAA*AA*AAA*AA**AAA*A*AA*A*AAAAA*A*AAA**A*AAAA***A**AA*AAA*AA*AAAAAAAAA*AAAA**AAAAAA**AAAAAA*AAAA*A*A**AAA**AA***AAAAA*AAA*A*AA*A***A*A**A*AA**A*AAAAA*AAAAAA*A**AAAA*A*AA*AA*AA*A*A*AA***AAAAAA*A,.x.x.........x.x......x.x.x.x......x.x.........x.x......x.x.x.x.....x.x..........x.x......x.x.x.x......x.x.........x.x......x.x.x.x......x.x..........x.x......x.x.x.x....x...x.........x.x..x...x.x...x....x...x.....x.....x..x...x.x.....x..x...x.....x.x......x...x.x.....x......x.....x.x...x,1351,Hard,True
puzzle_402,17,A*A*AA*A*AAAAA*A*AAAAAAAA*A*AAAAAAAA***AAA*AAAAA*AAA*A*AAAAAA**AA*A*****AAA*AAA*A*A*AAAA*A*AA*A**AAA*A*AA*A*AAAAA*AA*AAAA*A*AAAA*AAAAAA*AAAAAAAA*AAAA*A*AA**AA*A*A*AAAAAAAAAA*AAA*AAA*AAAAA*AA**AA*AAAAA*AAAAA*AAA*A**AAAAA*AAAA*AAAAAA*A*A***AAAAA***AA*A**AAA*AA*A*AAAAAAAAA**AA*AAA*A**A*AAAAA,.....x.x.x.x......x.x.........x.x......x.x.x.x.....x.x..........x.x.....x.x.x.x......x.x.........x.x......x.x...x.....x.x......x...x.x.....x..x...x.....xx.......x...x.x....x.x.x.........x........x.x.x.x...x.x.x..........x.......x.x.x.x...x.x.x..........x........x.x.x.x....x.x.x.........x.,1353,Hard,True
puzzle_403,17,AAAAAAAAAAAAA**A**AAAA**A*AAAAA*AA*A*AAA*A*A*AAAAAAA*AAAAAAAAAAAAAA*AAAAA*AAA*AAAA*AAA***AA*AAAAAA*AAAAAA*AAAAA***A**AAAA**AAAAA*AAAAAAAA*A**AA*AAAA**AAA*AA*A*AAAAA*AAA*A*A**AAAAA***AAA*AAAAAAAA*A*AAAAA*AAAA**A**A*AAAAA*AAAAAAA*AAAAAA*AAA*AAAA**AAA*AAAAAAA*AA*AAAAA*A**AA**AA*A*AAAAAAAAAAA,.x.x.x.x..................x.x.x.x..x.x.x.x..................x.x.x.x.x.x.x.x..................x.x.x.x..x.x...x.........x....x...x.x.x....x.....x.......x.x..x.x...x.x............x.....x.x.x..x.x...x.x......x...........x.x.x...x.x.x.x........x.........x.x.x....x.x.x.x........x.........x.x.x.,1354,Hard,True
puzzle_404,17,A*AAAA*AA**AAAAAAA*A*A*AAAAAAAAAAAA**AAAAA***AAA*A*AAAA*A*AAAAAAA*A*AAAAA*AAAAAAAAAAA*A**A*AAAAAAAAAA*A*A*AA*AAA**AAA*AA*AAAAAAAAAAAAA***A**AA**AA**AAA*A***AA*AAA*AAA**AAAA*AA*AA**AAA*A*AAA*AA*AAAAA*A*A*AAAAAA******AAAA**AA***AAAAAAA*A**AAAAAAAA****A*AAAA*AAA**AA*A*AAAAAAAAAAAAAAAAA*AA**A,x.x..x.........x........x.x.x.x...x..x.x.........x........x.x.x.x...x.x.x..........x.......x.x.x.x......x.x.........x.x......x.x.x.x.....x..x.........x.x......x.x.x.x.....x.x..........x.x......x.x.x.x....x.x.x.........x.........x.x.x....x.x.x.x.......x..........x.x.x...x..x.x.x.......x...,1356,Hard,True
puzzle_405,17,AA**A*A*AA*A*A*A*A*A*A*AA*AA**AAAAA*****AAA**A*A*A*AAAAAA**A*AA*AA**A*AAA*AAAAA*AAAAAAAA*A**A*AA*AA*AA**AAAA*AAAAAAAAAA*A*AAAAA**A**AA*AA***AA*A*A*AAA*AA*A*AAAAAAA*AA*AA*AAAAAA*AA*A*A*A*A*AAAAAAAAAA*AAA*AA**AAAA*A*A*A*AA**A*A*AAAA*AA*AA*A*A*A*A*A*A*AAA****AAAAA*AAA*A*AAAAAAAAAA*AAAA*AAAA*,......x..x.x...x.x.x.x........x.........x.x..x...x.x.x.x........x.........x.x.x....x.x.x.x........x..........x.x.x...x..x.x.x.......x..........x.x.x....x.x.x.x........x..........x.x.x...x..x.x.x.......x..x.......x.x.x.......x.x........x.x.x.....x.x..x.......x.x........x.x.x.....x..x.x....,1358,Hard,True
puzzle_406,17,*AAAAAAAAAAA*AA***A*AAAAAAA*A*AAAAAAA*AAAA*AAAAAAAAA*AAAAAAAAA*AAA*AAAAA*AA*AAA*A*AA**A*A*AA*AAAAA*AAAAAAAAAAA*AA*AAAA**AAAAA*AAAA**A*A*A*A*AAA*AAA*A*AAA**AAAAA***AAA*AA*AAAAA*AAAAAA**AAAAAAAAA*A**AAAAAA**AA*AAA*A*AAAAA*AAAAAA*A*A*AAAAAAA*A*AAA*AAAAAAA*AA*AAA*AAA**AAAA*A***AAAA*A*A**AAAAA,.x...x.....x.x......x...x.x.....x..x...x.....x.x......x...x.x......x.x...x......x.x.....x....x.x.....xx.....x.....x.x....x.x...x.x......x.....x.......x.x..x.x.....x.x....x.....x.x......x...x.x.....x.x..........x.x.....x.xx.x.x......x............x.x...x.x..x.x.x.....x............x.x...x.x.,1360,Hard,True
puzzle_407,17,AA*A*AA*AAA*AAAAAAAA*AAAAAAAAAAAA*AAA*AAA**AAA*A*A**A*AAAAAAA*AAA*AAAA*AAAA*AA*A*A*AAAAA*AAA**AA***AA*AAAA*AA*AAA*AAAAAAAAAAAA*A****A*AAAAAA*AAAAAAAAA***AAAAAAA*AAAAA**AA*****AAAAAAAAAAA*AAA*AAAAA*A*****A*AAAA*AAAA**AAA*AAAAAAAAAAAA**AA*AAA*AAA*AAA*AA*AA*AAAAAAAA**AAAA**AAAAAAAAAAAAA*AA*A,........x.x.x..x.x.x.x.x...................x.x.x.x..x.x.x.x..................x.x.x.x.x.x.x.x..................x.x.x.x...x.x.x..........x.......x.x.x.x....x.x.x.........x........x.x.x.x...x.x.x...........x......x.x...x.x...x.x......x.....x.....x.x....x.x..x.x.......x.....x....x.x.x.....x..,1361,Hard,True
puzzle_408,17,AAAAAAAAAAAAA*AAAAAA*AAAAAAAAAA****AA*AAAAAA*AA*AAA*AAAAA*AAA*AAAA*A*A*AAA*AAAAAAA*AA*AAAAA*AAAAAAAAAAA*AA*AAAAAAAAAAAAA*AAAA*A*AAAAAAAAAA***AAAAAAA*AAAAAAAA*AAAAAA*A*AA*AAAAAAAAAAAAAAA*AAAA*A*AAAAAA*A*A*AAAAAAAA*A*A*AAAA*A*AAAAA*AAA*AAAAAAAAAAAAAA*AAA*AAAAAAAAAA*A**AAA*AAA**AA**AAAAAAAAA,....x.x.x......x.x.x........x.x........x.x.x.....x..x.x.......x.x........x.x.x......x.x.x........x.x........x.x.x.....xx.x.x.......x...........x..x...x.x.x.x.x......x............x.x...x.xx.x.x.x...................x.x.x.x..x.x.x.x..................x.x.x.x.x.x.x.x..................x.x.x.x..,1363,Hard,True
puzzle_409,17,AAAAA*AA*AAAAAAAAAAAAAAAA*AAAAA*A*AAAAAAAAAAAA*A*AAAA*AAA*AAAAA*AAAAAA*A**A***AAA*AAA*A*AAAAAAAAAA**AAAA****A**AAAAAAA*AAAAAA*AAAAA*AAAA*AAAAAAA*AAAAA*AAAAAAAAAA*A**AA*AAAAAAAA**AAA*AAAAAAAA*AAAA**AA**AAAAAA*A*AAAA**AA**AA*A*AAA*AAAAAA*AAA*AA*A**AAA*A**AA**AAAAA**AAAAA*A*AAA****AAAA*AAAAA,.........x.x..x.x.x.x.x.x..................x.x.x.x..x.x.x.x...................x.x.x.x.x.x.x.x..................x.x.x.x..x.x.x.x..................x.x.x.x.x.x.x.x..................x...x.x.x..x.x.x...x......x.......x....x..x..x.x.x...x......x.......x...x..x...x.x.x...x......x.......x...x.x..,1365,Hard,True
puzzle_410,17,A***A*A*A**AAAAAAAAAA*AAA*A*A*A**AAA***A****AAAA*A*AAAAAAAA*AA*AA***AA**AAAA*AAAAA*AAAAAAAAAAAAA**A******AAA*A*A**A*A*AAAAA*AAAAAAAA*AA*AA*AAAAA**A*AAA*AAAA**A*AA*AAA**AAA**AAAA**AAAA**A**AAA***AA*A**AA*AA*A*AAAAA*AAA****AAAA*A**AA*AAAAAAAA*AAAAA*AA*AA*A*AA**A**AA*AAA*AAA*A*A*AA*AAAAA**A*,....x......x.x.x.x.x....x.x............x.....x.x.x..x.x...x.x............x.....x.x.x..x.x...x.x............x......x.x.xx.x.....x.x..........x.x.....x.x....x.....x.x.....xx...x.x.....x............x.x...x.xx.x.x.x...................x.x.x.x..x.x.x.x...................x.x.x.x.x.x..x.x........,1367,Hard,True
puzzle_411,17,AAAAAAAAAAAAA**A**A*AAAAAAAAAAAAAAAAAA*AAAA**AAAAAAAAAAAAAAAA*AAAAA*AAAAAAAAA*AAAA*AA**AAAA**AAAAAAA*AAA*AAAAA**AA*AAA**AAAA*AA*AAAAAAA*AAAAAAA*A*AAAAA*AAAA*AAAAAAA**AA**AAAAAAAAAAAAA***AAAA*AAAAA*AAAAA*AA*AAAAA*AAAAA*AAAAA**AAAAAAA*AAA*AAAA*AAAA*A*AA*AA*AAAAA*A***AAAAAAAAAA*A*AAAAAAAAAAA,.x...x.x.......x....x.....x.x.x....x...x.x.......x....x.....x.x.x....x...x.x.......x....x.....x.x.x...x....x.x.......x...x......x.x.x...x...x.x.........x..x.....x.x...x......x.x.....x...x.x......x.x...x.....x..x.....x...xx.......x.x...x....x.x.x.....x....x.........x...x.x..x.x...x...x....,1368,Hard,True
puzzle_412,17,*AAAAAAAAA*AAA*AAA*AA*A*A*A***AAAAA**AAAAAAA*AA*AAA**AAAAAAAAA**AAAAAAAAA*A**A*A**AAAAAA*A*AAA***AA*A*A*AAAAA*A*A*A*AA*A*AAAA**AAA*AAAAAAAAAAAA*AA**AAAA*A*AA***AAAAAAAAAAAAAA*A*AAAAAAA****AAAA**AAAAAAA*A**AAAAA*AA***AAAAA*AAA*AA*AAAAA*A*AAA**AAAAA*A*AAA*AAA**AAA*AAAAAAA*A*AAAAAA*AA*AAAAAA,.x.x.....x.x..........x.x.....x.x.x..x.....x.x..........x.x.....x.x.x.x......x.x.........x.x......x.x.x.x.....x.x..........x.......x.x.xx.x...x.x..................x.x.x.x.x.x.x.x..................x.x.x.x..x.x.x.x...................x.x.x.x.x..x.x.x..................x.x.x.x..x.x.x.x........,1370,Hard,True
puzzle_413,17,**AAAA*A*A**AAAAA*AAA*AAA**AAAA*A**A*AAA*AAAAAAA*AAAAAAA*A*A*AAAAAAA*AA*AAA*A*AAAAA*AAAAAA**A**AAAAAA*AAAAA*AAAAAA**AAA**AAAAA***AAA*AA*A*A*AAA*AAA*A*AAA*AAAAA*AAAA**A*A*AAAAAAAA*AA*AAAA**A*A*AA*AAAAA*AAAAAAA*AA*AAA*A*AA*A*AAAAAAAAA*AAA*AAAA*AAAA*AAAAAAAA*A*AAAAAAA*A*AAAA*AAAAAAAAAAA*AA**,.......x.x...x.x..x.x.x.....x............x.x...x.x.x.x.x......x...........x.x.....x.x..x.x.....x.x....x.....x.x......x...x.x.....x.x....x.....x.......x.x..x.x...x.x......x.....x.....x.x.....x....x.x.....x.x...x......x.x.....x...x.x......x.x...x.....x.x......x...x.x.....x..x...x.....x.x...,1372,Hard,True
puzzle_414,17,AAA*AA*A*AA*AA*AAAAAA*A**AAAA*AAAAAAAA*AAAAA**AAA***AAA*AAA*AAAAAAA**A*AAA*A**AAAAAA*AA*AA**A*AAAAAAAA*A*A*AAAAAAA*AAAAAA*A*AAAA*AAAAAAAAAAAAAAAAAAA****A*AAA***AAAAA*AAA*AAAAAAAAAAAAAAAAA*AAAA*A**A*AA*AAAA*AAA*AAAAAAA**A*A*A*AA**A**AAA*AA*AAAA*AAAAAAAAA***AAA*AAA*AAAAAAAAAAAAA*AAAAAAAAAAA,x.x..x.x..................x.x.x.x..x.x.x.x..................x.x.x.x..x.x.x.x..................x.x.x.x..x.x.x.x...................x.x.x.xx...x.x.x..........x........x.x.x.x...x.x..x.........x.........x.x.x....x.x.x.x......x.x.........x...x....x...x.x...x...x....x.....x...x...x....x.x...x..,1374,Hard,True
puzzle_415,17,AA*AAAAAAAAAAAA*A*AAAAAAAAAAA*A**AAAA***AAA*A*AAAAAAAA*AAAAA*AAAAAA*AAAAAAA*AA*AAAAAAAAA*AAAAAAAAAA*A*AAAAAAAAA**AAAA**AAAAAAAAAAA**AAAAAAAAAA*AAAAAAAAAAAAAAAAAAAA*AAAA*AAAAAAAAAA****AA*AAA*AAAAAAAA*AAAAAAAAAA*AAAAA*AAAAA*AAA*AAAAAAA*AAAAA*AAAA*AAAAAAAAAA*AAAAAAAAAAAAAAA*AAAAAAAAAAAAAAAAA,.x.........x.x..x...x.x.x.x........x..........x.x.x....x.x.x.x........x.........x.x.x....x.x.x.x......x.x.........x.x......x.x.x.x......x.x..........x.x......x.x.x.x......x.x..........x.x......x.x.x.x....x.x.x..........x........x.x.x.x...x..x.x.........x........x.x.x.x....x.x.x.........x.,1375,Hard,True
puzzle_416,17,A*AAAAAAAA*AAAAAAAAAAAAAA*AAA*A*A*AAA*A*AAA**AAAA*AA**AAA*AA*A*A**AAAAA*AA****AAAAAAAA**AAAA*AAAAAA*AAAAAA**AAAAAA*AAAAAAAAAA*AAA*AA*A**AA*AAA*AAAAA*AAAAA*AAAAAAAAAAAAAAAAAAAAAAAAAAAAAAAAAAA*AAA*AAAAAA*AAAAA*AAAAAAAAAAAAAA*AAA**AAA*AAAAA**A*AAA*AA******AAAAA**AAA*A*AAAA*AAAAA*AAAAA***AA*A,......x.x...x.x..x.x.x.....x............x.....x.x.xx...x...x.x........x.........x.x.x....x.x.x.x......x.x..........x.x......x.x.x.x......x.x.........x.x......x.x.x.x......x.x..........x.x......x.x.x.x....x.x.x..........x........x.x.x.x....x.x.x.........x........x.x.x.x....x.x.x..........x,1377,Hard,True
puzzle_417,17,AAAAAAAAAAAAAAAAAA*A*A*AAAAA*AAAA*A*AAA**AAA*AAAAAAAAAAAAAAAAAAAAAA**AA*AAA*AAAAAAAA**AAAAAAAAAA*AAAAAAAAAAAAA*AAAAAAAA*AAAAAAA*AAAAA*AAAAAA*A**AAAAAAAAAAAAAAAAAA*AAA*AAAA*AAAA*A*AAAAAA*AAAA*AAAAAAA*AAAAAAA*AAAAAAAAAA*AA*AA*AAA*AA*AAAAA*AAA*A*A***A*AA*A*AAA*AAAAA***AAAAAA*AA*A*AAAAAAAA*A*,........x.x.x..x.x.x.x.x..................x..x.x.x.x.x.x.x...................x.x.x.x..x.x.x.x..................x.x.x.x..x.x.x.x...................x.x.x.x..x.x.x.x........x.........x...x.x..x.x.x.x........x.........x.x.x.....x.x.x........x.x.......x..x.x.....x.x.x........x.x.......x.x.x...,1379,Hard,True
puzzle_418,17,*AAA*AAAAAA*A*AA**AAA*A*AAAAAAA*AAAAAA*AAAAA***AAAA*AA*A**A*AAAAAAAAA*AAAA*A**AA*A*A*AAAAA*A**A*AAAAAAAAAAAAAAA**A*AAA*AA**AAA*AA*AAA*A*A*AAA*AAAAA*AAAA*A**AA**AAAA*A**AAAA*AA*A*AAAAA*AA*AAA*AA**AAA**AA*AA***AAAA*A*AAAA*AAAAA*A**AAAAA*A*AAAAAA*AA*AAAA*AAA*AAA*A**AAA*AA*AAA*A**A*AAA*AA*A*A,.x.x.x.x..................x.x.x.x..x.x.x.x..................x.x.x.x.x.x.x..x..................x.x.x.x..x.x.x.x..................x.x.x.x.x.x.x.x..................x.x.x...xx...x.x.......x....x.....x.x.....x....x.x.....x.x..x.x.....x.x............x.....x.x.x.x.x....x.x...........x......x.x.x,1381,Hard,True
puzzle_419,17,*AAAAAAAA*AAAA*AAAAAA*AAA*AAAAA*AAAA*AA*A*A***AAA*A*AA*A*A**AAAAAA*AAAAAAAAAAA**A*AAAAAAAAA*A**A*A*AAA*AA*AAAAAA**AAA**AAAAAA*AA*AAAAAA*AAAAAAAA*AAAAAAAA*AAAAAAAAAAAAA*AAA**AAAAAA*A**A*A*AA*AAA*AAAAAAA**A*A**AAAA***AAA*AAAAAA*AA*AAAA***AA*AAAA*AAAAAA*A*A*A*AAA**A*AAAAAAAAA*AAAA*A*A*AAAAA*,..x.x.x.x........x.........x.x...x...x..x.x.....x...x........x.x...x...x.x..x.....x...x........x.x...x....x.x.x.....x..x.x.......x.x.........x.x......x.x.x.x.....x.x..........x.x.....x.x..x.x.....x.x..........x.x.....x.x.x.x......x.x.........x.x......x.x.x.x......x.x.........x..x.....x.x.,1382,Hard,True
puzzle_420,17,AA**AAA**A*AAAAAAAAAAAAAAA***A**AAAAA**A*A*AAA*AAA*AAAAAAAAA**A*AAA**A*****AAAAAAA*AA*AAA*AAA****AA***AAAAAAA**A*A*A*A*AAA*A*A**AAA*AA*AA*AAA**AA*AAAAAA*AAAAAAAAA*AA*AAAAAAAAA**AA*AAA*AAAAA**AAA**AA*AA*A*AAA*AA**A*AA*AAAAA**AA*AA**AAAAA**AAAAAAAAAAAAA*AAAAA*A*A*AAAAAAAAAAAAAAAAAAAAAAAA*A*,.........x..x.x.x.x.x.x.x..................x.x.x.x..x.x.x.x..................x.x.x.x..x.x.x.x..................x.x.x.x.x.x.x.x..................x..x.x.x.x.x.x.x..................x.x...x.xx...x.x.....x......x.....x.x.....x....x.x.....x.x..x.x.....x.x...........x......x.x.x.x.x...x..x......,1384,Hard,True
puzzle_421,17,**AA*A*AA**AA*AAA*AAAA*A*A*AAAA*AAAAAAAAA*AAA*AAAA*AAAAAAAAAAAAA*AAA**AAAA*AAAA**AA*A**A*AAAAAAAAA*AAAAAA*AAAAAAAAAAAA*AAAA*AAAAAAAA**AAAAAAA*AA**AAAAAA**AAAAAAA*AAAAAA**AAAAAA*AA**AAA*A**AAA*AAAAAAAAAAAA*AAAAAAA*AAAA*AAAAAA**AAAAAAAAA**AAA*A*A*AAAA*AAAA*AAAA*A*A*AAA*AA*AAA*AAAAAAA*AAAAA*,...x....x...x.x...x....x...x.....x....x...x...x.x..x.....x...x.....x..x.x...x.....x........x...x.x...xx.x.x.........x........x.x.x.x....x.x.x..........x........x.x.x.x...x.x..x.........x........x.x.x.x....x.x.x..........x.......x.x.x.x....x.x.x.........x........x.x.x.x....x.x.x.........x.,1386,Hard,True
puzzle_422,17,AAAA*AAAA*AAAAAAAA*A*A**AAA**AAAAA*AAAAAA**AAAAAAAA**AA*AAAAA*AAAAAA*A*AAA*A*AAAAA*A**A*A*AAA*A*AAA*AAAAAAAAAAAA*A*AAAA*A***AAAAAAA*AAAA*AAAAAA**AAAA*AAAAAA**AA*A*A*AAAAA**AAAAAAA**AA*AA*A*AA***AAAAAA*AAAAAAA*AA*AA**AAAAAA*A*A***AA*A*AAAAAA****AA*AAAAAAAAAAAAAAAAA*A*AAAA*AAA**AA*A*A*AA**A,.x.x.x.....x............x.x...x.x..x.x.x.....x............x.x...x.x..x.x.x.....x............x.x...x.x.x.x.x......x............x.x....x.x.x.x.x......x............x.x...x.x..x.x.x.....x............x.x...x.xx.x...x.....x........x...x.....x.xx.....x...x.x......x.x...x......x.x.....x...x..x...,1388,Hard,True
puzzle_423,17,A*A*AAAAAAAAAAAAAAA*A**AA*AAAAAA*AA*AAA*AAAAAA***AAAAAA**A***A*A***AAAAAA*AAAAAAA*AAAAAAAA*AAAAA*AA***A**AA*A*AAAAAAAAAAAAAAAA*AA*AAAAAAAAA*AA**AAAAA*AAA*AAAAAAAAAA****AAAA*A*AAA****AAAAAAA*A*A**AAAAA*A**A*AAAAAA**AAAAAAA*AAAAAAAAA*AA***AAA*AAAAA**AAAA*A*AAAA*AA**A*AA*AA*A*AAAA*AA*AAAAAAA,..x.x...x.x......x.....x.....x.x......x...x.x.....xx.x...x.....x............x.x...x.xx.x.x.x...................x.x.x.x.x.x.x.x..................x...x.x.x.x.x.x....x.............x....x.x.x.x.x.x...x..............x...x.x.x..x.x.x...x..............x...x.x.x..x.x.x...x..............x...x.x.x.,1389,Hard,True
puzzle_424,17,*AA*AA*AAA*AAAAA*AA*AAAA*AA***AAAAAAA***AAAAAA*AAAAAA*AAAAAAA*AA**AAA*AAAA*A**AAAAAA*AA*AAAA*AA*A*AA*AAAAAAAAAAAAAAAA*AAA*AAA**AAAA**AAAAAAAAAAAAA**A*AA*A***AAAAAAA**AAAA*AA*A*A*AAAAAAA*AAAAAAAAAAAAAAA*AAAAAAAAA*AA*AAAA***A**AAAAAAAAAAAAAAAAA***AAA***A*AAA*AAAAAAAAAAAA*A*AAA**AA*AAAAA*AA*,.x.....x...x.x......x.x...x.....x..x.....x...x.x......x.x...x.....x.x......x...x.x......x.x...x......x.x.....x....x.x.....x.x....x.....x.x......x...x.x......x.x...x.....x..x.....x...x.x......x.x...x.....xx.x.....x.....x......x.x...x.x....x.x.....x......x.....x.x....x.x...x.x......x.....x.,1391,Hard,True
puzzle_425,17,AA**AAAAA*AAAAAA*AAAAAAAA*AAAAAAAAAAAA*AAAAA**A*A***AAAAAAAA***A*AAAAAAAAAAAAAAAA*AA*AAAAA**AAAAAA*AAAAA***AAAA**AAAA*AAAA*AAAAA*AA**AAA***AAAA*AAAA*A*A*AAAAAAAAAAAAAAAAAAAA*A*AAA*AAAAAAAAAA*A*AAAAAA**AAAAAA*AAAAAAAAAAAA*AAAAAAA***AAAA*AAA*AA**AA*AA*A*AAAAAAAAAAA*AA*A**AAAAA*AA*AAAAAAAA*A,.....x..x.x.x.....x.x..........x.x.....x.x.x..x.....x.x..........x.x......x.x.x.x....x.x.x..........x.......x.x..x.x...x.x.x..........x.......x..x.x.x...x.x.x..........x.......x.x.x..x...x.x.x..........x........x.x.x.x....x.x.x..........x.......x..x.x.x...x.x.x..........x.......x.x.x..x..,1393,Hard,True
puzzle_426,17,AAAAA*AA*AAAAA*A*AA**AAAAAAA**A*AAAAA*AAAAAA*A*A*A*A*AAA*AAAA**A*AA*AAAAA*AA*AAAAAA*AAAA*AAAAA**AA*AAAAAAAA*AAAAA*AAAAAA*AAAAAAA*****AAAA*A*AAA*A*AAAA*****AAAAAAA*A*AAA*A*A*AAA****AAA*A*A**AAAAAAA*****AAAAAA*A***AAA*A***A*A*AAAAA*AAA**A*A*A***AA**A*AA*AAA*A*AAA*A*A***A****A*AA***AAAA***AA,...x.......x.x.x.x....x.x.x.........x........x.x.x.x...x.x.x..........x.......x.x.x......x.x.x.......xx.x.......x..x.......x.x.x......x.x.x.......x.x........x.x.x.....x...x........x.x...x...x.x.x......x...x.......x..x...x...x.x.x......x...x.......x.x....x...x.x.x.....x....x.......x.x...x.,1395,Hard,True
puzzle_427,17,*AAAAA*AAAAA*AAAAA*A*A*AAAA*AAAAAAAAAAA*AAAAA*AAAAAA*A*AA*****AA*AAAA*AA**AAAAAAA*AA*AAAA*A**AAAAA*A*A*AAA*A*AA*A**AAA**AAAAA*A*AA*AAAAAAA*AAAAAAA**AA*AA*AA**A***AAAAAAAAA*AAAAAA*AAAAAAAA*A*A*AA*AAAAAAAAA*A*AAAAAA**AAAA*AA**AA*A*AAAA*A*AAAAA*A*AAAAA***AAAAAAAAA**AA*AAAAAAAAA*A*AAAAA*AAAAA,..x....x.x.x.....x...x........x.x...x...x.x.x..........x.......x.x.xx.x...x.x..................x.x.x.x.x.x.x..x..................x.x.x.x.x.x.x.x..................x.x.x.x.x..x.x.x..................x.x.x.x..x.x.x.x..................x.x.x.x.x.x.x.x..................x...x.x.x.x..x.x...x......,1396,Hard,True
puzzle_428,17,AAAAAAAA*AAAAA*AAA*AAAAAA*AAAAAAAA**AA*AAAAA*AAAA*AAA*A**AAAAAA*A*A*AAAAAA**A*AAAA***A*AAAAAAAAAAAA*AAAAAAAAA*AAAAAAAAAA*A*AAAAAAAAA*AAA*AA*AA**AAA**AAAA*AAA*AA*AAA*A*AAA*AAAA**A**AAAAA*AAA*A**A*A*AAAAAAAAA**AA**A*A*AAAAAA*A**AAAAAAAAA*AAAAAAAA*AAAAA*AAA**AAAAAAAAA*AAAAA*AAAA*A*AAAAAAAAAA,..x..x.....x.x...x......x.x.....x....x.x.....x.x....x.....x.x.....x....x.x.....x.x...x......x.x......x..x.x.......x.x..x.....x.x.x........x.x.........x.x......x.x.x.x.....x.x..........x.x......x.x.x.x.....x..x.........x.x......x.x.x.x....x.x.x..........x........x.x.x.x....x.x.x.........x.,1398,Hard,True
puzzle_429,17,AAA*AAAAAAAAA*AAAAAA*AAAAAA*AAAAAAAAAAAAAA*AAAAA*AAA*AAAA*A*AAAAA*A*AAAAAAAAAAAA*AAA**AAA**AA*AAA*AAAAAAA**AA**AAAAA**AA*AAA**AAAAAAAAAA*AAA*AAA**AAAAA*A*AAA**AAAAAA*AAAAA*AA*A*AA*AAAAA***A*AA***AAAAAAA*AAAAA*AAAAAAAAA**AAAAAAAAAAAAAAAAAA**AAA*AA*AAAAA*AAAAAAAAA*AAA**AAAAAAA*AAAAAAAAA*AAA,x.x.x.....x............x.x....x.x.x.x.x......x............x.x...x.x..x.x.x.....x............x.x...x.x.x.x..x.....x............x.x...x.x..x.x.x.....x............x.x....x.xx..x.x......x............x.x...x.x.x.x..x.....x............x.x...x.x..x.x.x.....x............x.x...x.x.x..x.x.....x....,1400,Hard,True
puzzle_430,17,**A*AAAAAAAA*A*AAA*AAAA*AAA**A*AA*A*AA****AAAAAAAAAAAAAAAAA**AAAAAAA*AAA*A**AAAAAAAAAA*AAA*AAAAAAA*AAA*AA*AAA*AAAAAA*A*A*A*A*AAAAAAAA*AAAAA**AAA*AAA*AA*A*AAAAAAA**AAA*AAAAA*A*A*AAAAAAAAAAAAAAAAAAA*A**AAA**AAAAAA*A*AAAAA*AAAAAAAAAAAA*A*AAA*A*A*A*A*A*AAA*AA*A*AAAAAAAAAAA*AAAAAA*AAA*AAAAA*AA,......x.x.x....x.x.x.x.......x............x.x...x.xx.x.x.x..................x.x.x.x..x.x.x.x..................x..x.x.x.x.x.x.x...................x.x.x..x.x.x.x.x..................x..x.x.x.x.x.x.x...................x.x.x.x.x.x.x.x..................x.x.x.x..x.x.x.x..................x.x.x.x.,1402,Hard,True
puzzle_431,17,AAAAAA*A**AAAAAA*AAAA*A*AAAAA***AAAAAA***A**AAAAAA*AAAA*AAA*A**AA*AAA*AAAAAA*A*AAA*A*AA*AAAAAAA*AA*AA**AA**AAAAAAAAAAA*A*AAAAAA*A*A*A**AAA*AAAAAA***AAAAA**AAAAAAAAA**A*AAA*A**AA****A**AAAAA*AAAAAAAAAAAAAAA*AAAAAA*A*A*AA**AAAA*AAAAAAAAAA**AAAAAAA**AA*AA*AAA*AAAA**AAAAAAAA*A*A*AAA*A*AAAAA*A,.x.........x.x.x....x.x.x.x........x.........x.x.x....x.x.x.x.......x..........x.x.x....x.x.x.x........x.........x.x.x....x.x.x.x........x..........x.x.x....x.x.x.x......x.x...........x.x......x.x.x.x....x.x.x.........x........x.x.x.x....x.x.x...........x........x.x.x.x....x.x.x.........x,1403,Hard,True
puzzle_432,17,AAAAAAAAA*A**A*AAA*AAAA*AAAAA*AAAA***AAA*AAAA**AAAA*AAA**AAAAAA*AAAAAA*A*AAAA***AAAAAA*AAAAAAAAA*A*A*AA*AAAAAAAAAAAAA**AA*A***AA*AAA*A*A*A*A*AAAA*AAA*AAA**AA*AAAA*A*A*AAAAAAAAAAAA*AAAA**AA*A*AAAAA*AAAAAAAAAA*AAA*AA*AA**AAA*AAA*AAAAAA*AAAAA*AAA*AAAAA***AAAAA*AAA*AA*AAAA*AAAAAA***A*A**A*AAA,..x.x.x........x.x........x.x.x......x.x.x.......x..x.......x.x.x......x.x.x........xx.........x.x.x....x.x.x.x..................x.x.x.x.x.x.x..x..................x.x.x.x.x..x.x.x..................x.x.x.xx.x...x.x............x......x.x.x.x.x....x.x............x.....x.x.x..x.x...x.x.......,1405,Hard,True
puzzle_433,17,**AA*A*AAAAAA*AAAAA*****AAAAAAA*AAAAAAAA*A*A*A*AA*AAAAAAA*A*AAAAAA*A**AA*A**AAAAAAAAAAAAAA*AAAAAAAAA*A*AAAAAA*A*AAA**AAAAA***A***A*A*AAA**AA**AAA**AAAA*AAAAAA**A*AA*AAAA**AAAA*AAAA***AAAAA*A**A**AAAAAA*AAA*A*AAAAAAAA*A**AA*A*AA*AAAAAAAAAAAAAA*A*AAAAAAAA*AA*A**AAAA*AA*AAAA*AAAA**AAAAA***AA,...x.x.x.......x..x.......x.x.x......x.x.x........x.x........x.x.x.....x.x..x.......x.x........x.x.x......x.x.x.......x.x........x.x.x.....x..x.x.......xx.........x.x.x....x.x.x.x........x..........x.x.x...x.x.x..x.......x..........x.x.x...x..x.x.x.......x..........x.x.x...x.x..x.x.......,1407,Hard,True
puzzle_434,17,AAAAAA*AAAAAAAAAA*AA*A*AAAAAAAA**AAA*A*AAAAA**A*AAAAAAA**AAA*AAAAAAAAAAAAAA**AAAAA*AA*AAAAAAAAAAAAA*AAAA*A*AAAA*AA***AAA*AA***AAA*A*AAAAAAAAAAAAAA**AAA*AA*A*AA*AAA*AAAAAAAAA**AAAA*A*AA*AAAAAAAAAA*AA*AAAAAAAA*AAAAAAA**A*AAA**AAAA*AAA*AAAAA*AA*A*AAA*A***AAAAAA*AAAAA*AAAAAA*AA**AAAAAAAAAA**A,.x.x.x........x..........x.x.x...x.x.x..x.......x..........x.x.x...xx.x.x.x...................x.x.x.x..x.x.x.x..................x.x.x.x..x.x.x.x..................x.x.x.x.x.x..x.x...................x.x.x.x..x.x.x.x........x...........x.x.x....x.x.x.x......x.x..........x.x.....x..x.x.x.....,1409,Hard,True
puzzle_435,17,AAA*A*AA*A*AAAAA*AAAAAAAAAAAAAAAAAAA*AAAAAA*AAAAAAAAAAA**A**AAA*AAAA*AAAAA*AA*AA*A*A*AAAA*AAA*AAAAA*AA*AAAAAAA*A*A*A*A**AAA*AAA*AAA*AAAAAAA**AAA*AAAAAAAAAAA**AAA*AAAAAA*A*AAAAAAAAAA***AAA*AAAA*AAAAAAAAAAA*AAAA*A*AAA*AAAA*AA**AAA*A*AAA**AAAA*AA*A*A*AAA*AAAA*AAA**A**A**A**A**A*AAAAA*A*A*A**,x.x.x.x...................x.x.x.x..x.x.x.x..................x.x.x.x..x.x.x.x..................x.x.x.x..x.x.x.x..................x.x.x.x.x.x..x.x...................x.x.x.x.x.x..x.x..................x.x.x.x..x.x.x.x........x.........x.x...x....x.x.x.....x..x.x.......x.....x....x...x...x.x..,1410,Hard,True
puzzle_436,17,A*AAAAAAAAAAA*AA*AAAA****AAAAAAAAAAAAAAAAAAA*A*AA**A*A*AAAA*A**AAAA*A*AAAAAA*AAAAAAAAAAAAAA**AA*AAAAAAA**AAA*AAA*AAA*AAAAAA***AA**A*AAAAAAAAAAAAAAAAAA**AAAAA**AA*AAAAAAAAAA***AAAAAAAAA**A*A*AAAA*AAAA*AA*AA*AA*AAA*AAAAAAAA*AAA*A******AAAAAAAAAAA*AA*A*AA*AAA*AAAAAA*AA*A*AAA*AAAAA**AAAAAAA*A,....x.x.x.x......x.x..........x.x.....x.x.x..x.....x.x..........x.x.....x.x..x.x.....x.x..........x.x......x.x.x.x......x.x.........x.x......x.x.x.x......x.x..........x.x......x.x.x.x.....x.x..........x.x.....x.x.x..x.....x.x..........x.x.....x.x..x.x....x.x...........x.x....x...x.x.x....,1412,Hard,True
puzzle_437,17,AAAAAA***AAAAA**AA*AAAA*A*AAAAAAAAA*AA**AAA*A**AAAA*A**A*A*AAAAAAAAAAAAAAA**A**AAAAAA**AAAAA*A*AAAAA**AAAAA***AAAAAAAAAAAAAAAAAAA*AA*AAAA*AA*AAAA**AAA*AAA*A*AAAAAA*AA***AAA**A*AAAAAAAA*AA*AAAA*AAAAA**AAAAA*AAA*A*AAA*AAAAA*AAA*AAAA*AA*AAAAAA*AAA**AA*AAAAA*AAAA*A*AAAAAA*AAA**AA*AA**AAAAAAA*,.x.x.........x..x.....x.x.x.x.....x.x...........x.x....x.x.x.x......x.x.........x.x......x.x.x.x.......x..........x.x.x...x.x.x.x.......x..........x.x.x...x.x.x.x........x.........x.x..x...x.x.x.x..................x.x.x.x.x.x.x.x..................x.x.x.x..x.x.x.x..................x.x.x.x.,1414,Hard,True
puzzle_438,17,A****AA*AA*A*AAA*AAAA*AAAA*A*AA***A**AAA*AAAAAAA*AAAAAAAAAA***AAA*A**A*A*A*A*AAA*A*AA*AAA*AAA**A*AA*AAAA*AAA*AAAAA*A**AAA*A*AAAAA*A*A*AA*A*AAAA**AAAA*A*AAAAA**A*AAAAA*AAAAA*AAAA*A*A*AAA*AAAA*A*AAAAAAAAA*AAAAAA*AA**AAAAAA*AAA*AAA*AAA*AAA*A***AAAAAA**AAAAA*AAAA*AAA*AAAAAAAA**AAA*AAAA**AAA*A,.........x.x.x.x..x.x.x.x..................x.x.x.x..x.x.x.x..................x.x.x.x..x.x.x.x..................x.x.x..x.x.x.x.x...................x.x.x.xx.x...x.x............x.......x.x.xx.x.....x.x..........x.x.....x..x.x.x.....x.x..........x.x.....x.x..x.x.......x.....x....x.x.x.....x..,1416,Hard,True
puzzle_439,17,A*A*AAAAAA*AAA*A*A*AAAAAAAAA*AAAAAA*A**AA*AAAA***AAAAAAA***AAA*AAAAA*AAA*AAAA*AAA**AA*AAAA*****A*AAAAAAAAAA*A*AAA**A***AAA*AAAAA**AAAAAAAAA*AA*AAAAAAA*AAAA**AA*AAAAA*AAAAA**AAA*A*AAA*AAAAAAAAAAAA***A*AAAAAAAAAAAAAA*A****AAAAA**AA*A*AAAAA*AAAA*A*AAAAA**AAAAAA*AA****A*AAAAAAAAAAA*AA*AAA*AA*,x.x...x....x.........x...x....x.x.x.x...x...x..........x.......x.x.x.x....x.x.x..........x.......x.x.x..x...x.x.x......x...........x.x.x..x.x..x.x.......x..........x.x.x....x.x.x.x........x.........x.x.x....x.x.x.x........x.........x.x.x....x.x.x.x........x..........x.x.x...x.x..x.x......,1417,Hard,True
puzzle_440,17,*AA*AAAAAA**AA*AAAAA**A*A*AAAAA*AA*AAAAAAAAAA**A**AAA**A*A**AAAAA*AAA*AAAAAAAAAA*AA**AAAAAAAAA*AAAAAAAA*AAA*AAAAA*A*AAAAAA*AAAA****A*AA*AAAAAAA*A*AAA*AAAAA*AAAA****AAAA*AA***AAAA**AAA*A*A*AAA*AAA**AAAAAA*A*A*AAAAA*AA*AA*AA*A*A*AAA**AAAA*A**A*A*AAA*AA*AAAAAAAAAAAAA*AAAAAAAAAA**A*A*AAAAAAA*,..x.x.x..x.......x..........x.x.x....x.x.x.x........x.........x.x.x....x.x.x.x........x..........x.x.x....x.x.x.x......x.x.........x.x.......x..x.x.....x.x.x........x.x.......x.x..x.....x.x.x........x.x........x.x.x.....xx.x.x........x.........x.x..x...x.x.x.x........x..........x.x.x...x.,1419,Hard,True
puzzle_441,17,**AA*AAA*AAAAA*AAAAAA*A*AAA*AAAAAAAAAAAAAAAAAA**AA**AAAAAAA*A*AAAAAAAA*AAA*AAAAA*AAAA*AAAAAAAAAA**A*AAAAA***AAAA*AAA*AA*AAAAAA*AAA***AA*AA*AA*AAAAAAA*A*AAAAAAAAAAAAA*A*AAA*AAA*AAAAAAAAAAAAAAAAAAAAAA*A*A*AAAAAAA*AAAAAAAAAAAA**AAAA***AA*AAAAAA*AAAAA***A*AAAA**A*AAAAAA*AAAAA**AAAA*AAAA*AAAAA,.......x.x.x...x..x.x.x.......x..........x.x.x...x..x.x.x.......x..........x.x.x...x..x.x.x.......x..........x.x.x....x.x.x.x........x..........x.x.x...xx.x.x.x..................x.x..x.x.x.x.x.x..................x.x.x.x..x...x.x.........x..x.....x...x.x..x.....x...x.....x..x.x.......x.x..,1421,Hard,True
puzzle_442,17,A*AAAAAAA*AAAAA*AAAA*AAAA*AAAAA*AAA*AA*AAAAAAAA**A*AA**AAAA*AAAAAAA**AAAAAAAA*AAAA**AAAAAA*AAA**AAA*A**AA*AAA*A*AAAAAAAA*AAAAAAAA**A*AAAAA*AAAA**AA*AAAAAAAA*AAAAA*AAAAAAAAAA*AAAAAAAA**AAAAAAAAA**AAAAA*A*AAAA*AAA*AAA*AAAA*AAA*AAA***AAAAAAA*AAA*AAAAAA***A**AAA**AAAAAAA*A*AA*A*A*A*AAAAAA**AA,...x.x.x...x......x.......x...x.x....x.x.x...x.....x........x...x.x...x.x.x....x.....x.......x....x.x...x.x.x...x..............x...x.x.x.x..x.x...x..............x...x.x.xx.x...x...x..........x.......x.x.xx.x.....x.x...........x......x.x.x.x.x...x.x............x.....x.x.x..x.x...x.x.......,1423,Hard,True
puzzle_443,17,AAAAA*AAAAAAAAAA*AAAAAA***AAAAAAAAAAAAAA*AA*AA*AAAAAA*AAAAAAAAAA*AAAA*AA*AAA*A*AAAA*AAAAAAA*AAAAAAA**AA*AA*AAAAAAAAAA*AA**AA*AAA*AAA*A*AAAAA***AA*AA*AAAAAAAAAAAA***AAAA*AA*AAAA*AAAAAAAA*A***AAAAAAAA*AA**AA*AAA*AAAAAAA***AAAA*A*AAA*A*AAAAAA*AA*AA*AA*AAAAA*AAAAAAAAAA*AAAAAAAAAAAAA*AA*AAAAA*,.......x...x.x.x..x.x.x...x..............x...x.x.x..x.x.x...x..............x....x.x.x.x.x.x....x..............x...x.x.xx...x.x...x........x.....x.....x.xx...x.x.....x......x.....x.x...x......x.x.....x...xx.x.....x.x..........x.x......x.x.x.x......x.x..........x.x.....x.x..x.x.....x.x.....,1424,Hard,True
puzzle_444,17,AAAAAAAAAAAA**AAAAA***AAA****A*AAAA*AAA*AAA*A***A*A**AAAAAAA*AAA***AAA*AAAAAA**AA*AAAAAA**AA*AAA*AAAAAA*AAAAA*A*AAAAAAAAAA**AAAA*AAAAA*AAA*AAA*A*A*AA**AAAAAA*AAA*AAAAAAA*A**A*AAA*AAA*AAA*AAAAAAAAA*AAAAA**AAAAAAAAAAAA*AAAAAAAA***AA*AA*A*AAAAA*AAAAAAA*AAAAAAA*A**AA*A*AA*AAA*AAAAAAAAAAAAA*AA,...x....x.x...x...x....x.....x...x....x...x.x...x....x...x.....x...xx...x...x.....x....x...x...x.x....x...x...x......x...x...x....x.x...x...x....x.....x...x....x...x.x...x....x...x.....x....x...x...x.x....x...x...x.....x....x...x...x.x....x...x...x......x...x...x....x.x...x...x....x.....x,1426,Hard,True
puzzle_445,17,AAA*AAAAAAAAA*AAAAAAAAAAAAAAAAAAAA**AAA*A**AAAAAAAAA*A*AAAAAAAA**AAAAAA*A**AAAA****AA**A***AAA*A*AAAAAAAAAA*AA*AAAA*AAAA*AAAAAAAAAA**AAAAAA*AAAAA*AAAA*AA*AA**A*AAAAAAA*AAAAAAA**AAAAAAAAA*AA*A*A*AAAAAAAAAAAAAA*A*AAAAAAAAAAAAAAAA*A*AAA*AAA**AAA**AA*AAAAA*A*A*AA*AAAAA*AAAA*AA**AAA***AAAAAAAA,.x..x.....x.x..........x.x.....x.x..x.x.....x.x..........x.x.....x.xx.x.x.....x............x.x.....x.xx.x.......x.x........x.x.x......x.x.x........x.x........x.x.x.....x..x.x.......x.x........x.x.x.....x..x.x.......x.x........x.x.x.....x..x.x.......x.x........x.x.x......xx..x........x.x..,1428,Hard,True
puzzle_446,17,AA*A*AAAAAA*AA*A**AA*AAAAAA*A**AAAAA**AAA***A*A**AAAAA*AA*AAAA**AA*AAA*AAAAA**A*AAA***AAAAAA*AAA*A**A*A*AAAAAA*AAA*AAA*A*AAAAAAAAAAAA*AAAAAAAAAAAAAAAAAA*AAAA*A**AAAA*AAAAAAAA*AAA****AAAAAA**AAAA*AAAAAA**AAAA*AAAA***A*AAAA*AAAAAA*AA*A*AAAAAA*A*AAAA**AAAAAA**AA*AAAAAAAAAAA**AA*AA*AAAAAA*AAA,......x.x.x.x......x.x.........x.xx.....x...x.x......x.x...x.......xx.....x.....x.x....x.x...x.x......x.....x......x.x...x.x....x.x.....x......x.....x.x....x.x...x.x......x.....x.....x.x....x.x...x.x......x.....x.....x.x....x.x...x.x......x.....x......x.x...x.x....x.x.....x......x.....x.x,1430,Hard,True
puzzle_447,17,*AAAAAAA**AA*AA*AAA*AAAAAA*AAAAAA*AAAAAAA*AAAAAAAAAAAA**AAA**AAA*AA***AAAAA*A*AAAA*A*AAAAA***AA*AAAA*A*A*AAA*AAA*AAAAAAAAAAAAAA*A*A*AA*AAAAA*AAAAAAAA**AAAAAA*A***A*AAAAA*AAAA*AAA*AAAAA*A*AA*A*A*AAA*AAAAAAA***AA*A*AAA**AAAA*AA*AAAAAAAAAA*A*AAAA*AAAAAA*AAAA*AA**AAA*AAAAAAA*AA*AAAAAAAAAAAA**,...x..x.......x.x.x......x.x.x........x.x.......x.xx.x.......x.x........x.x.x......x.x.x........x.x........x.x.x.....x..x.x.......x.x........x.x.x.....x..x.x.......x.x........x.x.x.....x..x.x.......x.x........x.x.x......xx.x.........x.x......x...x.x.....x..x...x.....x.x..x...x...x.x......,1431,Hard,True
puzzle_448,17,A***A*AAA**AAAA*AAAAAAAAAAAAAAAAA*AAAA*AAAAAAAAAA*AAAAA*AAAAA**AAAAAA*AAAAAA*AAAAA*A*AAAAAAAAAA***A*AAAAAAA*AA*A*AAA*AAAAAAAAAAAAAA*AA*AAAAAAAA**AAAAAA**AAAAAA*AAAAA*A******AAAAA**AAAAAA*A*AAA***A*A*AAAAAA****AA*AAA**AAAAAA*AA*A*AAA*A*AA*A**AAAA*A*A*A*A*AAA*AAAAAAAA*A*A**A*AAAAAAAAAA**AAA,......x.x..x.x...x.x.x..........x........x.x.x.x....x.x.x.........x........x.x.x.x....x.x.x.........x........x.x.x.x...x.x.x...........x......x...x.x.x..x.x.x...x..............x...x.x..x.x.x.x...x..............x...x...x.x.x.x....x...x.........x....x...x.x.x.x...x....x.........x...x....x.x,1433,Hard,True
puzzle_449,17,A**AAA*A*A*AAA*AA*AAAAAA**AAAA**A*AA***AAAAAAAAA*AAAA*AAA*AAAAAAAA*AA***A*AAAAAAAAA*AAAAAAAAA*AAAAAA*A**A*AAAAA*AAA**AAA*AAAAAAAAAAA**AAAA*AAAAAAA*AAAAA**AAAAAAAAAAA**AAA*AAA*A*A*AAA*AAAAAAAA*AAAAAAAA*AAA**A*AAAA*AAAAAAAAAAA*AAAAA*A*AAA**AA**AAA***AAA*AAAAAAAA*AAAAAAA*A***AAAAA*A***AAA*A*,.......x.x.x.x....x.x.x.........x........x.x.x.x....x.x.x..........x........x.x.x.x..x.x.x.x..................x.x.x..x.x.x.x.x...................x.x.x.x..x.x.x.x..................x.x..x.x.x.x.x.x...................x.x.x.xx.x...x.x............x.......x.x.xx.....x.x.x........x.x........x.x.,1435,Hard,True
puzzle_450,17,A*AAAAAAA**AAAAA*A**AAA*AAAAAAA*AAAA*A*AAA*AAAAAAAAAAAA*A*AAAA*A*AAAA*AAAA***AAAAAAA*AAAAAA*A*A*AA*AAAAAAAAA*AAAA*AAAAAAAAA*AAA*A*A*A**AAAAA*A*AAAAAAA*AAAAAAAAAAAA*AAAAAAA*A*AAAAAAAAAAAAAA*AAA**AAA*A*AAA*A**AA*AA*A*AAAAA*AAAAA*AAA*A***AA***A*AAAAAAAA*AAAAAAAA**AAA*A*AAAAAAAA*A*AAAAAAAAAAA,..x...x....x..x..x...x...x.......x......x...x.x.x...x.x....x.......x.....x....x.x.x...x.x...x........x.....x...x..x.x...x.x...x........x.....x...x.x.x....x.x...x.......x......x...x.x.x...x.x....x.......x.....x....x.x.x...x.x...x........x.....x...x.x..x...x.x...x........x.....x...x.x.x....,1437,Hard,True
puzzle_451,17,AAAAAA*AAA*AA*AA**AAAAAAAAAAAA*A*AA*AAA**AA*AAAAAAAA*AAAAAAAAAA*AAAA**A*AAA*AAAAA**A*AAAAAAAA*AAAAAAAAAA*AA*AAAA*AAAA*AAAAAAA*A***AA*AAAA**A*AA*AA*A*AAAAAAAAAAAA**AA*AA*A*A*AAA***AAAAAAAAAA*AAAAAAAAAAAAAAAA*A****AAAAAA*A*AAAAAA*A*AAAAAAAAAAAA*A***A**AAAAAAAAAAAAAAA**AAA**A**AA**AAAAAAA*AA,x.......x..x..x....x.x.x.........x........x.x.x.x..x.x.x.x..................x.x.x..x.x.x.x.x...................x.x.x..x.x.x.x.x..................x.x.x.x..x.x.x.x...................x.x.x.x.x.x.x.x..................x.x.x.x..x.x.x.x..................x..x.x.xx.x.x.x..................x.x..x.x.,1438,Hard,True
puzzle_452,17,AAAAA***AAA*AAA**AAAAAAAA*AAAA*AAA*AA**A*AAAAAAA**AAAAAAAAAAAAAAAAAAAAAAA*AAAAAAA*AAAA*AAAAAAA*AAAAAAAAAAAAA*AAAAAAAAAAA*A*AA***A****A*AA*AAAAAAAAAAA*AAAAAAAAAAA*AAAAAAAAAAA*AAAA*AAAAAA*AAAAAAAAAAAAAAAAAAAA*AAA*AAAAAA**A**AAAAAA**A*AAAA***A**AA*AAAAAA*AAAAAAAA*A**A*AAAAAA**AAAAAAAAAA*AAAA,..x.......x.x.x..x...x.x.........x..x.....x..x.x...x...x.x........x...x.....x.x.x....x...x.x.......x..........x.x.x...xx.x.x.........x........x.x.x.....x.x.x........x.x.......x.x.x......x.x.x.......x.x........x.x.x.....x..x.x.......x.x........x.x.x.....x..x.x.......x.x........x.x.x.....x.,1440,Hard,True
puzzle_453,17,*AAA*AAAAA*A*A**AAA*AAA**A**A*AAAAAA*AAA*AAAA**A*AAA*AA***A*A*A*AAAAAAAAAAAAAA***A*A*A*AA*AA*AAAAAAAAAAAA*AAA*AAA**A*A*A*AA**AA**AAA*AAA*A*AAAA*AA*AA*A*AAAAA***AAAAAAAA*AAAA**A*A*AAA**AA*AA**AAAAAAAAAAAAAAA*A*A*AAA*AAA*AA**AA**AA*AAAAAAAAAAAAAAA*A*****AAAAA*AAAAAA*A*AAAAA*AAA*AA**AAA*A*A*,...x.x.x.x........x.........x.x.x....x.x.x.x.......x..........x.x.x...x.x.x.x..................x.x.x.xx.x.x...x..................x.x.x.x.x..x.x.x..................x.x.x.xx.x..x.x..................x.x.x.x..x.x.x.x..................x.x.x.x.x.x.x.x..................x...x.x.x.x.x..x...x......,1442,Hard,True
puzzle_454,17,AA*AAAA*A*AAAAA*AAAAAAAAAAAA*A*A*AAAAA**A*A*AAA*AAA***AAAAAAAAAAAA*AAAAAAA*A***AA**A*AA**AA**AAAAAAAAAAAAAAAAAAAA*AAAAAA*AA*A**AA*AAAAAAA**AAAAAA*AAA*AAAAAAA***AA*A*AAA*AA**AA*AAA*AAA*AAAA*AA**AAAA*AAAAAAAA*AAAAA*AAA*A*AA*A*AAA****A*AA*AAAAAA*AAAAAAAAAAA**AAAA***AA*A*A*A***A*AA*AAA*AAA*AA,.x.x.x..x..................x.x.x.x.x.x..x.x..................x.x.x.xx.x.x..x..................x.x.x.x.x.x.x.x..................x...x.x.xx...x.x...x........x.........x.x.x....x.x.x.x......x.x..........x.x......x.x.x.x......x.x.........x.x......x.x.x.x......x.x.........x.x......x.x.x.x.....,1444,Hard,True
puzzle_455,17,AAAAAAAAAA*AAAAA**A*AAAAAAA*AA**AAA***AA*A**AAAAAA*A*A*AAA**AAAAAA*A*AA*AAA*AAAAAAA*AAAA*AAAA*AAAAAAAA*AAAA*AAA*AAAAAAAAAAAAAAA*AAA*AAA*AAAAAA*AAA*AAAAA*AAAAAAA*A**AA*AAAAAAA**AAAAAAAAAAAAAAAAAAAAA**AAAA*A*AAA**AAAAA*AAAAAAAA*AA***A*AA*A**AAAAAAAAAAAA**AAAA*AAAA*A***AA*AAAA**AAAA*AAAAA*AA,.x.......x..x.x.....x.x.x........xx.........x.x.x....x.x.x.........x........x.x.x.x..x.x.x.x..................x.x..x.x.x.x.x.x..................x..x.x.x.x.x.x.x..................x.x.x...x.x.x.x........x.........x.x.x....x.x.x.x.......x..........x.x.x...x..x.x.x.......x..........x.x.x...x.,1445,Hard,True
puzzle_456,17,AAAAAA*A*A*A*AAAAA**A*A*AAAAAAAA**A*AAAA*AAA*AAAAA*AA**AAAA*AAAAAAAAAAAAAAAAAA*AAA*AAA**AAAAAAAA*AA*A*AAAA****AAAAAAAAA*AA**A*A*AA*A*AAAAAAA**AAA**AAAAAA**AA*AAAAAAA*AAAAA**AA****AA*AAA*AA*A*A*AAAAAAA*AAAAA*AA**A***AAAAAAAAAA**AAA***AA*AA**A*AAA*AAAAAAAA*AAA***A*AAAA*AAAAA*A*AAAA**AAA*AA*,.x.x.......x...x......x.x.x...x...x.x........x...x......x.x.x...x....x.x.......x...x......x.x.x...x....x.x.......x....x.....x.x.x....x...x.x........x...x......x.x.x...x..x...x.......x...x..x...x.x.x..........x.......x.x.xx.x...x.x............x.....x..x.x.x.x...x.x............x.....x.x.x..,1447,Hard,True
puzzle_457,17,*AA*AAAAAAA*A*AAAA*A*A*A*AAAA**AAAAAAAAAAAAA*A*AAAA*A**AA*A*AAAA***A*AAAAA**AAAA*AAAAA*AAA**AA*A*AAAAAAAAAAAAAA*A*AAA*AAAAAAA**AAAAA**AAAAAAAAA**AA*AAAAA*A***AA*AA*AAAAAAAAAAAAAAAAA***A*AAAA*AAAAAA*AAAAAAAAAAA*AAAA*AA******A*A**A*A*A*AAAAAAAA*A*AAAAA*AAAAAA*A*AA**AAAAAAAAAAAAAAAA*AA*AAAA*,......x.x...x.x..x.x.......x.....x....x.x.x.....x...x........x.x...x...x.x..x.....x..x.........x.x...x..x.x.x.......x..........x.x.x...xx.x.x.x...................x.x.x.x..x.x.x.x..................x.x.x.x.x.x.x..x..................x.x.x.x..x.x.x.x..................x.x.x.x..x.x.x.x.........,1449,Hard,True
puzzle_458,17,AA*AAAAA**A**AAAAA**A*AAAAAAA*A*A*AAA*AAA*AAAAAA*AAAAA*AAAAAAAAAAA*AAAAA**AA**AAAAAAA*A*AAAAAAA*AAAAAAAA*A*AAA**A*AA*A*A*AA*A*AAAAAAA*A*AAAAAA*AAA*A*AAAAA*AAAAAAAAAAA**AAA*A*AAAA*AAAAAA*AAA**AAAAAAAAA**A*AAAA**AAAAAAAAAAAAAAAA*AAAAAA**AA*A*A**AAAAA*AAAAAAAA*AAAA**A*AA*AAAA*AA*AA*AAAAAAAAA,.x.x.x.........x........x.x.x.x...x.x.x..........x.......x.x.x.x.....x.x..........x.x.....x.x.x.x......x.x.........x.x......x.x.x.x......x.x.........x.x......x.x.x.x.....x.x..........x..x....x.x.x.x........x.........x.x.xx...x.x...x........x.....x...x.x..x...x.x.........x........x.x.x.x..,1451,Hard,True
puzzle_459,17,A*AAAAAA***AA*A*A*AA*AA*AA*A*A*AA**A*AAAAA**AAAAA*A**AA*A**A*A***A*AA*A*AAA*AAAAA***AA**AAA**A*A*AAAA*A*AAAA**AAAAAA**AAAA*AAAAAAAAA*AA*AAA*AA*******AAA*A**AAA*A*AAAAA*A*AA*A*AAA**AA*AAA*A**AAAAA*AAAAA*A*AA*AAA**A**AAAA*A*AA**A*AAA*A*AAAAAA*A*AAA*AAAAAAAA*A*AAAAAAAAAA*AAAAAAAAAAAA*AA*AAAA,x...x.x.....x......x.....x.x...x......x.x.....x...x..x.....x.x...x..x.....x.....x...x....x...x.x...x..x.x.........x...x....x.x.x.x......x.x..........x.x......x.x.x.x......x.x.........x.x......x.x.x.x......x.x..........x.x.....x.x.x.x......x.x.........x.x......x.x.x.x......x.x.........x.x.,1452,Hard,True
puzzle_460,17,AA*A*A*AAA*AAAAAAA***AAAAAAAA*A*AAAA*AAAA**A*AAA**AAAA*AAAAAAAAAA*AAAAAAA*AAAA**AA*AAA*AAAAAAAAAAAA*AA*AAA*AA*AAAAAAAAAAAAAAAAAAAAAAAA**AAAAA*AA*AA*AAAA*AAAAAAAAA*AAAAAAAAAAA*AAAA*AAAAA*A*A*AAAAAAA*AAAAAA*A*AAAAAA**A*A*AA*AAAAAAAAAAAAAAA*AAA*AA*AAAAAAA*AAAAAAAAAAAAAAAAAAAAAAAAAAAAAAAAAA*A,.x.x..........x.x.....x.x.x.x......x.x.........x..x.....x.x.x.x.....x.x..........x.x.....x.x.x.x........x.........x.x.x....x.x.x.x......x.x.........x..x.....x.x.x.x.......x..........x.x.x...x.x.x.x........x.........x.x.x....x.x.x.x.......x..........x.x.x...x.x.x.x........x.........x.x.x..,1454,Hard,True
puzzle_461,17,AAAAA*AAAAAAAA*A*AA**AAAAAAA**AAAAAAA*AAAAAA*A*A*A*AAAAA*AAAA**A*AA*AAAAA*AA*AAAAAA*AAAA*AAAAA**AAAAAAAAAAA*AAAAA*AAAAAAAAAAAAAA*****AAAA*A*AAA*A*AAAA*****AAAAAAA*A*AAA*A*A*AAA****AAA*AAA**AAAAAAA*****AAAAAA*AA**AAA*A***A*A*AAAAA*AAA**A*A*A***AA**A*AA*AAA*A*AAA*A*A***A****A*AA***AAAA*A*AA,...x.......x.x.x.x....x.x.x.........x........x.x.x.x...x.x.x..........x.......x.x.x......x.x.x.......xx.x.......x..x.......x.x.x......x.x.x.......x.x........x.x.x.....x...x........x.x...x...x.x.x......x...x.......x..x...x...x.x.x......x...x.......x.x....x...x.x.x.....x....x.......x.x...x.,1456,Hard,True
puzzle_462,17,AAA*AAA**A*AAA*AAAAAAAAAAAA*A*A*A*AAA*A*AAAA*AA*A*AA*AAAAAAA***A*AA*A***AAAAAAAAAAAAAAAAAAAAAAAAA**A*A*AAA*AAA*AAAA*AAAAA*AAA*AAA**AA*AAA*AA*AAAAA*AAAA*AAAAAAA*A**AAA*AA**A*AAAAA*AAAAAA*AAAA*AA**AA***A*AAA***AAAAAAAAA**AAAAAAA*A*AAA*AAAAAA*AA**AAA*A***AAAAAAAA*AAAAAAAAAAAAA**AAA*AAAA*AA**,.........x.x.x.x..x.x.x.x..................x..x.x.xx.x.x.x..................x.x.x.x...x.x.x..........x.......x..x.x.x...x.x.x..........x.......x.x.x.x....x.x.x.........x........x.x.x.x...x.x.x..........x.......x.x.x.x......x.x.........x.xx.....x.x.x........x.x........x.x.x.....x.x..x.....,1458,Hard,True
puzzle_463,17,AAAAA*AAA*AAAAAAAAA**AAAAAAAAAAAAA**AAAAAAAAAA**AAAAA**AA**AAAAAAAAAAAAAAAAAAA**AA*AAAA**AA***A*AAAAA***AAAAAAAAA*AAAAAAA*A**A**AAAAAAA*A*AAAAAAAAA***A*A*AAA*******AA*A*AAAAAAA**A*AA**AAAA*AAAAAAAA**AAA*AA*AAA*AAAAAAA***AAAA**A*AA**AA*AAAAAAAAAAAAAAAAAAAAAAAA*A*AAAAAAAAAAA*AAAAAA*AA*AA**A,..x.x.x.x........x..........x.x.x...x.x..x.x.......x..........x.x.x....x.x.x.x........x.........x.x.x....x.x.x.x........x.........x.x.x....x.x.x.x........x..........x.x.x...x.x..x.x......x...........x.x.x..x.x.x...x..............x...x.x.x.x..x.x...x..............x...x.x.xx.x...x...x......,1459,Hard,True
puzzle_464,17,AA**AAAAAAAAAAAAAA*AAAAAA*A*AAAA*AAAA*AA*AAAAAAAAAAAA*A***AAA*A*AAAAAA*A*AAAAAAAAA**AA*AAAAAAAA*AAA*AAAAAAAAAA*AAAAAAAAAAAAA**AAAAAAAAAAAAA*AA*AAAA*AAAAAAAAAA*AAAA*AAAAAAAA**A*AAAAAAAAAAAAAA*AA**AA**AA*AAA*AAAAAAAA*AA*AAAAAAA**A*AA*AAAAAAAAAAAAAAA*AAAAAA**AAAAAA*A*AAAAAA*AAAAAAA*AAAAAAAAA,.x....x.x.x.........x........x.x.x.x...x.x.x..........x.......x.x.x..x...x.x.x..........x.......x.x.x..x...x.x.x..........x.......x.x.x.x....x.x.x.........x.........x.x.xx...x.x...x........x.....x....x.x.x...x.x....x.......x.....x.....x.xx...x.....x.x......x...x.x.....x......x.....x.x...x,1461,Hard,True
puzzle_465,17,A*AAAAAAAAAAAA***AAAA*A*AAAAAA*AAAA*A*A*AAA*AAAAA****AAA*A*AAAAAA*AAA*A**AA*A*A*AAA*A**AAA*AAAAAA**AAA*AA**AAA*AA*A*AA*AAAAAAA*AA**AA**A*AAAA*AAA*AAA*A*AAA**AAA*A*A*AA**AAA**AAAA*AA*AAAAA**AA*AAAAA*AA*A*A*AA*AA*AAAAAAAA*AA**AAAAAAA*AA**A*AA*A*AAAAAAAAA*AAA**A*AAAAAAAA**A*AAAAAA*A*AAA*AAA*,x..x.......x.x........x.x.x.....x.x.x........x.x.......x.x.x......x.x.x.......x.x........x.x.x.......x..x.......x.x.x..x...x.x.x..........x.......x...x.x....x.x.x...x.....x........x...x.x...x.x.x....x.....x.......x....x.x...x.x.x...x......x.......x...x.x....x.x.x...x......x.......x...x.x.,1463,Hard,True
puzzle_466,17,AAAA*AAAAA**AAA**A*AA*A*AAAAAAAAAAAAAAAA*AAAA**AAAAA*A*AAAAAA*AAAAAAAA*AAAAAAAA*AA*AAAA*AAAAAAAAA*AAAA*AAAAAAAA*AAA*AAAA*A*AAA*AAAAAA*AAAAAAAAA*AAA*AAA*AAAAA*AAAA*AAAAAAAAAA*AAAAA**AAAAAA**AAA**AAAAAAAAAA***AAAA*AAAAAAAAAAA*A*AAAAAAAA***AAAAA*A*A**AAAAA*AAA*A*AA*AAA*AAAAAAA*AAAAAAAAA*AAA*,x.x..x.x..................x.x.x.x.x.x.x..x..................x.x.x.x..x.x.x.x..................x.x.x.x..x.x.x.x..................x.x.x.x.x.x.x.x..................x.x.x...xx...x.x.......x....x.....x...x...x....x.x...x...x...x......x...x...x...x.x....x...x...x......x...x...x...x..x...x...x..,1465,Hard,True
puzzle_467,17,*A*A*AAAA*AA*AA**AAAA*AA**AAAAAAAAAAA*AAAAA*A***AA*A*A*AAA*AAAAAAA*AAAAAAAA*A**A*AA***A**A*AAA*AAAAAAAAA*A*AA**AA*AAA*AAAAA*AAAAAAA*AA*AA*A**A***AAA*AAAAAAA***AAAAAAAAA*AAA*A*AA**AAA**AAAAAAA***A*A*AAA*AAAAAAAAA**AAAAAAAA*A*A*AAAAAAAAA**AAAAAAAAAAAAAAAAAA**A***AAAAAAA*AA*A***AAAA***AA*AAA,.x.x..x.x..................x.x.x.x..x.x.x.x..................x.x.x.xx.x.x.x..................x.x.x.x...x.x.x..........x.......x.x.x.x...x.x..x.........x........x.x.x.x....x.x.x.........x........x.x.x.x....x.x.x.........x........x.x.x.x...x.x.x..........x.......x.x.x.x....x...x.........x.x,1466,Hard,True
puzzle_468,17,A****AA*AA*A*AAA*AAAAAAAAA*A*AA***A**AAA*AAAAAAAAAAAAAAAAAA***AAA*A**A*AAA*A*AAA*A*AAAAAAAAAA**A*AA*AAAA*AAA*AAAAA*A**AAA*A*AAAAA*A*A*AA*A*AAAA**AAAA*A*AAAAA**A*AAAAA*AAAAA*AAAAAA*A*AAA*AAAA*A*AAAAAAAAA*AAAAAA*AA**AAAAAA*AAA*AAA*AAA*AAA*A***AAAAAA**AAAAA*AAAA*AAA*AAAAAAAA*AAAA*AAAA**AAA*A,.........x.x.x.x..x.x.x.x..................x.x.x.x..x.x.x.x..................x.x.x.x..x.x.x.x..................x.x.x..x.x.x.x.x...................x.x.x.xx.x...x.x............x.......x.x.xx.x.....x.x..........x.x.....x..x.x.x.....x.x..........x.x.....x.x..x.x.......x.....x....x.x.x.....x..,1468,Hard,True
puzzle_469,17,AAA*A*AAAA*A*A**AA*AAAAA*A****AAAAAAA*AAAA*AAAA**AAAAAAA*AA***A*AAAA*AAA*A*AAAAA**AAA*A*A*A*AA*AA**A*AAAA*AAAAAAAAAA***AAAAAA***AA*A*A*AAAAAAA*AAA*AAAAAAAA*A*AAAA**AAAAAAAA*AA*AAA*A*AAA*AAAA*AAAAAA**A*AAA**AA*AAAAAA**AAAAAAAAAAAAA**A*AAAAA*AA**AAA*AAAAAA*A*AAA*AAAA**A*AAAAAAA***A*AA*AAA*A,....x.x..x.x.....x.x..........x.x......x.x.x.x......x.x.........x.x......x.x.x.x......x.x..........x.x.....x..x.x.x.....x.x..........x.x.....x.x.x..x.....x.x..........x.x......x.x.x.x....x.x.x..........x.......x.x.x..x...x.x.x..........x.......x.x..x.x...x.x.x...........x.......x..x.x.x..,1470,Hard,True
puzzle_470,17,*AAAAAAAA**AAAAAA*A*A*AAAAAAAAAAAAAA*A*AAA*AAAAAAAAA*A*A**AAA*AAAAAAAAA*AA*A*A*AAAAAA**A***AAAAA*AAA*A*AA*AAA*****A**AAAAAA**A*AAA*AAA*AAAAAAAA*AAAA*AAAAAAAAAAAAAAAAA*A*AA*A*AA*AA*AAAAAAAAA*AA*AAAAAAAA*A**A*AAAA*AAAAAAAAAAAAAAAAAAAAAAAAAAA*AAA*AA***A*A*A*AAAA*AAAAA***AA*A**AA*AA**AAAAAAAA,.x.x.x.....x............x.x...x.x..x.x.x.....x............x.x....x.xx.x.x.......x..........x.x.x...x....x.x.......x...xx.....x.x.x........x.x........x.x.x.....x.x.x..........x.......x.x.x.x....x.x.x.........x........x.x.x.x...x.x.x..........x.......x.x.x.x....x.x.x.........x........x.x.x.,1472,Hard,True
puzzle_471,17,A*A**A*AAA**AAAAA*A*AAA**AAAA***AAAA*A*AA*A*AAAAAAAAAAAAA**AAA*AA**A**A**AAAAAAAAAAA*AAAAAA*AAAA*****A**AA*AAAAA*A*A*AAAAAAAAA*AA*AAAAAAAAAAAA*A*AAA*A*AAA*AAA**A*AAA*AAAAAAA*AAA*AAA*AA*A*A*AAA*AA*A**AAAAAAA*AAAAAA*AAAAA*AA*A*AAA*A*A*A*AAA**AAAAA*AAAAA***AAAAA*AAA*****AAA**AAAAAAAA**AAAA*A,.......x.x..x.x...x.x.x..........x........x.x.x.x...x.x.x..........x.......x..x.x.x...x.x.x..........x.......x.x.x.x....x.x.x.........x........x.x.x.x...x.x.x..........x.......x.x.x..x...x.x.x..........x.......x.x.x.x....x.x...........x.x....x.x..x.x.....x.x..........x.x.....x.x.x..x.....,1473,Hard,True
puzzle_472,17,AAAA*AAAAAAA**AA**AAAA**A*A*AAA*A*AA*A*AAAAAA*AA*A*A*AAA*A**AAA*AAAAAA*AAAAAAA*AAAAA*AAAAAAAAAAAA*AAAAA**AAA*AAAA**AAAAAAAAAAA*AA*A*AA**AAAAA*A*AA*A*A*A*AAAAAAAAAAA*AAAA*A**AAA**AA*A**AAA**A*A*AAAAAAAA***A*AAA*A*A*AAA*AAAA*AAA*AAAAAAA*AA*AAAAAAA*AA*AA*AAAA*AAAAA*AAAAAAAA*AAAAAAAAA**AA*A**,.x...x.x.......x....x.....x.x.x....x...x.x.......x....x.....x.x.x....x...x.x.......x....x.....x.x.x...x....x.x........x..x......x.x.x...x...x.x........x...x.....x.x.x....x...x.........x.x......x.x.x.x......x.x.........x.x......x.x.x.x.....x.x..........x.x......x.x.x.x....x.x.x.........x..,1475,Hard,True
puzzle_473,17,A*AAAAAAAAA*AA*A*AAAAA*AA*AAAAAA*AAAAAAAAAA*A**AAA*AAAAAA*AAAAA*AAAAAAAAA*A*AAAAAAAAAA*AA**AAAAAAAAAAAAAA*AA*AAA*AAAAAAAAA*AAAAAAAA*AAAAA**AAAAA*A*A*AAAAAA*AAA*AA***AA*AA**AAAA*AAA*A*A*A*AA*AAAAA*AAA*AAAAAA*AAAAAAAAAAAAAAAA*AAAAAAA*AAAAAAAAA*AAA**AAAAA**A*AAA*A*AAAA****AAA*AAAA*A*AAAA*AAA,....x.x.x......x.x.x.......x.x........x.x.x.....x..x.x.......x.....x....x...x...x.x..x.x...x...x..............x...x.x.xx.x.x.x...................x.x.x.x..x.x.x.x..................x.x.x.x..x.x.x.x..................x.x.x.x..x.x.x.x..................x.x.x..x.x.x.x.x...................x.x.x.x,1477,Hard,True
puzzle_474,17,**AAAA*AAAAAAAAAA*AAAAAAAAAAA*AAAAAAA*AAAAAAAAAAAAAA*AAAAAAAAAAAA*AA**AAAAAAAAAA*A*A*A*A**AAA**AAAAAAAAAAAAAA*AA**A*AAAAAA*AAA*AAAAA*A*AAAAAAAA**AAAA*AA*A**A*AAAAAAAAAA*A*AAAAA**AAAA*AA*A**AA*AAAAAA*AAAAAAA*AAAA*A*AAAA**AAA**AAAAAA*AAAAAAAAAAAA*A*A*AA*AAAAA***AAAAAAAAAAAAAA*AAAAAAA*AAA**A,...x....x...x.x...x....x...x.....x....x...x...x.x..x.....x...x.....x..x.x...x....x...x.....x...x....x...x.x...x...x..........x...x...x.xx.x.x.......x...........x.x....x.x.x.x.x.....x............x.x...x.x..x.x.x.....x............x.x...x.x.x.x..x.....x............x.x...x.x..x.x.x.....x.....,1479,Hard,True
puzzle_475,17,AAA*A*AAA**AAA*AAAAAAA**AAAAA***AA**AAA*A*AAA*AAA**A*AAAAA*A*AAAAAAAA*A*A*A*AA**AAA*AA*AAA*A*A*AAAA**A*AAAA*AAAAAAAA*AA*AAAAAAA*A**AA**AA*AA**AAAAAAAA*AAAAAA*AAAA*AA*AAAAA**AAAAAAA*AAAAAAAAAAAAAAAAA**A*AAAA*A**AA**AAAAA*AAAA*AAA*A*AA**A*AA*AAAAAA**AAAAAAA*AAAAA*A*A****AAAAAAAAA*AAA*A**AAA,......x.x....x.x.x.x.x.....x............x.x...x.x..x.x.x.....x..............x...x.x.xx.x.x.x...................x.x.x.x..x.x.x.x..................x.x.x.x..x.x.x.x..................x.x.x.x..x.x.x.x...................x.x.x.x..x.x.x.x........x.........x.x...x...x.x.x......x...x.......x.x....x,1480,Hard,True
puzzle_476,17,A*AAA*A*AAAAAAAA*AAAAAA*AAA*A*A*AAAAA*AA*AAA*AAA*A*AA*A***AA*AA*A*AAAAAA*A*AAA*AAA*A*AAAAAAA*AA*AAA*AAA*AAAAAA*A*AAAAAAAAA*AA*A*AAAAA*A**A**AAA*A*A*A*AAAA*A*AAA*A*A*AAAA***AAAAA**AA*AAAAAAAAA**A*A***AAAAA**A*A*A*AAAAAAAAAAAAA**AAAA**AAAAAAAAAAAAAAAA*AAAAAAAA*AAAAA*AAAAAA***AAAAA*AA*A*AAAA,....x.x.x..x.....x.x..........x.x......x.x.x.x......x.x.........x.x......x.x.x.x......x.x.........x.x......x.x.x.x.....x.x..........x.x.....x.x.x.x......x.x.........x.x......x.x...x.....xx.x.....x...x........x.....x...x.x.x....x.x...x.......x......x...x.x.x...x.x....x.......x.....x....x.x,1482,Hard,True
puzzle_477,17,A*AAAA***AAAAAA*A*AAAAAA*AA*AA*AA*AAAAAAA*AAAAAAAA*A*A*AAAAA**A*AAA*A***AAAAA*AAA*A*A*AAAA*AAA**AAA**AA**AAAAAA*AAAAAAA*AA*AAAAAAAAA*AAA*AAAA***A**AA*AAA*A*AAAAA*A*AAAA*A*AAAAAAA*AAA*AAAA*A*AAAAA*AAAAA*AAA*AAAAAAA**AAA*AAAAAAAAAAAA*A**AA*AAAAAAAAAAAA*A*AAAAA*AAAAAAAAAAAAAAAAAAAAAAAAAAAAAA,....x.....x.x...x..x...x.x.....x..x...x.....x.x......x...x.x.....x..x...x.....x.....x..x...x.x...x....x...x.........x.x......x.x.x.x.....x.x..........x.x.....x.x.x.x......x.x.........x.x......x.x.x.x.....x.x..........x.x......x.x.x.x......x.x.........x.x......x.x.x.x......x.x.........x.x.,1484,Hard,True
puzzle_478,17,AA*A*AAA*A*AAAAAAAAAAA**AAAAAAA*AAAA*AAA*AAAAAAA**AAA***AAA*AAA*A*AA*AAAAAAAAAAAA**AA*AAAAAA*A*AAAAAAAAAAAAAAAAA*AA**A*A*AAA**AAAAA*AAA**AAAA*AAAAAA**AAAAAAAA*A*AAAAAAA*A*AA*A*AAA*AAA*AAAAAAAAAA**AAAA*AAA*AAA*AAAA*****A*A*AA*A*A*A*AAA*A*AAAAAAAA*A*A*A*AA*AAA**AAA**AAAAAAAAAAAAAA***A***AAA,...x.x.x.x........x.........x.x.x....x.x.x.x........x.........x.x.x....x.x.x.x........x.........x.x.x....x.x.x.x.......x..........x.x.x...x.x.x.x........x.........x.x...x..x...x.x.....x......x.....x.x...x.x....x.x.....x......x.....x.x...xx.x.....x.....x........x...x.x...xx.x.x.........x..,1486,Hard,True
puzzle_479,17,AAA**AAAAAA*AAAA*AAA*AA*AA*AAAA*A*AAAA*AAAAAAAAA*AAAA*A*AAA**AA*AA*A*AAAAAAAA*AAAAAAAAAAAAAAAA*AAAAAA*A*A*AAAAA*AAAAAAAAAAAAAAAAAA*AAAAAA*A*AA**A*AAAAA*AA*A*AAAAA*AAAAAA*AA*A*AAAA**AAA*A*A*AAAAAAAAAA*AAA*AAAAAA*AAAAAAA*AAAA*AAA*AA*AAAA*AAAA*A*AAAAAAAA*AAA*AAAAAAA**A*AAAAA*A**AAAAAAAAAA*AA,......x.x.x....x.x.x.x........x..........x.x.x....x.x.x.x........x.........x..x.x...x.x.x.x........x..........x.x.x...xx.x.x.x..................x.x.x.x..x.x.x.x..................x..x.x.x.x.x.x.x...................x.x.x.x..x.x.x.x..................x..x.x.x.x.x.x.x..................x.x.x.x.,1487,Hard,True
puzzle_480,17,AA*A*AAAAAAA*A*A*AAAAAAAA*A*AAAAAA**A*A**AA***AAAAAAAAAAAAA**AAA*AA***A*AAAAAAA*AAAAAAAAAA*AA*AAAAA*AAAAAA**AAAAAAA*A**AAAAAAA****AA*A*AAA*A*AAAA*AAA*A*AAAAAAA*A*AA*AAA*AAAAAAAAA*AAA*AA*AAAAAAAA*AAA***AAA*AA**AAAAAAAAAA**AA*AAAAAA*AAAA*AAAAA**AAA*AAAAAAAAAAAAA*AAA***AA*AAAAAA*AAA*AAA**AA*,........x.x..x.x.x.x.x.x..................x...x.x.xx.x.x.x..................x.x.x..x.x.x.x.x..................x.x.x.x...x.x.x..........x.......x..x.x.x...x.x.x..........x.......x.x.x.x....x.x.x.........x........x.x.x.x....x.x.x.........x........x.x.x.x...x.x.x...........x......x..x.x..x..,1489,Hard,True
puzzle_481,17,AAAAAAA*A*AA**AAAAAAAAAAAA*A*AAAAA*A*A*AAAAAA***AAAAAA***AA*A*AAA*A*AAAAAAAAAAAAAAAAA**A**AAA**AAA*AAAA*AAA*AA**AAAA**AAAAA**AAAAA*A*A***AAAAAA*A***AAA*AAA*AAAAAAAAAAAAAAAA*AAA**A*AA*AA*AAAA*AAAAAAAAAAAAAAA*AAAAAAA*AAAAAA*AAA*AAAAAAAAAA**AA*AAAAAAA*AAA*AAA**AAAAAAAAAAA*AAA*AAA*AA***A*AAA*,..x...x.x.x......x...........x.x.x...x.x.x.x.......x..........x.x.x...x.x.x.x..................x.x.x.xx.x.x.x..................x.x.x.x...x..x.x.........x........x.x.x.x...x.x.x..........x.......x.x.x.x....x.x.x.........x........x.x.x.x....x.x.x.........x........x.x.x.x...x.x.x..........x.,1491,Hard,True
puzzle_482,17,AAAAA**AAAAA*AA**AAA*A*A*AAA***AA***A**AA*AAAAAAAAAA*A*AAAAA*A*AA*AAA*AAA*A*A*A*AAAAAAAAAAAAAAAAAAAA*AAA*AAA**AAAAAAAA*AAAA*A*A***AAAAAAAA*AAAAA*AA*AAAAAAAAA*AAAAAA*AAAAA*A**AAAAAA*AAAAAAAAAAA*AAAA*AAAAAAAAAAAA*AAAAA*AA*AAA*A*AAA***AAAAAA*AAA*AAAAAAA**AAA*AAA*A**A*AAAAAAAAAAAAAAA*AAA*AAAA,..x.....x..x.x...x...x.x........x...x.....x.x.x....x...x.x.........x........x.x.x.x..x.x.x.x...................x.x.x.x..x.x.x.x...................x.x.x.x.x.x.x.x..................x.x.x.x.x.x.x.x..................x.x...x.x.x.x.x......x...........x.x....x.x.x.x.x.....x............x.x...x.x.,1493,Hard,True
puzzle_483,17,AAAAAAAA*AAA*AAAA*AAA*A**A*AAAAAAA*AAA*AAAAAAA**AAAAA*A*AAA***AAAAAAAAAAAA*AAAAA*AA*AAAAAA*AAAA*AAAAAA*A**AAAAAA*AAAAAAAAAA*AAAAAA*AAAAAAA*AAAAA*AA*AAAAAAAAA*A*A***AAAAAAAA*AAA**AAAAAAAA*AAAAAAAAAAAAAAAAAA*AAA*A*AAA*AAAAAA*A*AAAAA*A*AA*AA**A**AA*AAAAAAAAAAAA*A*A*AAA***AA*AAAAA**AAAAA*AA**,.......x.x...x.x..x.x.x.....x............x.x....x.x.x.x.x......x............x.x...x.xx.x.x.x...................x.x.x.x..x.x.x.x...................x.x.x.x.x.x.x.x..................x.x.x.x.x.x.x.x..................x.x.x.x..x...x.x.........x..x.....x.x.x....x...x.x........x...x.....x..x.x...,1494,Hard,True
puzzle_484,17,*A**AA*AAA*AAAAA*AAAAAAAAAAAAAAAA*AAAA*A*A*AAA**AAA*AAA*AAA**AAAA*A*AAA***AAAAAAAA**A*A*A*AAA*AA*A*A*****AA***A*AAAAA*AAAAAA*AAA*A*AA*AAAA**AAAA*AAAAAAAAAAAAAAAAA**A***AA***AAAAAAAAAAAAAAA*AAAAAAAAAAA**A*A*A**AAAAAA*A*AAA**A*AAAAAA*AA*AAAAAAA**AA**A**AAA**AA*AAA*A***AA*A*A*AAAAA*AA*AAAA*A,.......x.x.x...x..x.x.x.......x..........x.x.x...x..x.x.x.......x..........x.x.x....x.x.x.x........x..........x.x.x...xx.x.x.x...................x.x.x.x..x.x.x.x...................x.x.x.x..x.x.x.x........x.........x.x.x....x.x.x.x........x.........x..x.x...x.x.x.x........x...........x.x.x,1496,Hard,True
puzzle_485,17,*A*AAAAAAAA*AA**AAAAAAA*AAAAAAAA*AAAA*AAAAAAA**AAAA*AAAA*AAA*AAAAAAAA*AAAAA*AAAAAAAAAAAA*AA*AA*A*AAAAAAAA**AAA*AAA*A*AA*AA**AAA*AAAAAAAA*AAA*A*AA*AAA*AA*A**AAA*AAA*AAAAAAAAAA*A*AA**AAA***A*A****A*A*AAAAAAA*A*AAA****AAAA*A***AA*AAA*AAA*AAAAAAA*A*AAAA*A*A*A*A*AA***AAA*AA**AAA*AAAA*A*AAAAAAA,....x.x.x.x........x.........x.x.xx...x..x.x.........x........x.x.x.x...x.x.x..................x.x.x.xx.x..x.x..................x.x.x.x..x.x.x.x..................x.x.x.x..x.x.x.x..................x.x.x.x.x.x.x.x..................x.x.x...x.x.x.x........x..........x.x.x...x.x.x..x.......x..,1498,Hard,True
puzzle_486,17,AAAAAAAAAAAAAAAAA***AA**AAA*AAAAAAAAAAAA*AAAAAAAA*A*AAAAAAAAAA**AAAAA**AAAA*AAAAAAAA*A**AA**A*AAAAAAAAAA*A*AA*AAAAAAAAAAA*A**AAAAAAA*AAAAAA*AAAAA*AAAAAAA*AAAAAAAAAAAAA*AAAA**A******AAAA*AA*A*AAA*AAA*A**AAAAAAA**AA***A*AAAAAAAA*A*AAA*AAAAAA*AAA**AAAAAAAAA**A*AA*A*AAAAA**A**AA*AA*AAAA*AAA*A,.x.x.x.....x............x.x...x.x..x.x.x.....x............x.x...x.x.x..x.x.....x............x.x...x.x..x.x.x.....x............x.x....x.xx.x.x.......x..........x.x.x.....x.x..x.......x.x........x.x.x.....xx.x.........x.x......x.x.x.x......x.x..........x.x.....x.x.x.x........x.........x.x.x,1500,Hard,True
puzzle_487,17,A**AA*A**AAA**AAA*AAAAAAAAA*A*AAAA**AAAAAA*AAA***AAAA*AAAAAAA**AAAAAA*AAA*AA*AAAA*AAAA*AAAAAAAAAAA*AAAAAA**A***AAAAAAAAAA**AAAAA****AA*A*AAAA**A*AAAAAAAA*AAAA*A*AAAAAAAAAAAAAAA****AAAAAAA*AAAAAA*AAAAA**A*AAA*A*AAAAAA*A*AAAAAA*AAAAAAAAA*AAAAAAAAAA*AAAAAA*AAA*AA*AAAAAA*A*A**A*A*AAAA*A*AAAA*,...x.....x.x...x..x...x.x.....x......x.....x.x....xx....x.x......x....x.......x.x...x....x.x.x.....x..x.x.......x.x..........x.x.....x.x.x..x.....x.x..........x.x.....x.xx.x.x.......x..........x.x.x....x.x.x.x........x..........x.x.x...x..x.x.x.......x..........x.x.x...x..x.x.x.......x...,1501,Hard,True
puzzle_488,17,AAAAAAA*AA*AAAA*AAAAA*AAAA*A***A*AAA*AAAA*AA*AAAAAAAA*AAAAAAA**AA**AAA**AA*AAA**AAAAAAAAAAAAAAAA*AAA*AAAAAA*AAAAAAAAAAAAAAAAAAAAA*AAAAAAAAA*AAA*AA*A*AAAAAAAAAAA*AAA*AAAAAAA*AA**AAAAAAAAA*AAAAAAAA**AAAA*AA*AA*AA*AAA*AAA*AAAAAAAAAAA***A*AAA**AAAAAAAAAA*AAA*AA*AAAA*A*AAA*AAAAAA*AAAAAAA*AA***,.........x.x..x.x.x.x.x.x..................x.x.x.x..x.x.x.x..................x..x.x.x.x.x.x.x...................x.x.x.x.x.x.x.x..................x.x.x.x.x.x.x.x..................x.x.x.x..x...x.x.........x..x.....x..x.x...x...x.x........x...x.....x.x..x...x...x.x........x...x.....x.x.x....,1503,Hard,True
puzzle_489,17,*AAAAAAAA**AAAA*AAAAA*AAA*****AAA***AAAAA*AAAAA***AA*A*AAA*A*A*A*AAAAA*AAAAAA*AAAAA*AA*AAA*AA*A**AAAAAAAA*AAA*AAA*AA*A*A*AAAAAAAAAA*AAAAAAAAAA*A*AAA*A*AAAAAAAAA*AA*AAAAAAA*AA*AAAAA*A*A*AAAAAAAA*AAAA*****A**A**AAAAAAAAAAA*AAAAAA**AAA*AA*AAAA*A*AA*A*AAAAAAA*AAAAA**AAAA***AAAAA**A*AAA**AAAAA,....x.x.x..x.....x.x..........x.x.....x.x..x.x.....x.x...........x.x......x.x.x.x....x.x.x..........x.......x.x.x..x...x.x.x..........x........x.x.x.x....x.x.x.........x........x.x.x.x....x.x.x..........x.......x..x.x.x...x.x.x..........x........x.x.x.x...x.x.x..........x.......x.x..x.x..,1505,Hard,True
puzzle_490,17,A*AA*AAAAAAAA**AAA*AAAAAA**A*AAAAA**A**AAA**A*A*A**AAAAA*A**AAAAAA*AA*A**AAAA*AAA*AA*AAAAAAA**AA*AAAAA**AA*AAAAAAA***AAAAAA**AA*AAA*A*A*AA*AAA*AAAAA*A**AAAAAAA**A*AAAAAAAAA*A*AAA*AAAAA*AAAAAAAAA**A***AAAAAA*AAAAA*A*AA*AA*A*A*AA*AAAAAAAAAAAAA*AAAAAAAAAAA**AAAAA***A*A**A*A*AA*AA*A*AAAA*A***,..x.....x.x.x....x...x.........x.x..x...x...x.x....x...x.........x.x......x.x.x.x.....x.x..........x.x.....x.x.x.x......x.x.........x.x......x.x.x.x......x.x.........x.x......x.x.x.x......x.x.........x.x......x.x.x.x.....x.x...........x.x....x.x.x...x....x.x.......x....x.....x.x.x....x...,1507,Hard,True
puzzle_491,17,AAA*AAA*AAAAA*AA*AA*AAAA*AA*AAAAAAAAAA*AAAAAAAAA*AAAA*AAAAAAAAAAAAAAAAAA**AAAAAAA**AAAAA*A*A**AAAAAA*A*AAAAAA**AA**A**A***AAAA*AAAAAAAA**AAA*AA*AAAAA**AAAA*AAAAAA**AAAAAA*AAA*AAAAAAA**AAA*AAAAAAA*AAAA*AAA*A***A*AAAAAAAAAAA*AAAAAAAA*A*AAAA*A*AAAAAAA*A*AAAAAAAAAA*AA*AAAAAAAAAA**AAAAAA**AAAA,..x...x.x..x.....x...x........x.x...x....x.x.x.....x...x........x.x...x...x.x.x......x...x.......x.x....x...x...x.....x....x...x...x.x...x....x...x.....x...x....x...x.x...x...x....x.....x...x...x....x.x...x...x...x......x...x...x...x.x....x...x...x.....x....x...x...x.x...x....x...x.....x.,1508,Hard,True
puzzle_492,17,AAAA**AA*AAA*AAAA*A**A*AAAAA*A*AAA*AAAA*AAAAA*AAAAA**AAAAAAA*AAA*AA**AAAAAA**AAAA**AA*AAAAAAAAAAAA*AA*AAAAAAAAAAAAA*AAAA*AAAAAA*AAAAAAA*AAA*A*AAAA*AAA*AAAAA***AA*AAA*AAAAA*AA*AAA*A*A*****A*AA**AA*AAAAAAAA*AAA*AAA*A*AAAAA*AAA**A****AAAAAAAA*AAA*AAA**A**A*AA*AAA****A*A*AAAAAA*AAA*AAAA***A**,.x.x..x.........x........x.x.x.x...x..x.x.........x........x.x.x.x...x.x.x..........x........x.x.x.x..x.x.x.x...................x.x.x.x.x.x.x..x..................x.x.x.x.x.x..x.x..................x.x.x.x..x.x.x.x...................x.x.x.x..x.x.x.x........x..........x.x.x....x.x.x.x.......,1510,Hard,True
puzzle_493,17,AAAAAAAAAAAAAAAA*AAA*AAA*A*AAA**A*AA*AAAAAAAA*AAAAA*AAAAAAAAAAAAAAAA*AAA*AAAAAAAAAAAA*AA*AA*A**AAAA**AA*AA***AA*AA**A*AAA**AAA*AAAAAAAAAA*AAA*A*A**AAAAAA*AA*AAAAA**A*AAA*A*AA*AAAAAAA*AAA*AAAAAAAAAAAAAAAAAAAAAA***AA**AAAA*AA**AAAAAAAA*AAA*AAAAAAA*AAAAAA*A*A*AAAAAAA*AAAAA*AAA*AAA**AAAAA*AA*,....x.x.x.....x..x.x.......x.x.........x.x......x.x.x.x......x.x..........x.x.....x.x..x.x.....x.x....x.......x.....x.x....x.x...x.x....x.x.....x.......x....x.x....x.x...x.x......x.....x......x.x...x.x....x.x.....x.....x......x.x...x.x....x.x.....x.....x......x.x...x.x....x.x.....x.....x.,1512,Hard,True
puzzle_494,17,AAAA*AAAAAAA*AAA*AAAAAA*AAAAA*A*A*AAAAAAAAAAAAAAAAA*AAAAAAA*AAA*A**AAAAAA**AAAAAAA*A*AAAAAA*AAAAAAA*AA*AAAAAA*AAAAAA*AAAAAAA*AA**AAAAAAAAAA***AAAAA*A*AAAAAAAAA*AAAA*AA*AA*AAAAAAAAAA**A*AAAAAAAA*AA*AAAAA*AAAA**AAAA*AAA*AAAAAAAAAA*AAAAAAAAAA*AAAAA*A*AAA**A*AAAAAAAAA*AA*AAAAAAAAAAAAA*AA**A*A,.........x.x.x.x..x.x.x.x..................x..x.x.x.x.x.x.x..................x.x.x.x..x.x.x.x..................x.x.x.x.x.x.x.x..................x.x...x.xx.x.x.......x..........x.x.x.....x.x.x........x.x.......x.x..x.....xx.x.........x.x......x.x.x.x......x.x..........x.x.....x.x.x..x.....,1514,Hard,True
puzzle_495,17,AAAAAA*AAAA*AAA*AAAAAAAA*****A***AAAA*AA*A**AAA*A**AAAAA*AAA*AAA**AAA****A**A*AAAAA*A*A*AAAAAAAA*AAAAAA*A**AAAAAAAAA*A*AAA**AAAAAAAA*AAA*A*AA*AA*AA**AA*A*AA*A*A*A*A*A**A*AAAAA*AAA*AA*AAAAAAAA*AAAAAAAAA**AAAAAAA*A***AAAAA**AA***AA*AAA*AAAAAAAAAAA*AAAA*AAA*A*AAAAAAAAAAAAAAAAAAAAAA*AA**AAAA*,........x.x.x.x....x.x.x.........xx.........x.x.x....x.x.x.x........x...........x.x.x....x.x.x.x......x.x..........x.x......x.x.x.x......x.x..........x.x......x.x.x.x....x.x.x...........x.......x.x.x.x....x.x.x.........x........x.x.x.x....x.x.x.........x........x.x.x.x....x.x.x.........x.,1515,Hard,True
puzzle_496,17,AAAAA*AA*A*AAAAAAAA*AAA**AAAA**AA**AAAA*AA*A*AA*AAA*AAA*AA***A*A*A*AAAAAAAA*A*AAAAAAAAAAA*AAAAAAAA*AAAAAAAA*AAA*AAAAAAAAAAAAAAAA*AAAAA*A***AAAAAA*A**A**AA*AAA*A*AA*AAAAA*AAAAA*AAA*AA*AAA**AAA**AA*AAA*AAAAAAAAAA*AAA*AAAAAAAAAAAA*A*AAA*A*AAAAAAAAAA*AAAAAAAA*AAAAAAAA*AAAA*AAAA*AAA*AAAAAAA*AA,...x...x.....x.x..x...x...x.x........x...x......x.x.x...x....x.x.......x....x.....x.x.x....x...x.x........x...x.....x.xx.x...x.....x........x...x.x.....x..x...x.....x.x..x...x...x.x........x...x......x.x.x...x....x.x.......x....x.....x.x.x....x...x.x........x...x.....x.x..x...x...x.x.....,1517,Hard,True
puzzle_497,17,AAAAAAAAA***AAAA*AAAAA*AAAAA*AAAAAA*AAA*AA*A*AAAAA*A*AA*A*AAAAA*AA*A*AAAAA**A*AA*AAAAAAAA*AA*AAAAA**A**AAAAAA*AAAAAAAAAAA*AAAAAAAAAAAAA*A**AAAAA**AAA*AAAAAAAAAAAAAAAAAAAAA**AAAAAA*A*AA*AAAAAAAAAAA*AAAAAA*AA**AAAAAA*AAAAA*AAAA*A*AAA*AAAA*AA**AAA*AAAAAA*AAA*AAA*AAAAA*AAAAAAAAAAAA*AAAAAAAA*A,..x.x.......x.x..x.....x.x.x........x.x........x.x.x......x.x.x........x.x........x.x.x......x.x.x.......x..x.......x.x.x......x.x.x........x.x.......x.xx.x.......x.x........x.x.x......x.x.x........x.x........x.x.x.....x..x.x.......x.x........x.x.x.....x..x.x.......x.x........x.x.x......x,1519,Hard,True
puzzle_498,17,AAA*AAAA*AA*A**AAA*AA**A*AAAAAAAAAA*AAAAA*AAAAAAAA*A*A**AA*AAA**AAAAAA*AAAA***AAAAAAA*A***A*AAAA***A*AAAAAAAA*AA*AA*AAA*A*A*AAA*AAAAA*AAAA*A*AAAA*AAAAAAAA**AAAAAAAAAAAAAAAAA**AAAAA*AAA*AAAA***AAAAAAAAAAAAA**A*A*AAA*A*AA**A**AA**A*AAA*AAA*AA*AAAAAAAAAAAAAAAAA**A*AAAA*AAAAAAAAAAA**AAAAA*AAA,.x..x.x.....x............x.x...x.x..x.x.x.....x............x.x...x.x.x.x..x.....x............x.x...x.xx.x.x.x...................x.x.x.x..x.x.x.x..................x.x.x.x.x.x..x.x..................x.x.x.x.x..x.x.x..................x.x.x.x..x.x.x.x...................x.x.x.xx.x.x...x........,1521,Hard,True
puzzle_499,17,AAA**AAAAAAAAAAA**A*AAAAA*A*AAAA*AAAAAAA*AAAA**AA*AAAAAAAAAA**A*A*AA*A***AAAAA*AAAAAA*AAA**AA*AAA*AAAAAAAAAAAAAAAA*A*AAA*AAAAAAAAAAAAAA*A**AA*A*AAAA**AAAAAAAAAA***AAAAA*A*AAA*AAA*AA**AAA*AA*AAA*AAAAAAAAAAAAAAA*A*AAA*AA*AAAA**A*AAA*AAAAAA*AAAAAA*AAAAAA*AAAAAAAAAAAAAAAAA*AAAAAAAA*AAAAAAAA*A,.x....x.x.x.........x........x.x.x.x...x.x.x..........x.......x.x.x..x...x.x.x..........x.......x.x.x.x....x.x.x.........x........x.x.x.x...x.x.x..................x.x.x.x.x.x.x.x..................x.x.x.x.x.x.x.x..................x.x.x.x..x.x.x...........x......x.x.x.x......x.x.........x.x,1522,Hard,True
puzzle_500,17,AAAAAAAAAAAAAAAAAA**AAA*AAAAAA*A*A*AAA*AAA*AAAAAAA*AAAA*A*AAA*AAA*A*AAAAAAAA*A*A*AA**A*AAA*AAAA*A*AAAAAAAAAAA**AAAAAAAAA*AAAAAAA*AA**AAAAAA***AAA*AAAA**AAA*AA*A*AA*AAAAAAAAAAAAA*AAAAAAAA**AAAAAA*AAA*AAAAAAAAAAA*AAAAAAAA**AAAAAA**A*AA*AA*A***AA*AA*AAA*AAAAAA*AAAAA*A***A*AAAAAA*AAAAAAA*A*AA,.x.x........x.x.......x.x.x......x.x.x.......x.x........x.x.x.....x.x.x........x.x.......x.x.x......x.x.x.......x..x.......x.x.x......x.x.x.......x.x........x.x.......x.x.x......x.x.x........x.x.......x.x..x.....x.x.x....x....x........x.x...x...x.x.x......x...x.......x.x....x...x.x.x.....,1524,Hard,True
puzzle_501,17,AAA*A*AAA*AA*AA*AAAAAAA*AAA***AAAAA*AAAAA**AAA*A**A*AAAAAAA*A*A*AAAAAAAAAA*AAAAA*A**AAAAAAAAAAAAA*AAA*AA*A*AAA**AAAAA*AAAAA*AAAAAA*AAA*A*AAAA*AA*A**AAA*AAAAAA*AAAAA*AAA*A**AAAA****AAAAAA*AAA*AAA*AAA*AAAAAAAAAAAA*AAAAA*AAAAA***AA*AAAAAAA*A*AAAA*AAAA*AAAAAA**AAAAAAAAA*AAAAAAAAAAAA*AAAAA*A*A,x.x........x.x........x.x.x.....x.x..x.......x.x........x.x.x.....x..x.x.......x.x........x.x.x.....x..x.x.......x.x........x.x.x......x.x.x........x.x........x.x.x.....x..x.x.......x.x..x.....x.x.x........x.x.......x..x.x.....x.x.x........x.x.........x.x......x.x.x.x.....x..x.........x.x,1526,Hard,True
puzzle_502,17,***AAA*AAA*AAAA*AAAAA*AAAAA**AA*AA**AAAAAAAAAAAAAAAAAAAA*A*A***AAAA*A*A*****A*AAAAAA*AAAAAAA*AAAAA**AAAAAAAAAAA*AAA**AAAAAAAAAA***A**A*A*AAAAA*AAAAAAAA*AAAAAAAAA**A*AAA*A*AAA*A*AAAAAA**A*AA*AA**A**AAAAAAAAA*A*AAA*AAA*AAAAA*AA*AAAA*AA*AAA*AAAAAAAAAA*AA****AAAAA*AAA*AAAAAA**A*AA*A*A*AAAAA*A,.........x..x.x.x.x.x.x.x..................x.x.x.x.x.x.x.x..................x.x.x.x..x.x.x...........x......x.x.x.x.....x.x..........x.x.....x.x..x.x.....x.x..........x.x.....x.x.x.x......x.x.........x.x......x.x.x.x.....x.x..........x.x.....x.x.x..x.....x.x..........x.x.....x.x.x.x......,1528,Hard,True
puzzle_503,17,A**AAA*AAAAAAA*AAAAAAAAAAAAAA*A*AAAAA*AA*A*A*AAAAAAAAAAAA*AAAAAA**AAA**AAAA*A*AAAA*AAAAAAA*AAAAAA*AA**A*AA*AAAA**AAAAA*A*AAAAAAAAAA*A**A*AA*AAAA**AAAAAAAA*A*AAAAA*AAA*AAAAAA*A**AA*AAAAAAAAAAAAAA**AAA**A*A*A*A*AAAAAAAAAA**AA*AAAAAAAAAAAA*AAAAAAAAAAAAAA*AAAAAAA*AAAAAAAAAAA*AAAAAAAAAA*AAAA**,.....x.....x.x.x..x.x...x.x............x.....x..x.x.x.x...x.x............x.....x.x.x..x.x...x.x............x.....x.x.x.x.x....x.x...........x.......x.x.xx.x...x...x..........x...x...x.x...x....x...x.....x...x....x...x.x..x.....x...x.....x..x.x...x...x....x.....x...x....x...x.x...x....x...,1529,Hard,True
puzzle_504,17,AAAAAAAAA*A*AA*AAAAAA*AAA*AAAA*AA**AAAAAAA*AA*AAAAAAAAAAA*A*AAA*AAA*AAAAAAA*AAAAAA*AAAAAAA*AA**A*AAAA*AA**AAAAAAA*A*AA**A**A*AAAAA*A*A*AA*AAA*A*A*A*A*A*AAAA*AAAAAAA*AA*AAA*A*AAAAAA*AA*AAA***AA*AAAAAA*AAA*A*AAAAAAAAAA*AAAA***AAAAAA**A*AAAAAAAA*A*AAA*A*AAA*AAAAAAAAAA***A*AAAA*AAAAA*A*AA*AAA,.......x..x.x...x.x.x.x........x.........x.x..x...x.x.x.x........x..........x.x.x...x..x.x.x.......x..x.......x.x.x........x.x.......x.xx.x.....x.x..........x.x......x.x.x.x.....x..x.........x.x......x.x.x.x......x.x..........x.x.....x.x..x.x.....x.x..........x.x.....x.x..x.x.....x.x.....,1531,Hard,True
puzzle_505,17,*AAAAAAAAAAAAAAAAA*A*AAAA**AAA**AA*AAAA*AA***AAAAAAAAAAAAA*AAA**AA*AA*AAAAAA*AA*AAAA**AA*AAAAAAA*AAA*A*AAAAAAAAA*A*AA*AA*AA*A*AAAA*AA*AAAA*AAAA*AAAAAAA*AAA*A*AAAAAAAAAAAAAAAAA*A*AAAAAA**AA*AA*A*A*A*AAAAAAAAA*AA*A**AAAAAAAA**AAAAAA*A**AAA*AAA*AA***AAAAA*A****AA*AA*AAAA*AAAAAA*AAA*AAAAA*AA*,..x.x...x.....x..x.....x...x.....x..x.x.......x.x........x.x.x.....xx..x........x.x.......x.x.x......x.x.x.......x.x........x.x.x.....x..x.x.......x.x........x.x.x.....x..x.x.......x.x........x.x.x.....x.x.x........x.x.......x.x.x......x.x.x.......x.x........x.x.......x.x.x......x.x.x....,1533,Hard,True
puzzle_506,17,AA*A*AAA*A*AAAAAAAAAAA**AAAAAAA*AAAA*AAA*AAAAAAA**AAA***AAA*AAA*A*AA*AAAAAAAAAAAA**AA*AAAAAA*A*AAAAAAAAAAAAAAAAA*AA**A*A*AAA**AAAAA*AAA**AAAA*AAAAAA**AAAAAAAA*A*AAAAAAA*A*AA*A*AAA*AAA*AAAAAAAAAA**AAAA*AAA*AAA*AAAA*****A*A*AA*A*A*A*AAA*A*AAAAAAAA*A*A*A*AA*AAA**AAA**AAAAAAAAAAAAAA***A*A*AAA,...x.x.x.x........x.........x.x.x....x.x.x.x........x.........x.x.x....x.x.x.x........x.........x.x.x....x.x.x.x.......x..........x.x.x...x.x.x.x........x.........x.x...x..x...x.x.....x......x.....x.x...x.x....x.x.....x......x.....x.x...xx.x.....x.....x........x...x.x...xx.x.x.........x..,1535,Hard,True
puzzle_507,17,AA*AAAAAAAAAAAAA*AAA*AA*A*AA**A*AAAAAAA*AAAAAAA*AAAAA*A*AA*AA***AAAAAAAA*AAAAAAAAAAAA*AAAAAA*AAAAAAAAA*AAA*AAA*AAA*A**A*AAAAAAA*AAA*AAAAAAA*AA*A*A*AAA*AAA*AAAAA*AAAA**AAAAAAAAAA*A*AAAAA*AAAAAA*AAA*AA**AAAAAA*AA**AAAAAA*AAA***AAA*AAAAAAA**A*A***A*AAA*AAA*AAAA*A****AAA***AAAAA**AAAAAAAAAAAA,x.....x....x...x...x.x....x...x...x......x...x...x....x.x...x...x....x.....x...x...x....x.x...x...x....x.....x...x....x...x.x...x....x...x.....x....x...x...x.x....x...x...x......x...x...x....x.x...x...x....x.....x...x...xx...x.....x...x....x...x.x...x....x...x.....x....x...x...x.x....x...,1536,Hard,True
puzzle_508,17,AA*AA*AAAA**AA**AA*AAAAAAAA*AAAA*AAAAA**AAAAA**AAAA*AA*AAAAAA*AAAAAAAAAA**AAAAA***AAAAAAAAA*AAAAAAAAAAAAAAAAAA*AAA**AA**AA*A*AAAAAAAAA**AAA***AAA**AA**AAAAAAAA*AAAA*AAAAAAAAA*AA*A*AA**AAAAAAAA**AAAA*AAA**A**A*AAAAA*AAAA**A*AAA*A*AAAAA**AAAAA*A*AAAAAA*AAAAAA**A*AAAAA*A**AAAAAAAAAAA*AAAAAAA,.x.x...x........x.....x...x.x.x....x.x...x.......x......x...x.x.x....x.x...x.......x......x...x.x.x...x.x....x.......x.....x....x.x.x...x.x...x........x.....x...x.x.x....x.....x.......x.x..x.x.....x.x....x.....x.x.....x....x.......x.x...x....x.x.x.....x...x........x.x...x...x.x..x.....x..,1538,Hard,True
puzzle_509,17,AAA*AAA*AAAAA*AAAA*A*AA*AA**AA**AAA***AAAAAAAAA*AAAAAA*AAA*AAAAAAAAA**AAAA***AA*AA*AAAAA*AAA*AA*A*****AA**A*AAAAAAA*AAAAAAAAAAAAAA*AAAAAAAAA*A*AAA*AAA*AAA*AAAAAA*A*A***AAAAA**AAAAAAAA*AA*AAAA*AAAAA*AAAAAAAA*AAAAA*AAA*AAAAAAAAAAAA*AAAAA*AA*AAAAAAAAA*A*A*A*AAAA*AAAA**A*AAAAAA**A*AAAAAA*AAAA,....x.x.......x.xx.x.....x...x........x.....x...x.xx.x...x.x............x.....x.x..x.x.x...x.x..................x.x.x.x.x.x.x.x..................x.x.x.x.x.x.x.x..................x.x.x.x...x.x.x..........x.......x.x.x.x....x.x.x.........x........x.x.x.x....x.x.x.........x........x.x.x.x...,1540,Hard,True
puzzle_510,17,AAA*AAAAA*AAA*AAAAAA*AA*A***AAAAAAA**AAAAAAA*AA*AAAAAAAAAAAA*A*AA*A**AAAAA*AAAAAAA*A*AAAAAAAA**AAAA**A*A*A*AAA*AAAA*AAA*AAAAA*A*A**AAA***AAAAAAAAA**A*AAAAAAAAA*A*AAAAAAA*AAAAAA*AAAAAAAAAA*AAAAAAAA**AA*AAAAAA*AAAAAAA*A**AAAAAAA*AAAAA*A*AAAA**A*A**AAAAAA*AA**AAAAAAAA**AAAAAAAA*AAAA*AA*AA*AA,......x.x..x...x.x.x.x........x..........x.x.x...x..x.x.x.......x..........x.x.x...x..x.x.x.......x..........x.x.x....x.x.x.x........x.........x.x..x...x.x.x.x........x..........x.x.x...x..x.x.x.......x..x.......x.x.x......x.x.x.......x..x.........x.x...x..x.x.x.x........x.........x..x.x.,1542,Hard,True
puzzle_511,17,A*AAAAAAAAAAA*AAAAA*AAA**AAA*AAAAAAAAAAA*AAAA*AA*AAA***AAAAAA*AAA***A*AAAAA*AA*A***AAA*AAA*AAAAAAAAAAAAAAAAAAA***AAAAAAAAA*AAAAAAA*AAA*AA*AAAAAAAAAAA*AAAA**AAAA*AAAAA**AA*A*AAA****A*A*A*A*AAA*AAAAAAA*AAAAA*AA**A**AAAAAA*AAA**AAAAAAAA***AAAAAAA*AA*AAAAAAAAAAAAAAAA*A*A*A*AAAAAAAAAA*AAA*A*AA,x.x.x.x..................x.x.x.x...x.x.x..........x.......x.x.x.x...x.x..x.........x........x.x.x.x...x.x.x..........x.......x.x.x.x......x.x.........x.xx.....x.x.x..........x.......x.x.x.x....x.x.x.........x........x.x.x.x...x.x.x..........x.......x.x.x..x...x.x.x..........x.......x.x.x.,1543,Hard,True
puzzle_512,17,*AAAA*AA*AAA*AAA*AAAAAAAA*AAAAAAAA**AAAAAAA*AAA*AAAAAAA*AA**AAA*AAAA***AAA*AAAAAAAAAAAAAAAA*AA**A*A*AAAA*AAAAAAAAAAAAA*AAAAAAA**AA**AAAAAA*AAAAA*AAAAAA*AAA*AA*AAAAAA*AAAAAA*AAAAAAAA*AAAA*AAAAA**AA*A**AAAAAAAAAAAA**AAAAAAAAA*AAAAA*AAAAAAAAAA*AA**AAAAAAAAAAAAAAA*AAAA*AAAAAAAAAAAAAAAAAAA**A*,....x.x..x.x.....x.x..........x.x.....x.x.x.x......x.x..........x.x......x.x.x.x......x.x.........x.x......x.x.x.x......x.x.........x.x......x.x.x.x......x.x..........x.x......x.x.x.x......x.x.........x.xx......x..x.x.......x.x........x.x.x......x.x.x........x.x.......x.xx.x.....x...x....,1545,Hard,True
puzzle_513,17,AA**AAAAAAAAAAAA*AA*AA*AAAAA*AA*AAAAAAAAA*AA*AAA**AAA*A*A*A*AAAAAAAAAAAA*AAAA**A*AAA**A*A*AAAAA*A*AAAAAAAA*AAAAAA**AAAA**AAAAAA*AAAAAAAAAAAAA*AAAAA**AA**AAAA*AA*AAAAAAAAAAAAAAAAA**AAA***A*A*AAAA*AAA*AAAAAAA*AAAAAAAAAA*AAA**AA*AAAAAAAA*AA*A*AA*AAA*****AA*AAA***AAAAA*A*AA*AAAAA*AA*AAA*AAAA*,....x.x.x.....x..x.........x.x...x..x.x.x.x..................x.x.x.x.x.x.x.x..................x.x.x.x..x.x.x.x..................x.x.x.x.x.x.x..x..................x.x.x.x.x.x.x.x..................x.x.x.x...x.x..x.........x........x.x.x.x..x.x..x..........x.......x.x.x.x....x.x.x.........x.,1547,Hard,True
puzzle_514,17,AA*AAA*AAAAA*AAAAA*AAAAA*AAA*A*AAA*AA****AAAA*AAA*AAAAAA*AAA****AAAA**AA*AAAAAAA*AAAAAA*AAAA**AAAAAAA*A*AAA*AAAAAAA*AAAAAAAA*A*AAA*A*AAAAAA*A*AAAAAA*AA*A*AAAAAA*AA*AAAAAAAAAAAA*A*AAAA*AAA*AAA***A*A*AAAAA**A*A*A*AAAA***AAA*A*A***AAAAAAAAAAAAA*AAAA*A*A**AA*AAA****AA*AAAAAA*AAA*A*A**A*AA*AAA,........x..x.x.x.x.x.x.x..................x.x.x.x..x.x.x.x..................x.x...x.x.x.x.x......x...........x..x...x.xx.x.x.......x..........x.x.x.....x.x.x........x.x.......x.x.x......x.x.x.......x.x........x.x.x.....x..x.x.......x.x........x.x.x.....x.x.x........x.x.......x.x..x.....x.,1549,Hard,True
puzzle_515,17,**AA*AA*A*A*AAAA**AAAAAA**AAAA*AAAAA*AAAAAAAA*AAA*AAAAA*AAA*AAAAAAAAA*AAAAAAAAA**AAAAAAAAAA*AAAAAAAAAA*AAAA*AAA*AAAAAAAAAA**AAAAAA**AAAAA*AAA*A*AA*AAA*AAA*A***A*AAAAAAAAA*AAAAAAAAAAAAAAAA*AAAAAAA***A**AAAAAAAAA*AA*AAAAA**AAAAAA***AA*AAAAAA**AAAAAA*AAAAAAAAAAA*AAAAAAAA*AA*A*AAA*A*A**A*AAAA,...x..x.x.x.......x..........x.x.x...x.x.x.x........x.........x.x.x....x.x.x.x........x..........x.x.x....x.x.x.x......x.x..........x.x.....x.x..x.x.....x.x..........x.x......x.x.x.x......x.x..........x.x.....x.x..x.x....x.x...........x.x....x...x.x.x....x.x...x........x.....x...x..x.x...,1550,Hard,True
puzzle_516,17,AAAAAAAAAAAAAAAAAAAAA*AAA*AAA*AAAA*AA*AAAA***AAAAAAAAAAA**AAAAAA*AA*AA**AAA*A*AAAAAA*AA*A**AAAAAAA*AAA***A*A*AA*AAAAA*AAA*A*AAAA*AA*AAAA*AA**AA*A*AAAAA*AAAAAA*AAA***A*A*AAAA*AAAAAAAAAAAA*A*AAA*AA**A**AAAAA*AA*AA*AAAAAA*AAAA**AA***A*AAAA*AAAA*A*AAAAAA*AAAAA*AAA***A*A*AAAAA*AA*AA*AAAAAA*AAA,.....x.....x.x.x..x.x...x.x............x.....x.x.x..x.x...x.x............x.....x.x.x..x.x...x.x............x......x.x.x.x.x....x.x............x.....x.x.xx.x.x...x..............x...x.x.x..x.x.x...........x......x.x.x.x....x...x.........x.x..x...x.x.x......x...x........x.x...x....x.x.x.....,1552,Hard,True
puzzle_517,17,AAAAAAAAAAAAA*A*AAAA*AAAAAAAAAAAA*AAAAA*AAA**A***AAAA*AAAAAAAAAAAAAA*AAAAAAAAA**A*AAAAAAA*A*AAAAA*A*AAAA*AAA*AAAAA*AAAAAA**AA*AA*AAAAAA*A*A*AAAAAAAAAAA*AAAAAAA*AAAAAA*AAAAAAA*AA*AAAA*AAAAAAAA****AAAAA*AAAAAAAAAA*AA*AAAAAAAAAAAAAA**AAAA**AA***A*AAAAAAAA*AAAA*AAAAA*AAAA*AA**AA**AAAAA*AAAAAA,..x.x.x.......x..x.......x.x.x......x.x.x........x.x........x.x.x......x.x.x.......x..x.......x.x.x......x.x.x........x.x........x.x.x......x.x.x.......xx.x.......x.x.........x..x.....x.x.x.x......x.x..........x.x.....x.xx.x.x......x............x.x...x.x..x.x.x.....x............x.x...x.x.,1554,Hard,True
puzzle_518,17,AAAAAAAAAAA*AAAAA**AAAAAA*AA*A**AA*AAAAAAAAAAAAAAAAAAA*AAAAAAAAA**AAA*AA**AAAA*AA*AAAAAAAA*AA*A***AAAAA*AAAA**A*AA**A*A*AAAA*AAA**AA*A*A**AA*A**AAAAAAA*AAAA*AAAAAA**AAA*AA*AAAAAAAAAAA**A*A*AAAAAAAA*AAA**AA*AAAA*AAAAAAA*AA*A**AAAAAAAAAA*AA*AAAAAAA*AAAAAAAAAAAAAAAA**A*AAAAA*A*AAAA**AAAAAAAA,.x.....x....x.x.....x.x....x.....x.x......x...x.x......x.x...x.....xx.x.....x...x........x.x.......x.xx.x.....x.x..........x.x.....x.x....x.....x.x.....xx...x.x......x.....x......x.x...x.x....x.x.....x......x.....x.x...x..x...x.x.....x......x.....x.x...x..x...x.x.....x......x.....x.x...x.,1556,Hard,True
puzzle_519,17,AAA**A*AAAAA*AAAAAAAAAAAAAA*AAA*A*A*AA*AAA*A*A*AAAAAA*AAAA*AAAA*AAAAAAAAAA*AAAAAAAA*AAAAAAA*A*A*AAAAAAAAAAAAAAA**AAAAA*AA*AA**AAAAAA***AA**AAAAAAAA*A*A****AAA***AAA*A*A*AAAA*AAAAAA*AAAA**AA**AAAAAAAA*AAAAAAAAAAAAAAA*AAAA*AAAAAAAAAAA*AA**AAAAAA**AAAA*AAAAAAAA*AAAAAAAAAAAAAA*AAAA**AA*****A*,.....x.x...x.x....x.x.....x.....x......x.x...x.x....x.x.....x.....x......x.x...x.x....x.x.....x......x.....x.x....x.x...x.x......x.....x......x.x...x.x....x.x.....x.....xx.......x...x.x......x.x...x.....xx.x.....x.....x......x.x...x.x....x.x.....x......x.....x.x....x.x...x.x......x.....x.,1557,Hard,True
puzzle_520,17,A**AAAAAA*AAAAAA*AAAAAA*AAA**AAAAA*AAAA*AAAAAAAAA**A*AAA*A**A*AAAAA*AAAAAAA*AAAA*AAAA**AAAAAA*AAAAAAA*A*A**A*AAAAAAAAAAAAA*A*AAA**AAA*AAAA*A****AAAAAAAAAAAAAAA*A*AAAAAAAA*A*A**A**AAAAAA*AAAAA*AAA*AAAAAAAA*A******A*AAA*AAAA*AAAAAAAAAAAAAAAAAAA*AA**AAA*AAAAAAAAAAAAAAA***AAAAAAA*AAAA*AAAAAAA,......x.x.x....x.x.x.x.......x..........x.x.x...x..x.x.x.......x............x.x...x.x..x.x.x.....x....x.........x...x.x..x.x.x.x........x..........x.x.x....x.x.x.x........x.........x.x..x...x.x.x.x........x..........x.x.x...x.x.x.x........x.........x.x.x....x.x.x.x........x.........x.x.x.,1559,Hard,True
puzzle_521,17,AA*AAAAAAA*AAAAAAA*AAAAA*AAAAAA*AAAAAA*AAA*AAA****AAA*AAA*A*A*AAA*AAAAAAAAAA*AAAAA*AAA**AAAAAA*AAAAAAA*AA*AAA**AAAAAA*AA**AA*AAA*AAA*AAA*AAA*AAAAAAA*A*AAAA*AA**AA*AAAAAAAAAAAAA*AAAAAAAAA**AAA*A*AA**AAAAAA*AAAAAAAAA*A**AAAA**A*AAAA**AAAAA*A*AAAAAAAAAA*A*AAAAA*A*A*A*AAAAAAA*AAAAAAAA*AA*AA**,...x.x.x...x.....x........x...x.x...x..x.x...x.....x........x...x.x...x.x.x....x.....x.......x....x.x...x.x.x...x..............x...x.x.x.x.x..x...x..............x...x.x.x.x.x.x....x.............x....x.x.x.x.x.x...x..............x...x.x.x.x.x.x....x.............x.....x.x.x.x..x...x.x......,1561,Hard,True
puzzle_522,17,A**A*A*AAAAA*AAAAA*AAA**AAA*A*A*AA**A*AAAA**AA*A*AAAAA*AAAAAA**A*AAAAAAAAA***AAAAAAAAAAA*A*AAA*AAAAAA*A*AAA*A*AAA***AAAA*AA*AAAAAA*A*AA*AAA*A*AA**AAAAA*AAA*AAAA*A*A*AAAA*AAAA*A***AAAA***AAA*AAAAAAAAAAAA**AA*AAAAAAAAA*AAAAAAAAAAAAAA*AAAAAAAAAA*A*AAAAAA**A*A*AA*AAA*A*AAAAAAAAA**A**AA*AAA*AA,...x.x.....x.x...x......x.x.....x...x.x......x.x...x.....x.x......x...x.x.....x.x....x.....x.x.....x....x.x.....x.....x......x.x...x.x...x..x.....x.....x......x.x...x.x...x.x......x.....x.....x.x....x.x...x.x.....x......x.....x.x...x.x....x.x.....x.....x......x.x...x.x...x.x......x.....x.,1563,Hard,True
puzzle_523,17,*AAAAA*AAAAAAAAA*AA*AAA*AA*AA*A*A*AA*AAA*A*A*AAA*A*A*AA*A*****AAA*A*A*AAAAAAAA****A*AAAAAA****AA*AAA*AA*A*AAA*A*AAAAAA*AAA**A*****AAAAAA***A*AAAA*A**AA*AAAAA*AA***A*AAA*AAAA*A*A*AAA***A***AA*AA**AA**A*AAAA*A*AAAAAAA*A*AAAA*A**AAAA*AA*AAA*AAA*AAAA*A*AAAAAAA*A*AAAA*A**AAAA*AAAA*AA*AAAAA***A,.x...x.x.x..........x.......x.x.x..x...x.x.x..........x.......x.x.x.x....x.x.x.........x.........x.x.x....x.x.x.x.......x..........x.x.x...x..x.x.x......x...........x.x.x..x.x.x...x..............x...x.x.xx.x.x.....x............x.x....x.x.x.x.x......x............x.x...x.x..x.x.x.....x.....,1564,Hard,True
puzzle_524,17,A*AAAAAAAAAAAA*AA*AAAAA**AA*AAAAAAAA*AAAAAAAAA**AAA*A*AA*AAAA**AAA*AA**AAAAAAA*AAA*AAAA*A*AA*AAAAAA*AAAA**AA*AAAAAAAAA*AAA***AAA**AAAAAAA*A*AAAAAAA**AAAAAAAAA*A*AAAAA*A*AA*AAA*A***AAA*A*AAAAAA*A*AAAAAAAAAAA*AAA*AAAAA*AAAAAAAAAA*AAA*AA***AAA*AAA*AAAAA*A*A*AAAAAA*A*AAAAA**A*AAAA*A*AAA**AAAA,x.....x.x.x........x.x.......x.x........x.x.x.....x.x.x........x.x.......x.x.x......x.x.x.......x.x........x.x.x.....x.x.x........x.x.......x.x.x......x.x.x.......x.x........x.x.......x.x.x......x.x.x.......x.x........x.x.x.....x.x.x........x.x.......x.x.x......x.x.x.......x.x........x.x.,1566,Hard,True
puzzle_525,17,**A*AAAA*AAA**AA*AA*AAAAA*A***A*AAA*AAA***AA*A*AAAAAAAAA*AA*AAA*A*AAAAAAAAA*AAAA***AAAAA*AAAAAAAAAAAA*AA*AA*A*AAAAAAAAA*A*AAA*A*A*AA*AAA**AAAA*AAAA*AAA*AAAAAAA***AA*AAAA*AAAAAAAAA*AAAAAAA*A*AAAAAAA*AAAAAAAAAA*AAAAA*AAAAAAAAAA*******A**A*AAAA*AAAAAA*AAAAAA*AAAAAA*A**A*AAAAAA*A*AAAAAAAAAAAA,..x......x.x...x.x...x.x......x.....x.....x..x...x.x...x.x......x.....x.....x.x....x.x...x.x.....x............x.x...x.x.x.x.x......x...........x..x...x.xx.x.x.......x..........x.x.x...x...x.x........x...x.....x.x.x....x...x.x.......x....x.....x.x.x...x....x.x.......x...x......x.x.x...x...,1568,Hard,True
puzzle_526,17,AAAA**A*AAA**AA**AAAAAAAAAAA**AAA**A*AAAAAAAAAAAAAAAAA*AAAAAAA*AAAAAAA**A*AAA*AAAAAA*AAAAAAAA*AAAAAA*AA*AAAA*AAAAAAAAA*AAAAAAAAAAAAAA*AAA*AA*AA**AAAAAAAAAAAAAA*A*AAAAAA***AAAAA*AAAAAAAAA*AA*AAAAAAAAA*A*AAA*AAAAAAAAAA*AAAAAAAA*AAAA*A*A*AAAAAA*AA*AA*AAAAAAAA*A*AAA*AAAA*AAAA*A*AAA***A*AAA*AA,......x.x.x..x...x.x.x..........x.......x.x.x.x....x.x.x...........x........x.x.x.x..x.x.x.x...................x.x.x.x..x.x.x.x..................x..x.x.x.x.x.x.x..................x.x.x.x..x.x.x.x..................x.x..x.x.x.x.x.x...................x.x.x.xx.x...x.x............x......x.x.x.,1570,Hard,True
puzzle_527,17,AAAAAAAAA*A*AAAAAAAA**AA*AAAAA***AAA****A***A**AAAAA*AAA**AAAA*A*AA*A*AAA**A**A*A*A*AAAA*AAAAAAAAAAA*A**A**AAAAAA*AAAAA*AAAAAAAAA*A****AAAAAAAAAA*AA*AAA*AAAAAAAA*AAA*AAAAAAAA*A*AAA*AAAAAAA*AAAAAAAAA*A*AA*AAA**AAAAAA*A*AAA*AAAAAAAAA**AAAA*AAAAAA*AA*AAAAAA*AAAA*AAAAAA*AAAAAAAA**AAAAAAAAA*AA,x...x.x...x........x.....x...x...xx.....x...x...x....x.x...x...x....x.........x...x.x..x.x.x.x..................x.x.x.x..x.x.x.x........x..........x.x.x....x.x.x.x........x.........x.x.x....x.x.x.x........x..........x.x.x...x.x.x.x........x.........x.x.x....x.x.x.x........x.........x.x.x.,1571,Hard,True
puzzle_528,17,AAAAAAAAAA*AA**AAAAAAAAAAAAAAAAA*AAAAA*AAA**AAAA*AA*AA**A**AAA*AAAAAAAA**AA*AAAAA*AAAAAAA**AAAAAAAAAAAAAAAAAAAAAAAAAA*AAAAAA*AA*AAAAAAAAAA*AAA*AAAAAA**A*AA*AAAAAAAAAAAAA*AAAA*AAAA*****AA*AA*A***AAA*AAA*AAAAAAA*AAA*A**A**A*AA***AA**AAAAAAAAAAAAAAAAAA*AAAA*AA**A*A*AAAAAAA**AA*AA*AAA*AAAA*AA,.x.x.x.........x........x.x.x.x....x.x.x..........x........x.x.x.x..x.x...x.........x........x.x.x.x..x.x.x.x...................x.x.x.x..x.x.x.x..................x.x.x.x..x.x.x.x..................x.x.x.x.x.x.x..x...................x.x.x.x..x.x.x.x........x.........x.x.x......x.x.x.......x,1573,Hard,True
puzzle_529,17,AAAAAA**AAA*AA****AA*AAAA***AAAAAAAAA*AAAAAA*A**A*AAAAA*AA*A**A*AAAAA*A*A*A*AAA*****AA*A*A*A**AAAAAA*AAAAAAAAAAAAAAAAAAAA*A*AAAA*AAAA*A*A**AAAAA*AA*AAAAAAA**A**AAAAAA*AAAA***A*AAA*AAAAAAAAAAA***AAAAAAAAAAA*A**AAAAAAA*A*AAAAAAAAA****AAAAAAAA*AAAAAAAAA*AAA*AAAAA*A**AAA*AA*AAA***A*A*AA*AAA**,.x.x....x.x............x.....x.x.xx.x.x....x.............x....x.x.x.x.x.x...x..................x.x.x.x..x.x.x.x........x..........x.x.x....x.x.x.x........x..........x.x.x....x.x.x.x......x.x..........x.x......x.x.x.x......x.x.........x.x......x.x.x.x......x.x..........x.x.....x.x..x.x....,1575,Hard,True
puzzle_530,17,AA*AA*AAAAAAAA*AAAAA**AAA**AA**AAAA**A**AA*AAAA*A*AAAA*AA*AA**AAA*AAA**AAA*AAAAAAA*AAAA***AAAA*AA*AAA*AAAAAAAAAAAAAAA*AAA**AAA*AAAAAAAAAA*AA*AAAAAAAAAAA*AAA*AA*AA*A**AAA*AAAAAAAAAAAA**AAA*AAAAAA***AAAAAAAA*AA*AAAA*A*AA***AAA*AAAAA*AAAAAA**AA*AAAA**AAAAA*AAAAAAAA*AAAAAAAAA*AAA*AAAAAAAAAA*A,...x...x.x..x.....x...x........x.x...x...x.x.x......x...x.......x.x....x...x.x.x.....x....x.......x.x...x....x.x.x.....x...x........x.x...x...x.x..x.....x...x........x.x...x...x.x.x..........x.......x.x.xx.x...x...x..........x...x...x.x...x....x...x.....x...x....x...x.x...x...x....x.....x,1577,Hard,True
puzzle_531,17,**AAAAAA**A*AAA*A*A*AAA**A*AAAAAAAAAAAAAAAAA*A*AAA*AAAA**AAAA**AAAAA*AAAAAAAAAAAAAA**A*AA*AA*A**A*A*AAAA*AA*A**AAAAA***AAAAA*AA*AAAAA*A**A*AA*AA*AAAAA*AAA*AAA**AA*AA*AAAAA**AAAAAA*AA**AAA*A*AA***AAA*AAAAAAA*A*A*AAAAA****AAAAA**AA**A*AAAAA**AAAAAAA*A****AAA*AAAAAAAAAAA*AAAAAAA*AAAA*AAAA*AA,.....x.x..x.x.....x.x..........x.x.....x.x.x.x......x.x.........x.x......x.x.x.x.....x.x..........x.x.....x.x..x.x.....x.x..........x.x.....x..x.x.x.....x.x..........x.x.....x.x.x.x.......x..........x.x.x...x.x..x.x......x...........x.x.x..x.x.x.x..................x.x.x.x.x.x..x.x........,1578,Hard,True
puzzle_532,17,*AAAAAAAAAAAAAA*AAAAAA**AAAAAAAAAA*AA*AA**A*AAA**AAAAAAA*A**AAAAAAAAAAAA*AAA*A*A****A*AAA**AA***AAAAAAA*A*AAAA*AAA*AAA*A*A*A**AAAA*AAAA*AAA*A*AAA*AAAA**AAAAAAAAA*AAAAAAAAA*AAA**AAA*AA*AAAA*A**A*A*A**AAAAAA*AAAAAAAAAAAAAAAAAAA*A*A**AAAAA*AAA*AAAAAA**AA*A*A*A*AA*A**AA*AAAAAA*AAAAA*AAA*AAA*A,.....x.x..x.x.....x.x..........x.x.....x..x.x.x.....x.x..........x.x.....x.x.x.x......x.x.........x.x......x.x.x.x.....x.x..........x.x.....x.x.x.x......x.x..........x.x.....x..x.x.x.....x.x..........x.x.....x.x..x.x.....x.x...........x.x....x.x.x...x.....x........x...x.x...x..x.x...x....,1580,Hard,True
puzzle_533,17,*A*AA*AAAAAAAAAAAA*A**AAAAAAAAAAA*A*AAA*AAAAAA*AAA*AAA*A*A**A*AAA*AAA***AAAAAAAAAAAA*AAAA*A*AAA*A*AAAAAAAA*AAAAAAAAAAA*AAAAAAA**AAAAA*AAAAAA*AAAAAAAAAAAAAAAA***A*AAAAA*AA*A**AA*A*AAAAAAAAA*AA*AAA**AAAA*AAA**AAAAAAAAAAAAA**AAA*AAA****AA*AAA*AAAAAAA*A**AA**AAAAA*A*A*AAAA*AAAA*AAAA*AAA*AAAAA,....x.x.x...x....x.x.......x....x.....x.x.x....x...x.x........x...x......x.x.x...x....x.x.......x...x......x.x.x...x....x.x.......x...x......x.x.x...x....x.x.......x....x.....x.x.x....x..x.x.........x...x....x...x.x...x....x...x.....x...xx...x.....x...x........x.x...x...x.x.x......x...x..,1582,Hard,True
puzzle_534,17,**AAAAAAAAAA**A*A*AAAAA*AA*AAAAAAAAA**AAAAAAAAAAAAAAAA*AA*AAAAAAAAA**AAAAAA**AAAAA*AAA*AAA*A**A**AAAAAA*AAAAA*A*AAA***AAAAAAAAAAAAAAA*A**AAAAA*A*AAAA*AA*AAAA**AAAAAA*AAAAAAA*AAA*A*AAAAAAAAAAAAA*AAAAA*AAAAAA*AAAAAAA*AA*AAA*AAAA*AA*AAAA*AAA*AAAA*AAAAAAAA*AAAAAAAA*AAAAAAA*AA*AAAAAAA*AAAAAA**,...x.x.x..x.......x..........x.x.x....x.x.x.x......x.x..........x.x.....x.x..x.x.....x.x..........x.x.....x.x.x..x.....x.x..........x.x......x.x.x.x......x.x..........x.x.....x..x.x.x.....x.x..........x.x.....x.x.x..x.....x.x..........x.x......x.x.x.x....x.x.x..........x........x.x.x.x...,1584,Hard,True
puzzle_535,17,*A*AA*A*AAA***AAAAAA*AAAAAAAAA*AA*AAAAA*AAAA*AAAAAAAAAAA*AA*AAAAA*AAAAA**AAAAAAAAAAAA**AAAAAAAA*AAAAAA*A*AAAAAAAAA**A*A*AAA*AAA*A**AAAAAAA*AAAAA*AAAAAAAAAAAA***AAAAAAAAAAAAA**AAAAAAAA**A*A**AAAAAA*AAAAAAAAAA*A*AAAAAAA*A*AAAAAAAAAAAAA*AAAAAAAAAAA**A*A*A*AAAA**AAAA*A*AAA*AAAAAA*A*AAAAAAAA*A,....x.x.x.......x..x.......x.x.x..x...x.x.x..........x........x.x.x.x....x.x.x..........x.......x.x.x..x...x.x.x..........x........x.x.x.x...x.x..x.........x........x.x.x.x....x.x.x..........x.......x.x.xx.x.....x.x..........x.x......x.x.x.x......x.x..........x.x.....x.x..x.x.....x.x.....,1585,Hard,True
puzzle_536,17,AA*AAAAAAAAAA*AAAAA*A*AA*AAAAAA***AAAAA*AAAAAAA*A*AAAA*AAA*AAAAA**AAA*A**AAAA*AAAA**AAAA*AAAAA*AAA*AA*AAAAA*AA**A*A*AAAA**AAAAAAAAAAAAAAA*A*AAAA***AAAA*AA*AAAA*A*AAAAAAAAAA*AAA*AA*AAAAAA****AA*AAAAAAAAAA**A*AAAAA*****AAAA***A*A*A*AAAA**A**A*AAAAA*AAA*AAAAAAAAA*AAAAAAAAAAA*AAAAA*AAA*A*AAAA,....x.......x.x.xx.....x.x.x........x.........x.x.x....x.x.x.x......x.x.........x...x......x.x.x...x..x.x.x.......x..........x.x.x....x.x.x.x........x..........x.x.x...x..x.x.x.......x..........x.x.x...x..x.x.x.......x..........x.x.x...x..x.x.x.......x..........x.x.x....x.x.x.x........x..,1587,Hard,True
puzzle_537,17,A*AAAAAAA*AAA*AAAAAAA*A*AA*A*A*AAA**A*AAA*AAA****AAAAA*AA***AAA*AAA***A*A*AAAAAA*AAAAAAAAAA*AA*AAAA**AA*AAAAAAAA*A**AAAAAAAAA*AAA*AAAAAA***A*A*AAA*A*AAAA*A*A*A**AAAA*AA*A*AAAAA*AAA*AAA**AAA*A*AAAAAA*AAA*AAA*A**AAAAAAAAAAAA*A*AAAAA*AAA*AAAA*A*AA**AAAAA*A*AAAAA*AA**AA***A**AAAAA**AAAAAAAAAA,....x.x.x.....x..x.x.......x.x........x.x.x......x.x.x........x.x.......x.x..x.....x.x.x........x.x........x.x.x.....x..x.x.......x.x........x.x.x.....x..x.x.......x.x........x.x.x......x.x.x........x.x........x.x.x.....xx.x.x.........x..........x.x.x...x.x.x.x........x.........x..x.x...x,1589,Hard,True
puzzle_538,17,*AAAAA*AAAAA*A***AAAAAAAAA**A*AA*AAAAA***AAAAAAA**AAAA*AAAAAA**AAAA*A*AAAAAAAAAAAAAAAAAAAAAAAAAAAAAAAA*AAAA*AA*AAAAAAAAAAAAAAAAAA*A*AAAAAAA*AAAAAAAAAAAAAAAAAAAAA**AA*A*A*AAAAAAA*AAAAAAAAAA*AAA*A*A*AA*AAAAAAAAA**A*AAAAAA*A*AAAAAAA*A*AAAA*A*AAAAAAAAAAAAAAAAA*AA*A*AAAA**A*AAAAAAAA*AA**AAAAAA,..x.x...x.x......x.....x.......x.x..x.....x.x.x....x...x.x.......x..........x.x.x...xx.x.x.x...................x.x.x.x..x.x.x.x..................x.x.x.x..x.x.x.x...................x.x.x.x..x.x.x.x........x...........x.x.x...x.x.x.x........x.........x.x.x....x.x.x.x........x.........x.x.x.,1591,Hard,True
puzzle_539,17,*AAA*AA*A*AAA*AAAAAA*AAAA*AAAA*A*AAA**AAA*AA*AAAAAAAAAAA*AAAAAAAA*AAAAAAA*A*AA**AA**AAA*AAA*AAA*AAAA**AAAAAAAAAA*AAA*A***A*AAAA*AAAAA*AAAA*A*AAAA*AA*AAA*A**A*AAAAAAA*A*AAAAAAAAA**AA*AAAAAA**AAAAAAAAAA*AAA*AAA*A*AAAA*AAAAAAAAA*AAAA*AAAAAAAAAAAAAA*AAA**A*AA**A*AAA*A*AAAAA**AAAAAA*A**AA*AAAA,........x...x.x.x..x.x.x...x......x...........x.x.x....x.x.x.x......x.x..........x..x.....x.x.x.x......x.x.........x.x......x.x.x.x......x.x.........x.x......x.x.x.x......x.x.........x.x......x.x.x.x......x.x..........x.x......x.x.x.x....x.x.x..........x.......x.x.x.x....x.x.x.........x..,1592,Hard,True
puzzle_540,17,AAAA*AAA*AAAAAAAAAAAAAAA*A**A*AAA*AAA**AAAAAAA*AAA*AAAAAA***AAAAA*AAA*AA*AAAAA*AAAAAAAAAAAA*AAAA*AAAAAAAAAAA*AAAAAA**A*AAAAA*AAAAAA*AAAAAAAAA*AA*AAAAA*AAAAAAAA***A*A*AAAA*AAAAAAAA**AAA*AAAAAAAAAAAAAAAAAAAAAAAA*AAA*A*AAA*AAA*AA*A*AAAAA*A*AAAAAAAAAA*AA**A***AA***AAA*A*AAAAA**AA*AAAAA**AAAAA,.x.x...x.x............x.....x.x.x.x.x....x.x...........x......x.x.x.x.x...x.x..................x.x.x.x.x.x.x.x..................x.x.x.x.x.x.x.x...................x.x.x.x..x.x.x.x...................x.x.x.x..x.x.x.x........x.........x.x...x....x.x.x.....x...x........x.x...x...x.x..x.....x..,1594,Hard,True
puzzle_541,17,AA**AA*AAAAAA*AAAA*AAAAAAAAA*AAA**AAAAAA*AAAAAAAA*AAAAAAAAAAAAA*AAAAA*A***AAAAA*AA*AAAAAAAAAAA*AAAAAAA*AAAA*AAA*AAAAA*AAA*AAAAA*A*A*AAA*AAAA***A*AAAAAAAA*AAA*AAAA****AA**AAA*AAA**AAA*AAAAAAAAAAAAA*AA*AAA**A*AAAA*A*AAAAA*A*AAAAAAA**AA***AA*AAAA*AA*A*AAAAAAAAAAA**AAA*A*AAAAAAAAA*AAAA*AAA*AA,.x.......x....x.x...x.x.x....x....x.........x...x.x..x.x.x.x........x.........x.x..x...x.x.x.x..................x.x.x.x.x.x.x.x..................x.x.x.x..x.x.x.x..................x.x.x.x.x.x.x.x..................x.x.x.x...x.x.x..........x.......x.x.x.x...x.x.x..........x.......x.x..x.x...,1596,Hard,True
puzzle_542,17,AAAAA*A*AAA*A*AAAAAAAAAAA*A*AAAAAAAAAAAAAA*AA**AAAAAAAAAAAAAA*A***AAAAAAAAAAAA***A*A*A*AA*AAAAAAAAAAAAAAAAAAA*AAAAAAAAAA*AAAAAAAAAAAA*AAA*AA*AAA**AAA*AA*A**AAAAAAA**AAAAAAAAAA*AAAAA*AAAAA*AAAA*AA***AA*AAAAAAA*AAAAAAAA*AAAAAAA*A*AAAA*AAAAAAAAA**AAAAAAAAAAAA*AAAAAA*AA*AAAAAA*AAAAA*A*AAAAAAA,.x.x..........x.x.....x.x.x.x......x.x.........x.x......x.x.x.x......x.x.........x.x......x.x.x.x.....x.x..........x.x.....x.x.x.x......x.x.........x.x......x.x.x.......xx.........x.x.x....x.x.x.........x........x.x.x.x...x.x.x..........x.......x.x.x.x...x.x.x..........x.......x.x.x.x....,1598,Hard,True
puzzle_543,17,AAA***A*AAAA*A*AAAAAAAAAAAA*A*AA*AAAAA*AAAAAA*AAAA****AAAAA*AAAAA*AAA*A***AAAAAA*A*AA**A*A*AA***AA**AAA*A****AAAAAAA*A**AAAAAA*A*A*AAA*A*A*AA**AAAA*AAAAAA*AAAAAAAAAAA*AAAAA*AA*A*AAAAA*AAAAAAA*AAAA*AAA***AAA*A*AAA*AAA**AA**A*A*A*AA**AAAA*AAAAAAAAAAAAAAAAAAAAAAAAAA*AAAAA*AAA**AA*AAAAA*AAAAA,.x.......x...x.x....x.x.x...x......x.......x...x.x....x.x.x...x.....x........x...x.x...x.x.x....x.....x.......x....x.x...x.x.x...x..............x...x.x.xx.x.x.x..................x.x.x.x...x.x.x..........x.......x.x.x..x...x.x.x..........x.......x..x.x.x..x.x.x...........x......x.x.x.x....,1599,Hard,True
puzzle_544,17,*AAAAA*AAAAAAA*AAA*AA*AAA*A*A*AAAA*AAAA*AAAAAA*A*AAA**AAAAAAAAA**AAAAAA*AAAA*AAAAAAA*AAAAAAAAAAAA*AAA**A*AAA**AA*AAAAAA**AAAAAA*AAAAAAA**AAAAAA**AA*AAAAAAA**AAAAAAAA*AAAA*AAAAAAAAAAAA*AAAAAA*AAAAAAAAA*A**A*AA**AAAA*AAAA**AAA*AAAAAAAAAAAAA*AAAA*AAA*AAAAAAAAA*AAAA*AAA*AAAA*AAA*AA**AA*A*AA**,.x.........x.x.x....x.x.x.x........x.........x.x.x....x.x.x.x.......x..........x.x.x....x.x.x.x........x.........x..x.x...x.x.x.x........x..........x.x.x....x.x.x.x........x.........x.x.xx...x.x...x........x.....x...x.x..x.....x...x.....x..x.x...x...x....x.....x...x....x...x.x...x....x...,1602,Hard,True
puzzle_545,17,*A**AAA*A*AA*AAAA*A***A*AAA*AAAA*AAAAAA*AA*AAAA**AA****AAA*AAAAAAA*AAAAAAAAAA*A**AA**AAAAA*AAAAAAAAAAA*AAAAAAAAA*AAAAAAA*AA*A*AAAAAAAAAAA**A*AAAAA**AA*AAAA*AAAAAAA*AAAAAA***AAAAAAAAAA*AAAA*AA*AAA*A*A*AAA*A*AA*AAAAAAA*A*AAA*AAAA**AAAAAAAA**AAAAAAAAA*A*A*A***AAAAAA*AAAAAAAAAA*AAAAAAAA**AAAA,.x..x.x...x..............x...x.x.x.x.x..x...x..............x...x.x.x..x.x.x...x......x...........x.x.x..x.x..x.x.......x..........x.x.x....x.x.x.x........x.........x.x.x....x.x.x.x.......x..........x.x.x...x..x.x.x.......x..........x.x.x...x.x.x.x..................x.x.x.x.x.x.x..x........,1603,Hard,True
puzzle_546,17,*AA*AA*AAA*AA*AA*AAAAA*A*A***AAA*AA*AA*AAAAAA*A*AAAA*AAAA*A***AA**AAAA*AAAAAA*AA*AA*AAAAA**A**AA*AAA*A*AAAAAAAAAAAA*AAAA*A*A***AA**AAAAAA*AAAAA*A*AA**AA*A*AA*AA*AAAA*A*AAA*AAAAA*AA*A*A***AAA*AAAA*AA**A*AA*AAAAAA*A*AAA**AA*AA*AAAAAA**AAAAAAAAAAA****AAA*AA*AAAA*AAA*A*A*AAAAAAAAAAAAAAAAAAAAA,.....x.x.x....x...x.x........x...x......x.x.x...x..x.x.........x...x....x.x.x.x......x...........x.x.x..x.x.x...x..............x...x.x.xx.x.x.....x............x.x....x.x.x.x.x......x............x.x...x.x..x.x.x.....x............x.x...x.x..x.x.x.....x............x.x...x.x..x.x.x.....x.....,1605,Hard,True
puzzle_547,17,AAAAAAAAAA*AA**AAAAAAAAAAAAAAAAA*AAAAA*AAA**AAAA*AA*AA**A**AAA*AAAAAAAA**AA*AAAAA*AAAAAAA***AAAAAAAAAAAAA*AAAAAAAAAAA*AAAAAA*AA*AAAAAAAAAA*AAA*AAAAAA**A*AA**AAAAAAAAAAAA*AAAA*AAAA*****AA*AA*****AAA*AAA*AAAAAAA*AAA*A**A**A*A****AA**AAAAA*AAAAAAAAAAAA*AAA**AA**A*A*AAAAAAA**AA*AA*AAA*AAAA*AA,.x.x.x.........x........x.x.x.x....x.x.x..........x........x.x.x.x..x.x...x.........x........x.x.x.x..x.x.x.x...................x.x.x.x..x.x.x.x..................x.x.x.x..x.x.x.x..................x.x.x.x.x.x.x..x...................x.x.x.x..x.x.x.x........x.........x.x.x......x.x.x.......x,1606,Hard,True
puzzle_548,17,**A*A*AAAA*AAAA*A*AAAAAA****A*A*AA**AA*AAA*AAAAAAA*AAAA*AAA*A**A***A*A*AA**AAAAAAAAA*A*AAAAAA***AA*A*AA*AA**AAA*A*AAAA**AAAA*AAA***AA*AAAAA****AAAA*AA*AAAAA*AAAA*AAAA***AAAA*AAAAA*AAAAAAAAAAAAAA**AAA*AAAAAAAAA***AA**AA*A*A**AAAAAA**A*AAA*AAAA*AAAAA*AAAAA*AAAAAAAA*AAAAAA***AAAAAAA*AA**A*A*,.......x.x.x.x....x.x.x..........x.......x..x.x.x...x.x.x..........x........x.x.x.x....x.x.x.........xx.......x.x...x....x.x.x.....x....x.......x.x....x...x.x.x.....x....x.......x.....x.x..x.x.x....x.....x........x...x.x....x.x.x...x......x.......x...x.x....x.x.x...x......x.......x...x.x.,1608,Hard,True
puzzle_549,17,**AAAAAAAAAAA*AAAAAAAAAAAAAAA*AAAAAAAA*A*AAA*AAAA*AAAAAAAAAAAAA*AA*AA**AAA*A*AAAAAAAAAAA*AAAAAAAAAA*AAAAAA*A*AAAAA*A*AAA****A*A*AAA*A*A*AA*AAAAAAAAAAA*AAAAA*A*AA*AA*AAAAAAAA*A*AAAAAAAA**AAAA***AAAAAAAAAAAAAAAAAAAA*AAAAAAA*A*AAAA*AAA*A*A*AAAAAAA*AAAAA******AA*AAAAAAAAAAA**AAAA*AAAAAAAA*AAA,..x.x.x.....x............x.x...x.x.x.x.x......x...........x.x....x.xx..x.x.....x............x.x...x.x..x.x.x.....x............x.x...x.x..x.x.x.....x............x.x...x.x.x.x.x......x...........x.x....x.x.x.x.x.....x............x.....x.x.xx.x.....x.x..........x.x.....x.x...x......x.x.....x,1610,Hard,True
puzzle_550,17,AA*A*A*AAA*AAAA*A*AAAAAAAAA*A*AAA**A*A*AAAAAAA*AA*AA**AAA*AAAAAAA*AAAAAA*AAAAAAAA*AA*AAAAA***A*A*A*AAAAAA*AAAAA*A*A*AAAA****A**AAAAA*AAAAAAAAAAAA*AA*AAAAAAA*AA*AAAAAAA*A*AAAAAAAA*A*A****AA*AAA*AA****AA*AAAAAAA*AAAA*AAA*AAAA*AAA**A*AA**AAAAAAAAA**AAAAAAAAAAAAAAAA*A*A*AAAAAAAAAA*AAA*AAAAAA*,.x.x.x.x..................x.x.x.x..x.x.x.x..................x.x.x.x..x.x.x.x...................x.x.x.x..x.x.x.x........x...........x.x.x..x...x.x.x......x...x........x.x...x...x..x.x.....x...x........x.x...x....x.x.x.....x....x........x.x...x....x.x.x.....x....x.......x.x....x...x.x.x....,1612,Hard,True
puzzle_551,17,**A*AA*AAAAAAAAAAAAAAAAAA*AAAAA*AA*A*A*AAA*AA*AAAAAAAAAAAAAAA*AAAAAAAAA**AAAAAAAAAA*AAAAAA*A**AAAAAAA*A*A*AAAAAA*AAA**AAAAAAAAAAAAAAA**AAAAAAA*AAAAA*A*AAAAAAAAAA*A*A*AAAA*AAAAA*A*AAAAAAA*AAAA*AAAAAAAA*A*AA**A*AA**AAAAAAAAAA*AAAAAAAAA**AA*AAAAAA*AAAAAA**AAAAAAA*AAAAA*AA*AAAAAAA*A***AAAA*AA,.......x.x.x..x...x.x.x..........x.......x.x..x.x...x.x.x..........x........x.x.x.x..x.x.x.x..................x..x.x..xx.x.x.x...................x.x.x.x..x.x.x.x..................x.x.x.x..x.x.x.x...................x.x.x.xx...x.x.x..........x.......x.x..x.x...x.x.x..........x.......x..x.x.,1613,Hard,True
puzzle_552,17,A*AAAAAAAAAA*A*A*AAAA*AA*AA**AAAAAAAAAA**AAA*AA*A*AAAAA*AAAA***AAAA*AAAAAAA*AAA*AAAAAA*AAA*AAA**AAA**A*AA*AAAAAAA*AAAAAAAAAAAA*AAA**AAAA**AAAAAAAAAA*AAAAA*A*AAAAA*A*A**AA*AAA*A*AAAAAAAA*A*A*A*AAAAA**AAAA**A**A*AA*A*AAA*AAAAAAAAA*AA**AA*AAA*AAAAAAA*AAAAAAAAAAAAAAAA****AAAA*A*AAAAA**A*AAAAA,.......x.x.x...x..x.x.x.......x..........x.x.x....x.x.x.x........x..........x.x.x...xx.x.x.x..................x.x..x.x.x.x.x.x..................x..x.x.x.x.x.x.x...................x..x.x.x.x.x.x.x..................x.x.x.x.x.x.x.x..................x.x.x.x...x.x.x..........x.......x..x.x.x..,1615,Hard,True
puzzle_553,17,AAAA*AAAAA*A*AAA*AAA*AAA*AAAAAAA*A**AAAAAAAAAAAAA**AAAAAAA**AAAAAAAAAA*****A*A*AAAA*A*A*AAA**AA****AAAA***AAAAAAAAAAAAAA*AAAAAA*AAA*AAA*AA**AAAAAAAAAAA*AAAAA*AA**A**AAAAAAAAAAAAAA*AAAAA*AAA**AAA*A***AAA*A*AAAAAA*AA**A*AAAAA*AA**AAAAAA*AAAAA*A*AAAAAA*AAA***AA*AA**AAAAAAAA*AAAAAAAA*AAAA***A,.........x.x.x.x.x.x.x.x..................x.x.x.x...x.x.x..........x.......x.x.x.x....x.x.x.........x........x.x.x.x...x.x.x..........x.......x.x.x.x....x.x...........x.x....x.x.x.x......x...........x.x.x..x.x.x.x..................x.x.x.x.x.x.x.x..................x.x.x.x..x.x.x.x.........,1617,Hard,True
puzzle_554,17,*AAAA***A*AAAAAAA**A*AAA*AAAA*AAAAAA**A***A*AA**AAA*AAAA*AA*AA*A**AAAAAAAA**AAA*AAAA*AA*A*AA*A*AAAAAAAAAAA*AAAA*AAA***AAA*A*AAAAAAAAAAAAAAAAAAAA*A*AAA*A**AAA**AA*AAAAA*AAAAA*AAAA***AAA*AAA*A*AAAAAAAAAA*A*AAAAA*AAAA*AA**AA**AAAA*A*AAAAA*AAAAAAAAAAAA*AAAAAA*A*AA****AAAAAAAA*AAAAA*AAA*A*AA*A,....x...x...x.x....x...x...x.....xx...x...x.....x........x...x.x...xx.x.x...x..................x.x.x.x.x.x..x.x..................x.x.x.x.x.x.x.x..................x.x.x.x.x.x..x.x..................x.x.x.x.x.x.x.x...................x.x.x.x..x.x.x.x..................x.x.x.x..x.x.x.x.........,1619,Hard,True
puzzle_555,17,AA*AA*AAA*AAAA*AAAA**A*A*AAAAAAA**AAAAAAAAAAA*AAAA**AA***AA**AAAAAAAAAAAA*AAA*A**A**AAA*****AAA*AAA*AAAAAA*AAAA*****AA*AA*AAAAAAAAAAAAA*AA*AAA*AAAAAA**A*AAAAA*AA*AAAAAAAAAAAAAAAAAAAAAAA*AAAAA**AAAAAAAAAAAAAA**AA*AAAAA*AAA*AA**A**AAA*AAAAAAAAA*AAA**AAAA*AAAAAAAAAAAAAAAAA*AAAAAAAAAAA*AA**AA,....x.x.x.......xx.........x.x.x....x.x.x.x..................x.x.x.xx.x.x..x..................x.x.x.x..x.x.x.x..................x.x.x.x..x.x.x.x..................x.x.x.x.x.x.x.x..................x.x.x.x..x.x...x.........x........x.x.x.x...x.x.x..........x.......x.x.x.x....x.x.x.........x.,1620,Hard,True
puzzle_556,17,*AAA*AAA**AA*AAA*A*AA**AA*AAAAAAAAAAA*AA*AA**AAA*A*AAAAAA***AAAAA*A*AAAAA*AA*AA**AA**A*AAAA*AAAAAAAA*AA*AAAAAAAA*AAA**AA***A**AAAA*AA**AA*AAAAAA*AAAAAA***A*AA*AAAAAAAAAAAAAAAA*A****AAAAA*AAA*AAA*AAAAAAA***A*AAA*A*A**A*A*AAA*AAAAA*AAA**A**AAAAAA*AAAAA*AAAAAAAAAAAAAA*A*AA*AAAAA*AA**AAAAAAAA,.x.x.x.x..................x.x.x.x.x.x.x..x..................x.x.x.x.x.x.x.x..................x.x...x.x..x.x.x.....x....x.......x.x.....x...x..x.....x.x...x......x.x.....x....x.x.....x.x..x.x.....x.x...........x......x.x.x.x.x...x.x............x.....x.x.x..x.x...x.x............x.....x.x.x.,1622,Hard,True
puzzle_557,17,*A*AA*AA*AAAAAAAAAAAAAA**AAA*AAAAAAAAA****A*AAAAAAAAAAAAAAAAAAAA*AAA*AAAAAAAAAAAAAAAA**AAA*AAA*AAAAA*AAAAA*AAAAAA*AA*A**AA**AAAAAAAAAAA*AAAAAAAA*AAAAAAAAA*AAAAAA*AAAAAA***AAA***AAA*AAAAAA*AAA*AAAA*AAAAAAAAAAAAAA*AA*AAAA**AAA*AAAA*AAAAA*AAAA*AAA**AAAAAAAAAAA*AAA*AAAAAA*AAAAAAAAAAA*AA*AA**A,......x...x.x..x.x.x.x...x..................x.x.x.xx...x.x.x..........x.........x.x.x....x.x.x.x......x.x..........x.x......x.x.x.x......x.x.........x.x......x.x.x.x......x.x..........x.x......x.x.x.x....x.x.x.........x.........x.x.x....x.x.x.x.......x..........x.x.x...x..x.x.x.......x...,1624,Hard,True
puzzle_558,17,A*AAAAA*A*AAAAAAAA*AA****A*A*AAA*A*AA*AAAAA*A*A*AAAAA*AAAAA**AAAAAA*AAA**AAA*AAA*AAAA*AA*A*AAAAA*A*AA*AAA*AA*AAAAA**A*A***A*AAAAAA*AAA*AAAAAA*A***AAAAA**A*A**A*AAA*A**AAAAAAA*A**AA*AAA*AAA**AAAAAAAAA*AAA*AAAAAA*AAAAA*A*AAAA*AAA*AAAAAAA*A**AAA*A***A*AAAA*A*AAA**AA*A*A*A*A*AA*A*A**AAAAAAAA*,....x.x.x......x.x.x.......x.x..........x.x.....x.xx...x.....x.x......x...x.......x.x....x...x.x.x....x.x...........x.x......x.x.x.x....x.x.x.........x.........x.x.x....x.x.x.x.......x..........x.x.x...x..x.x.x.......x..........x.x.x...x..x.x.x.......x..........x.x.x...x..x.x.x.......x...,1626,Hard,True
puzzle_559,17,AA*AAA**A*AA*A**AA*A*AA*AAAAAAA**AAAAA*AAAA**A*A*A**AAAAAAAAA*A*AAA*AA*AAAA*AAAA*AAAAA*AA*AAAAAAAA*A*AAAA***A**AAA**AAAA**AA*AAAAAAA*AAAAA*AA*A**AAA**A*AA*AA**AAAAAAAAA*AA*AAAAAAAA***AAAA*AAA*AA*A*A*AAAAAAAAAAAAAA**AA*A*AAAAAA*A*A*AAA*AAAAAAAAAA*AAAAAAA*AA**AAAAAAAAAA*AAA**AAAA*AAA*AAAAAA,.x.x.........x..x.....x.x.x.x......x.x.........x.x......x.x.x.x......x.x.........x.x......x.x.x.x.....x.x...........x.x......x.x.x.x.....x..x.........x.x......x.x.x.x....x.x.x..........x.......x.x.x.x....x.x.x.........x........x.x.x.x......x.x.........x.xx......x.x.x........x.x.......x.x.,1627,Hard,True
puzzle_560,17,AAA*AAA*AAAAAAAAA*A*A*A*AA*A*A*AAAA*AAA**AA**AAAAAAA***AAAAAAAA*A**A**AAA****AAAAAAAAAAA*AAA*AAAAAAA*A**AA**A**AA*AAAAA*AA*AAAA*AA*A*A*AAAAAA*AAAA*AAAAAA*AAAAAAAAA*AAAAAAAA*A*A*AAAAAAAAA*AAAAAAAAAAAAAAA*AA*AA*AAAAAAAAAAAAAAAAAA*AAAA**A*A*A*AAA*AAAAAA*AA*AAAA*AAAAAAAAAA****AAA*AAAAAAAA*AAA,.x..x.x.......x..........x.x.x...xx.x.x.........x........x.x.x.....x..x.x.......x.x..x.....x.x.x.........x........x.x.x.x...x.x.x..........x.......x.x.x..x...x.x.x..........x.......x.x.x..x...x.x.x..........x.......x.x.x.x....x.x.x.........x........x.x..xx...x.x.x..........x.......x.x..x.,1629,Hard,True
puzzle_561,17,AA*AA*AAAAAAAAAAAAAA*AAAAA*A***AAAAAAAAAAA*AA*A*AA**AAAA*AAAA*AAAAAAAA*AAA**AAAAAAA*A*AA**AAAAAA**AA*AA*AAA*AAA*AA*AA*A***AAAAAA*AAAAAAAAAA*AAA*AA**A*AAA*A*A**A*AAA*A*AAAAAAAAAAA*A***A*AAA*A*AAAAAA*A*AAAAAAAAAAAA*AAA*A*A*A**AA**A*AAAAA*AAAAAAAAA*AA*AA**A*AA**A*AAAA*AAA*AAA*AAAAA*AAA*AA*AA,...x.....x.x.x....x...x.x........x...x......x.x.x...x....x.x.......x....x.....x.x.x....x...x.x.......xx...x.....x...x........x.x...x...xx.x.x.........x........x.x.x.x....x.x.x..........x........x.x.x.x....x.x.x.........x........x.x.x.x....x.x.x.........x........x.x.x.x...x.x..x.........x.,1631,Hard,True
puzzle_562,17,AA*AA*A*AAA*AAA*AAAA*AAAAAA**A*AAAA*AAAAA*AAA*A*AAAAA*****AA***AAAAAAAAA*AAAAAAAAA**AAAAAA*AAAAAAAAAAA*AA*AAA*AAAA****AA*AA*AA*AAAAAAA*AAAAAAAAA*AAAA***A***AAAAA*A*AAA*AAA**A*AAAAAAAAAAAA*AAAA*AA*AAAAAAAAA*AAAAAA***AAAAAAAAA*AA*A*AAAAAAAAAAAA*AA***AAAAAAAAA*AA*AAAA*AAAAAAAA*AAAA**AAA*A*AA,.x..x.x...x..............x...x.x.x..x.x.x...x......x.......x...x.x....x...x...x.....xx.......x...x.x....x.x.x.........x........x.x.x.x...x.x.x..........x.......x.x.x.x...x..x.x.........x........x.x.x.x...x.x.x..........x........x.x.x.x....x.x.x.........x........x.x.x.x....x.x.x.........x.,1633,Hard,True
puzzle_563,17,AAAAA*AAAAAAAAA*AA*AA**AAAA*AAAAAAAAAAAAA*AAAAA*AAA*AAAAA*AAA*A*A*AA*AA**AAA*A*AAAA*A*AAAAAAAAA**AAAA*AAAAAA*AAAAAAAAAAAAAAAAA**A**AAAAAA*AAAAAA*A*AAA*A*AAAAAA*AAA*A*A*AAAA*AAAAAAAA*AA*AAAA*A*A*AA*AA**AAAA*AAAA*AAAAAAAA*AA*AAA*AA**AAAAAAAAA**A*AA*AAAAA*AAA*A*AA*AAAAAAAAAA*A**AAAAA**AAA**A,....x...x.x...x..x.x...x.........x........x.x.x.x...x.x.x..........x.......x.x.x.x....x.x.x.........x........x.x.x.x....x.x.x.........x........x.x.x.x...x.x.x..........x.......x.x.x.x.....x.x..........x.x.....x.x.x..x....x.x...........x.x....x.x...x.x....x.x.....x......x.....x.x....x.x...,1634,Hard,True
puzzle_564,17,A**A*AAA*A*AAAAAAAAAAA**A*AAAAA*AAAA*AAA*AAAAAAA**AAA***AAA*AAA*A*AA**AAAAAAAAAAA**AA*A*AAAA***AAAAAAAAAAAAAAAAA*AA**A*A*AAA***AAAA*AAA**AAAA*AAAAAA**AAAAAA***A*AAAAAAA*A*AA*A*AAA*AAA*AAAAAAAAAA***AAA*AAA*AAA*AAAA*****A*A*AA*A*A*A*AAA*A*AAAAAAAA*A*A*A*AA*AAA**AAA**A*A*A*AAAAAAAA***A***AAA,...x.x.x.x........x.........x.x.x....x.x.x.x........x.........x.x.x....x.x.x.x........x.........x.x.x....x.x.x.x.......x..........x.x.x...x.x.x.x........x.........x.x...x..x...x.x.....x......x.....x.x...x.x....x.x.....x......x.....x.x...xx.x.....x.....x........x...x.x...xx.x.x.........x..,1636,Hard,True
puzzle_565,17,A*A*AAA*AA*AA*A*AA*A**A**AAAAA*AAAAAAAAAAA*A****AAAA***A**AAAA**AA****AAA*A**AAAAAAAAAAA*AA**AAA****A**AA*AAA*AAAAAAAAAAAAAAAAAAAAAAAAAAA*A*AA*AAAAAAAAAAAAAAAA*AAAAA*AAAAAAAA*A*AAA*AAAAAAAA*AAAAAAAAAAAA**A**AA****A*A*AAAAAA*AAAAAAA*AAAA*AAAAA***AAAAA*A*A*AAA*AAAA*AAAA*AAAAA*AA*A*AAAAA*A**,..x.x.x.........xx.......x.x.x......x...x.......x.xx...x...x.x............x.....x.x.xx.x.x...x..................x.x.x.x.x.x.x.x..................x.x.x.x..x.x.x.x..................x.x.x.x..x.x.x.x..................x.x.x.x..x.x.x.x..................x.x.x.x.x.x.x.x..................x.x.x.x..,1638,Hard,True
puzzle_566,17,AAAAAAA*A*A*AA**AA**A*A*A*AAA*AAAA*A*AAAA**AAA***AA***AA*AA*AAAAAAAAAA*AAAAAAAAAA**AA*A*A**AAAAAAAAAAAAAA*A**A*A*AAA****AA*AAAAAAAA*AAAAA*AAA*A**AAAAA*AAAA**AAAAAA*A**AAA*A*AAAAA**AAAA**AA*AA**A*AA***AAA*****AAA*AAAAA*A*AAAAAAAAAA**A*AAAA*A*AA*AA*AAAAA*AAAAA*AAA*AAA*A**AA*AA*AAAAAAAA*A*A*,.x.x.x......x...........x.x....x.x.x.x.x.....x............x.x...x.x..x.x.x.....x............x.x...x.x.x.x.x......x...........x.x.....x.x..x.x.....x.x....x.....x.x.....x......x.....x.x...xx.x...x.x..................x.x.x.x.x.x.x.x..................x.x.x.x.x.x.x.x..................x.x..x.x.,1640,Hard,True
puzzle_567,17,*AAAAAA*AAAAAAAAAA*A*AA*A*AAA****AAAAAAAAAAAAAAA*A*AAAAA*A*AAA***AAA**AA*AA*AAAA*A*A*AAAAAA**A**AA**AAAAAAAAAAAAAA*AAAA*A*AAA*AA*AA*AA**A****A*A*AAAAAAAAAAAA*AAA**AAAAAAAAAAA*A*A*A**AAAAAAAAAAAA*AA**A*AA*AA*A***AAAAAA*AAAAAAAA*AAAAA*AAAAAAAA*AAAAAAAAAAA*AAAAAAAAAAAAAAAAA*AA*A*AAAAAAAA*A*A,......x.x...x.x..x.x.x.....x............x.x...x..x.x.x.x.....x............x.x....x.x.x.x.x......x............x.x...x.x..x.x.x.....x............x.x...x.x..x.x.x.....x............x.x....x.x.x.x.x......x............x.x...x.xx.x.x.x...................x.x.x..x.x.x.x.x...................x.x.x.x,1641,Hard,True
puzzle_568,17,A*AAAA*AAA*AAA***AA*AA**AAAAA*AAAAAAAAAAAAAAAAAAA***AAAA***A*A*AAAAA*AAAAAA*A*****A*AAA**AAAAA*AAAAAAAAA**AAA*AAAAAAAAAA*A**A***AAAAAAAAA*AAAAAAAA*AAAAA*A*AAA*A**AAAAAAAA*A**AAAAAA*A*AA**AAAAAAA**A**AA*AAAAAA*AAA*AAA*A*AA*AAA*AA*AAAA*AA*A****AA*AAAAAAAAAA*AAAAAA*AAA*AAAAAA*AAAAA*A*A*AA*A*,x.x.x..x..................x.x.x.x..x.x.x.x...................x.x.x.x..x.x.x.x........x...........x.x.x....x.x.x.x......x.x..........x.x.....x.x..x.x.....x.x..........x.x......x.x.x.x......x.x.........x.x......x.x.x.x......x.x..........x.x.....x..x.x.x.....x.x..........x.x......x.x.x.x....,1643,Hard,True
puzzle_569,17,*AAAA*AAA**AAAAAAA*AAAAAAAAAA**A*A**A*AAA*AAAAA**AAAAA*A**AAAA*AA**AA*A*A*A*AAAAAAAAAA*A*A***A*AAAAA*AA*AAAA****A**AAAAAAAAAAAAAAA*AAA*AAA****A*A*AAAAA**AAAAAAAA*A*AA*A*AAAAA*AAA*A*AAAAAAA**AAAAA***AAA**A*AAAAA*AAA*AAAAAAA**A*AA*AAAAAAAAAAAAAAAAAAAA**A*AAAA*A*A**AA*A**AAAAAAA*AAAAAA*AAAA*,......x....x.x.x.x.x.x...x..............x...x.x..x.x.x.x...x..............x...x...x.x..x.x...x...x....x.........x...x.x..x.x.x.....x....x.......x.x...x.....x.x......x...x.x.....x.x....x.....x.x.....x....x.x.....x.x...x......x.x.....x...x..x.....x.x...x......x.x.....x...x..x.....x.x...x...,1645,Hard,True
puzzle_570,17,AAAAAAAAA*AAA**A*A*AAAA***AAAAAA*A*A*AA*AAAAAA*AA*AAA*AAAA**A*A*AA*A*AAA**AAAAA*AAAAAAAAAAAA*A**AAAAAAA*AAA**AA*AAA*AA*AAAAAAAAA**AAAA***A*AAA*AAA*AAAAAAAAAAAA*AAAAA*A**AA**A*AA**AAAAAAAA*AAAAA*AA*AAAAA**A*AA*AAAA*A*AAA*A**AAA*A*A*AA*A*AAAAAAAAA*AA*AAAAAAAAA*AAAAAA***A*AAA*AA**AAAAAAAAAAA,......x.x.x.x....x.x.x...........x.......x.x.x..x...x.x.x..........x.......x.x..x.x...x.x.x..........x........x.x.x.x..x.x.x.x...................x.x.x.x..x.x.x.x..................x.x.x.x..x.x.x.x...................x.x.x.x..x.x.x.x........x..........x.x.x...x.x.x.x........x.........x..x.x.,1647,Hard,True
puzzle_571,17,AAA*AAAAAA*AAAAAAA*AA**AAAAA*AAAA*AAAAA*AAAAAAAAA*AAAAA*A****AAAAAAAAAA*AAAA*AAA***AAAA*AA*AAAA*A*A*A*AAAAAAAAAAAAAA**AAAAAAA*A*A*AA*AAAA*AA*AAAAAAAA**A*A*A*AA*AAAA*AAAA*AAAA*AAAAA**AAA*AAAAA*A*AAAAAA*AAAAAAAAAAAA*AAAA*AAAAAAAAA***AAA*AAAAAAAAA**A*AAA*A*AAAAAA*AAAAA*AAAAAAAAAA*AA*AAAAAAAA,....x.x.x..x.....x.x..........x.x.....x.x.x.x......x.x..........x.x......x.x.x.x......x.x.........x.x......x.x.x.x......x.x..........x.x......x.x.x.x....x.x.x.........x.........x.x..x...x.x.x.x........x.........x..x.x...x.x.x.x........x..........x.x.x...xx.x.x.x...................x.x.x.x.,1648,Hard,True
puzzle_572,17,AAAAAAAA*A**AAAAAAAAA*AAA**AA*A*A*AA*AAA*A*A*A*AAAAAA**AAAAAA*AAAA*A*A*A*A*AAAAAAAAAA*AAA*A**AA*AAAAAAAA*AA*AAA*A**AA*AAAAAAAAAA***A*AA*AA*AA*AAAAAA**AAAAAAAAAAAA*A*AAAA*AA**AAAAAAA*A*A*AAAAAAAAAA**AAAA****A*AA*AAAAA*AAAAA*AAA*A*AA*AAAAAAAAA*AAA**AAAAAAAAA*A*AAAAA*AA*AAA***AAA*A*AAAA*****,..x....x.x.....x.x....x.....x.x......x...x.x.....x..x...x.....x.x......x...x.x......x.x...x......x.x.....x...x..x.....x.x...x......x.x.....x....x.x.....x.x....x.....x.x......x...x.x.....xx.....x.....x.x....x.x...x.x......x.....x......x.x...x.x....x.x.....x.....x......x.x...x.x...x..x.....,1650,Hard,True
puzzle_573,17,AA*AAAA*AA*AAAAA*AAAAAAAAAA*AAAAAAAAAAAAAAAA*A**AAA*AAA*AAAA****AAAAAAAAAAAA*AAAAAAAAAAAAAAAAAAAAAAAAAAAAAAA*AA*AAAAA*AAAAA*AAAAAAAAAAAA**A*AAA*AA**A*AA*AAAAA*A*AAAAAA*AAAAAAAAAA**AA*AAAAAAA*AAAAAAA**AAAAAAAAAA**AAAAAAAAAAAAAAAAAA*AAAAA*AAA**A*A****AAAAAAAAAA*AAAAA*AA*A*AAAAAAA*AAAAA*AAAA,...x.x...x.x......x.....x.....x.x....x.x...x.x......x.....x.....x.x....x.x...x.x.....x......x......x.x..x.x.....x.x....x.....x.x.......x..x.x.......x.x..x.....x.x.x........x.x........x.x.x.....x.x.x........x.........x.x.x....x.x.x.x.......x..........x.x.x...x.x.x.x........x.........x.x.x.,1652,Hard,True
puzzle_574,17,AA*AAAA**AAAAAAAAAAAA*AAAAAAAA*AAAAAAA*AAAAA*AAA**AAAAAAA*AAAAAAAAAAAAAA**A*AAAA**AAAA*AAA*AAAAAAAAAAAAAAAAAA*A*A*AAAAAAAAAAAAAAAAAA*A*A*AAAAAAAA***AAAAAAAAAAAAAAAAAAA**AAAAA*AAA*AAAAAAAAAAAAAAAAAAAA*AA*AAAAAAAA*AA*A**AA*AAAAAAAAAAAAAAAAAA**AAAAAAAAAAAAAAAAAAA*AAAAAAAAAAAA*AAAAAAAAAAAAAAA,.x..x.x.....x............x.x...x.xx.x...x.....x........x...x.x...x..x.x...x.........x........x.x.x.x....x.x.x.........x........x.x.x.x...x.x.x..........x.......x.x.x.x....x.x.x.........x........x.x.x.x....x.x.x.........x........x.x.x.x...x..x.x.........x........x.x.x.x...x.x.x..........x.,1654,Hard,True
puzzle_575,17,A*AAA*A*AAAAAAAAAA*AAAAAAA*AAA*AAA**A*AA*AA**A*AAAAAAAAAAAAA*****AAAA**AAAAAAAA*AAAAAAAAAAAAAA*AAAA**A*AA*A**AA*AAA*AAAAAAA*AAA*****AAAAAA*AAA*AAA*A*AAAA*A*AAAA**AA**AAAAA*A**AAAAAAAAAA*AAAAA*AAA*A*AAAAA*AAAAAA*AAA*AAA*AAAAA*AAA*AAAA*AAAAAAAAA*AAAAAA**AAAAAA*A*AA*AAAAAAA*A*AA*AA*AAAA*AAA*,.........x..x.x.xx.x.x.x..................x..x.x.x.x.x.x.x..................x.x.x.x...x.x.x..........x.......x..x.x.x...x.x.x..........x.......x.x.x.x....x.x.x.........x........x.x.x.x....x.x.x.........x........x.x.x.x...x.x.x...........x......x.x.x...x..x.x.x.......x..........x.x.x....x.,1655,Hard,True
puzzle_576,17,*AA***AAAAAA*A*AA*A*A*AAA*AAAA*AA*AA**AAAAAA*AAAA**AAAAA*A*AAAAA*AA*AAAAA*A*AAA*A*A**AAAA***AAAA**AA*AAAAAAAAAAAAAAAA*AA*AAAA**AAAAA*A*AAAAAA*AAAAAAA**AAAAAAAAAA*A*AAAA*A*AAAAAAA*A*AAA*AAAA*AAAAAAA*A*AAAA*AAAAAAAA*AA**AA*AA*A*AA**AAAAAAAAAAAA*AAA*A*AA*A*AA***AAAA*AAAAAAAAAAA*AAAAA*AAA*A**,.......x.x.x.x....x.x.x.........x........x.x.x.x...x.x.x..........x.......x.x.x.x.....x.x..........x.x.....x..x.x.x....x.x...........x.x....x.x.x.x.......x..........x.x.x...x.x.x.x.......x..........x.x.x...x.x.x.x..................x.x.x.x.x.x.x.x..................x.x.x.x.x.x.x.x..........,1657,Hard,True
puzzle_577,17,AAA*AA*A*AAA*A*AAA*A**AAAAAAAAAAA*A*AAAAAA*A*AA*AA*AAA*AAAAAAA**AAAAAAAAAA**AA*AAAAAAAA**AA*AAAA*AA*A*AAAAAAAA**AAAA*AAAA*AAAAA*AAA*A*AAAA*AAA*AA**A*AAAAAA*AAAAAAAAAA*AAAAA*A*AAA*A*AAA*AAAAAAAAA*AAAA*AAAAAA**AAAA*AA*AAAA**AAAA*AAAAAAA**AAAAA**AAAA*AAAAAAAAAAAAAAAAAAA**AAAAA*AAAAA*A*AAAAA*,x.x.x.....x............x.x....x.x.x.x.x......x............x.x...x.x..x.x.x.....x............x.x...x.x..x.x.x.....x............x.x...x.x..x.x.x.....x............x.x....x.x.x.x.x......x............x.x...x.xx...x.x.....x......x.....x.x.....xx.....x.....x.x....x.....x.x.....x....x.x.....x.x..,1659,Hard,True
puzzle_578,17,*AA*AAAA***A*AAAAAAAAA*AAAAA*AAAAA*AA*AAA*A*AAA**AAA*AA***AA*A*AAA*A*AAA*A**AA*A*AAAAA*AAA*AAAA*AAAAAAA*AAAAA**AA****AAA*AAA*AAAAA*AAAA**AAAAAAA*AAAAAA*AAAAA*A*AAAAAAAA*A*A*A*AAAAAAAAAAAAAA**AA*A*A*AAA*AA*AAAAAAA*A*A*AAA**AAA*AAA*AAAAA**AAAAAAA*AAA**AA*A*AAAAA*AAAAAAAA**AAAA*AA*AA*AAAAAA*,....x.x.......x.xx.......x.x.x......x.x.x.........x........x.x.x.x...x.x.x..........x.......x.x.x.x...x.x.x..........x.......x.x.x.x.....x.x..........x.x.....x.x.x.x......x.x.........x.x......x.x.x.x......x.x.........x.x......x.x.x.x.....x.x..........x.x.....x.x.x.x......x.x.........x.x..,1661,Hard,True
puzzle_579,17,AA*AAAAAAA*AAAAAAAAA*AA**AAAAA*AAAA***AAAAAAA**AAAAAAA*AAA*AAAAAA*AA*A*A*AAA*AAAAA*AA*AAAAAAA*AAAA*AAAAAA*AAAAA*AA**AAAAAAAAA*AAAAAAAAAAA*AAAA*AAAAAAAAAA*AAAA***AAA*AAA*AA****AAAAA*AAAA*A*AAAA***A*AAA*AAAAAAAAAAAA*A*AAAAAAAAAAAAA***AAAAAAAA*A*AAAAA*****AAAAAAAA*A*AAA*AAA**AAAAAAAAAAAA*A*A,....x.x.....x.x..x.x.....x.x..........x.x......x.x.x.x......x.x..........x.x.....x.x..x.x.....x.x..........x.x......x.x.x.x......x.x.........x..x.....x.x.x.x......x.x..........x.x.....x.x..x.x.....x.x....x.....x.x......x...x.x......x.x...x......x.x.....x....x.x.....x.x....x.....x.x......x,1662,Hard,True
puzzle_580,17,A*A*AAAAA*A*AAAA**AAAAAA*AAA*AAAAAAAA*AAA**AA*AAAAA**AAAAAA*AAA**AAAAA**AAAA*AAAAAAA*A*AAAAA*A*AAAAAAAA*AAA***AAA*A*AAAAAAAAAAAAA*A*AA**AA**A***AA*A*AA*AAAAAAAAAAAA***AAAAAAA**AAAAAAAAAAA*AAA*AAA*AA****A****A*AAAAAAAAAAAAAAAAA*A*AA*A*AAAA***AAAAAAAAAAA**AAAAA*AA*A*AA**AAAA*AAA*AAAAA*AAA*A,x.x..........x.x.....x.x.x.x.......x..........x.x.x...x.x.x.x.......x..........x.x.x...x.x.x.x..................x.x.x.x.x.x.x.x..................x.x..x.x.x.x.x.x..................x.x.x.x..x.x.x.x..................x.x.x.x.x.x.x.x..................x.x.x...xx.x...x.......x......x...x.x.x....,1664,Hard,True
puzzle_581,17,AAAAAAAA*AA**AAAAAAAAAA*AAA*AAAAA**A*A*AAAAA*AAAAAAA*AA**AAAA*AAA*AAAA*A*AAA**A*AAAA*AAAA*A***AAAA*A*AAAAAAAAAAAAAA*AAA*AAA**A*AAAAA***AA*AAA*AAAA*A*AA*AAAA*****AAA*AAA*A*A*AA*AAA*AA*AAAAAAA**AAAAAAAAAAA*AAAAA*AAAAAAA*AA*AAAAA**A*AAA*AA*A**A*AAA*AAA****AAAAAA*AA***AA*AAAA*AAAA**AAAA*AAAAA,.x...x.x.....x......x.....x.x...x..x...x.x.....x......x.....x.x....x.x...x.x......x.....x......x.x...x.x...x..x.....x.....x......x.x...xx.....x.x.....x....x.......x.x...x....x.x.x.....x..x.x.......x.x........x.x.x......x.x.x........x.x.......x.x..x.....x.x.x........x.x.......x..x.x.....x.,1666,Hard,True
puzzle_582,17,AAAAA*AAA*A*A*AAA*AAA*AAA*A*AA*A*AAAAA*A**AAAA*A*AAA*AAAAAAAAAAA*A*A*AA*AAA*A*AAA*AAA*AAAAA*AA*AA*A**A*A*A**AA*AAA*AAAA*AAAAA*A*A*A*AAAA**AA*AAAAA*AAAAAAAAAAAAAAA***AAAA*AAAAAAAAAAAAAA*AAAAAAAA****AA****AAAA**AAAAAAAAAAAAAAA*AAAA*A**AAAAAAAA**AAAAAAAA*AAAAAAA*AA*A*AAAAAAAA*AAA*A*AAA***AAA,..........x.x.x.x.x.x.x.x..................x.x.x.x.x.x.x.x..................x.x.x.x...x.x.x..........x.......x.x.x.x....x.x.x.........x........x.x.x.x....x.x.x.........x........x.x.x.x...x.x.x...........x......x.x.x...x..x.x.x.......x..........x.x.....x.xx.x.......x.x........x.x.x......x.,1668,Hard,True
puzzle_583,17,AAAA***A*AA*AAA*AA*AAA*AAAA**A*AAAA*AA**AAA*AAAAAA*AAAAAAAAA**A*AAAA**AA*AAAAAA**AAAAAAAAAAAAAA*AA*AAAAA*AA*AAA*A*AAA*AAA*AAAAAAAAAAAAAAAAAAAA*AAA*AAAAAAAAAAAA***AA*A*A*AAAA*AAAAAAAAAA****A*A*AAAA*AA**AAA*AAAAA*AAAAA**AAAAAAAA*AA*AAA*AAAAAAAAAAAA*AAAA**AAA*AAAAA*A****AAAAAAA*A*AAAA*A*A**A,.......x..x.x.x..x.x.x...........x......x.x..x.x...x.x.x..........x.......x.x.x..x...x.x.x..........x.......x.x.x.x.....x.x..........x.x.....x.x.x..x.....x.x..........x.x.....x..x.x.x.....x.x..........x.x.....x.x.x.x......x.x.........x.x......x.x.x.x.....x.x..........x.x.....x.x..x.x.....,1669,Hard,True
puzzle_584,17,**AAAAA*AA*A*AAAAAAA*AAAAA*AAAAAA*AAAAAAAAAAA*AAAAAAAAA**AAAA**AAAAA**A*A*A*AAAAAAAAAAAAA**A*A***AAAAA**AAAAA**AA*AAAAAA*A*AAA*A*A*AAAA**A**AAA*A*A*A*AAAAAA*AA*A*AAAAA*A*A*AAAAAA*A*AAAAAAAAAAAAA*AA*AAA*AAAAAAAA*AAA*AAA*A*AA*A***AA*AA*A*AAAAA*AA*AAA*AAA*A*AAAAAA*AAA*A*A*AAA*AAA*A*AAAAAAAA*,...x.....x....x.x.x...x.x....x.......x......x...x.x.x....x.x...x........x.....x...x.xx.x.....x...x........x.x...x.....xx.x.........x.x......x.x.x.x......x.x..........x.x......x.x.x.x......x.x.........x.x......x.x.x.x......x.x.........x.x......x.x.x.x.....x.x..........x.x.....x.x.x..x.....,1671,Hard,True
puzzle_585,17,*A*AAA*A*AAAAAAAAA**A*AAAA*AAAA*AAAAA*AAA*AAA*AAAAA**A*A***AAAAAAAAAAAAAA*A*AAA*A*AAAA*A*A*AAAAAAAAAAA*AAAAAAAAAA**AA**AA*A*A*AAAAAAA*A*A*AAAA*AAAAAA******A*AAAAAAAA*AAAAAAAAAAA*AAAA*AAA*AAA*A***AA*AAAAAAAAAAA*AAAAA*A***AA**AAA**A*A*AAAAAAAA*A*AAAAAA**A*AAAA*AAAAA*A*AAAAA*A*AAAAAAAA*AA**A,...x.x.x.x.......x..........x.x.x...x.x.x.x..................x.x.x.x.x.x..x.x..................x.x.x.x.x.x.x.x..................x.x.x.x.x.x..x.x..................x.x.x.x.x.x.x.x...................x.x.x.x.x.x.x..x...................x.x.x.x.x..x.x.x..................x.x.x.x.x.x.x..x........,1673,Hard,True
puzzle_586,17,*AA**A***AAAA***AA*A*AAAAAA**A*AAAA*AAA*A*AAA*AAAAAAA*AAAAAAAAAA*AAAAAAAAAAA*AAAAAAAAAAAAAAAAA**A***AA**A*A*AAA*A*A*AAAAA*AAA*AA*A*AA*AA**AA*AA*AAAAAAAAAAAAAAAAA*AAAAAAAAAAA***AAA*AAA*A*AAAAAAA**AAAAAA**AAA***A*AAAAAAAAAAAAAAAA*AA**AAAAA*A**AA*AA*AAAAAAAAAAAAAAAAAAAA*A*A*A*AAAAAAAAAA*AAAA,..x.......x.x...xx...x.x.x..........x.......x.x.x..x...x.x.x..........x........x.x.x.x...x.x.x..................x.x.x.x.x.x.x.x..................x.x.x.x.x.x.x.x..................x.x...x.x.x.x.x......x...........x.x....x.x.x.x.x.....x............x.x...x.x..x.x.x.....x............x.x...x.x.,1675,Hard,True
puzzle_587,17,AAAAAAAAA*AA*AA*AAAAAAAAAA*AA*AAAAA*AAAAA*A*AAA*AA*AAAAAAA*AAAAAAAAAAAA**AAAA*AAA*AAAAAAAAA*AA*AAAAA*A*AAAAAAAAAA**A*AAAAAAAA*AAAA*AA*AAAAA***AAAAA*A*AAAAAAAA*AA**AAAAAAA*AAAAAA*AAAAAA*AAAAAAAA*AAAAAAA*AAAAAAA**AAAAAAA*A**AAAAAAAAAAA*A**AAAAAAAAAAAAAAAAAAAAAAAA*AAAAA*A*A*AAAA*AAAAAAA*AAA*,....x.x.x..x.....x.x..........x.x.....x.x.x.x......x.x.........x.x.......x.x..x.....x.x.x........x.x........x.x.x.....xx.x.x.......x............x.x...x.xx.x.x.x...................x.x.x.x..x.x.x.x..................x.x.x.x..x.x.x.x..................x..x.x.x.x.x.x.x..................x.x.x.x.,1676,Hard,True
puzzle_588,17,A*AAA**AA*A*AAAA*AA*A*AAAAAAA*AAAAAAAAAAAA**AA**AA*AA*AAAAAAA*A*A*A*AAA*AAAA*AA**AAAAAAA*AAAAAAAAAA*AAAAA**AAA*AAAAAAA***AA*A*AAAAAAAAAAAA*A*AAAAAAAAAAA***AAAA*A**AAAAAAAAA**AAAAA**AA*AAAAAAAA*AA**AAAA**AAAAAA*AAAAA*AAA**AAA*AA**AAAAA*AAAAAAA**A*AAAAAAAA*AAAA**A*A*AAA**AAAAAAAAAAAAAAAAA*A,x.x.x..x..................x.x.x.x..x.x.x.x..................x.x.x.x.x.x.x.x...................x.x.x.x.x.x..x.x..................x.x.x.x..x.x.x.x...................x.x.x.xx...x.x.x..........x.......x.x...x....x.x.x.....x...x........x.x...x...x..x.x.....x...x........x.x...x...x.x..x.....x..,1678,Hard,True
puzzle_589,17,*AAA*AAAAAAAAAA*AAAAA**AAAA*A*AAAAAA**AAAA*A*AAAAAA*AAAAAAAAAAAAAA*AAAAA*A*AA*AAA*A*A*A*AAAA*AAAAA*A*A**A***AAA*A*AAAAAA*AAAA*AAAA*AAAA*AAA***AA*AA*AAAAAAAAAA*AAA***AAAAAA*AAA*A**AA*AAAAAAAAAAA**AAA*A***AAAAA**AAAAAA*A***A*AAAAA**AA**A*AA*AAA*AAAAAAAAAAAA*AAAAAAA*AAA*AAAA*A**A*AAAAAAAA*A*,.....x.....x..x.x.x.x...x.x............x.....x.x.x..x.x...x.x............x......x.x.x.x.x....x.x............x.....x.x.xx.x.x...x..............x...x.x..x.x.x.x...x..............x...x.x.x..x.x.x...........x......x.x.x..x...x.x.x..........x........x.x.x.x....x.x.x.........x........x.x.x.x...,1680,Hard,True
puzzle_590,17,AAA*AA*AA*A*A*A*AAAAAA*AA*AAA*AAAA*A*A*A*A*AAAAAAAAA**A*A***AAA*AAAA*A*AAA*AA***AAA*****AAA*A*AAAAAAAAAA*A*AAAAAA*AAA*AAAAAAAA*AAAAAAAAAAAAAAAA*A*A**AA**AA*AA**A**A*AAAA**AAAA*A*AA**A**AAAAA**AA*A*A*A*AAA**A*AAAAAAAA***AAA*AAAAA*A*A*AAAAAAAAAAAAAA*AAA*AAAAAAAAAAAA*A*AAA*A*AAAAAAA*AAAAA*AA,x.x..x.x..................x.x.x.x..x.x.x.x..................x.x.x.x..x.x.x.x..................x.x.x.x..x.x.x.x...................x.x.x.x..x.x.x.x........x.........x.x.x.....x..x.x.......x.x........x.x.x......x.x.x.......xx.x.........x.x......x...x.x.....xx.x...x......x.......x....x.x...x.,1682,Hard,True
puzzle_591,17,*AAAAA*A*AAAAA*A*AAA*AA*AAAAA*A*A**AAA**AAAAAAAAAA*AAAAAAAAAAAA*AAAAAAA**A*AAAAA*AA*A**AAA*AAAAAA**AAAAAAAA**A*AAA*AAA**AAAAAAAAAA***AAAAAAA**A*A*AAAAAAA**A*A*A*A**A**AAAAA*AAAAAA*AAA*A**AAAAAAA*AAAAA*A**AAA**AAAA*AAAAAAAAA*AAA*AA***AAAAAAA*AAA*AAA**AAA*A*A*AAAA***AAAAAA*A***AA*AAAAA**AAA,.x.x.......x.x........x.x.x.....x..x.x.......x.x........x.x.x.....x.x.x........x.x.......x.x.x......x.x.x.......x..x.......x.x.x......x.x.x.......x.x........x.x.......x.xx.......x.x.x......x.x.x.......x..........x.x.x...x.x.x.x........x.........x.x..x...x.x.x.x........x.........x.x.x....x,1683,Hard,True
puzzle_592,17,*AAAAA**AAAAAAAAAAA*AAAAAA*A****AAAAAAAAA***A*AAAA***AAAAAAAAA*AAAAA**AAAAA*AA**AAAAAAA*AAAAAAAAA*A*AAAAA*A***AAAAAA*AA*A*AAAAA*AAA*AAAA*AAA*AAAAAAAAAA*AA**AAAAAAAAAAA*AAAAA*AAA***AAAAAAAA*A*AAAAAAAA*AAAAAAAA*AAA*AAA*AAA*AAAA*A*AAAAAA*AAA*AAAAAAAAAAA*AA*AAA*AAA*AAA*A*A*AA*AAAAA**AA*AAA*A*,.x..........x.x.x....x.x.x.x......x.x.........x..x.....x.x.x.x........x.........x.x.x....x.x.x.x......x.x..........x.x......x.x.x.x......x.x..........x.x......x.x.x.x....x.x.x.........x.........x.x.x....xx..x.x.......x..........x.x.x...x..x.x.x.......x..........x.x.x...x..x.x.x.......x...,1685,Hard,True
puzzle_593,17,AAAAA*AAAAAA*A*AA*AAAAAAAAAAAAAA*AAA*A**A**AAAAAAA*A*AAA*AA*AAAA*AAAAAA**AAAAAAAAA***AAA*AAAAAAAAAAAAAA*AAAAAAAAAAA**AAAAAAAAAAAA*A**A*A*A*A*AAAAAAAA***AAAAA***A***AAAAAA*AAAAAAAA*AAA*AA**AA****A*A**A*AAAAAAAAAAAAAAAA*AAA*A*AAAA**A*AAAAAAAA*AAAAAAAAAAA*A*AA*A*AA*AAAAAAAA**A*A*A*AAAA*A***A,x..........x.x.x...x.x.x.x........x.........x.x.x....x.x.x.........xx.......x.x.x......x.x.........x.x......x.x.x.x.....x.x..........x.x.....x.x.x.x.....x.x..........x.x.....x.x.x.x.......x..........x.x.x...x.x.x.x........x.........x.x.x....x.x.x.x........x.........x.x.x....x.x.x.x.......,1687,Hard,True
puzzle_594,17,AAAAAAAA*AAA*AAA*AAAAAAAAA***AA*AAAA*AAA*AAAAAAAAAA*A*A*A*A*A*A*A***AAAAA*AA**AAA*AAAA*A*AAAA**AAAA*AAAAA*AAAAAAA*AAA*A*AAAAAAAAAA*AAAAAA*A*AAAAAAA*A*AAAAAAA*AAA**A*A*AAAAAAAAAAAAAAAA*AA*AAAAAA***A*A*AAAAAAA*AAA*AAAA*AAAAA*AAAAAA**AAAA*A*AAA*AAAAAAA*AA*A*AAAAAA*AAAAAAA*AAA***A*AAA*A*A**AA,.........x.x.x.x..x.x.x.x..................x.x.x.x..x.x.x.x...................x.x.x.xx.x.x.x..................x.x.x.x...x.x.x..........x.......x.x..x.x...x.x.x..........x.......x.x.x..x..x.x.x...........x......x.x..x.x...x.x.x..........x.......x.x.x..x...x.x.x..........x.......x.x.x.x....,1689,Hard,True
puzzle_595,17,AAAAAAAAA*AAA*AAA*AA*AAAA*AA*AAAAA*AAAAAAAAAAAA**AA*A*A*AAA*A**AAAAAAAAAAAA*AAAAA*AAA*AAAAAAAAAAA*AAAAA*AAA*AAAAAAA**AAAAAA**AAA*AAAAAAAAAA*A*A*AAA***AA**AA*AAA*AAA**AA*AAAAAA*AAAAAAA*A*A*A*AAAA****AAAA*AAAAA**AAAAAAA*AA**AAAAA***AAA*AAAA****AAAAAAA*A*A*AAAAAAAAAAA*AA*AAAAA**AA*AAAAAA*AA*,.x.x.x.....x............x.x...x.x..x.x.x.....x............x.x...x.x..x.x.x.....x............x.x...x.x.x.x.x......x...........x.x....x.x.x.x.x.....x............x.x.....x.xx.x.......x.x........x.x.......x.xx.......x.x.x......x.x.........x.x......x.x.x.x.....x.x..........x.x.....x.x.x..x....,1690,Hard,True
puzzle_596,17,AAAAAA**AA*A*A*AA**AAA**A*AAAAA**A*AAA*A**AAAA*AAAA**AAAA*AAAAA*A*AAAA*AAAA*AAAAAA*AA*A*AAAAAAAAAA*AA*AAAAAAAAA**AAAA*AAAAA*A**AAAAAAAAAAAAAAA*AA*A*AAAAAAAAAAAAA*AAAAAAAAAAAAAAAAA*AA*A**A*AAA*AA*AAA*A*AA*AAAAA*AAAAAAA*AAA*AAAA***A**AA*AAAA*AAAAAAAAAAA*A*AA*A*AAAAAAAA*AAAAAA**AAAAAAAAAAAAA,.x.x.x.........x........x.x.x.x....x.x.x.........x........x.x.x.x....x.x.x..........x........x.x.x.x..x.x.x.x...................x.x.x.x..x.x.x.x...................x.x.x.xx...x.x.x..........x.......x.x.x..x.....x.x.......x..x.x.......x.x........x.x.x.....xx.x.x........x..........x.x.x...x.,1692,Hard,True
puzzle_597,17,AA*AA**AAA*****AAAAAAAAAA**AAAAAAAAAAAAAAAAA*AAAAAAAA***AAAA*A***AAAAA*AAA*AAAA*AA***AAAAAAAAA*AAA*A*AAAAAAAAAAAAAA*AAAA*AA*AAA*AAAA*AAAAAAAAAAAAAAAAAAAAAAAAAAAAAA*AA*AAAAA***AAAAAAAAAAAAAAAAAA*AAA*AA*AAAAAA*AAAAAAAAAAAA*AAAAA*AAAAAAAAAAAAA*AAAAAAAAAAAAAAAAAAAAAAAAAAAAA*AAA*AAAAA*AA*A*AAA,.x.x....x.......x......x...x.x.x..x.x.x...x..............x...x...x.xx...x...x...x......x...x.......x.x....x...x.x.x....x.x...x........x.....x....x.x.x...x.x....x.......x......x...x.x.x....x.x...x.......x......x...x.x.x....x.x...x.......x......x...x.x.x....x.x...x........x.....x....x.x.x..,1694,Hard,True
puzzle_598,17,AA*AAA*AAAAAAA**AA*A*AA*AAAAAAAAAA**A*AAAAAAA*AA***AAAA**AAAA*AAA*AA*AA*AAA*A*AAAAA**AAAAAAA**AA*AA*AA*AAAAAA*AAAAAAAA*A**AA**AAAAAA*AAAAAAAAA*A**AAAAAA*AAAAAAAAAAA*A**AAAAA*A**A*A*AAAAAAA****AAAAAAAAA****AAAAAAAA**AA*A*AA*AAAAAAAAAAAA*A**AAAA*AA*AAAAA*AA*A*AAA*A*AAA*AAAAAA*AAAAA*A**AAAAA,...x.x.x.x.......x..........x.x.x...x..x.x.x.......x..........x.x.x...x.x.x.x........x.........x.x...x..x.x.x.......x..........x.x.x...xx.x.x.........x........x.x.x.x.....x..x.........x.x......x.x.x.x.....x.x..........x.x.....x.x.x.x......x.x.........x.x......x.x.x.x......x.x.........x.x.,1696,Hard,True
puzzle_599,17,AAAAA*AAAAAA*A*AA*AAAAAAAAAAAAAA*AAA*A**A**AAAAAAA*A*AAA*AA*AAAA*AAAAAA**AAAAAAAAA***AAA*AAAAAAAAAAAAAA*AAAAAAAAAAA**AAAAAAAAAAAA*A*AA*A*A*A*AAAAAAAA***AAAAA***AA**AAAAAA*AAAAAAAA*AAA*AA**AA****A*A**A*AAAAAAAAAAAAAAAA*AAA*A*AAAA**A*AAAAAAAA*AAAAAAAAAAA*A*AA*A*AA*AAAAAAAA**A*A*A*AAAA*A***A,x..........x.x.x...x.x.x.x........x.........x.x.x....x.x.x.........xx.......x.x.x......x.x.........x.x......x.x.x.x.....x.x..........x.x.....x.x.x.x.....x.x..........x.x.....x.x.x.x.......x..........x.x.x...x.x.x.x........x.........x.x.x....x.x.x.x........x.........x.x.x....x.x.x.x.......,1697,Hard,True
puzzle_600,17,AAAAA**A*AAAA****AAA*AA*A****AA*A*AAAA**A**AAAAAAAA*AA**A*AAA*AAAAAA*A*A*A*A*AA*AAAAAAA*A*A*A*AAAAAA*AA*AAA***AAAAAA**AA*A*AAAAAAA*A*AAA*AAAAAAAAAAAAAA**A*AAAAAAA*A***AAAA*AAAA**A*AAAAAAAA*AAAAAAAAAAAAAA*AAAAA**AA*AAAAA*AAA*AA*A*A**A***AAAAAAA***AA*AAAA*AA*A*AAAA*AAAAAAA****AAAA*A*AAAAAAA,.x.x.....x.x..........x.x.....x.x..x.x.....x.x..........x.x......x.x.x.x.....x..x.........x.x......x.xx.x.......x.x..........x.x.....x.x.x..x.....x.x..........x.x.....x.x..x.x.....x.x....x.....x.x......x...x.x.....x..x...x.....x.x......x...x.x......x.x...x......x.x.....x....x.x.....x.x...,1699,Hard,True
puzzle_601,17,*AAAAAAAAAAA***AAAAA*AAA****A*AAAAA*AAAAA*AAAAAAAAAA*AA**A*AAAAAAA*A*A*AA*AAAAA*AAA*AAA*****A*AAAAAAAAAAAAAA*AAAAAA**AAA***AAAA*AAA*A*AAAAAAAAAAAAAA**AAAAAA*AAA*AAA*AAAA**AAAAAAAAAAAAAAAA*AAA***AAAAAAAAAAAAAAA*AAA**AA*AA*A*A*AAA*AAAAAA**AAAA*AAA*AAA**AAAA*AA**AAAAA*AA*AA**AAAAAA*AAA*AA*AA,...x.x.x.x.......x..........x.x.x...x.x.x.x..................x.x.x.x.x..x.x.x..................x.x.x.x.x.x.x.x..................x.x.x.x.x.x.x.x..................x.x.x.x...x.x.x..........x.......x.x.x.x...x.x.x..........x.......x.x.x.x....x.x...........x.x.....x.x.x.x......x.x.........x.x.,1701,Hard,True
puzzle_602,17,AAAAA*AA***A*AA***AAAAAAAA*AAAAA*AAAAAA*AAAAA***A**AAA***AAAA*AAAAAAAAAAA*AAAA*AAA*AA*A*AA*AAAAAAAAAAAAAAAAAAAA*AA***AAAAAAAAAAAAAA*A*AAA*AAAAAAA**AAA*AAAAA*AAAA*AA*AAAAAA*A*AAAAAA*A*A*AAAA*A*AAA**AA*AAAAAA*A*A*AAAA*AAAAAAA*AA**AA*AAAAAAAAAAAAAA*AAAAA*AAA*AA**AA*AA**AAAAAAAA*AAAAAAAAAA**A,.x.x..x.......x..........x.x.x...xx.x.x.x...................x.x.x.x.x.x.x..x..................x.x.x.x..x.x.x.x..................x.x.x.x.x.x..x.x...................x.x.x.x..x.x.x.x........x..........x.x.x....x.x.x.x........x..........x.x.x...x.x..x.x.......x..........x.x.x....x.x.x.x......,1703,Hard,True
puzzle_603,17,*AAAAA*AAA*AAAAAAAAAA*AAA*A*A*A**AAAAA*AAA*A*AAAA*AAAAAAA*A*AAA*A*AA**AA*AAAAAAA*A*AAA*AAA*A*AA*A**AAAAA**AAA*AAAAAAAAA*AAAAA*AA**A*AAAA***AAA*AAAAAA*A**AAAAAAAA**AAA*AAA*A*AAAAA*AAAAAA*AAAAAAA*AAAA*AAAAA*AA**AAAA*A**AA*AAAAAAA*AA*AA*AAAAAAA*AAAAAAAAA*AAAAAA*AAAA*A**AAAA*A*A*A*A*A*AA**AAA,.........x.x.x.x..x.x.x.x..................x..x.x.x.x.x.x.x..................x.x.x.x.x.x.x.x..................x.x.x.x...x.x.x..........x.......x..x.x.x...x.x.x..........x.......x.x.x.x...x.x.x..........x.......x.x.x..x...x.x.x..........x.......x.x.x.x....x.x.x.........x........x.x..x....x,1704,Hard,True
puzzle_604,17,AAAAAAAAAA**AAAAA*AAAAAA*AA****AAAAA*AAA*AAAAAAAAAA*AAAAAAAA*AAA*AAAAAA*AAA*A*AAAAAA*AAAAA*A*AA**A*AAAAAAAA**AAAAA**AAAAAA*AAA***AAAA*AAAAA*AAA*AAA*AA*AAAAAAA*AAA*AA**AAAAAAA***A*AAAAAAAAAAAAAAAA*A*AAA**A*AA*AAAA*AAAAA*AA*A*A*A*AAA*AAA*A*A**AAAAAAAAAAAAA*AAAAA*AAA*AA*AAAAAA*AAAA*AAAAA*A*A,.......x.x..x.x...x.x.x..........x.......x..x.x.x...x.x.x..........x........x.x.x.x..x.x.x.x..................x..x..x.xx.x.x.x..................x.x..x.x.x.x.x.x...................x.x.x.x..x.x.x.x..................x.x.x.x..x.x.x.x..................x.x.x.x.x.x.x.x..................x.x.x...x,1706,Hard,True
puzzle_605,17,AA**AAA**A*AAAAAAAAAAAAAAA***A**AAAAA**A*A*AAA*AAAAAAAAAAAAA**A*AAA**A*A***AAAAAAA*AA*AAA*AAA****AA*A*AAAAAAA**A*A*A*A*AAA*AAAA*AAA*AA*AAAAAA*AAA*AAAAAA*AAAAAAAAA*AA*AAAAAAAAA**AA*AAA*AAAAA**AAA**AA*AA*A*AAA*AA**A*AA*AAAAA**AA*AA**AAAAA**AAAAAAAAAAAAA*AAAAA*A*A*AAAAAAAAAAAAAAAAAAAAAAAA*A*,.........x..x.x.x.x.x.x.x..................x.x.x.x..x.x.x.x..................x.x.x.x..x.x.x.x..................x.x.x.x.x.x.x.x..................x..x.x.x.x.x.x.x..................x.x...x.xx...x.x.....x......x.....x.x.....x....x.x.....x.x..x.x.....x.x...........x......x.x.x.x.x...x..x......,1708,Hard,True
puzzle_606,17,AAAA*A*AAAAAAA*AAA*AAA*AAAAAAA*AAAAAAAAA*AAAA*AA**AAAAAAA**AAAAAAAAAAAAAAAA**A*AAAAAAAAAAA*AAAA*AAA*AAAA*AAAAAAA*A****AAA*AAA*AAAAAA*AAA*A*AAAA*AAA*A*A**AA*AA**AAAAAAAAAAAAAAA*AAAA*AAAAA**AA*AAAAAA*A*A*AAAAA*A*AA*A*AA*A**AAAAA**A****A*AAA**A*A*A*A*AAA*AAAA*AAAAA*AA*AAAAAAAAAAAAAAAAAA**AA*,.x.x.x..x..................x.x.x.x.x.x.x.x..................x.x.x.x.x.x.x.x...................x.x.x.x..x.x.x.x...................x.x.x.x.x.x..x.x..................x.x.x.xx...x.x.x..........x........x.x.x.x...x..x.x.........x.........x.x.x....x.x.x.x......x.x..........x.x......x.x.x.x.....,1710,Hard,True
puzzle_607,17,AAA**AA*AAAAA*AAAA*AAAA*AAAAA*AAAAAAA****AA**AAAAAAAA*A*AA*AAAAAAAAAAAAAAAA*A**AAAAAAAAAAAAAAAAAAA**AAAAAAA*AA*A*A**AAAAAAAA*AAAA*AAAAAA*AAAAA*A*AAA*AAA*A**AAA*AAAAAAAAAAAAAAAAAA*AAA**AA*AAAAAAAAAAAAAAAAAAAAA*AAAA*A****AAAA*AAA*AAAAAAAA**A*AAAA*AAA*AAAAAAAAAA*AAAAAAAAAAAAA*A*AAAAAAA*A*AAA,.x....x.....x.x......x...x.x.....xx.x.........x.x........x.x.x.....xx.x.x.........x........x.x.x.x....x.x.x..........x........x.x.x.x....x.x.x.........x........x.x.x.x....x.x.x.........x........x.x.x.x....x.x.x.........x........x.x.x.x...x..x.x..........x........x.x.x.x....x.x.x.........x,1711,Hard,True
puzzle_608,17,AAAAAAAAAAAA**AAA*AAAA*AAA**AAAAAA**AAAAAAAAA*****AA****AAAA*AAA*A*AAAAAA**AA*AAAA*AA*AA*A*AAAAA*AAAAAA*AAAAAA*AAA**AA*A*AAAA*A*AA*AA*AAAA*A*A*AAAAA***AAAA*AAAAAA**AAA*AAAAAAAAA*AAAAAA*AAAAA*AAAAAA*AAAAAAAA*AAA*AAAAAAAAAAA*AAAAAAAAAA*AAAAA*AA**A***A*AAA*AA**AAAAAAAAAA*AAAAA**AAAAAAA*AAAAA,x.x.x...x..............x.....x.x.x..x.x...x.x............x.....x.x.xx.x.....x.x..........x.x......x.x.x.x......x.x..........x.x.....x.x..x.x.....x.x..........x.x.....x.x..x.x.....x.x..........x.x.....x.x..x.x.....x.x..........x.x......x.xx..x......x.x..........x.x.....x.x.x..x.....x.x....,1713,Hard,True
puzzle_609,17,AA*A*A*AAAAAAA*A*AAAA*AAAA**AAA*A*AAAA*AA*AAAAA*AAA**AA***AAA*AAAAA*AAAA*AAAAAAAAA*AAAAAAAAAAA**AAAAAAA*AA*AAAAAAAA*AA*AAAAAA*AAAAAAAAAAA*AAA*A***AAA**AA**A**AA*AAA*AAAAAAAAAA*AAAAA***A*AAAA*A*A*A*AAA*AA***AAAAA*A*AAAAA*AA*AAAA*AAAAAAAAA*A*AA*AAAAAAA**AAAAAA*AAAAAAA**A*AAAAAAAAAAAAAA**AA*,.x.x.x...x..............x...x.x.x..x.x.x...x..............x...x.x.x..x.x.x...x..............x...x.x.x.x..x.x...x..............x....x.x.xx.x.x.....x............x.x...x.x...x..x.....x.....x......x.x...x.x....x.x.....x.....xx.......x...x.x....x...x...x.....xx...x...x....x.....x...x....x...x.,1715,Hard,True
puzzle_610,17,A*AAAAAAAAAAA***A*AAAA**AAAAA*AAAAAAA*AAAAA*AAA*A***A**AAAAAAAAAA**A*AAAAAA*AA*AA*A*AAAAAAAAAA*A****AAAA**A*A*A*A*AAA**A*AAAAA*AAA***AAAA**A*AAAAAAAAAAAA*AAAAAAAA*AAAAAAAAAAAAAAAA*AAAAAAAAAAA*A*AAAAAAAAAAAA*AAAA*AAAAAA*AAAA*A*AAAAAAAAAAAAA*A***A**AAA*A*A*AAAAAAAA*A***AAAA***A***AAAAAAA*A*,x.x...x.x............x.....x...x.xx.x.....x...x........x.x...x.....x..x.....x...x.x..x...x.x.........x........x.x.x.x..x.x.x.x...................x.x.x.x..x.x.x.x...................x.x.x.x.x.x.x.x..................x.x.x.x..x.x.x.x..................x.x.x.x..x.x.x.x..................x.x.x.x.,1717,Hard,True
puzzle_611,17,AAAAAAA*AAAAAAAA*AAA***AA*AAAAAAAA*A*AAA**AAAAA*AAAAAAA*A*AA*AAA*AAAAAAAAAAAA*AAAA****AA*AA*AAAAAAAA*AAA*AAAAA*AAAA**AAAAAAA*AAAA***AA*A*AA***AAAAAAAAA**AAAAA*AAA*A*A**AAAAAAAAAAA*AAAAAAAAAAAA*AAAA*A**AA*AAAA**AAAAAAAAAAAAAAAAA*AAAA*AAA*AAA*A*AAAAAAAAAAAAAA*A*AAAAA**AAAAAAA****AAA**AAAA*A,...x.x...x.x......x.....x.....x.x....x.x...x.x......x.....x......x.x...x.x....x.x.....x......x.....x.x....x.x...x.x....x.x.....x.......x......x...x.x.x..x.x.x...x..............x...x..x.x.x.x.x...x..............x....x.x.x.x.x.x....x..............x...x.x.x..x.x.x...x..............x....x.x.x,1718,Hard,True
puzzle_612,17,AAAA*AAA*AA**AAAAAAAAA*AAAAA*A*AA*AAAAA*AAAAA*AAAA**AA*AAA*AAAAAAA**AA**AAAA**AAAAAA**AAAAAAAAAAAAAAA*AAA*AAAAAAAAAAAAA*AAAAAAAAAAAAAA*AAA*AAA*AAAA*A*AAAAAAA*AAAAAA**AAAA*****AAA*AAA*AA*AAAAAAAAA*AA**AA*A*AAAAA*A*AAA*AAA*AAAAAAA****AA*AAAA*A**A**AAAAAAA*AAAAA*AAA****AAAAA*AA***AAAA*AAA*AA,x.........x..x.x...x.x.x.x........x.........x.x..x...x.x.x.x........x..........x.x.x...x.x.x.x..................x.x.x.x.x.x.x.x..................x..x.x.x.x.x.x.x..................x.x..x.x.x.x.x.x..................x.x.x.x.x.x.x.x..................x.x.x.x...x.x.x..........x.......x.x.x.x...,1720,Hard,True
puzzle_613,17,**A**AAAAAA*A*AAA*A*AAAAAAAAAAA*A*AA*A*A*A*A*AAAAAAAAAAAA**AAA*AAA***AAAAA**AAA*AAAAAA*AAA*A*AA*AAAA**A*AAA***AA*AAAAAAA*AAAAAAAAAAAAA**A**AAAA*AAA*AAAA*AAAAAAA****AA**AAA*AA*AAAAAAAAAA**AA*AAAAA***A**AAAAAAAAAAAAA*A*AA*AA*AAAA*AAA*AAA*AAA*AAAAAAAAAAAAAA*AAAAAAA*AA**A*AAAA*AAAAA*A*AA*A*AA,.......x..x...x.x.x.x.x......x...........x.x....x.x.x.x.x......x............x.x...x.xx.x.x.x...................x.x.x.x.x.x.x.x..................x.x.x.x...x.x.x..........x.......x.x.x.x....x.x.x.........x........x.x.x.x...x.x.x..........x.......x.x.x.x....x.x.x..........x.......x.x..x.x...,1722,Hard,True
puzzle_614,17,*AAA*A*A*AAAAAAAA*AAA*A*AAA*AAAAA*AAAAAAAA*AAAA*AAAA*AA*AA***AAAA*AAAAA*AAAAAAAAA*AAAAAA***AAAAAAA*AA*AAAAAAAAA*AA****A*AAA*****AA*AAAA*AAAAAA*AA**AAAAAAAAAAA*A**AAAA*AAA*AA*A*AAAA***A**AAAA*A****AAAAAAAA*AAAAAAAAAAAA*AAAAAAAAAAA*AAAAAAAAAAAAAAAAA*A*****AAAAAAAAAAAAAAAAAAAAAAAAA*A*AAAA*A*,.....x.x.x.....x..x.x.......x.x........x.x.x.....x.x.x........x.x.......x.x.x.......x.x........x.x.x.....x..x.x.......x.x........x.x.x.....x.x..x.......xx.........x.x.x....x.x.x.x..................x.x.x.x.x.x.x.x..................x.x.x.x.x.x.x..x..................x.x.x.x.x.x.x.x..........,1724,Hard,True
puzzle_615,17,*A*AAAAAAAA*AAAAAAAAA**AAAAAAA**AA*A*A*A*AAAAAA*AAA*AA*A**AAAAAAAAAAA*AAAAAA*AA*AAAAAAAAAAA**AAAAA*AAAAAAAA*AAAAA*AAAAAAAA*****AAAAAAAAA***AAAA*A*AAA*A*AA*AAA*A*AAAAAAA*AAAA*AAA****AAA*A*AAA*****AAAAAAA**A**AAAAAA**AA*AAAA*A**AAA*AAAAA*A*AAA*AA*A**AA***A****A***A*A*AAA*A*AA*A*AAAA***AA*A*,.x.x.x.......x..........x.x.x....x.x.x.x........x..........x.x.x...x..x.x.x.......x..x.......x.x.x.......x..x.......x.x.x......x.x.x........x.x.......x.x..x.....x.x.x....x...x.x........x...x......x.x.x...x...x..x.......x...x......x.x.x...x....x.x.......x....x.....x.x.x....x...x.x.......x.,1725,Hard,True
puzzle_616,17,AAAAAA**AA*A*AA**AAAAAAA*AAA*AAAA**AAAA*AAA*AAAAAAAAAA*AAAAAAAAAAAAAA*AA**AAAAAAAAA**AAA*AAAAAAAAA*A***AAAAAAAAAAAAAAAAAA**AAAAAAAA*AAAA*AAAAAAA*AA*AAAAAA*AAAAAA*AAAAAAA**A*AAA**AA*AAAAAAAAAAAAAAAAAA*AAA*AAA*AAAA*AAAAAAA*A**AAAAAAAAA**AAA*AAAA*AAAAAA*A*AAA*AA*AAA*A*AAAAAA*AAAAA*AAAAAAA*AA,..x.x...x....x...x.....x...x....x...x.x...x...x....x.....x...x.....x..x.....x...x.x..x...x.x...x........x.........x.x.x....x.x.x.x.......x..........x.x.x...x.x.x.x........x.........x..x.x...x.x.x.x.......x..........x.x.x....x.x.x.x........x.........x.x.x....x.x.x.x........x.........x.x.x.,1727,Hard,True
puzzle_617,17,*AA*A*AAA*A*AAAA*A*AA*AAAA*AAAAA*A*AAAAAAAA*A*AAAA***A*AAAAAAAAAAA*AAAAAA*A*AAAA**AAAA*AA*AAAAAAA*AAAAAAAAAA*AAA**AAAAAAAA*AAAA*A*AAAAA*AAAAAAAAAAAAAAAAA*AAAA*AAAAAAAAAA*A*AAAAAAAAAA**AAAAA*A*AAA**AAAAAAA**AA*A*AAAA**AAAAA*AAAAAAAAAAAAAAA*AA*A*AAA*A**AA*AAA***AAAA**AAAAA*AAAA**AAA*AAAAA*A,.x..x.x.x..................x.x.x.x.x.x.x..x..................x.x.x.x..x.x.x.x........x..........x.x.x...x.x..x.x.......x..........x.x.x....x.x.x.x........x.........x.x.x....x.x.x.x........x.........x.x.x....x.x.x.x.......x...........x.x.x..x.x.x...x......x.......x...x.x....x...x...x.....x,1729,Hard,True
puzzle_618,17,AAAAAAAAAAAAA*AAAAAA*AAAAAAAAAAAAAAAAAA**AAAAAAAAAAAAAAAA*AAA*AAAAAAAA*A*AAA*AAA*A*AAAA*AA*AA*AAA*AAA**AAAAAAAAAA*AAAAAA*AA*AAAAAA*AAAAA**A*AAAA***AAA*AAA*A*A*A**AAAAAAA***AA*AAAA*AAA*A*A*AAA*AAA*AA*AAAAAAA*AAAAAAAAA*AAAAA*AA*AA****AAAAAAA*AAAAAA*A*AAAAAAAA*AAAAAAAAAAA*AAAAAAAAAAAA**AA*AA,x.x.x.........x........x.x.x.x....x.x.x..........x........x.x.x.x....x.x.x.........x........x.x.x.x....x.x.x..........x........x.x.x.x....x.x.x.........xx.........x.x.x.....x..x.x.......x.x........x.x.x......x.x.x.......xx.x........x.x........x.x.x.....x..x.x.......x.x........x.x.x.....x.,1731,Hard,True
puzzle_619,17,AAAAAAA*AAAAAA**AAAA**AAAAAA*AAAAA*AAAA*AAA*AA*AAAAA*A*A*A*AAAAAAAAA*AAAAAA**AAAAAAAA**AAAAAAA***A*AAA*AAA*A*AAAAAAAA*AAAA*AAAAAA**AAAAAAA*AA**AAAAAAAA*AAAAAAA*A*AA*AA*AAAAAA**AAAA*A*AAA****AAAAAAA*AAAAA*AAA*A*A*A*AAA*A*AA**AAAAAA***A*AAAAA*AAAAAAAAAAAAA*AA*AAA*AA*A**AA*AAAA***AA*AAAAAAAA,...x.x.....x.x...x......x.x.....x...x.x......x.x...x.....x.x......x...x.x.....x.x..........x.x.....x.x.x.x......x.x.........x.x......x.x.x.x.....x.x..........x.x.....x.x.x.x......x.x.........x.x......x.x.x.x.....x.x..........x.x.......x.x.x......x.x.x.......x.x........x.x.x.....x.x..x....,1732,Hard,True
puzzle_620,17,*A*AAAAAAAA*AAAAAAAAA**AAAAAAA**AA*A*A*A*AAAAAA*AAA*AA*A**AAAAAAAAAAA*AAAAAA*AA*AAAAAAAAAAA**AAAAA*AAAAAAAA*AAAAA*AAAAAAAA*****AAAAAAAAA***AAAA*A*AAA*A*AA*AAA*A*AAAAAAA*AAAA*AAA****AAA*A*AAA*****AAAAAAA**A**AA*AAA**AA*AAAA*A**AAA*AAAAA*A*AAA*AA*A**AA***A****A***A*A*AAA*A*AA*A*AAAA***AA*A*,.x.x.x.......x..........x.x.x....x.x.x.x........x..........x.x.x...x..x.x.x.......x..x.......x.x.x.......x..x.......x.x.x......x.x.x........x.x.......x.x..x.....x.x.x....x...x.x........x...x......x.x.x...x...x..x.......x...x......x.x.x...x....x.x.......x....x.....x.x.x....x...x.x.......x.,1734,Hard,True
puzzle_621,17,***A**AA***AAAAA*A*A***AAAAAAA*A*AAAAAAAA*AAA**AAA*A*AA**AAAAAAA*AAAAAAAAAAAAA***AAA**AAAAA*AAAAAAAAAAAAAAAAAA*AA**AAAAA*AA*A*AAA*AAA*AAAAAA*AAA*AAAAAAAA*AAAA**AAAAAAAAA*A*AAAA*AAAAA*AA*AAA**AA*A*AAAAA*AAAA*A*AAA*A**AA*A***AAA**A*AAAAAAA*AAAAA*AAAA**AAAA*AAA*AAAAAAAAA*AAAAAAAAA*AA**A**AAA,...x..x.....x.x..x.......x.x.....x..x.x.x.......x..........x.x.x...x.x..x.x.......x..........x.x.x...xx.x.x.x...................x.x.x.x..x.x.x.x..................x.x.x.x.x.x..x.x..................x.x.x.x..x.x.x.x..................x.x.x.x.x.x.x..x...................x.x.x.x.x.x.x..x........,1736,Hard,True
puzzle_622,17,AAA*AAA*AAA*AA*AAAA*AAAA*A*AAAAAAA*AA***AAAAAAAAAAAAAAAAAAAA***AA*AA****AAA**A*A**AAAAAAAAAAAAAA*****AAA*A*AAAAAAA*AAA*AA*AAAAAAA**AAA*AAAAAAA*AAAAA*A*AAAAAAAA*AAAAAA*AA*A****AA**AAAA*A*AAAA*A*AAA*A*AAA*AA**AA**AA*A**AA*AAAAAA*AAA**AAAA*AA*A****AA*AAA*AAAAAA*AAAAA***AAAAAA*AAAAAAAAAAAAAAA,..x.......x.x..x.x...x.x.x..................x.x.x.x.x.x.x.x..................x.x..x.x.x.x.x.x..................x.x.x.x..x.x.x.x..................x.x.x.x..x.x.x.x..................x..x.x.xx.x.x.x..................x.x..x..xx.x.x.x..................x.x.x.x..x.x.x.x..................x..x.x.x.,1738,Hard,True
puzzle_623,17,**AAA*AAAAAAAAA*AAAAAAAAAAAAA**AAA*AA*AAAAAAAAAA*A**AAAAAAA*AAAA**A*AAA*A**AAA*AAAAAAAAAAAAA*AA****AAAAAAAA*AAAAAAAA*AAAAAAAAAA*AAAAAA*AA**AAA*A*AAA*AA**AAAAA*A*AAAA*A*AAA*A*A*A*AAAAAAAAA**AAAAAAA*AAAAAAAAA**AAAAAA***AAAAAA**AAA*AAAAAAAAAAAAAAAA*A*AAA*AA**AAA*AA*AAAAA**AAAA*AAAAA*AAA*AAAA,.......x.x.x.x....x.x.x.........x........x.x.x.x....x.x.x.........x........x.x.x.x...x.x.x..........x.......x.x.x.x.....x.x..........x.x.....x.x.x.x.....x.x..........x.x.....x.x.x.x........x.........x.x.xx...x.x.x..................x.x.x.xx.x.x.x..................x.x.x...x.x.x.x........x..,1739,Hard,True
puzzle_624,17,AAAAAA*AAAA*AAAAAAAA***AAAAAA*AAA*AA*A*AAAAAAA*AAAAAAAAAA*AAAAAAA*A*A**AAAAA*AAAAAAA**AAAAAA*AA*AAAAAAAA*AAAAAAA*AA*AAA*A*A*AAA*AAA*AAAAAAAAA*AAAA*AAAA**AAAAAAAA*AAAAAAAAA*A*AA*AA*AAA*A*AAAAAAAA**AAAA*AAAAAA*AAAAA*****AAAAAA**AAAAAA*AAA*A**AAA**AAAA*AA**AAAA*AAAAA**AA*A*A*A*AAAAAAAAAA*AAA,.x.x.x.x..................x.x.x.x..x.x.x.x..................x.x.x.x.x..x.x.x..................x.x.x.x..x.x.x.x..................x.x.x.x.x.x.x.x....................x.x.x.xx.x.x...x..............x...x.x.x....x.x...x.......xx.....x.....x.x....x.....x.x.....x....x.x.....x.x...x......x.x.....x,1741,Hard,True
puzzle_625,17,***A**AA*A*AAAAA*A*A***AAAAAAAAA*AAAAAAAAAAAA**AAA*A*AA**AAAAAAA*AAAAAAAAAAAAA*A*AAA**AAAAA*AAAAAAAAAAAAAAAAAA*AA*AAAAAA*AA*A*AAA*AAA*AAAAAA*AAA*AAAAAAAA*AAAAA*AAAAAAAAA*A*AAAA*AAAAA*AA*AAA**AA*A*AAAAA*AAAA*A*AAA*A**AA*A***AAA**A*AAAAAAA*AAAAA*AAAA**AAAA*AAA*AAAAAAAAA*AAAAAAAAA*AA**A**AAA,...x..x.....x.x..x.......x.x.....x..x.x.x.......x..........x.x.x...x.x..x.x.......x..........x.x.x...xx.x.x.x...................x.x.x.x..x.x.x.x..................x.x.x.x.x.x..x.x..................x.x.x.x..x.x.x.x..................x.x.x.x.x.x.x..x...................x.x.x.x.x.x.x..x........,1743,Hard,True
puzzle_626,17,AAA*AAAAA*AA*AAA*A*A*AAA*A*A**AA*AAAAAA*AAAAAAA*AAAAAAAAAAAAAAAAAAAAA*A*AA*AAAA*AAA*AAAAAAAAAAAA*A**AAAAA**AAAAAA*AAAA*AAAA*A*****A*AA*A***AAA*AAAAAAAAAAAAAAAAAA*AA*A**AAAA*A*AAAAA*AAA*AAAAAAAA*A**AA***AAAA****AA*AAAAAAA*A*A*AAAA*AAAAA*AA*AA*AAA**AAAA*AAAAAA*****A*A*AAAAAAAAAA*AAAAA*A*A*A,........x..x.x.x.x.x.x.x..................x.x.x..x.x.x.x.x..................x.x.x.x...x.x.x..........x.......x.x..x.x...x.x.x..........x.......x.x.x.x....x.x.x.........x........x.x.x.x....x.x.x.........x........x.x.x.x...x.x.x...........x......x...x.x.x..x.x.....x.......x....x.x...x...x..,1745,Hard,True
puzzle_627,17,*AAAA*AAAAAAAAAAAAAAA*AA*AAA*AA*AAAAAAAA*AAAA*A*****AA*A*AAAAA*A*AAAAAAAAA*AAAAAAAAAAA**AAAAA*AAAAA*AAA**AAAAAAAAAAAAAAAAAA**AA*AAA*AAAAAA*AAA**AA*AAAA*AAAAA*AAAAAAAAA*AAA*AAAAAAAA**AAAAAA*A**AAAAAAAA*AAAAAAA*A*AAAA*AAAAAAAAA****AAA*A*AAAAAAA**A*A**A*AAAA*AAAAAA*AAAAAA*AAAA*AAAAAAAAAAAA**,..x.x.......x.x........x.x.x.....xx.x.x.......x..........x.x.x....x.x.x.x........x..........x.x.x...x.x..x.x.......x..........x.x.x...x..x.x.x.......x..........x.x.x...x.x.x..x.......x..........x.x.x....x.x.x.x........x..........x.x.x...x.x.x..x.......x..........x.x.x...x.x..x.x.......x..,1746,Hard,True
puzzle_628,17,*AAAA*AAAAAA*AAAAAAA*AA**AAAA*A*AAAAAAAAAAAAAAA**A*AAAAAA*A**AAAAAAAAA*A*AAAAAAA*A*AAAAAAAAAAA**AAA*A*AAA*AAA*A*AAAAAA*A***A*****A*AAAAA*AAAA***A*AAA*A*AAAAAAAA**AAAA*AAA*AAAAAAAAAAAAAA*AAA**AAAAAA*AA*AAA*AAAA*AAAAAAAAA*A*A***A*AA*AAA*A**AAAAAA**AAAAA*AAAAA***A*AAA*A*AAAAAA*AA*AAAAAAAA*A*,....x.x.x..x.....x.x..........x.x......x.x.x.x......x.x.........x.x......x.x.x.x.....x.x..........x.x.....x.x.x.x......x...........x.x.x..x.x...x.x......x.....x.....x.x....x.x.....x.....x......x.x...x.x...x.x......x.....x.....x.x....x.x...x.x.....x......x.....x.x...x.x....x.x.....x.....x.,1748,Hard,True
puzzle_629,17,AAAAA*AAAAA*AAAAA*AAA*AAA*AAAA*AAAAAAA*A**AAAA*A*AAA*AAAAAAAAAAA*AAA*AAAAAA*A*AAAAAAA*AAAAA*AA*AAAA**AAA*A*AAAAAAA*AAAAAAAAAA*AAA*A*AAAA**AA*AAAAA*AAAAAAAAAAAAAAA***AAAA*AAAAAAAAAAAAAA*AAAAAAAA**A*AAA***AAAA**AAAAAAAAAAAAAAA*AAAA*A**AAAAAAAA**AAAAAAAA*AAAAAAA*AA*AAAAAAAAAAAAAA*A*AAA***AAA,..........x.x.x.x.x.x.x.x..................x.x.x.x.x.x.x.x..................x.x.x.x...x.x.x..........x.......x.x.x.x....x.x.x.........x........x.x.x.x....x.x.x.........x........x.x.x.x...x.x.x...........x......x.x.x...x..x.x.x.......x..........x.x.....x.xx.x.......x.x........x.x.x......x.,1750,Hard,True
puzzle_630,17,**AA*A***AA*AAAAAA*AAAAA*AAAAAAAA***A***AAAAA*AAAAAAAAAAA*AAAA***AAAAA*AAA*AAAA*AAAAAAAAAAAAAAAA*AA*A*AA***AA*AAAAAAAAAAA*A*AAAAAAAAAAAAAA*AAA**AAAAAAA*AAAAAA*AA*AAAA*AAAAA*A*A*AAAAAA*A*AAAAA*AA**AAA*A*AAAAAAA*AAAA*A*A*AAAAAAAAA*AA**AA*AAAAA*AAAAA*AAAAAAAAAAAA**AA*AA**AA*A**AA*AAAAAAA*AAA,..x.......x..x.x.x...x.x.x..................x.x.x.x.x.x.x.x..................x..x.x.x.x.x.x.x..................x.x.x.x..x.x.x.x..................x.x..x.xx.x.x.x..................x.x.x.x...x.x.x..........x.......x.x.x.x...x.x.x..........x.......x.x..x.x...x.x.x..........x.......x.x.x.x....,1752,Hard,True
puzzle_631,17,*A*AAAAAAAAAAA*AA*AA**AAAA*AAA*AAAAAAAA*A*AA**AAA*AAAAAA*A*AA**AAA*AA**A**A*AAA*A*AAA*AAAAA*A**AA**A*A*AA*AA*A*A*AAAA*AAAAAA*A**A***AAAAAA*AAAAA*A*AAAAAA*A*AAA***AAAAAAAAA*AA*AAAAAAAAA*AAAAA**AAA***AAAAAAAAAAAAAAAAAAAAAAAAAAAA*AA*AA*AAA*AAA*AAAAAA*A***AA*AAAAA*AAA*AAAAAAAAAA*AAAA*AAAAA*A*,...x.x.x....x.....x........x...x.x....x.x.x...x....x.x...........x.x......x.x.x.x.....x.x..........x.x.....x.x.x.x......x.x.........x.x......x.x.x.x......x.x.........x.x......x.x.x.x.....x.x..........x.x.....x.x.x.x........x.........x.x.xx...x...x.x........x...x......x.x.x...x....x.x.....,1753,Hard,True
puzzle_632,17,AA*AAAAAAAAAAAAAAAAAA*AAAAAAAAAAAAAAAAAAA*AAAAAAA*AAA*AA*AA**AAAAAAAAAAA**AAAAAAAAA*AA*AA*A**AAAAAAAAAAA*AAAAAA*A*AAA*AAAAA*AAAAAAAAAAAAAAA*A*AAA*A***AAAAAA**AAA*A*AAAAAAA***AAAAAA*AAA*AAAA*A*A*AAA**AAAAA*AAAAAAAAAAAAAAAAA*AAA*A*AAAAAAAAA*AAAAAAAAA*AAAAA*AAA*AAAAA**AAAAAAAAAAAA*AAA*AA*AAA,.x.x.x.x...................x.x.x.x.x.x.x..x..................x.x.x.x.x.x..x.x..................x.x.x.xx...x.x.x..........x.........x.x.x....x.x.x.x......x.x..........x.x......x.x.x.x......x.x.........x.x......x.x.x.x.....x.x..........x.x.....x.x..x.x.....x.x..........x.x.....x..x.x.x.....,1755,Hard,True
puzzle_633,17,AA*AAAAAA*A*AA*AAA*AAA*A*AAAAAA*AAA*AAAAAAA*AAAA**AAAAA*A*A*AAAAAAAAAA**AAAA*AAAAAAA*AAAAA*AA**AAAA*AAA*A*AAAAAAAA**AAA*AAAAA*AA***A*AAAAA*A*A*AAAAAAA**AAAAA*AA**AAAA*AAAAAA***A*A*AAAAA*AAAAAAAAAAAA*AAA*AAAAA**A*AAAAA****A*AAAAA*AAAAAAAAAAAA*AAAA*AAAAAA**A**A*AAA*AAA**AAAAA***AAAAA*A*AAAA,....x.x.x....x...x.x.......x....x.....x.x.x...x....x.x...........x.x.....x.x.x.x......x.x.........x.x......x.x.x.x......x.x..........x.x.....x.x..x.x.....x.x..........x.x......x.x.x.x......x.x.........x.xx.......x.x.x......x.x.x........x.x........x.x.x......x.x.x.......x..x.......x.x.x...,1757,Hard,True
puzzle_634,17,AAAAAA*AAA*AAAAAA*AAA*AA*AAAAAAA*AAAAAAAA*AAA*AAAA*AAA*AAAAAAAAA**AAAAAA**AAA*AA*A*AAAAAAAA**AAAAAAAAA**AA**AAAAAAAAAAAAAAAAAA*AAAAAA*AAAAAAA**AAAAAAAAAAAAAAAAAAAA*A*AAAAA**AAAA**AAAAAAAAAAAAAA*AA*AAAAA*A***AA**A*AAAAAAAAAAAA*AAAAAA**AAAAAAAA**AAAA*A**AAAAAA*AAAAAA*A*AA*AAAA*AAAAAAAAAA**A,.....x.x....x.x...x.x......x.....x......x.x...x.x..x.x.x.....x............x.x....x.x.x.x.x.....x..............x...x.x.xx.x.x.x...................x.x.x.x..x.x.x.x..................x.x.x.x..x.x.x.x..................x.x.x.x..x.x.x.x..................x.x..x.xx.x.x.x..................x.x.x...x,1759,Hard,True
puzzle_635,17,A*AAAAAAAAA*A**AAAAAAA***A*A**AAAAAAAA*AAAAAA*A*A***AA***A*AAA*AAAAA*AAAAA*A*AA*A***A*AAA*A*AAA**AAA*AAAAAAAAAAAAA**A*AAA*AAA*A*AAAAAAAAAA*A*AAAAA*A*A***A****A*A*AAA*AAAAAAA*A*AAA**AAAAAAAA**AA*A*A*AAAAAA*AAAAAAA***AAAA*AAAA*A*AAAA*A*AAAA**AAAAAA*AAA*A*AAAA*AAAAAAA*AAA**A*AAA*A**AAAAAAA*A,....x.x.x...x.....x........x...x.x...x..x.x...x.....x........x...x.x...x.x.x....x.....x.......x....x.x...x.x.x...x......x.......x...x.x....x.x.x...x.....x........x...x.x...x.x..x...x.....x........x...x.x...x.x.x....x.....x.......x....x.x...x.x.x...x......x.......x...x...x..x..x....x...x..,1760,Hard,True
puzzle_636,17,A*AAAAAAAA*AA*AAA*AAA*AAAAAAA*A*A*AAAAAAAAA*AAAA*AAA*AAAA**A*A*A***AAAAAAAAAAAA*AAAA*AA*AAA*AA*A*A*A*AAAAAAAAA**AA**AAAA*A**AAAA*AA*AAAAA*A***AA**A*AAAA*AAAAAAAAAAAA**AA*AAAAAAAA*AAAAAA*A*A*AAAAAAAAAAA*AAAAA**AAA*AAA*AAAAAAAA*AAAAAAA***AAAAAA*A*A**AAAAAAAA*AAAAAAAAA*AA*AAAAAA*AA*AAAAAAAAA,x..x.x.x..................x.x.x.x.x.x.x.x..................x.x.x...x..x.x.x.......x..........x.x.x...xx.x.x.........x........x.x.x.....xx.x.........x.x......x.x.x.x.......x..........x.x.x...x.x.x.x........x.........x.x.x....x.x.x.x........x.........x.x.x....x.x.x.x........x.........x.x.x.,1762,Hard,True
puzzle_637,17,AAAAAAAAAAAA*AAA*AAAAAAA*AAAA*AAAA**A**AAAAA*AAA*A*AAA*AAAA*A*A*AAAAAAA*AAA*AA*AA*AAA*AAAAAAAAAAAA*AAA*AAA*AAAA*A*AAAAAAAAAAA*AAAAAAAAAAA*AAAAA*AAAAAAAA*A*A*A**AAAAAAAA*A*A*AAAAAA*A*AAAAA*AA**AAAAAAAAAAA**AA*AAAAA*AAAAAAA*AA*A***A*A*A*AA**AAA*AAAAAAAAAAAAAAAA**AAAAAAAAA*AAAAA*A*AAAAA*AAAA,..x.x..x.x.......x..........x.x.x...x..x.x.x.......x..........x.x.x...x.x.x.x..................x.x.x.x.x.x.x.x..................x.x.x.x.x.x.x.x..................x.x.x.x...x.x..x.........x........x.x.x.x...x..x.x.........x........x.x.x.x...x.x.x..........x.......x.x.x.x...x..x.x.........x.,1764,Hard,True
puzzle_638,17,A*A*AAAA*AAAAAAAA*A*A*AAAAAAA*A*AAAAAAAA*A*AAA*AAAAAA*A*AAAA*AA*A**AAAAA*A***AAAAAAAA**AAAAAAAAAAAAAA**AAAAA*AAAAAAA**AAA*AAA*A*AA*A*AAAAAAAA*AAAAAA**AAAAAAAA*A*A**AAAA*A*AAAAAAAAAAAAAAAA*AAAAAAAAA*AAAAAAA**AAA**AAA*A***AAAA**AA*AAA*AAAA*AAAAAAAAAAAAAAAAAAA*AAAA*AAAAAA*AAA*AAAA***AAA*AA*A,x.x......x.....x......x.x...x.x....x.x.....x.....x......x.x...x.x....x.x.....x.....x......x.x...x.x....x.x.....x......x.....x.x....x.x...x.x......x.....x......x.x...x.x....x.x.....x.....x......x.x...x.x..x...x.....x.....x......x.x...x.x..x.x.x.....x............x.x....x.x.x.x.x......x.....,1766,Hard,True
puzzle_639,17,AAAAA*AAA*AAAAAAAA*A*AAAAAA*AAA**A**AAAAAA*AAA*AAA**A*AAA*AAA*A*AAAA**AA*A***AAAA*AAAAAAA*A*AAAA*AAA*AAAAAAAAA**AAA*AAAAAA**A**AAAAAAA**A**AAAA*AAA***AAAAAAAAA*A**A*AA*A**AAAAAAAA*AAAAAAAAAAAA*AAA*AAAAAA***AAAAAAAA*AAAAAAA*AA*AA*A**AAAAAAAAAA*AAA*AA*AA***AA*A***A**AAAA*AAAA*A*AAAAAAA*AAAA,..x.x........x.x.x......x.x.x........x.x.......x.x..x.....x.x.x........x.x........x.x.x......x.x.x.......x..x.......x.x.x......x.x.x........x.x.......x.xx.x.......x.x........x.x.x......x.x.x.......x.x........x.x.x.....x..x.x........x....x.....x.x.x...x....x.x.......x...x......x.x.x...x...,1767,Hard,True
puzzle_640,17,A*AA*AA*AAA*AA*AAAAA**AAAAA*AAAA**AAA*A*AAAAAA**AAAA*AA*AAAAAAAAAAAA*AAA*A*A*AA*AA*AAAAAA*AAAAAAA*AAAA*AAAAA*AA*AAA**AAAAAA*AAAAAAAA*AAAAAAAAAAAA*AAA*AAA**AA*A**A*AAA*AAAA***AAA*A*AAA***AAAAA**AAAAAAAAAA*A*AAA*A*AAAA**AAAA*AAAAAAA*AAA*AAAAAAAAAAAAA*A*AAAA*AA*AA*AAAAAAAAAAAA*AAAAA*AAAA*AAA,x.x..x.........x........x.x.x.x...x.x.x..........x........x.x.x.x....x.x.x.........x........x.x.x.x....x.x.x..........x........x.x.x.x...x.x..x.........x........x.x.x.x..x...x.x.........x........x.x.x.x....x.x.x.........x........x.x.x.x..x.x.x.x...................x.x.x.x..x.x.x.x.........,1769,Hard,True
puzzle_641,17,**AAAAAA**A*AAA*A*A*AAA**AAAAAAAAAAAAAAAAAAA*A*AAA*AAAA**AAAA**AAAAA*AAAAAAAAAAAAAA**A*AA*AA*A*AA*A*AAAA*AA*A**AAAAA***AAAAA*AA*AAAAA*A**A*AA*AA*AAAAA*AAA*AAA**AA*AA*AAAAA**AAAAAA*AA**AAA*A*AA***AAA*AAAAAAA*A*A*AAAAA****AAAAA**AA**A*AAAAAA*AAAAAAA*A****AAA*AAAAAAAAAAA*AAAAAAA*AAAA*AAAA*AA,.....x.x..x.x.....x.x..........x.x.....x.x.x.x......x.x.........x.x......x.x.x.x.....x.x..........x.x.....x.x..x.x.....x.x..........x.x.....x..x.x.x.....x.x..........x.x.....x.x.x.x.......x..........x.x.x...x.x..x.x......x...........x.x.x..x.x.x.x..................x.x.x.x.x.x..x.x........,1771,Hard,True
puzzle_642,17,AA*AAAAAAAAAAAA*AAA*AA*A*A*AAAAAAAAAAAAAAA*AA*A*AA*AAAAAAA**AAAAA*AA*AAAAAAA*A*A*A*AAAAAA*A**AAAAAAAA*AAA*AAAA*AAAA*AAA*A*AAA**A*A*AAA*AAA*AAAAA*A**AA*AAAAAAA**A*A*AAA*AAAAAAA*****AAAAAAAAAAAA*A*AAAAAA*A*AAAAAA***AAAA*AAAAA*AAAAAAAA*A*A*AA**AA**AAAAAAAAAAAAAAAAAAAA**AAAAAAA*AA*AAAA*AAAAAA,.x..x.x.x..................x.x.x.xx.x..x.x..................x.x.x.x..x.x.x.x..................x.x.x.x.x.x.x.x..................x.x.x.x...x.x.x..........x.......x.x.x.x...x.x.x..........x.......x.x.x.x......x.x.........x.xx.....x.x.x.........x........x.x.x.x...x.x.x..........x.......x.x.x.,1773,Hard,True
puzzle_643,17,AAAA*AAAAAAAA*A**AAAAAA*A**A*AAAAAAAA**AAAAA*AA**A****AAA*A**AAAAAA**A**AAAAAA*AAA*AAAAAAAAAAAAAAAAAAAA**AAAAA*AAA**AAAAAAAAAAA*AAAAAAAAAAA*AAAAAAAAAAA*AA*A****A***AA*A*AAAAAAAA*AA*AAAAAA*AAAAAA*AAAAAAA*AAA**AAAAAAA*AAAAAAAAAAAAAAAAAAA*AAA**AAAAAAA*A**AA*AAA*AAAA*AAAAAAAA**AAA*AAA***AAAAA,.x.....x.x.x........x.x.......x.x..x.....x.x.x........x.x.......x.x..x.....x.x.x........x.x.......x.x.x......x.x.x.......x.x........x.x.x.....x.x.x........x.........x.x.xx...x.x.x..........x.......x.x...x....x.x.x.....x...x........x.x...x...x.x..x.....x..x.........x.x...x..x.x.x.......x..,1774,Hard,True
puzzle_644,17,AA*AAAAA*AA*AAAAAA*AA*AA*AA*AA*AA*AA**AAAAAAAAAAAAAAAAA*AAA*AA*AAAAAA**AA*AAAAA*A**A*AAAAAAA*AAA*A**AAAAAAAAAAA*AAA*AAAAAA*AAAA*AA*AA**AAAAAAA**A*A*AAAAAAAAA*AAAA*AAAAAAAA*AAAA*AAAAAAAAAAAA*AAA*AAAAAAAA**A*AAAAAAAAAAAAAAAAAAAAAAAAAA**A*AAA*AAAA*****AAA*AA*AA*AAAA*AAAA*AA**AAAA*AAAAAAAA*AA,.....x.x.x...x...x.x........x...x.....x.x.x....x...x.x.......x....x.....x.x.x...x....x.x.......x.....x....x...x...x.x..x.x...x...x..........x.......x.x.x.x....x.x.x.........x........x.x.x.x...x.x.x..........x.......x..x.x.x...x.x.x..........x.......x.x.x..x...x.x.x..........x.......x.x.x.,1776,Hard,True
puzzle_645,17,AAAAA*AAAA*AAAA*AAAAA*AAA*AAAAAAAA***AAAAAA**AAAAA*AAA*AAA*AAA*AAA*AAAAAA*AA*AAAAAAA*AAA*A*AAAAAAAAA*AAA*AAAAAAAAAAAA*AAAAA**A*AAAAA*AAA*A*AAAA**AAAA*AAAAAAA*AAAAA*A*A*AAAA*AAA*AAAAA*A**AAAAAAAAAA*A*AA*AA*A*AAA*A*AAA*A*AAAAAAAAAA***AAAAA*A**AAA*AAAAAAAAAAAAAAAAAAA*A*AA***A****AA*AA*A*AAA*,....x.x.x.....x..x.x.......x.....x....x.x.....x.x..x.x.....x.x..........x.x.....x..x.x.x.....x.x..........x.......x.x.xx.x...x.x..................x.x.x.x.x.x.x.x..................x.x.x..x.x.x.x.x..................x.x.x.x..x.x.x.x..................x.x.x.x..x.x.x.x..................x.x.x.x.,1778,Hard,True
puzzle_646,17,AA*AA*AA*AAAA*AAAAAAAA**AAAAAAAA**AA*AAAAAA**A*A**AAAA*A*AAAAA*AAAAAAA**A*AAAAAAA*AAAAAA*AA**AAAAAAAA*AAAAAAAAAA*AAAAAA*AAAAAAA*A*AAAAAAAAA*A**AAAAAAAAA***AAA**AAA*AAAAA*AAAAAAAA*AAA*A*A*A**AAAA**AAAAAAAAAA*AAAAAAA*AAAAA**AAAA*A*AAAAAAAAAAAA*AA*AAAAAAA**AAAAAAA***A*AAAAAAAAA*AAA*AAAAA*AAA,.x.x..x.........x........x.x.x.x..x...x.x.........x..x.......x.x.x......x.x.x.......x..x.......x.x.x..x...x.x.x..........x........x.x.x.x...x..x.x.........x........x.x.x.x....x.x.x..........x.......x.x.x..x...x.x.x..........x.......x.x.x..x...x.x.x..........x........x.x.x.x...x..x.x......,1780,Hard,True
puzzle_647,17,*AAA*AAAAA**AA*A*AAAA*AAAAAAA*AAA*AAAAAA*AAAAAAAAAA*A*A**AAAAAAAAAAAAA***AAAAAA*AA**AAA*A*AAAA*AAA*AA*AA*AAAAAA***AAAAAAAAAAAAAA*AAA*A*AAAA*A*AAAAAAAA*AAA**AA**A*AAAAA*A*AAAA*AAAAAAA*A****A*AAAA*A*AAA*A*AAAAAA*A*A*A*AAAAAAA*AAAAA*A*AAAAA*AAAAAAAA*AAAAAA*AAAA*AA*AA*AAAA*AA*AAAAAAAAAAAAAAAA,.x...x.x.......x....x.....x.x.x....x...x.x........x...x......x.x.x...x...x..x.......x...x......x.x.x...x....x.x.......x....x.....x.x.x..x.x...x.x............x......x.x.x.x.x...x..x...........x.......x.x.x..x...x.x.x......x...x........x.x...x....x.x.x.....x....x.......x.x....x...x.x.x.....,1781,Hard,True
puzzle_648,17,AAAA*AAA**AAA*AAA*AAA*AA*AAA*A*A*AAA***AAAAAAA**AAA*AAA*AA*AA*A*AA*AA***AAA*AAAAAAAA*AAAAAAAA**A**AA*AA**AAAAAAA*A*AAAAAAAAA*AA*A*AAAAAAAAA*A*AAA*AAAAAAAAAA*AAA*AAAAAAAAAAAA**AAAAAAA*AAA**AAAAA*AAAAA*AAAAAAAAAAAA*AAAAAAAAAAAAAAAAAAAAAA**AAA*AAAAAAAAA*AAAAA*A*AAAAA*AAAA*AAA*A*AAAAAAAA*AA*A,.......x..x.x.x...x.x.x..........x.......x.x.x..x...x.x.x..........x........x.x.x.x..x.x.x.x..................x..x.x.x.x.x.x.x..................x.x.x..x.x.x.x.x...................x.x.x.x..x.x.x.x..................x..x.x.x.x.x.x.x..................x.x.x.x.x.x.x.x..................x.x..x..x,1783,Hard,True
puzzle_649,17,AAAAAA*AAAAAAAAAAA*AA*AAAA*AAA**AAA*AAAAAAAAAA*A*A*AA*AAA****AAAAAAAAAAAAA*AAAA***AA*AA**AAAAA*AAAAAA*AAAAAA*A*AAAA*AAAAAAAAAA**AAAAAAA***AAAAAAAAAAA****AAAAAA*A**AAAAAA*A*AAA*AA*AAAAAAAAAAAA*AAAA*A*AAAAAA*AAAAAAAAAAA***AA*AAA**AAAA*AAA*AAAAAAAAAAAAAAAA*AAA****AAAAAAAAAAAAAA*AAA*A*A**AAA*,..x..x..x.....x..x.........x.x...x..x.x.x.x........x..........x.x.x....x.x.x.x........x.........x.x.x....x.x.x.x........x.........x.x.x....x.x.x.x.......x..........x.x.x...x.x..x.x.......x...........x.x.x..x.x.x...x..............x...x.x.x.x.x..x...x..............x...x.x.x.x..x.x...x......,1785,Hard,True
puzzle_650,17,A*A*AA*AAAAA*AAAAAAAA**AA**AAAAAAAAA**AAA*AAA*AAAAAAAAAAA*A**AAAAAA***A**AAAAAAA**AAAAAAAAAAAAAAAAAAAAAAAAA*AAAAAAAAAAAAAAAA*AA**AAA*AAAAAA*AAAAAAAAAAAAAAA*A*A***A*AAAAAAAAAAAA*AAA*AAA*AA****AA*AAAAAAAAAAAAAAAA*AA**A*AAA*AAAA*AAAAAAAAAAAAAAAAAAAAAAA*AAAAAA*AAA**AAAAAAAAAA*AAAA*AAAAA*AAA**,....x..x.x.....x.x.x........x.x.......x.x.x.......xx.........x.x.x....x..x..x.......xx.........x.x.x....x.x.x.x..................x.x.x.xx.x.x.x...................x.x.x.x..x.x.x.x..................x.x.x.x..x.x.x.x..................x.x.x.x..x.x.x.x...................x.x.x.x.x.x..x.x........,1787,Hard,True
puzzle_651,17,AAAA*AAA*AAA**AAAAAAAAAAA*AAAAAAA*AA**AAAAAAAAAA**AAA*AAAAAA*AA*AAA*AA*AAA*AAAAA*AAAAAAAA*AAAAA*A*AAAAAAAAA*AA*AAAA*AAAAA*AAA*AAA*AAAAAAAAA*A**AAA*AAAAAAAAAAAAA*AAA**A*AAAAAAAAAAAAAAAA*AAAAAAAAAAAAAAAAAAA*AA*AAAAAAAA*AAAAAAAAAAAAA*AAAAAAAA*AAA*AAA*AAAAAAAAAA*AAAAA*A*AAAAAAAA*A**AAAA**A*A*,.........x.x..x.x.x.x.x.x..................x.x.x..x.x.x.x.x..................x.x.x.x..x.x.x.x...................x.x.x.x.x.x.x.x..................x..x.x.xx.x.x.x..................x.x.x..x.x.x.x.x..................x..x.x.x.x.x.x.x..................x.x.x.x..x.x.x.x..................x.x..x.x.,1788,Hard,True
puzzle_652,17,AAA*AA*AAA*A*AAA*AAAAAAAAAAAA*AAAAAAAA*AAA*AAAAAA*AAAAA*A*AAAAAA*A*AAAAA*A**AAA**AAAAAA*AAA*A*A*A*A*A*AAA*AAAAAAA**AAAA*AA*A*A*AAAAAA**AA*AAAA**A*AA**AAAAA*AAAAAAAAAAAAAA*A*AA***A*AAAAAAA**A*AAAAAAAAAAA*AAAAAAAAAAAA*AAA*AA***A*AAAAAAA**AA*AAA*AA**AA*AAAAAAA*AAA*AAAAAAAA***A*AAA*A*AAAAAAAA,..x..x.......x.x.x......x.x.x........x.x.......x..x.x.....x.x.x........x.x.......x.x.x......x.x.x.......x.x.........x.x......x.x.x.x....x.x.x..........x.......x.x.x.x.....x..x.........x.x......x.x.x.x....x.x.x.........x........x.x.x.x.....x.x..........x.x.....x.x.x.x......x.x.........x.x.,1790,Hard,True
puzzle_653,17,*AAAAA*AAAAA*A***AAAAAAAAA**A*AA*AA*A****AAAAAAA**AAAA*AAAAAA**AAAA*A*AAAAAAA*AAAAAAAAAAAAAAAAAAAAAAA**AAAA*AA*AAAAAAAAAAAAAAAAAA*A*AA*AAAA*AAAAAAAAAAAAA*AAAAAAA**AA*A*A*AAAA*AA*AAAAAAAAAA*AAA*A*A*AA*AAAAAAAAA**A*AAAAAA*A*AAAAAAA*A*AAAA*A*AAA*AAAAAAAAA*AAA*AA*A*AAAA**A*AAAAAAAA*AA**AAAAAA,..x.x...x.x......x.....x.......x.x..x.....x.x.x....x...x.x.......x..........x.x.x...xx.x.x.x...................x.x.x.x..x.x.x.x..................x.x.x.x..x.x.x.x...................x.x.x.x..x.x.x.x........x...........x.x.x...x.x.x.x........x.........x.x.x....x.x.x.x........x.........x.x.x.,1792,Hard,True
puzzle_654,17,AA*AAAAAAA*AAA**AAA*A*AAAAAAAAAAAAAAAAAA*A*A*AA*AAAAA**AAAAAA*AAAAAAAA*AAAAAA*AAAA**A**AA*AAAAAA*AAAAA*AAAAA**AAAA*AA*AA**A*AAAAAAAAAA*AAAAAAAA**AAAA*AA*AAA*AAA*AAAAA*A*AAAAAAAA*AA**A*AAAA*A**AAA**AAAAAAA**AAAAAAAAAA*A*A*A*AAAAAAAAAAAA*AAAAA*AAAAAAAAAAAAA*AAAAAAAAAAA*AAAA**AAAA*AAAAAAAAAA,.x.x.x.....x............x.x...x.x.x.x..x.....x............x.x...x.x..x.x.x.....x............x.x...x.x..x.x.x.....x............x.x....x.xx.x.x.......x..........x...x...x.x..x.x...x...x....x.....x...x....x...x.x...x....x...x.....x...x.....x....x...x...x.x...x....x...x.....x...x....x...x.x..,1794,Hard,True
puzzle_655,17,*AA*AAAAAAA*AAA*AA**AAA*A*AAAAAAAAA*AAAAA**A*AAAAA*AA**AAA**A*AAAAAAAAAAAA*AAA**AAAAAAAAA*AAA*AAAAAAAAAAA*AAAAAA**AAA*AAAAAA*A**AA*AAAAAAAAAAA*AAAA*A*AA*A**AAAAAA*AAAAAAAAAAAAAAAAAAA**AAAA*AAAA**AAAA*AAAA*AAAAA*AAA*A*AAAA***AAA*A*AAAAA*AAAAAAA**AAAAAAAA**AAAA**AAA*AAAAAAAAA*A*AA*AAA*AA*AA,....x.x.x.x......x...........x.x.x..x.x.x..x.......x..........x.x.x...x..x.x.x.......x..........x.x.x...x.x.x.x..................x.x.x.x.x.x.x..x..................x.x.x.x.x.x.x.x..................x.x.x.x..x.x.x.x..................x.x.x.x.x.x.x..x...................x.x.x.x.x.x..x.x........,1795,Hard,True
puzzle_656,17,A**AAAA*A*AAAAAAAA*AAAAAA*AA*AAAAAAAAA**AAAAAAAAAAAAAAA*A*AAAA*AA*AAAAAA*AAAAAAAA*AAA*AAAA*AA***AA*AAAAAAAA*AAAAA*AAAAA***AAAAAAA**AAAAAA*AA*AAA**AAA*AA*A*AAAAAAA*AAAA*AAAAAAAAA*AAAAAAAAAA*A**A*AAAAAAAAAAAAAAAAAAAA***A*A*AAAAAAAAAA*A***AAAAAAAAAA*AA**AAAAAAAAAAAA*A*AAAAAAAAAAA*A*AAA*A*AAA,......x.x.x.x....x.x.x..........x........x.x.x.x....x.x.x..........x........x.x.x.x....x.x.x.........xx.........x.x.x......x.x.x.......xx.x.........x.x......x.x.x.x......x.x..........x.x......x.x.x.x......x.x.........x.x......x.x.x.x......x.x.........x.x......x.x.x.x......x.x..........x.x,1797,Hard,True
puzzle_657,17,A*A**AAAAA*AAA*AAAAAA*AAAAA*A**AA*AAAAA*AAAA*A*AAAAAAA*AAAAAAAAA**A*AAA**AAAAAAA*AAAAAAA*AA*AAAA*A***AAAA*AAAA*AAA*AAAAAAAAAAA*AA*AAAA**A*A**AAA**AA*AAA*AAAAAA**A*AAAAAAAAA***AA*AAAAA*AAAA*AAAA**A*A*AAA*AAA*AAA*AAAA*AAAAAAAAAAAAAAAAA*AAA*AAA**AAA*AAAA***AA**AAA**AA*AA*AAAAAAAAAA*AAAAAAAAA,.......x...x.x.x..x.x.x...x..............x...x.x.x.x.x.x....x.............x....x.x.x.x.x.x...x..............x...x...x.x..x.x...x...x....x.....x...x...x....x.x.......x...xx.....x.x.x.........x........x.x.x.x...x.x.x..........x.......x.x.x..x...x.x.x..........x........x.x.x.x...x..x.x......,1799,Hard,True
puzzle_658,17,A***A*AAA*A*A**AAAAAAAA*AAAAAAA*AAAAA*AAAAAAA*AA*A*A*AAAAAAA*AAAA*A*AAA*AAA*AAAA*AAAAAAAAAA*A*A*A*AAAAAAAAAAAAAAAAA*AA*AAAA*AAA**A*A*AAAA*A*AAAAAAA*A*AAA*AAAAAAAAAA*AAAAAAAA*AAAAAAA*AAA*AA*A*AAAA**AAAA*AAAAAAA*AA**AAA*AAA*A*A*A*AAA*A*AA**AA*AAA*AAAAAAAAAAAAAAAAAAA***AA*AAAAAAAAAA*AAA*AAA*,......x.x.x.x....x.x.x..........x.......x.x.x..x...x.x.x..........x.......x.x..x.x...x.x.x...........x.......x.x.x..x...x.x.x..........x.......x.x..x.x...x.x.x..........x........x.x.x.x..x.x.x.x....................x.x.x.x.x.x.x.x..................x.x.x.x..x.x.x.x..................x.x.x.x.,1801,Hard,True
puzzle_659,17,*AAAAA*AAAAA*A***AA*AAAA*A**A**A*AA*A****AAAAAAA**AAAA*AAAAAA**AAAA*A*AAAAAAA*AAAAAAAAAAAAAAAAAAAAAAA**AAAA*AA*AAAAAAAAAAAAAAAAAA*A*AA*AAAA*AAAAAAAAAAAAA*AAAAAAA**AA*A*A*AAAA*AA*AAAAAAAAAA*AAA*A*A*AA*AAAAAAAAA**A*AAAAAA*A*AAAAAAA*A*AAAA***AAA*AAAAAAAAA*AAA*AA*A*AAAA**A*AAAAAAAA*AA**AAAAAA,..x.x...x.x......x.....x.......x.x..x.....x.x.x....x...x.x.......x..........x.x.x...xx.x.x.x...................x.x.x.x..x.x.x.x..................x.x.x.x..x.x.x.x...................x.x.x.x..x.x.x.x........x...........x.x.x...x.x.x.x........x.........x.x.x....x.x.x.x........x.........x.x.x.,1802,Hard,True
puzzle_660,17,AAAAAAAAAAAAAAAAA**AAAAAA*AAAAAAAA*AA*AAAA*A*AA**AAAAAAAA*A**AA*AAAAAAAAAAAAAA**A*A*A**AAAA*A*A**A*A*AAAAAAAAAA*A**A**AAAAAAAA*AAAAAAAAAAAA*A*AAAAA*A**A**AAAAA*AAAA*AAA**AAAA*A**AAA*A*AAAAAAAAAAAAA**A****AAAAAAAAAAAAAAA*AAA*AAA*A*AAAAAA*A*AAAAA*AAA*AAAAAAA*AAAAAAAAA*AA*A*AAA*A*A*AAAAAA*AA,.x...x.x.x..........x.......x.x.x..x...x.x.x..........x.......x.x.x..x...x.x.x..........x........x.x.xx.....x.x.x........x.x.........x.xx.....x...x.x......x.x...x.....x..x.........x.x...x..x.x.x.x..................x.x.x.x.x.x.x.x..................x.x.x.x.x.x.x.x..................x..x.x.x.,1804,Hard,True
puzzle_661,17,AAAAAAAAAA**A*A*AAA*AAAA**AAAAAAAA*A**AA*AAA***AAAAAAA*AAA*A*AA*A*AA*A**AAAAA**AAAAAAAAA*A*A*AAAAAAAAAA***AA*AAAAAAAAA*AAAA*A*AAA*AAAAAAAA*AAAAAAAAAAA*AAAAAAAAAA**AA*A**AAA*AAA*AAAAAAA*AAAAAAAAAA*AAAAAAAA***AAAAAAAAAA*AAAAAAAAA*AA**AA*AAA**AA***AAAAAAAAAAA*A*AAA**A*A*A*AAA***AAA*AAA*A*A**,..x.x...x.......xx.....x...x.x........x...x.....x.xx.x...x...x..............x...x.x.xx.x.x.x...................x.x.x.x..x.x.x.x..................x.x.x.x..x.x.x.x..................x.x.x.x..x.x.x.x...................x.x.x.x.x.x.x.x..................x.x.x.x.x.x.x.x..................x.x.x.x..,1806,Hard,True
puzzle_662,17,AAA*AAAAAAAA*AAAA*AAAAA**AAAAA*AA*AA*AAAAAA*AAA**AAAA*AAAAAAAAAAAAAAAAA**A*AAA**A**A*A*AA*AAA*AAAAAAAA*AAA*AAA*A*AAA*A**AAAAAAA*A*AAA*A*AAAAAAAA*AA****AAAAAAAA*AA***AAAAAAAAAAAA*A*AAAA***AAAA*AAAAAA*AAA*AAAAAAAAA*AAAAAAAAAA*AA*A*AA*AAAAA*AAA*A*A***AAAAAA*AA**A**A*A*AAAAAA*AAAAAAAAAAAA*A**,......x.x.x.....x..x.x.......x.x..x.....x.x.x..........x.......x.x.xx.x....x.x............x.....x.x.x..x.x...x.x............x.....x.x.x..x.x...x.x............x......x.x.x.x.x....x.x............x.....x.x.xx.x.x.....x............x.x....x.x.x.x.x......x............x.x...x.x..x.x.x.....x.....,1807,Hard,True
puzzle_663,17,*AAAAAAAAAAA*AAAAAAA*A*AAAAAA*AAAAAAA*AAAAAA**AA*AAAAAAAAAAAAAA*AAAAAAAAAAAA*AAA**A**AAAAAA*AAA*AAAAAA*AAAAAAAAA**AA*A**AAAA*AAAAAAAAAAAA*AAAAA**AA**AA*AA*AAAA**AAAAAAA*AA*A**A*A**AA**AAAA*AAAAA*AAAAAAAAA**AAAAAA*AAA***A**AA*AA*AAAAAA*AAA*AAA*AAAA*AAAAAAAAA*AAAAAAAAAAAAAA*AAAAAAAAAAAAAAAA,.x.x.x.x..................x.x.x.x.x.x.x..x..................x.x.x.x.x..x.x.x..................x.x.x.x..x.x.x.x..................x.x.x.x.x.x.x.x..................x...x.x.xx.x..x....x..............x...x.x.x..x.x.x...x..............x...x.x.x.x.x..x...x..............x...x.x.x.x..x.x...x......,1809,Hard,True
puzzle_664,17,*AAAAAAAAAAAAAAAAAAA*AA*AA*AAAA*AAAAAAAAAA*AAAAAA*AAA*AAAAA*A*AAAAA*AAAAA*A*A*A*AAAAA*A*AAAA*A*AAA*A*AAAAA*AAAAAAA*A***A**AA**A*AAAAA*A*AAA*A*AAAAAAAA*AAAAAAAAAAA*AAA*A*AAA*AAAAAA***AAAAAAA*A*AAA**AAA*A**AA***AAAAAA*AA**A*A*A**AAAAAAAAAAAAAAAAA*AAAAAAAAAAAAAA*AAAAAAA*AAA**AAA*AAAAA**AA*A*,...x...x.x.x.....x....x.......x.x...x....x.x.x.....x...x........x.x...x...x.x.x..........x.......x.x.xx.x...x..x...........x......x.x.x.x.x...x.x............x.....x.x.x...x....x.x.......x...x......x.x.x...x...x..x.......x...x......x.x.x...x...x.x........x...x.....x.x.x....x...x.x.......x.,1811,Hard,True
puzzle_665,17,AAA*AAAAAAAAA*AAAAAAAAAAAAAAAAAAAAAAAAAAAA**A*AAA**AAA**AAAAAAAA*A*AAA****AAAA**A*AAAAAAAA*A*AAA***A**AAA*AAAA*AA*AAAAAAAA**AAAAAAAAAA*AAA*AAAA*AAAAA*AAAAA*AAAAAAA*AA*AA**AAAAAAAAA**AAAAAAAAAAAAAAA*A*A*AAAAAAAAAAAA*AAAAAA*AAA*AAA*A*AAAAAA*A*AAAAA*AA**AAA*A*AAAA*AAAAA*AA*AAAAAAAAA***AAA**A,....x.x.....x..x.x.x.....x.x..........x.x.....x.x..x.x.....x.x............x.....x.x.xx.x.....x.x..........x.x.......x.x.x......x.x.x.......x.x........x.x.x.....x.x.x........x.x.......x.x..x.....x.x.x........x.x.......x.x..x.....x.x.x........x.x.......x.x.x......x.x.x.......x.x........x..x,1813,Hard,True
puzzle_666,17,A*AAAAAAAA*A*AAAAAA*AAA*A*AAAA**AAAA*A*A*A**AAAAAAAAAAA*AAAAAAAAAAAAA*A*AAAAAAA*A*AAAAAAAAAAAAAAAAA**A*A**AAAAAAAA**AAAAAAAAAAAAA***AAAAAAAAAAAAAAAAAA*AAAAAAAA*A*AAA*AAAAAAAA*AAAAAAAAA*AAAAAAAA*AAAAAAAAA*AAAAAAAAAAAA**AAAAAAAAAAA*AA*AAAAAAAAAAA*AAAA*AAAAA*AA*AAAAAAAAA*AAAAAAA**AAAAA*AAAA*,.....x.x.....x.x..x.x.....x.x..........x.x......x.x.x.x......x.x..........x.x.....x.xx.x.x.......x..........x.x.x....x.x.x.x........x.........x..x.x...x.x.x.x........x..........x.x.x...x..x.x.x.......x..........x.x.x....x.x.x.x........x..........x.x.x...x..x.x.x.......x..x.......x.x.x....,1815,Hard,True
puzzle_667,17,A*AAAAA*A*AAAA*AAA*AAAA*AA*A*AAAAAAAA**AAAAAAA*AAAAAAAAAA**AA**AAAAA**A**AA**AAAAA*AAA*AAA*AAA*AAAAAAA*AA*AAA*A*A*AAA**A*A*A**AA*AAAAAAAA***A*AAA*AAA*AAA*AAAAA**AA*AA*AA*A*AAAAAAAAA**AAAA*AAAAA*A**A*AAAAA*AAAAAAAAA**A***AAA*A*A**A**A*AAAAA*AA*A*AAAAA**AAA*AAAAA*A*AAAAA*AA*AAA*A*A*AAAA**AA,..x.....x.x.x....x...x.........x.x..x...x.x..x.....x...x........x.x...x...x..x.x.....x...x........x.x...x...x.x.x......x...x.......x.x........x.x.x.....x.x.x........x.x.......x.x..x.....x.x.x........x.x.......x.x.x......x.x.x.......x.x........x.x.x.....x..x.x.......x.x........x.x.x.....x.,1816,Hard,True
puzzle_668,17,AA*AAA*A*AAA*AAA*AAAAA*AAA***AAAAAAAAAAA**AAA*AA*AAAAAAAAAAAAAAAAAA*AAAAAAA**AAAAAAAAAA**A*AAAAAAAAAA*AAAAAAAA**AAAAAAAA*A*AAAA*AAAAAAAAAAAAAAAA*AAAAAAAAAA*AAAA**AAA*AAAAAA*AAAAAAAAA*A*AAAAAAAAA*AAAAAAAAA**AA*A*AAAAAAAAA*AA*AAA****AA*A*A****AAA*A*AAAAAAA*AAAAA*A**A*AAA*AAAAAAA*AAAAA*AAAAA,.x.x......x...x........x.x...x...xx.x.x.....x............x.x...x.x....x.x.....x.....xx.......x...x.x......x.x...x.....xx.x.........x.x.......x.x.x......x.x.x.......x.x........x.x.x.....x..x.x.......x.x........x.x.x.....x..x.x.......x.x........x.x.x.....x.x.x........x.x.......x.x.x......x.,1818,Hard,True
puzzle_669,17,A**AAAAAAAAA*AAA**AAAAAA*AA**AAAAAA*A*A*AAAAAAAAAAAAAAAAA**AAA**AAAA*AA***AAAAAAAAAAAAAAAA*AAAA*A**AAAA*AAAAA*AAAA*AAAAA*AAAAAAA*AAAA**AA****AA**AAAA*A*A*AA*A**AA*AAA*AA*AAAA*AA*AAA*AAAA**A*AA***AAAAAAAAA*AAAAAAAAAAAA**AA*AA*AAAAAAAAAAA*AAAAAAA*AAAAAAAA***A*AAA*A*AAAAAAA*AAAAAAA**A*AAAAAA,.......x...x.x.x..x.x.x...x..............x...x.x.x.x.x.x....x.............x....x.x.x.x.x.x...x..............x...x...x.x..x.x...x...x....x.....x...x.....x....x...x...x.x..x.x...x...x..............x...x.x.x.x.x.x....x.............x....x.x.x.x.x.x...x..............x...x.x.x..x.x.x...x.......,1820,Hard,True
puzzle_670,17,AAAAA*AAAA**AAAA***AA*A*AAAA*A*AAA*AAAAAAA*AA*AAA*AA**AAAAA**AA**AAAAAAAAAAAA*A*A*AAA*AAAAAAAA*A*AAAAAAA*AAAAAAAAAAAAAAAAAAAAAAAAA**AAA*AAA*AA*AAAAAAA*AAA*AAAA*AAAA*AAAA*A*AAAAAAA*AAA*A*AA*AAAAA*A*AAA*A**A*AAAAA*AAAAAAAAAAAA*AA**AA**AAA*AAAAAAAA**AAAAAAAAAAAAA*AA*A*A*AA*A*AAAAAAAA*AAAAAAA,.x.....x.x..x.......x.x........x.x.x.....x..x.x.......x.x........x.x.x......x.x.x.......x.x........x.x.x.....x.x.x........x.x.......x.x.x......x.x.x.......x.x........x.x.x.....x.x.x........x.x.......x.x........x.x.x.....xx.x.x........x.........x..x.x...x.x.x.x........x.........x.x..x...x.,1822,Hard,True
puzzle_671,17,AAAAA*AAAAA**AAAAAAAAAAAAAAA*AAAAAAA*AAAAAAAAAAAAA*AA*A*A**AA*AAAAAAAA*AAAAAA**A*AAA*AAAAAA*AAAAAAAAA**AAAAAAAAAA*AA*AAAAAA*AAA*AAAAAA*AAAAAAAAAA*AAA*AAAAAAAAAAAAAA*AAAAAAA**AAAAAAA*AA*AAAAAAAAAAAAAAAAAAAAAA**AAAAA*A*A*AAAAAAAAAA*AAAAAAAAAAAA*AAAAAAA*AAAAAAAAAA*AA*AAAAAAAAA**AA*AAA*AAAAAA,..x.x.x.x..................x.x.x.x.x.x.x.x..................x.x.x.x..x.x.x.x..................x.x.x.x..x.x.x.x...................x.x.x.x.x.x.x..x..................x.x.x.xx...x.x.x..........x.......x.x.x..x.....x.x.......x..x.x......x.x...x.....x..x.....x...x.x......x.x...x......x.x.....x.,1823,Hard,True
puzzle_672,17,AAAAA*AAAAA*AAAA*AA*AAAAA*A*AAAAAAAAAAAA*AAAAAAAAAAAAAAAAA**AA*AAAAAA*AAAAAAAAAAA**AAAAA**AAA*AAAAAAAAA**A**A*AAAA*AAAAA*A*A*AAAAAAAAA*A*AA*A*AAA*AAA**AAA*AAAAAA***AAAA**AAAAAAAAAAAA*AAA*AAAA*AAAA*AAAAAA*AA*AA**AAAAAAAAAAAAAAAAAAAAA*AAA*A*A**AAAAA*A*AAA*AAA*AAAAAAA*AAAAAAAAAA***AAAAAAA*A*,..x.x.x.x........x..........x.x.x....x.x.x.x........x..........x.x.x....x.x.x.x......x.x.........x.x........x.x.x.....xx.x.x.........x..........x.x.x...xx.x.x.x...................x.x.x.x..x.x.x.x..................x.x.x.x..x.x.x.x...................x.x.x.x.x.x.x.x..................x.x.x.x.,1825,Hard,True
puzzle_673,17,AAAA*AAA*AA*AAAAAAAAAAA*AAAAAAAAAAAAA*AA*A******AAAAA**AA*AAAAA*AAAAA**AAAAAAAAAAAAA*AAA**AAAAAAAAAAAAAAAAAAAA*A*A*A*A**A*AA**AAA*AAAAAAAAAAAAAA***AA*A*AA*AA**AAAAAAAAA*A*A*A*AAAAAAAA*A**AA**AAAAA*AA*AA*AAAAAA***AAAAAAAAAAA*AAAAAAA**AAAAAAAAAA*A*AAAAAAA*AA*AAAAAAAAA*AAAAA**A*AAAAA*AAA*A**,.x.x.x.x..................x.x.x.x.x.x..x.x..................x.x.x.x.x..x.x.x..................x.x.x.x..x.x.x.x..................x.x.x.x.x.x.x.x..................x.x...x.x.x.x..x.....x............x.x...x.xx.x.x.......x..........x.x.....x.x.x..x.....x.x..........x.x.....x.x..x.x.....x.x....,1827,Hard,True
puzzle_674,17,*A*AAAAAAAA*A*AAA*AA*AAAAAAAAA*AA*AA*AAAAAAAA*AAAAA**AAAAAAAAA*AA***AA*A*AA*AAA*A**AAAAAAAAAAAAA*A**AAAAA**A*AAAAAAA*A*AAAAAAAAAAAAAAAAAA*AAAAAAAAAA*A*AAAAAAAAAAAA***AA**AA*A*A***AA*A*A*A*A*A*AAAAAAA**AAAAA*AAA*AAAAAAAA*AA*AAAAAAAA**A*A*A*AA***AAAAAAA*AAAAAAA*AAA*AAA**A**AAAAAAAAAA*A*AAAA,..........x.x.x.x..x.x.x.x........x.........x.x.x....x.x.x.x........x.........x.x..x...x.x.x.x........x.........x..x.x...x.x.x.x........x..........x.x.x....x.x.x.x........x..........x.x.x...x.x.x.x........x.........x.x..x...x.x.x.x........x.........x..x.x...x.x.x.x........x.........x.x.x.,1829,Hard,True
puzzle_675,17,AAAA*AAAA*A*A*AA*A*AAA*AA*AA**AA*AAA*AA**AAAAA*AAAAAAA*AAAAA*AAA*AA***AAA*A***AAAAAAAAAA*AAA*A*AAAA**AAAA******AAAA*AA***A*AAAA*A*A**A*AAAAAAAAAAAA*AAAAAA**A*A*AAAA*A*AAAAAAAA**A*AAAAAAAAA*AAAAAA*AAA*AA*AAAAAAAAAAA*AAAA**AA*AAAA*AAAAAA*A*AAAA*AAA*A*A*AAAA*AAAAAAAAAAAAAAAA*AAAAAAAAAAA*AAAA,........x.x.x..x.x.x.x.x..................x..x.x.x.x.x.x.x....................x.x.x.x..x.x.x.x........x.........x.x.x....x.x.x.........xx.......x.x...x.....x.x......x...x.x.....x.x....x.....x.x.....x....x.x.....x.x...x......x.x.....x...x..x.....x.x...x......x.x.....x...x..x.....x.x...x...,1830,Hard,True
puzzle_676,17,AAAAAAAA*AAA*AAA*AAAAAAAAA***AA*AAAA*AAA*AAAAAAAAAA*A*A*A*AAA*A*AA**AAAAA*AA**AAA*AAAA*A*AAAA**AAAA*AAAAA*AAAAAAA*AAA*A*AAAAAAAAAA*AAAAAA*A*AAAAAAA*A*AAAAAAA*AAA**A*A*AAAAAAAAAAAAAAAA*AA*AAAAAA***A*A*AAAAAAA*AAA*AAAA*AAAAA*AAAAAAA*AAAA*A*AAA*AAAAAAA*AA*A*AAAAAA*AAAAAAA*AAA***A*AAA*A*A**AA,.........x.x.x.x..x.x.x.x..................x.x.x.x..x.x.x.x...................x.x.x.xx.x.x.x..................x.x.x.x...x.x.x..........x.......x.x..x.x...x.x.x..........x.......x.x.x..x..x.x.x...........x......x.x..x.x...x.x.x..........x.......x.x.x..x...x.x.x..........x.......x.x.x.x....,1833,Hard,True
puzzle_677,17,AA**AA*A*A*AAAA*AAAAAAA*AAAAAAAAAA*A*AAA*AAAAA*A*AAAAAAA**A*AAAAAAA*AAAAAA*AAAAA*AAAAA*AAA*AAA*AAAAAAAAA*AA*A*A*AAA*A*AAAA*AAAAA*AA*AAAAAAAAAA*AAAAAA**AA*A*AAAAA**AAAAA*AAAAAAAAAAAAAAAA*AAAA*AAA*A*A*AAAAA*AA**AAAAAA*AAAAAA*A*AAAAAAA***AAA*AAAAAA*AAAAAAAA*AAA*A*AAA*A*A*A*AAAAAA**AAAAAA*AA*,.x...x.x.x..........x.......x.x.x..x...x.x.x..........x.......x.x.x..x...x.x.x..........x........x.x.xx.....x.x.x........x.x........x.x.x......x.x.x........x.x........x.x.x......x.x.x........x.x.......x.x..x.....x.x.x....x...x.x........x...x.....x..x.x...x...x.x.........x..x.......x.x.x..,1834,Hard,True
puzzle_678,17,AAAA*AAAAAAAAA*AAAAAAAAAA***AAAA*AAAAA**A*A*AAA*AAAAAA*AAAAA*AAAA***A**AAAAA**AAA*AA*AAAAA*A*AA**AAAAAAAA*AAAAA*AAAAAAAA*AAAAAAAAAA*AA*AAAAAAAAAA***AAAAAAA*AA*A*AAAAA*AAA*AAAA*A**AAAA*AAAAAA*AAAAA*AA*A*A*AAAAAAA**A*AAAAAAAAA*AAAAAA*A*A*AAAA*A*A*AAAAA**AAAAAAAAAAAAAAAA*AA*AAAA**AA*AAAAAAAA,.x.......x.x.x......x.x.x........xx.........x.x.x....x.x.x.x........x.........x.x..x...x.x.x.x........x..........x.x.x....x.x.x.x........x..........x.x.x....x.x.x.x........x.........x.x.x....x.x.x.x......x.x..........x.x......x.x.x.x......x.x..........x.x.....x.x.x.x......x.x.........x.x.,1836,Hard,True
puzzle_679,17,AAAAA**AAA**AAAAAAAAAA*AA*AAA*A*A*AAAAAAAAAA*AAAAAAA*AA*AAAAAAAAAA*A*AAAAAA**AAAAAAAAAAAAAAAAAAAAAAAAAAAAAAAAAA*A*AA*AAAAAAA***AAAAAA*AAAAAAAAAAA*AA*AAAA*A***A*AAA*A*AAAAAAAAAA*AAAAAA**A**A*AAAAAAAAAAAA*AA***AAAAAAAAA*AA*A*AAA*AAAAAAA*AAA*AAAA*AAAAA**A***AA*AAA**AAAAAAAA**AAAAAAAAAAAA*AA*,x.x.x..........x........x.x.x.x....x.x.x..........x........x.x.x.x...x.x..x.........x........x.x.x.x..x.x.x.x...................x.x.x.x..x.x.x.x..................x.x.x.x..x.x.x.x...................x.x.x.xx...x.x.x..................x.x.x.x..x.x.x.x........x..........x.x.x...x..x.x.x.......,1837,Hard,True
puzzle_680,17,AAAAAAAAA*A**AA*A*AAAA**AAAAA*AAAAAAAAA*A*AA**AA*AA*AAAAAAAAA*AAAAA*AAAA*AAAAAAA**AAAAA*AAAA*AAAAAAAAAAAAAAAAAA*AA*A*A*AAAAAAA****AAA*AA*AAA*AAAAA*AAA*AAAAAAA***AA*AAAAAAAAAAAA*AAAAAAAAAA*AAAA***A*AAAAAAAAAAAAA*AAAAA*A*AAAAAAAAAAA*AAAAA*A*AAAAAAAA*AAAAAAAAAAAA*A*AA*AAAAA*AAAAAAAAAAAAAAAAA,x.x.x..x..................x.x.x.x.x.x.x.x...................x.x.x.x..x.x.x.x...................x.x.x.x..x.x.x.x........x..........x.x.x....x.x.x.x........x.........x.x.x....x.x.x.x........x..........x.x.x...x.x..x.x.......x..........x.x.x....x.x.x.x......x.x.........x.x........x.x.x.....x,1839,Hard,True
puzzle_681,17,AAA**AAA*AAAAAA**AAAAAAAAA**AA***AAAA*AAAAAAAAA*AA*AAAAA***AAA*AAA*AA*AAAAAAAA**AA*AAA*A*AAA*AAAAAAAAAAAAAA*AAAAA*AAAAA*AAAAAAA**AAAA*A*AAAA*AAAAAA*AAAA*AA*A*AAAAAAA**AA*A**AAA*A*A*A*AA*AAA*A*A*AAAAA*A*AAA*AA*AAA*AAAAAAAA*AAAAA**AAAAAAAAAAAA*AAAAA*AAAAAAAAA*AA*A****AAAAAAA*AAA*AAA*AAAAAAA,......x...x.x.x..x.x.x...........x......x.x...x.x..x.x.x.....x............x.x....x.x.x.x.x......x............x.x...x.x..x.x.x.....x............x.x...x.x..x.x.x.....x............x.x...x..x.x.x.x.....x............x.x....x.x.x.x.x......x............x.x...x.xx...x.x.....x......x.....x.x....x.,1841,Hard,True
puzzle_682,17,*AA*AAAAAAAA*A*A*AAA*AAA*AAA*A**AA*A*AA*AA*AAAAAAAAAAAAAAAAAA*A*AAAA****AAA*AAAAA*A*AA*AA**AAAA**AAAA**A*AAAAAA*AAAA**AAA**AAAAAA*A**AAAA*AAA*A*AAAAAA*AA*AAAAAAAAAAA*AAAAAAAAA**A*A*AAA****A*A**AAAAAAAAAAAAA*AAAAAAAAAA**AA***AA*AA*AAAAAAAA*AAAAAA**AAA***AAA**AAA*A*AAA*AAAAAAAAAAA*A*A*AA**A,........x.x..x.x.x.x.x.x...................x.x.x.x..x.x.x.x...................x.x.x.xx.x...x.x............x.....x.x...xx.....x.x.....x....x.x.....x.x..........x.x.....x.xx.x.x......x............x.x...x.x..x.x.x.....x............x.x...x.x..x.x.x.....x............x.x....x.x.x.x.x......x....,1843,Hard,True
puzzle_683,17,AA*AA*AAA*AA*A*AAAAAAAAA*AAA**AAAA**AAAAAAAA**AAAAAAA*AAAAA*A*AAA***AAAA*A*AAA*AAAAA*AAAA*AAAA**AAAA*AAAA**AAAAAAAAAAAAAAAAAAA*AAAAAA**A*AA*A*AAAA*AAAAAAAAAAA*AA**A*AAAAA**AAA**AAAAAA*AAAAAAAAAAA*AAA*AAAAAAAAA**AAA*AAAAAAAAAAAA*A**AAA**AA*AAAAA*A**AAAAA*AAAAAAAAA*A*AAA**AA*AAA*AAAAAAA*AA*,........x.x..x.x.x.x.x.x...................x..x.x.x.x.x.x.x..................x.x.x.x..x.x.x.x..................x.x.x.x.x.x.x.x..................x..x.x.x.x.x.x.x..................x.x.x.x...x.x.x..........x.......x.x.x..x...x.x.x..........x.......x..x.x.x..x.x.x...........x......x.x.x.x....,1844,Hard,True
puzzle_684,17,A*A**A*AAAA*AA*A*AAA*AAAAA*A*A***AAA**AAAAAA*AAAAA*A*A*AAA*AAAA*AAAA**A*AAA*AAAA*A*A*AAAAAAAA***AA**A*AAAAA*AAA*AAAAAAAAAAAAA*AAAAAAAAAAA*AA**AAAAAAAAAAAAAAA*AAAAAA****AAAA*A*A*A*AA*A*AAAAA*AAAAAA*AAAA*AAAAAA*AA**AAA*AAA*AAAAAA*AAAAAAAAAAAAA*A*AAAAAAA*A*AAAAAAAAAAAAAAAA**AAA**AAAAAA*A*AAA,........x.x.x..x.x.x.x.x..................x..x.x.x.x.x.x.x..................x.x..x.x.x.x.x.x....................x.x.x.x.x.x.x.x..................x.x.x..x.x.x.x.x..................x..x.x.x.x.x.x.x..................x.x.x.x..x.x.x.x..................x.x..x.xx.x.x.x..................x.x.x.x..,1846,Hard,True
puzzle_685,17,**A*AAAAAAAA*AAAAAAAAA*A**A*AAAAAA*A**AA*AAAAA**AAA*AAAAAA**A*AAAA**AA*AAA*AAAAAA**A*AAAAAAAAAAAAAAAAAAAA**AAA*AAAAAA*AAAAAAAAA*AAAAAAAAA*AAAAAAAAAAA*AAAA*A*AA***A****A*AAAAAAA*AAAAAAAAAAA*AAAAAAA*AAAAAA*AAAAA*AAAAAAA**AAAA*AAAAAAAAAAAAAA*AA**A*AAAAAAA**AAAAAAAAA*AAAA*AAAAAAAA***AAA*AAA**,.....x.x.x.....x..x.x.......x.x........x.x.x.....x..x.x.......x.x........x.x.x.....x..x.x.......x.x........x.x.x......x.x.x........x.x........x.x.x.....xx.x.x.........x..........x.x.x...xx...x.x.......x....x.....x.x.x....x...x.x........x...x.....x..x.x...x...x.x.........x..x.......x.x.x..,1848,Hard,True
puzzle_686,17,**AA*A*AA**AAAAAA*AAAA*AAA*AAAAAAAAAAAAAA*AAA*AAAA*AAAAAAAAAAAAA*AAA**AAAAAAAAA**AA*A**A*AAAAAAAAA*AAAAAAAAAAAAAAAAAAA*AAAA*AAAAAAAA**AAAAAAA*AA*AAAAAAA**AAAAAAA*AAAAAA*AAAAAAA*AA**AAA*A**AAA*AAAAAAAAAAAA*AAAAAAA*AAAA*AAAAAA*AAAAAAAAAAA*AAA*A*AAAAAA*AAAA*AAAAAA*A*AAA*AAAAAA*AAAAAAA*AAAAA*,...x....x...x.x...x....x...x.....x....x...x...x.x..x.....x...x.....x..x.x...x.....x........x...x.x...xx.x.x.........x........x.x.x.x....x.x.x..........x........x.x.x.x...x.x..x.........x........x.x.x.x....x.x.x..........x.......x.x.x.x....x.x.x.........x........x.x.x.x....x.x.x.........x.,1850,Hard,True
puzzle_687,17,AA*A*AAAAA**AA**AAAAAAA*AAAAAA**AAA*A*AA*A*AA**AAAAA**AAAAAA*AAAAAAAAAA*AAAAA***A*AAAA*AAAAAAAAA**AAAAAAAAAAA*AAA*AA*AA*A*AAAAAAAAAAA**AAA*AA*AAA*AAA*AAAAA*AAAAA*A*A*A***AAAA***AA**A*AAAAAAAAAAAAAAA**AAAAA*A*AAA***AAAAAAAAAAAAAAAAA*AA*AAAAAAA**AAA*A*AAAAA***AAAAAAAA*A*A*AAAAAAA*AAAAAAAA*A,.x.x.........x..x.....x.x.x.x.....x.x..........x.x.....x.x.x.x........x.........x.x.x....x.x.x.x......x.x.........x..x.....x.x.x.x.......x..........x.x.x...x.x.x.x........x.........x.x.x....x.x.x.x.......x..........x.x.x...x.x.x.x........x.........x.x.x.....x.x.x........x.x.......x.x..x..,1851,Hard,True
puzzle_688,17,*AAAAAAAAAAAAAAAAAAAAA*AAA*AA*A*AAAAAAAAA*AAAAAAAAAAAA*AAAAA*AA*AA*AAA*A*AAAAAA*AAAAAAA**AAAAAAAAA*AAA*AAAAA*A*AAAA*AAA**AA*AAA*A*AA*A*AAAAAAAAAAAAAA*A*AAAAA*AAAAAAAAAAAAA*AA*A***A*A*AA*AAAAA*AAAA**AAAAAAA*A*AAA*AA*AAAAA***AAAAAAAAA**AAAAA*A*AAAAA**AAAA*AAA*AAAAAAAA*AAAAAAAAA*AAAAAAAAAAAA,..x.x.....x..x...x.....x.x......x...x.x.....x.x..........x.x.....x.x.x.x......x.x.........x.x......x.x.x.x.....x..x.........x.x......x.x.x.x.....x.x..........x.x.....x.x.x..x.....x.x..........x.x.....x.x.x.x......x.x.........x.x......x.x.x.x.....x..x.........x.x.......x.x.x......x.x.x....,1853,Hard,True
puzzle_689,17,AAAAA*AAAA*AAAA*AAAAA*AAA*AAAAAAAA***AAAAAA**AAAAA*AAA*AAA*AAA*AAA*AAAAAA*AA*AAAAAAA*AAA*A*AAAAAAAAA*AAA*AAAAAAAAAAAA*AAAAA**A*AAAAA*AAA*A*AAAA**AAAA*AAAAA*A*AAAAA*A*A*AAAA*AAA*AAAAA*A**AAAAAAAAA**A*AA*AA*A*AAA*A*AAA*A*AAAAAAAAAA***AAA*A*A**AAA*AAAAAAAAAAAAAAAAAAA*A*AA***A****AA*AA*A*AAA*,....x.x.x.....x..x.x.......x.....x....x.x.....x.x..x.x.....x.x..........x.x.....x..x.x.x.....x.x..........x.......x.x.xx.x...x.x..................x.x.x.x.x.x.x.x..................x.x.x..x.x.x.x.x..................x.x.x.x..x.x.x.x..................x.x.x.x..x.x.x.x..................x.x.x.x.,1855,Hard,True
puzzle_690,17,**AAAAAAAA*AAAA**AA**A***A*AAA*AAA**AAA*A*A**AA*AAA***AAAA*AAAAAA***AAAAA*AAAAAAAAA*AAAAA*AAAAAAAAA**A*AAA*A****AAAA*AAAAAA*AAAAAAAA***A*AAA*A**AA*AAAAA*AAAAAAAAAAAA*AAA*AA*AAAAA*AA*AAAAAAA*A**A*A*AAAA**A*AA*AAA*AAA*AAA*AAAAAA*AAAAAAAA***A*A*AAAAA**AAAAAAA***AAAAAAAA*AAAA*AAAAAAA*AAAA*AAA,..x...x.....x.x..x...x...x.x........x.........x.x.x....x.x.x.x......x.x..........x..x.....x.x.x.x......x.x.........x.x......x.x.x.x......x.x.........x.x......x.x.x.x.....x..x..........x.x......x.x.x.x.....x..x.........x.x......x.x.x.x....x.x.x..........x........x.x.x.x....x.x.x.........x.,1857,Hard,True
puzzle_691,17,*AAA**AA**AA*****AAAAAAAAAAA*A*AAAAAAAAAAAA*AA*A*AAAA*AAA*AA**AAAAAA*A*AAAAAAAAA*AA**AAAAA*A*AAAAA*AAAA*AAAAAA*A*AA*AAAAAAAA****AAAAAAA*AAAAAAAAAAA***AAAAAAAA*A***AAAAAAAA**AAAAAAAAAAA*AAAAA*AAAA***A*AAA**AAAAAAAAA*AAAAA*AAAAAAAA**A**AAA**AAA*AAAAA*AAA**AAAA*AA***A**AA*AA*AAAAAAAA*AAAA*A*,.x.x..x...x..............x...x.x.x..x.x.x...x......x...........x.x.x...x.x..x.x.......x..........x.x.x...x.x.x.x........x.........x.x.x....x.x.x.x........x..........x.x.x....x.x.x.x......x.x..........x.x.....x..x.x.x.....x.x..........x.x......x.x.x.x.....x.x..........x.x.....x.x.x..x.....,1858,Hard,True
puzzle_692,17,AAAAAA**AAA**AAA**AAA*AAAAA*A*AA***A*AAAAAA***AAA*A***AAAA*A*AAAAA***AAAA*A****AAAA*AAA***AAAA*A*A**AAAAAAA*AAA***AAAAAAAA**AAA*AAAAAAAAAAAAAAAA**AA*AAAA*AA***AAAAAAAAAAA*A*AAAAAAAAA***AA**A**AA*AAA*AAAA*A***A*AAA****A**A**A***A**AAAAAAA*AAA*AAAAAAA***AA*A**AAAAAAAAA*A*AA*AA**AAAAA**AAAAA,.x.x.........x.x......x.x.x.x......x.x..........x.x......x.x.x.x......x.x.........x.xx.......x.x.x......x.x.x........x.x........x.x.x......x.x.x........x.x........x.x.x......x.x.x.......x..x.......x.x.x..x...x.x.x..........x........x.x.x.x....x.x.x..........x.......x.x.x..x...x.x.x.......,1860,Hard,True
puzzle_693,17,*AA*A***AAAA****AA*A***AAAAAAA*AAAA*AA*A*AAAA*A**AA*A****A*A*A*AAAAA*AA*A*A*A*A*AAA*AAAA**AA*AA*A*AAAAAAAAAAAAAAAAAAAA*AAA*A*AAAAAA**AA*AAA*AAAA**AA*AAAAAAAA*AAA*A*A***AAAAAA*AAAAA*A*A**A*A*A**AAAA**AA*A*A**A*A*A*AAAAAA**AA*AAA*AAAA*AAAAAA*AA*A*AAAA*AAAAAAAAA*AAAAAAA***AAAA**A*AAAAAAA*A**,..x.x....x.x.....x......x......x.x...x.x....x.x.....x......x.....x.x....x.x...x.x....x.x.....x......x.....x.x...x..x...x.x.....x......x.....x.x....x.x...x.x......x.....x......x.x...x.x....x.x.....x.....x......x.x...x.x....x.x.....x......x.....x.x....x.x...x.x......x.....x......x.x...x.x..,1862,Hard,True
puzzle_694,17,*A*AAA*AAAA*AA*AAA*AAAAAAA**AAAA*A*A*AAAAAAAAA**AAAAAAA*AAAA*AAAAAA*AA*AA**AA*AA*A*A*AAA**AAAAAA*AAAAAA*AAA***AA**AAAAAA*AAAA*AAAAAAAA*AAA*A*AAAAAAAAAAAAA*AAA**A*AAA*AAAA*AAAAAAA*AA**AAAAA*AA**A**AAAAAAA*AA*AAAAAAAA*AA*AA*A*AA*AAAA*AAA*AAAAAAAAAAAA*AA*AA***AAAAAAAAAAAAAAAAAAAA*A*AAA*A*A*A,........x.x.x...xx.x...x.......x......x...x.x.....x..x...x.....x.x..x...x...x.x............x.....x.x.xx.x.x...x..................x.x.x.x.x.x.x.x..................x.x.x.x..x.x.x.x..................x.x.x.x..x.x.x.x..................x.x.x.x..x.x.x.x..................x.x.x.x.x.x.x.x..........,1864,Hard,True
puzzle_695,17,A***AA*AAAAAAAAA*AAAAAA*AAAAAAA*AAAAAAAAA*A*AA*AAAAAAAAAAAAAA**AA*AAAAAAAA*A*AAAAAAA*A**AAAAAAAAA*AAAA*AAA*A*AAAAAAAAA*A*AAAAAA*AAAAA*AAAA**AAA*AAA*AAAAAAAAAAAAAAAAAAAAA*A*AA**AAAAA*AAAA*A*AAA*AAAAAAAAAAAAAAAAAA**AAAAA*AAAAA*AAAA**AA*AA**A*A*AAAAAA**AAAA*A*AAAAAAAAAAAAAA*AAAAAAAAAAAAAAA*A,x..........x.x.x....x.x.x.x........x.........x..x.x...x.x.x.x........x.........x.x.x....x.x.x.x........x.........x.x.x....x.x.x.x........x..........x.x.x....x.x.x.x......x.x..........x.x.....x.x.x.x......x.x.........x...x....x.x...x...x..x.x.....x...x........x.x...x...x....x.....x...x...x,1865,Hard,True
puzzle_696,17,AAAAAAA*AA*AAAAA*AAAA*AAAA*AAAAA**AAA**AA*AA**A*AAAAA**A*AAAAA*AAAA**AAAA*AAA**AAAAAAAAAAAAA*A*AA*A*AAA***AAA*AAAA*AAAAAAAAAAAAAAAA*A*AA*A*AAA*A*AAAAAAAAAA*AAAAA*AA*AAAA*AA*AAA***AAAA*AAA*A*AAAAAAAAAA*A*AAA**AA*AAAA*AAAAAAA*AAAAA*A*AAAAA*AAAAAA*AAAAAAAAAAAAAAAAAA****AA*A*A*AA*A*AAA*AAAAA*,..x.x...x...x....x.....x...x...x....x.....x...x...xx...x.x...x..............x...x.x.xx.x.x.x..................x.x..x.x.x.x.x.x...................x.x.x.x..x.x.x.x..................x.x..x.x.x.x.x.x...................x.x.x.x.x.x.x.x..................x.x.x.x..x.x.x.x..................x.x.x.x.,1867,Hard,True
puzzle_697,17,AAAA*AAAAA*AAA*AAA*AAAAAAAAAAAAAA*A*AAAAAA*AAA*A**A*A*AAA*AAAAAAAAAAAAAAAA*AAAAAAAAAA*AAAA**A*AAAAAAA*AAAAA*A*AAAA*AAA*A*AAA**AAA*AAA*AAAAAAAAAA*A**A*AA*AAAAAA*AAAAAA*AAA*AA*AAAAA*AAAAAA*AA**AAAA*AAAAAA*AA*A*A*AAAAA*A*AAAAAA**A*AAAAAA*AAAA*AA*AAAAA****AAAAAAAA*AAA*AA*AA**A*AAAAAAAAA*AA*AA,.x.x.x.x..................x.x.x.x.x..x.x.x..................x.x.x.x..x.x.x.x..................x.x.x.x.x.x.x.x...................x.x.x.x..x.x.x.x...................x.x.x.x.x..x.x.x..................x.x.x.x..x.x.x.x........x.........x.x.x....x...x.x.......xx...x.....x...x....x.....x...x...x,1869,Hard,True
puzzle_698,17,A*AAAAA*AAA*AAAAAAAAAA**A*A*AAA***AA**AAAAAA*AA*AAAAAA*AAAAAAAAAAA**A**AA*AAAAA***A*AAAA*A**A*AA*AAAAAAA***AAAAAAAAA*AAAAAAAA*AAA*AAAAAAAA*AAAAAAA*AAAAA*AAAA*A**AA*A*AAAAA**A*A*AAAAAAAAA*A*AAA*AAAA*****AAAA*AAAAAA*AAAAA*A*AAAAAAAAAAAAA**AAA*AAAAA*AAAAA*AA*AAAAA*AAAA*AAA*****AAAA**AAAAAAA*,......x.x.x....x.x.x.x.......x..........x.x.....x.xx.x.x.......x..........x.x.x...x..x.x.x...........x.......x.x.x.x....x.x.x.........x........x.x.x.x....x.x.x..........x........x.x.x.x..x.x.x.x....................x.x.x.x.x.x.x.x..................x.x.x.x..x.x.x.x..................x.x.x.x.,1871,Hard,True
puzzle_699,17,AAA*AA*AAAAAAAAAAA*A*AAA**AAAAAAAAA*AAAAAAAAAAAAA*A*AAA*AAAAAAAAAAAAAAAAA*A**AAAAA**A****AAAAAAAAAAA*AAAAAA*AAAAA***AA*AA*AA*AAAA*AAAAAAAAAAAAAAAAA***A*AAAAAAAAAAAAAAAAAAAA*AAAA*****AA*A*A*AAAA*AAA*AAAAAAAAAAA**AAA*AAAAA*AAAA*AAAAAAA*AAAAA**A*AAA*AAA*A*AAAA**AAAAAA*AAAAAAAAAAAAAAA*AA*AAAA,.x..x...x.x............x.....x.x.x..x.x...x.x............x.....x.x.xx.x.x.....x............x.x...x...xx.x.......x...x......x.x.x...x....x.x...........x.x.....x.x.x.x......x.x.........x.x......x.x.x.x......x.x.........x.x......x.x.x.x.....x..x.........x.x......x.x.x.x......x.x.........x.x.,1872,Hard,True
puzzle_700,17,A*AAAAAAAA**AAAA**AAA*AAA*AAA*AA*AA***AAAAAAAA*AA*AAAAAAAAA*AAAAA*AA***AA**AAAAAAAAA*AAAAAA*AAA*A*AAAAAAAA*AAAAAAA*A*A*AAAAA***AAAA*A*AA*AAAA*A*AAAAAAAA*A*AAAA***AAAAAAA*AAAAA*AAAA*AAAA*AA*AAAA**AAAAAA*AAA*AAAAA*AAAAAA*AAA*AAAAA**AA*AA*****A*AAAAAAAAAAA*AAA*AAAA*AAAA*AAA*AAAAAA*AA*AAA*AAA,.......x.x...x.x..x.x.x.....x............x.x....x.x.x.x.x.....x............x.x...x.x..x.x.x.....x............x.x...x.x.x.x.x......x...........x.x....x.x.x.x.x.....x............x.x...x.x..x.x.x.....x............x.x...x...xx.x.x.....x............x.....x.x.x.x.x....x.x...........x......x.x.x,1874,Hard,True
puzzle_701,17,AAAAA*A*AAA*A*AAAAAAAAAAA*A*AAAAAAAAAAAAAA*AA**AAAAAAAAAAAAAA*A***AAAAAAAAAAAA***A*A*A*AA*AAAAAAAAAAAAAAAAAAA*AAAAAAAAAA*AAAAAAAAAAAA*AAA*AA*AAA**AAA*AA*A**AAAAAAA**AAAAAAAAAA*AAAAA*AAAAA*AAAA*AA***AA*AAAAAAA*AAAAAAAA*AAAAAAA*A*AAAA*AAAAAAAAA**AAAAAAAAAAAA*AAAAAA*AA*AAAAAA**AAAA*A*AAAAAAA,.x.x..........x.x.....x.x.x.x......x.x.........x.x......x.x.x.x......x.x.........x.x......x.x.x.x.....x.x..........x.x.....x.x.x.x......x.x.........x.x......x.x.x.......xx.........x.x.x....x.x.x.........x........x.x.x.x...x.x.x..........x.......x.x.x.x...x.x.x..........x.......x.x.x.x....,1876,Hard,True
puzzle_702,17,AAAAAA*AA**A**AAAAAA*AAAAAAAAAAAAAAAAAA*AAAA**AAAAA**AAA**A*AAAAAAA*AA*A*AAA*A**AA*AAAA**AA*A*AAAAA*AAA*AAAA*AAAAA*AA*AAAAAAA*AAAAAAAAA*AAAA*AAA*AAAAAAAAA*AA*A*AAA*AAA*AAAAAAAAAA*AA*AAAAA*AAAAA*AAAAAAAAAAAAAAAAAAAA*A*AAA*A*AA**AAAAAAA*AAAAAAAAAAAAAA**AAA*A*A***AAAAAAAAA*A***A**AA*A*AAAAA*,.x.x.x..x..................x.x.x.xx.x.x..x..................x.x.x.x..x.x.x.x..................x.x.x.x.x.x..x.x..................x.x.x.x..x.x.x.x..................x.x.x.x.x.x.x.x..................x.x.x...x.x..x.x.......x..........x.x.x...x..x.x.x.......x..x.......x.x.....x...x..x.....x.x..,1878,Hard,True
puzzle_703,17,*A*AAAAAAAA*A*AAA*AA*AAAAAAAAA*AA*AA*AAAAAAAA*AAAAA**AAAAAAAAA*AA***AA*A*AA*AAA*A**AAAAAAAAAAAAA*A**AAAAA**A*AAAAAAA*A*AAAAAAAAAAAAAAAAAA*AAAAAAAAAA*A*AAAAAAAAAAAA***AA**AA*A*AA**AA*A*A*A*A*A*AAAAAAA**AAAAA*AAA*AAAAAAAA*AA*AAAAAAAA**A*AAA*AA***AAAAAAA*AAAAAAA*AAA*AAAA*A**AAAAAAAAAA*A*AAAA,..........x.x.x.x..x.x.x.x........x.........x.x.x....x.x.x.x........x.........x.x..x...x.x.x.x........x.........x..x.x...x.x.x.x........x..........x.x.x....x.x.x.x........x..........x.x.x...x.x.x.x........x.........x.x..x...x.x.x.x........x.........x..x.x...x.x.x.x........x.........x.x.x.,1879,Hard,True
puzzle_704,17,AAAAAA*AAAAA*A*AAAAAAAA*AAA*AAAAAA*A*A***AAAAAAAAAAAAAAAAAAAAAA*AAAAAAAAA*AAAAAAAAAAAAAAAAAAAAA*AAAAAAAAAAAA**AAAAAAA*AA*AAAAA**AAA*AAAAAA*AAAAAAAAAAAAAAAA*AAAAAAAAAAAAAAA*A*AAAAAAAA*AAAAAAAAAAAAAAAA*A*AA*A*AAAAAA*AA***AAAAAAAA*A*AAAA*AA*AAAAAAAAAAA*AAA*AAAAAAAAAAA*AA*AA*AA*A**AAA*A*A*AA*,.........x.x.x.x..x.x.x.x..................x.x.x.x..x.x.x.x..................x.x.x.x..x.x.x.x...................x.x.x.xx.x.x.x..................x.x.x...x.x.x.x........x.........x.x.x....xx.x.x........x.........x.x.x....x.x.x.x.......x..........x.x.....x.xx.x.x.......x..........x.x.x...x..,1882,Hard,True
puzzle_705,17,***A**A*AAA*AAAA*AA*AAA****A*AAAAAA*A*A*AAAAAAA*AAAAAAAA*AAA****AAAAA*AA*AAAAA*A****A*AAAAAAAAAA*AA*AA*AAAAAAA*AAA**AA*A*AA*AAA*AAA*AAAA*AAAA**AAA*AA**AAAA*AAAAA*AA*AAAAA*A*AA**AAAAAAAA*AA*A**AAAA*A**AA*A*A*AAAAAAAAAA*AAAAA*AA*AAAA*AAAA*AAAAAAAA*AA**AA*AAAAAAAAAAA*AAA*AA*AAAAAA*AAAAAAAAAA,......x.x.x.x....x...x.........x.x..x.....x.x.x........x.x.......x.xx.x......x.x..........x.x.....x.x..x.x.....x.x..........x.x.....x.x..x.x.....x.x..........x.x.....x.x..x.x.....x.x..........x.x......x.x.x.x......x.x..........x.x.....x.xx.x.x.......x..........x.x.x....x.x.x.x........x...,1883,Hard,True
puzzle_706,17,AAAAAA**AAA**AAA**AAA*AAAAA*A*AAA**A*AAAAAA***AAAAA*A*AAAAAA*AAAAA***AAAA*A****AAAA*AAA***AAAAAA*A**AAAAAAA*AAA***AAAAAAAA**AAA*AAAAAAAAAAAAAAAA**AA*AAAA*AA**AAAAAAAAAAAA*A*AAAAAAAAA***AA**A**AA*AAA*AAAA*A***A*AAA****A**A**A***A**AAAAAAA*AAA*AAAAAAA***AA*AA*AAAAAAAAA*A*AA*AA**AAAAAAAAAAAA,.x.x.........x.x......x.x.x.x......x.x..........x.x......x.x.x.x......x.x.........x.xx.......x.x.x......x.x.x........x.x........x.x.x......x.x.x........x.x........x.x.x......x.x.x.......x..x.......x.x.x..x...x.x.x..........x........x.x.x.x....x.x.x..........x.......x.x.x..x...x.x.x.......,1885,Hard,True
puzzle_707,17,AAAA*A*AA*AAAAA**AAAAAAAAAAAAA*AAAAAAAAAAAAAAAAAAAAAAAAA**AAAA**AAAAAAAAAAAAA*A*A*A**AAAAAA**A*A*AAAAAAAAAA*AA**AAAAA*A*AAAA*A*AAAAA*AAAAAAAA*A*A*AAA**AA*A*AAAAA*A*AAAAAAAAAAAA*A*AAAAAA*AAA*AAA*AA*AAAAAAAAAAAAA*AAA*AAAAAAAA*A*AA*AA***AAAA*A*AAAAAAA*AA*AAAAA*AAA*AAAAAAAAAA*AAAAAAAA*AAAAA*A,x.x....x.....x.......x....x.x...x.x.x...x......x.......x...x.x....x.x.x...x.....x........x...x.....x.xx.....x...x.x......x.x.........x.x......x.x.x.x.....x.x..........x.x.....x.x.x.x......x.x.........x.x......x.x.x.x......x.x.........x.x......x.x.x.x......x.x..........x.x.....x..x.x.x....,1886,Hard,True
puzzle_708,17,AAAAAA*AAA*AAAAAAAAA**AAA*AAA*A*AAAAAA*AA*AA*A*AAA**A*A*AAAAAA**AAA*AAAAAA*A*AAAAA*AAAA*AAAAAAAAAAA**AAAAAAAA*AAA*AAAAA*AAAAAAAAAA*A*AA**AAAAA*AA**AAAAAAAAA*AAAAA*AAAA*AA****AAA**AA*AAAAAAAA*AAA*AAA*A**AAA*AAA*AAAAA*AA*A*AA**A**AA*AA*A*AA**AAAAA*AAA*AAAAAAA*AA*AA*A*AAAAA*A*A*AAAAA*AAAAAA*,...x.......x..x.x.x...x.x.x..........x.......x.x.x..x...x.x.x..........x.......x.x.x..x...x.x.x..........x........x.x.x.x....x.x.x..........x.......x.x.xx.x.....x.x..........x.x.....x.x..x.......x.x.....x..x.x.x.....x....x.......x.x....x...x.x.x......x...x........x.x...x...x..x.x.....x...,1888,Hard,True
puzzle_709,17,AAAAAAAAAAAAA*AAAAAA*AAAAA*AAAAAAAAAAAAAAAAA*AAA**AA**AAAAAA**AAAA*AAAAA**AA*AAA**AAAAAAAAAAAAAAAAAAAAAAAAAAAAAAA*AAA*AAA*A*AAAAAAAAAA*AAAAAAA****AA****AAA*AAAA*AA**AAA*AAAA*AAAAA*AAAAA*AAAAAA*AAA*AAAA**AA*AAAAA*AAAAAAAA*AAA*AAA*AA**AAAAAA**A*A*AAAAAAAAAAAA*A*AAA*AA*AAAAA*AAAAAAAA*AAAAAAA,.x.x.....x.....x......x.x...x.x....x.x.....x......x.....x.x....x.x...x.x......x.....x......x.x...x.x..x.x.x.....x............x.x...x.x....x.x.....x.....xx.......x...x.x......x.x...x.....xx.x.....x....x.......x.x....x...x.x.x......x...x........x.x...x...x..x.x.....x...x........x.x...x...x.,1890,Hard,True
puzzle_710,17,***A*AAAAA*AAAAA*A*AA*A**AAAAAAAAAA**AAAAAAA***AA*A*AAAA**AAAAAA*AAAAAAAAAA*AAAAAAA*A*AAAAAAAAAAAAAAAAAAAAAAAA*AA*AAAA*A*AA*A*AAAAAAAAAAAAAAAAAAAAAAA*AAA*A*A*AA**AAAAAAA*AAAAAAAAA*AA*AAAAAAAA*AA*A*A*AAA*AA*AAAAAA*A**AAAAAA*AAAA*A*AAAAAAA*AA*AAAAAAAAA*AAA*AA*A**AAAA*A*AA*AAAAAAA**AA*AAAAAA,......x.x...x.x..x.x.......x.....x....x.x.x.....x....x.......x.x...xx...x.x.x..................x.x.x.x.x.x.x.x..................x.x.x.x..x.x.x.x..................x.x.x.x.x.x.x.x..................x.x.x.x..x.x.x...........x.......x.x.x.x....x.x.x.........x........x.x.x.x....x.x.x.........x.,1892,Hard,True
puzzle_711,17,*A*A*AAAAAAAA*AA*AA**A*AAA*AAA*AAAAAAAAAAA*AA*AA*A*AAAA*A*AAAAAAAAAAA*A*AAAAA*AAA*****AAAA**AAAA**AA*AA**AAAA*AAAAAA*A*AAA**A*AAAAAA**AAAA*AAAAAA*A*AAA*AAAAA*AAAAAAAAAAA****AAA*A*A**AAAAAAAAAAAAAAAA**AAA*AA**AAAAAAAAAA*AAAAAAAAAA*AA*AA***AA***AAA**AAAAAA*AAAA*AAA*A*AAA**AA**AA*A*A*AAAAAAA,.x.x..x.x..................x.x.x.x.x.x.x.x..................x.x.x.x.x.x.x.x..................x.x...x.xx...x.x.....x......x.....x.x.....x....x.x.....x.x..x.x.....x.x...........x......x.x.x.x.x...x.x............x.....x.x.x..x.x...x.x............x.....x.x.x.x.x....x.x...........x......x.x.x.,1893,Hard,True
puzzle_712,17,A*A*AAAAAAAA*A*A*AAAAAAA**AAAAAA**AA*A*A*AAAA*AA*A*AA*AAA****AAAAAAAAAAAAAAAAAAAAA*A*AAAAAA**AAAAAAA*AA*A*A**AAAAA*AAAAAAAAAA*A*AAAAA*AAAAA*AAAAAA*****A*AAAAA***AAAAA*A*A**AAAAAAA**AAAAA*AAAAAA*A*AAAAA*AA***A**AAAAA*A*AAAAA*A*AAAAAA*A**AA*AAAAAAAA**A**A*A*A*AAA*AA*A*AAA*AA*AA*AA*A*A*AAA*A,....x.x..x.....x.x.x........x.x........x.x.x.....x..x.x.......x.x........x.x.x.....x.x.x........x.x.......x..x.x......xx.x........x.x.......x.x.x......x.x.x.......x.x........x.x.x.....x...x........x.x...x...x..x.x.....x...x........x.x...x...x.x.x......x...x........x.x...x...x.x..x.....x..,1895,Hard,True
puzzle_713,17,A*A*AAAAAAAAAAAAAAAAAAAAA*AAA*A*AAAAAA**AAAA****AAAAAAAAAAAA*AAAAAAAAAAAAA***AAA**A*AA*AAAA*AAAA*AAAAAA*AAAAA*A*AAAAAAA*AAAAAAAAAAAAAAAAAA*AAAAAAAAAAAAA*AA*AAAAAAAAA*AAA*AAAAAAAA*AAA*AAAAAAAAAA*AAAAA*AAA*AAAAAAAAAA*AAAAAAAAAA*A**AAAAAAAAAA*AA*AAAAAAA*AAAAAAAAAAAAAAAAA*AAAAAAAAAAAAA*AA*AAA,..x.....x...x.x......x.x...x.....xx.x.....x.....x........x...x.x...xx.x.x.........x..........x.x.x...xx.x.x.x...................x.x.x.x..x.x.x.x..................x.x.x.x..x.x.x.x..................x.x.x.x..x.x.x.x..................x.x.x.x.x..x.x.x...................x.x.x.x.x..x.x.x........,1897,Hard,True
puzzle_714,17,A****A*AAAAAAA*AA**A*AAAAAAAAAAAAAAAA*AAAAAA*AAA*AAAAAAAAAA*AA*AAA*AAAAAAA*AAAA*A****A*AAAAA*AAAAAAAAA*A*AAAAAAAAAAAA*A*A*AA*AA**A**AA*A**AAAA*AAAAAA*AAA*AA**A*AAAAAAAAAAAAAAAAAA*AAA*AAAAAAAAAAAA*AA*AA*AA*AAAAAAAAAAAAA*A*AAAA*A*AAAAAAAAA*AAAAAAAAA*AA*AA**AAAAAA*AAAAAAAAAAAAAAAAAAA*AAAAAAA,x.......x....x.x...x.x.x...x......x.......x...x...x..x...x...x...x..x...x...x...x......x.......x...x.x....x.x.x...x.....x........x...x.x...x.x.x....x.....x.......x....x.x...x.x.x...x......x.......x...x.x....x.x.x...x......x.......x...x.x....x.x.x...x.....x........x...x.x...x.x.x....x.....,1899,Hard,True
puzzle_715,17,AA*A*AAAA*A*AA*AAA*A*A*AAA**AA*AAAAAA*AAAA*AAAA*AAA*AA*AAAA*AA**AA*AAAA*AAAAAAAAAAAAAAA*AAA*AAA*A****A*A*A**AAAAAAAA*AA*AAAAAAAAA*AAA*AAAAA*AAAAAA*AAAAAAAAAAAAAA*A*AAAAA*AAAAAAAA*AAAAAAAAAAAAAAA*AAAA***A*AAAAAAA*AAAAAA*AAAAAAAAAAA***AA**A*A**AAAAA*AAAAA*A*A*A**A*AAAAAAAAAAAAAAAAA*A*AAAAAA,x.........x.x..x...x.x.x.x........x.........x.x.x....x.x.x.........x........x.x.x.x...x.x.x..........x.......x.x.x.x....x.x.x.........x........x.x.x.x....x.x.x.........x........x.x.x.x...x.x.x..........x.......x.x..x.x...x.x.x...........x......x.x.x...x...x.x........x...x.....x.x.x....x..,1900,Hard,True
puzzle_716,17,A*AAAAAAA**AAAAAAAAA*AAA*AAAAAAAAAAAAAAAAA*AAAA*AA*A***A*AAAAAAAAAAAAAAAAAAA*A**A*AAAAAA*AAAA*AAAAAAAA*A*AAAAAA*AAAAAAAAAA**A***A*AAAA*A*A**AAAAAAAAA**AAA*A**AAAA*AAAAAAAA*AAAAAAAAAA**AA*AA*AAA*AA***AAAAAAAA*A*AAAAA*AAAAAAAAAAAAAAAAAAAAAAA*AAAAAAAAAAAAAA*AAAAAAAA**AAAAAAAAA**AAAA*AA*AAAAA,..x.x.x.x........x..........x.x.x...x.x.x..x.......x..........x.x.x....x.x.x.x........x..........x.x.x...x.x..x.x.......x..........x.x.x....x.x.x.x......x.x..........x.x......x.x.x.x......x.x..........x.x......x.x.x.x....x.x.x..........x........x.x.x.x....x.x.x..........x.......x..x.x.x..,1902,Hard,True
puzzle_717,17,AAAAAA*AAAAAA*AAA*AAAAAA*AAAA*A*AAA*AAAAA*AAAAA**AAAA**AAAAA*AA*AAA*AAAAAAAA**AAAA*AAAA**AAAAA*A*A*AA**AAAA*A*AA***AAAAAA*A*AAAAAAA*AA*AAA*A*AAAA*AAAAAA**AA**AAAAAAA*A*AAAAAAAAA**A*A*A*AAAAA*AAAAAAAA***A*AA*AAAAAA**AAAAAAAA*AAA*AAAAAAAA*A*AA*AAAAAAA*AAAAAAAA**A*AAA*AA**AAA*AAAA*AAA*AAA*AA,.x.x........x.x........x.x.x.....xx.x.x.......x..........x.x.x...x....x.x.......x...xx.....x.x.x........x.x........x.x.x......x.x.x........x.x.......x.x..x.....x.x.x........x.x.......x.x..x.....x.x.x........x.x........x.x.x......x.x.x........x.x.......x.xx.x......x.x..........x.x.....x.x.,1904,Hard,True
puzzle_718,17,A**AAAAAAAAAA*AAAAAAAA*AAA*AA**AA*AAA*AAAAA*AAAAAAAAAAAAAA*AA**AA*AAAAAAA*AAAA*A*A*AAAAAA*AA**AAA*A*AAAA*A*A*AAAAAA*A*AAAAAA*AA*AAAA*AAAAA*AAA**AAAAAAA*AAAAAAAAAAAAAAAAAAAA***AA*AAAAAAAAAAAAAAAAAAAA*AAAA*AA*AAA*AAAA*AAAAAAAAAAA*AAAA***AAA**A***AAAAA*AAAAAA*AAAAA*AAAAAAAA***AA*A***AA*AAAAA,......x.x.x.x....x.x.x..........x.......x.x..x.x...x.x.x..........x........x.x.x.x....x.x.x..........x........x.x.x.x..x.x.x.x...................x.x..x.x.x.x.x.x..................x.x.x.x..x.x.x.x..................x..x.x.x.x.x.x.x...................x.x.x.xx...x.x.x..........x.......x..x.x.,1906,Hard,True
puzzle_719,17,**A*AAAAAAAA*AAAAAAAAA*A**A*AAAAAA*A**AA*AAAAAA*AAA*AAAAAA**A*AAAA**AA*AAA*AAAAAA**A*AAAAAAAAAAAAAAAAAAAA**AAA*AAAAAA*AAAAAAAAA*AAAAAAAAA*AAAAAAAAAAA*AAAA*A*AA***A****A*AAAAAAA*AAAAAAAAAAA*AAAAAAA*AAAAAA*AAAAA*AAAAAAA**AAAA*AAAAAAAAAAAAAA*AA**A*AAAAAAA**AAAAAAAAA*AAAA*AAAAAAAA***AAA*AAA**,.....x.x.x.....x..x.x.......x.x........x.x.x.....x..x.x.......x.x........x.x.x.....x..x.x.......x.x........x.x.x......x.x.x........x.x........x.x.x.....xx.x.x.........x..........x.x.x...xx...x.x.......x....x.....x.x.x....x...x.x........x...x.....x..x.x...x...x.x.........x..x.......x.x.x..,1907,Hard,True
puzzle_720,17,*AAA*AAAA*AAA*A*AAAAAAAAAAAAAAA*AAAA*AAAAA*AAAAAAAAAA***AAAA*AAAAAAAAA*AAA*AAAA*AAA***AAAAAA*AAAAAAA*A*AAAAAAAAAAAAA*AAAAA*AAAAAAAA*AAAA*AAAA*AAAAA*AA*AAA*A*A*AA*AA*AAA*A*AAAAAAAAAA**A**AAA*AAAAAAAAAA*AAAAAAA**AAA*AAA*A*AAAA*AAAAAAAA*AAAAAA*AAAAAAA*A*AAA*A*AAAAAAAA*A*AAAAAA***A*AAAAAAA**A,.x.x.x.x..................x.x.x.x..x.x.x.x...................x.x.x.x.x.x.x..x..................x.x.x.x..x.x.x.x........x..........x.x.x...x.x.x..x.......x...........x.x.x..x...x.x.x..........x.......x.x.xx.....x.x.x........x.x........x.x.x......x.x.x........x.x.......x.x..x.....x.x.x.....,1909,Hard,True
puzzle_721,17,AAA*AA*A*AA*AAAAAA*A*AAA*AAA*AAAAAAAAA*A***AAAAAA**AAAA*A*A*AAAAAA*AAAA*AA***AAAAAAAAAAAAAAAAA***AAAA*AA*A*AAA*AAA*AAAAAAA*AAAA*AAA*AAAAAAA*AAAAAAAA*AAAA*AAAAAAAA***A*AAAAA*AA*AAAAAAAA*A*AAA*A***AA***AAAAAAAAA*AAAAA**AAAAAA*AAAAAAAAAA*A*AAA*AAAAAAAAA**A***AAAAA*AA*AAAAAA*AAA**AAA*AAAAA*A*,..x.......x.x.x......x.x.x.......x.x........x.x.x.....x.x.x........x.x.......x.x.x......x.x.x.......x.x........x.x.x.....x.x.x........x.x.......x..x.x.....x.x.x........x.x.......x.x.x......x.x.........x.xx.....x.x.x.........x........x.x.x.x...x.x.x..........x.......x.x.x..x...x.x.x.......,1911,Hard,True
puzzle_722,17,AAAA*AAAAAAAAA*AA*AAA**AAA**A*AAA*A*AAAA*A*A*AAAAA**AAAAAAAAAA**AAAAAAAAAAA*AA*AAA**AAAAA*AAA***AAAAAAAAAAAAAAAAAAAA**A*AA*AAAAAAAA*AAAAAA*AAAAAA*AAAAAAAAAAAA*AAAAAAAAAAAAAAA*AAAAAAAAAAA*AAAAAAAA**AA*AAAA*AA*AAAAAAAA*AAA*AAA*AAA*A*AAA*AA*AA**AAAAAAA*AA*A*AAAAAAAAA*AAAAA*A*AAAA**A*A*AAAAAA,...x.x...x.x......x.....x.....x.x....x.x...x.x......x.....x.....x.x....x.x...x.x......x.....x......x.x...x.x....x.x.....x......x.....x.x....x.x...x.x....x.x...........x.x......x.x.x.x....x.x.x..........x.......x.x..x.x...x.x.x..........x.......x.x.x..x...x.x.x...........x.......x.x..x.x..,1913,Hard,True
puzzle_723,17,AAAAAAAAAAAA**AAAA*A**AA*AAAAAAAAAAAA*AAAAAA*AA*A*AAAAAA*A*AAAAAAA*AAAAAAA*AAA*AAAAAA*AAA*AA**AAAAAAAA**AAAAAAA*AAAAAAAAA*AAAAA*AAAA**AAAAAAA*AAAAA*A*A**A*AAAAA*AAA*A*AAA*AAAA*A****A**AAAAAAAAAAAAA*AAAA*AA**AAAAAAAA**AAAA*AAAAAA*AAAA*AA*AAAA*AA*AAA*AAAAA*AA*AAA*AAA*AAA*AA*A**AA*A***AAAAAA,..x.x..x.x.......x..........x.x.x...x.x.x.x........x.........x.x...x...x.x..x.....x...x........x.x...x...x..x.x.....x...x........x.x...x....x.x.x.....x..x.x.......x.x........x.x.......x.xx.x......x.x..........x.x.....x.x..x.x.....x.x..........x.x.....x.x..x.x.....x.x..........x.x.....x.x.,1914,Hard,True
puzzle_724,17,AAAAAA*AAA*AAAAAAAAA**AAA*AAA*A*AAAAAA*AA*AA*A*AAA**A*A*AAAAAA**AAA*AAAAAA*A*AAAAA*AAAA*AAAAAAAAAAA**AAAAAAAA*AAA*AAAAA*AAAAAAAAAA*A*AA**AAAAA*AA**AAAAAAAAA*AAAAA*AAAA*AA****AAA**AA*AAAAAAAA*AAA*AAA*A**AAA*AAA*AAAAA*AA*A*AA**A**AA*AA*A*AA**AAAAA*AAA*AAAAAAA*AA*AA*A*AAAAA*A*AAAAAAA*AAAAAA*,...x.......x..x.x.x...x.x.x..........x.......x.x.x..x...x.x.x..........x.......x.x.x..x...x.x.x..........x........x.x.x.x....x.x.x..........x.......x.x.xx.x.....x.x..........x.x.....x.x..x.......x.x.....x..x.x.x.....x....x.......x.x....x...x.x.x......x...x........x.x...x...x..x.x.....x...,1916,Hard,True
puzzle_725,17,AAAAA*AAAA*AAAAAAAAAAAAAA*AAAAAAAAAAAAAAAAAAAAAA*AAAAAAAAA*AAAAAAAAA*AA*AAAA*AAAAAA**AAAA*A**AAAAAAAA**A*AAAA*AAA*AAA**AAAAAAAAA*AAAA**AAAA*AAA*AA*AAAAAAA*AAAAAAAAAAAA*A*A*A*AAAA**AAAAAAA*AAAAA*AAAAAA*A**AA*AAAAAAAA*A*AAAAAA**AAA*AAAAAAAAAAAAAAA*****AA*A**AA*AA*A*AAA*A*AAAA*AAAAAAAAAAAAAA,.......x.x.x.x...x.x.x..........x.......x.x.x.x.....x.x..........x.x.....x.x.x.x.....x.x..........x.x.....x.x.x.x......x.x.........x...x....x.x.x.....x..x.x.......x.x........x.x.......x.x.x......x.x.x.......x.x........x.x.x.....x.x.x........x.x.......x.x..x.....x.x.x........x.x.......x.x.,1918,Hard,True
puzzle_726,17,AAAAAAAAAAAAA**A**AAAA**AAA*AAAAAAA*AAA*AA**AA***AAAAAAAAAAAA***A*AAA*AAAAAAAAAAAAA*A*AAAA*AA***AAAAAA**AAAAAAAAA**AAAAAAAA*AA*AA**AAAAA*A*AAA*AA*A***A*AAA*AA*AAA**AAAAA*AAAA**AAA*AAA*AAAAAAAAAAAA*AAAAAA*AA*AAAAA*AAAA*AAAAA*AAA*A*AAAAA*AAAAA**AAAAAA*AAAA*AAAAAAAA*AAAAAAAAA*AA*A*AAA*AAAAAA,x...x..x...x.......x......x...x.x.x...x.x....x.......x.....x....x.x.x...x.x...x........x.........x.x.x....x.x.x.x......x.x.........x.x.......x..x.x.....x.x.x........x.x........x.x.x.....x.x.x........x.x.......x.x.x......x.x.x.......x.x........x.x.x.....x..x.x.......x.x........x.x.x.....x.,1919,Hard,True
puzzle_727,17,AAAAA***AAA*AAA**AAAAAAAAAAAAA*AAA*AA**AAAAAAAAA**AAAAAAAAAAAAAAAAAAAAAAA*AAAAAAA*AAAA*AAAAAAA*AAAAAAAAAAAAA*AAAAAAAAAAA*A*AA***A****A*AA*AAAAAAAAAAA*AAAAAAAAAAA*AAAAAAAAAAAAAAAA*AAAAAA*AAAAAAAAAAAAAAAAAAAAAAAA*AAAAAA**A**AAAAAAA*A*AAAA***A**AAAAAAAAA*AAAAAAAA*A**A*AAAAAAA*AAAAAAAAAA*AAAA,..x.......x.x.x..x...x.x.........x..x.....x..x.x...x...x.x........x...x.....x.x.x....x...x.x.......x..........x.x.x...xx.x.x.........x........x.x.x.....x.x.x........x.x.......x.x.x......x.x.x.......x.x........x.x.x.....x..x.x.......x.x........x.x.x.....x..x.x.......x.x........x.x.x.....x.,1921,Hard,True
puzzle_728,17,*AA*AAAAAA*AA**AAAAA*AA*AAAAAAAAAAA*AAA*AAAAAAA****AAAA*AAA***AAAAA**AA*AAAAAAA**AAAAA*AAAA****AAAA*A*A*A*AAAAAAA*AAAAAA*AA**AAA*AAA*AA**AA***AAA*A*AAAAAAAAAAAAAAAA**AAAAAA**AAAAAAA*AAA*AAAAA*AAAAAAAAAAA*AAA*AAAAA*AAAAAAAAAAAA**A*AAA*A*A*AA**AAAAAAAAAAAA*AAAAA*AA*AAAA*AA*AAA*AAA*AAAAAAAAA,....x..x.x.x.....x.x..........x.x.....x.x.x.x......x.x.........x.x......x.x.x.......xx.x.......x.x........x.x.......x.xx.x.....x.x............x.....x.x.x.x.x....x.x...........x......x.x.x.x.x...x.x............x.....x.x.x..x.x...x.x............x.....x.x.x..x.x...x.x............x.....x.x.x.,1923,Hard,True
puzzle_729,17,A*AAA*AAAA*A*AAAAAAAAAAA*AAAA**AA**AAA*AAAA*AA*A*AAA*A*A**AAA*****A*AAAAA*AAA*AAAA*AAA**AAAA*AA**AAAAA*A*A*AAAAAAAAAAA*AA*AA***AAAA*AAAA*AAA*AAA*AA*AA****AAA*AA*A*AAAAAAAAA**AAAAAAA*A*A*A*AAAAA*AAA**A*AAAAA**AAAAAAAAAAAAAAA*AA*AA*AAA*AAAAAAA*AAAAAA*AA**A*A*A**AAA*AA**AAAAA*A*AAAAA*AAA*AA*,..x....x...x.x...x...x....x.....x...x...x....x.x...x...x...x......x...x...x...x.x....x...x.........x.x......x.x.x.x.....x.x..........x.x.....x.x.x..x.....x.x..........x.x.....x..x.x.x.....x.x..........x.x.....x.x.x.x......x.x.........x.x......x.x.x.x.....x.x..........x.x.....x.x.x.x......,1924,Hard,True
puzzle_730,17,*AAA*AAAAAAAAAAAA*AAA**AA*AAAAAAAAA*AAAAAA*A*AAA**AAAAA*A*AAAAAAA*AAA*AAAAAAA*AAAAA**AA*AA**A*AAAAAA*AAAA*AAAAAAA**AA**AAAA*AA*AAAA**AAA**AAAAA**A*AAAAAAAAAAAAAAAAA**AAAA*AA*A**A**A*AAAAAA*AAAAAAAAAAAAA**AAA*A*A***AAAAA*AA*A*AAAAA*AAAAAAA*AAAA*AAAAAAA*A*AAA*AAAAAAAA*A*AAA*A*AAAAAA*AAAA*A*,...x.x.x.....x....x.......x.x...x....x.x.x.....x....x.......x.x...x....x.x.x.....x...x........x.x....x..x.x.x.......x..x.......x.x.....x..x.x.......x.x..x.....x.x.x........x.x.......x..x.x.....x.x.x........x.........x.x.x....x.x.x.x.......x..........x.x.x...x.x.x.x........x.........x.x.x.,1927,Hard,True
puzzle_731,17,AAA*AAAAA**A*AA**A*AA***AAA*AAAAAAAAAAAAAAAAAAA*AAAAA*AA*AAA*AAA*AAAAA**A*AAAAA****AAA*AAAAAAA*A*AAAAA**A**AAAAAAAA****AAA*AAA*A*AAAAAAAAAAAAA*AAAAAA*A**AAAAAAAAAAAAA**AAA*AAAAAAAAAAAAA*AAA*AAAAAA**AA***AAAAA*A***AAAAAAAA*A*AAAAA*AA*AA*AAAA**AAA*AAAA*AAA*AA*AAAAAAAA**AA***AA*AAAAAAAA*AAAA,..x.x.x.x........x..........x.x.x....x.x.x.x........x..........x.x.x....x.x.x.x......x.x...........x.x......x.x.x.x....x.x.x...........x........x.x.x.x..x.x.x.x....................x.x.x.x.x.x.x.x..................x.x.x.x..x.x.x.x..................x.x.x.x..x.x.x.x..................x.x.x.x.,1928,Hard,True
puzzle_732,17,AA*AAAAA*AAA*AAAA*AAA**A*AAAAA**AAAAAAAAA***AAA*AA*AA**AAA*AAAAAAAAAAA**AAAAAA***AAAA**AAAAAAA*AAAAAAAA*A*A*A*AAA*AAAAAAAAAA*A*AAAA*A*AAA**AAA*A*AAA*AA**AAAAAAAA*AAAAAA*AAAAAA*AAAAAAAA*AAAAAAAAA*AA****AAAAAA*A**AAA*AAAAAA*AAAAAAA*AAAA**A**AA*AAAAAAAAAA*A*AAAAAAAAAAAA**AAA**AAA*AAAAAAAAA*A,.x.x.x........x..........x.x.x...xx.x.x.x....................x.x.x.xx...x.x.x..........x.........x.x.x....x.x.x.x......x.x..........x.x......x.x.x.x......x.x..........x.x......x.x.x.x....x.x.x..........x........x.x.x.x....x.x.x.........x........x.x.x.x....x.x.x.........x........x.x.x.x...,1930,Hard,True
puzzle_733,17,AAA*AAAAAAAA*AAA****AAAAAAAAAA*AAAA*AA*AAAAAA*AAA*A*A*A**AAAA*AAAAAAAAAAAAAAAAAA*AAAAA*AAAAAAAAAAAAAAA*AAAAAAAAA*A*A*AAAAAAAA*AAAAAAAAA*AAAAAA*AAAA*AAAAAA*A*A*AA*AAAAAAA*AAAAA*AA**A**AA**A*AAAAAAA*AAAAAAAAAAAAAAAA***AAAA*A**A*AAAAAAAA***AAAAAAA**AA**AAA*AAAA*A*A*AA*A*A*A*AAAAAAAAA*AAA*AAA,.x..x.x.......x..........x.x.x...xx..x.x........x.........x.x.x....x.x.x.x.......x..........x.x.x...x..x.x.x.......x..........x.x.x...x..x.x.x.......x..........x.x.x...x.x.x.x........x.........x.x.x.....x..x.x.......x.x..x.....x.x.x........x.........x.x.xx...x.x.x..........x.......x.x..x.,1932,Hard,True
puzzle_734,17,AAAAAAAAA*AAAAAAAAA**A*AAAAA*A**AAAAA*A*AAAAAA*AAAAA*AAA*A*AAAAA**AAAA*A*AAAAA*AAAA**AAAAA**AAAA*AAA**AAAA*AA*A*AA**AAAAAAAAA*AAAA*AAAAAAAA***AAA**AAA*AA*AA*A*AAAAAAAAAAAAAAAAAAA*AAA**AA*AAAAAA*AAAAAAAAAAAAAA**AAAAA***AAA*AA*AAAAAA*AAAAAAAAAA**AAAAA**AAAAA*AAAAAAAAAAAAA*AAA*AA*AAAA**AAA*A,...x.x..x.....x...x........x.x...x....x.x.x.....x....x.......x.x...xx.....x.x.....x....x.x.....x.x....x.....x.......x.x....x...x.x.x....x.x...x........x.....x....x.x.x...x.x....x.......x......x...x.x.x....x.x...x.......x......x...x.x.x....x.x...x.......x......x...x.x.x....x.x...x........x,1934,Hard,True
puzzle_735,17,AAAAAAA*A*AAAA**AAAAAA*AA*AAAAAA*AAAAAAAAAAAA**AAAAAAAAA*AAAA*A*AAAAAAA*AAAAAAAA*AAAAAAA*AA***AA*AAAA*AAAAA*AAAAA*AAAAAAAAAA**AAAAAAA**A*AA*AAA**AAA*AA*AAA*AAAA*AAAAAAA*AAAAAAAAAA*AAAAAAAAAAAAAAAAAAA*AA*A*A*A***AAAAAAAAAAAA***A*AAAAAAAAAAAAAA**AA*AAAAAAAAAAAAAA*A*AAAAAAAAAAA*A*AAA*A*AAAAA,....x.x.x.x.......x..........x.x.x...x.x.x.x.......x..........x.x.x...x.x.x.x........x.........x.x.x....x.x.x.........xx.......x.x.x......x.x.........x.x......x.x.x.x.....x.x..........x.x.....x.x.x.x......x.x.........x.x......x.x.x.x......x.x.........x.x......x.x.x.x.....x.x..........x.x.,1935,Hard,True
puzzle_736,17,AAAAAA**AA*A*A*AA**AAA**AAAAAAA**A*AAA*A**AAAA*AAAA**AAAA*AAAAA*A*AAAA*AAAA*AAAAAA*AA*A*AAAAAAAAAA*AA*AAAAAAAAA**AAAA*AAAAA*A**AAAAAAAAAAAAAAA*AAAA*AAAAAAAAAAAAA*AAAAAAAAAAAAAAAAA*AA*AA*A*AAA*AA*AAA*A*AA*AAAAA*AAAAAAA*AAA*AAAA***A**AA*AAAA*AAAAAAAAAAAAAAAA*A*AAAAAAAA*AAAAAA**AAAAAAAAAAAAA,.x.x.x.........x........x.x.x.x....x.x.x.........x........x.x.x.x....x.x.x..........x........x.x.x.x..x.x.x.x...................x.x.x.x..x.x.x.x...................x.x.x.xx...x.x.x..........x.......x.x.x..x.....x.x.......x..x.x.......x.x........x.x.x.....xx.x.x........x..........x.x.x...x.,1937,Hard,True
puzzle_737,17,AA*A*AAA*AAAAA*AAA*AAAAAAAAAAAAAAAAAA*A**A*A*AAAAA*AAAAAAAAAAAAAAAAAAAAA*AAAA*AAAAAA**AAAAAAA*AAA*AAAAAA*AAAAAA**AAAAAAA*AAA**A*A*AAA**AAAAAAAA*AAAAAAAA*AAAAAAA*AAA**A**AAA***AAA**A*A*AAAAA*A*AAAAAA***AA*AAA**AAAAAA*AAAAAAAAA****AAA*AAAAA*AAAAAAA*AA*AAAA*AAAAA**AA*AAA*AA*AA*AAAAAA*A*AA**A,.x.....x.....x.x....x.x...x.x......x.....x.....x.x....x.x...x.x......x.....x.....x.x....x.x...x.x.....x......x......x.x..x.x....x.x.....x.....x......x.x...x.x...x.x............x.....x.x.x.x.x....x.x...........x......x.x.xx.x.....x.x..........x.x.....x.x..x.x.....x.x..........x.x.....x...x,1939,Hard,True
puzzle_738,17,A**AA*AAA*AAAAAAAAA**AAAA*AAAAAAAA*A*AAA*A*A*AAAAAAA*AA*AAAAAAA***A*AAA**AA*AAAA*AAAAA*A*AAA*AAAAAAAAA*AAAAAAAAAAAAAAAA*AA**AAAAAAAAA**AAA*AAA*AAAAAAAAAAAA**A*AAAAAAAAAA*A*AAA*A*AAAA*A*AAAA*AAAAA*AAAAAAA*AAAAAA*A*A*AAAAA*AA*AAAAAAAAAAAAAAAAAAAAAAAAAAA*AAAAAAAAAAAAAAAA*AAAAAAAAAAAAAAA**AAA,x..x.........x.x......x.x.x.x......x.x.........x.x......x.x.x.x.....x.x...........x.x......x.x.x.x......x.x.........x.x......x.x.x.x.....x..x.........x.x......x.x.x.x....x.x.x..........x........x.x.x.x....x.x.x.........x........x.x.x.x....x.x.x..........x........x.x.x.x..x.x.x.x..........,1941,Hard,True
puzzle_739,17,AA*A**A*AAAAAAAAAAAAA*AAAAA*AAAA*AAAAA**AAAAAAAA***AAAA*AAAAAA**AAA*AAAAA**AAAAA*A*AAA*A*A*AAAAAAAAA*A**AAAAAAAAAAAAA*AA*A*AAA*AA***A*AAAAA*AAA*AAAA*A*A*AAA*A*AAAAAA*AA**A**AAAA*AAAAAAAAAAAAAAAA*AAAAA*A*AAA**AA*AA*AAA*AAAAAAA*AAAAAAAAAA*AAAA***AAAAA*AAAAAAAAAAAA*AA*AAAAAAAAA*A*AA*A**AAAAA,.x........x.x.x.....x.x.x........x.x.......x.x.x......x.x.x.......x.x........x.x.x.....x.x.x.........x........x.x.x.x..x.x.x.x..................x..x.x.x.x.x.x.x..................x.x.x..x.x.x.x.x..................x.x...x.x.x.x.x......x...........x.x....x.x.x.x.x.....x............x.x...x.x.,1942,Hard,True
puzzle_740,17,AAAAAAAAAA*A*A*AAAAAA*AAAAA*A*AAAA*AAA*AAA*A**AAAAAA**A*A*AAAAAAAAAAAA*A*A*AAAA*AA*AAAA**A*AAAAAAA*AA*AAAAAAAAAAAAA**AA*A**AA**AAA*AAAA*AAA*AAAA*A*AAAAA*AAAAA*AAAA**AAA*AAAAA**A*AAAAAAAAAAAA*A*A****AA*AAA*AA*AAAAAAA*A*AAAAAAAAAAAAAAAAAAAAAAAA***A*A*AAAA*AA**AAA**AAAAAAAA*AAAAA*AA*AAA*AAA*,.x.x.x.........x........x.x.x.x....x.x.x.........x........x.x.x.x....x.x.x..........x........x.x.x.x...x..x.x.........x........x.x.x.x..x.x.x.x..................x...x.x.xx.x...x...x..........x.......x.x.x..x...x.x.x......x...x........x.x...x....x.x.x.....x....x.......x.x....x...x.x.x.....,1944,Hard,True
puzzle_741,17,AAAA*AAAA*AAAA*AAA*AAAAAAAAAAA*AAAA*AAAAAAA*A***AAAAAAA**AA**A*AAAAAAA*AAA*AAAAA****A*A*AA***AAA*AAAAAA**AAAAAA*AA**AAAA*AAA**AA*AA*AAAA*A*AA*AA*AAAAA*AAAAAAA*AAAAAAAAAAAAA*AA*A**AAAAA***AAAA*AA*A*AA*A*AA*AAAAAAAAAAAAAA**AAAA**AAAA**AAAAAAAAAAAAAAA*A*AAA*AA*AAA**AAAAAAAAA**AAAAAA**A*AAAAA,.x.x..x.x..................x.x.x.x..x.x.x.x........x...........x.x.x...x.x..x.x.......x..........x.x.x....x.x.x.x......x.x..........x.x.....x..x.x.x.....x.x..........x.x.....x.x..x.x.....x.x..........x.x......x.x.x.x......x.x.........x.x......x.x.x.x......x.x..........x.x.....x.x..x.x....,1945,Hard,True
puzzle_742,17,*AA***AAA*AA*AAA*AA*AAAAAAAAA*AAAA***AAA*AAAAAAA*AAAAAAAAAAAA**AAA**AAA*A*AA*AAAAA*A*A*A*AAAA*AAAAAA*AA**A*AAAAA*AA*AAA*AA*A*A*AAAAA**A*AAA*AAA*A**AAAAA*AAAAAAAAA*A*AAAAAA*AAAAAAA*AAA*AAAAAAAAAA*A*AAAAAA*AA*AAAAAAAAAAAAA*AAAAA*AAAAAAAAAAAAAAAAA*AAAAA**AAAAAAAAA*AAA*AAAAAA*AAA*AAAAAAA*AAA*,.......x...x.x.x..x.x.x...x..............x...x.x.x..x.x.x...x..............x...x.x.x.x.x.x....x.............x.....x.x.x..x.x...x.x......x.....x.....x..x...x.x...x.x......x.....x.......x.x..x.....x.x.x....x...x.x.......x..........x.x.x...x.x.x.x........x.........x.x.x....x.x.x.x.......x...,1948,Hard,True
puzzle_743,17,A**AAA*AAAAAAA*AAAAAAAAAAAAAA***AAAAA*AA*A*A*AAAAAAAAAAAA*A*AAAA***AA***AAA*A*AAAA*AAAAAAA*AAAAAA*AA**A*AA*AAAA**AAAAA*A*AAAAAAAA*A*A**A*AA*AAAA**AAAAAAAA*A*AAAA**AA**AAAAAA*A**AA*AAAAA*A*AAAAAA**AAA**A*A*A*A*AAAAAA*AAA**AA*AAAAAAAAAAAA*AAAAAAAAAAAAAA*AAAAAAA*AAAAAA**AAA*AAAAAAAAAA*AAAA**,.....x.....x.x.x..x.x...x.x............x.....x..x.x.x.x...x.x............x.....x.x.x..x.x...x.x............x.....x.x.x.x.x....x.x...........x.......x.x.xx.x...x...x..........x...x...x.x...x....x...x.....x...x....x...x.x..x.....x...x.....x..x.x...x...x....x.....x...x....x...x.x...x....x...,1949,Hard,True
puzzle_744,17,AA*AAA*AAAA*AA*A*AAAAAAAAAAAAAA*AAAA*AAA*AAAAAAA*AAAAAA*AAAAAAAAAAAAAAA**AAAAAAA*AAAAAAAAAAAAAAAA*A*AAA*AA*AAAAAAAAAAA*AA*AAAAAAAAA*AAAAAAAA*AAAAAAAAAAAAAAAAAAAAA*AAA**AAAAAAAAAAAAAAA*AAAAA*AAAAAAAA**AAA*AAAAA*AAAAA**A*A*A*AAAAAAA**AAA**AAAAAAA**AAAAAAAAAAAAAAAAAA**AA*AAA**A****A*AAAAA*A*,........x.x.x..x.x.x.x.x...................x.x.x..x.x.x.x.x..................x.x..x.x.x.x.x.x..................x.x.x.x..x.x.x.x..................x..x.x.x.x.x.x.x...................x.x.x.xx...x.x.x..........x.......x..x.x.x...x.x.x..........x.......x.x.x..x...x.x.x..........x........x.x.x.,1951,Hard,True
puzzle_745,17,**AAA*AA*A*AAAAAAAA*A*AAA*AAAA*AA*AAAAAAAA*A*AA*AAAAA*AAAAA*A*A*A***AA*AAAAA*A*AAAAAAA*A*AAAAAAA**AAAA*AAAAA*AAAAAAA*AAAAA*AAAAAAAAA*AAA*AAAAAA*AAA*AAAAAAA*AAAA*A*AAA*A**AAA**AAAAAAAA*AA**AAAAAAAAAA*A*A*A*AA**A*AAAAAA*AAAAAA*AAAAAAA*AAAAAAAAAA**AAAA*A*AAAAAAA*AAAA*AAA*AAA*AAAAAAAAA*A****A,...x.......x.x.x..x...x.x.x..........x........x.x.x.x...x.x.x..........x.......x.x.x.x....x.x.x.........x........x.x.x.x...x.x.x..........x.......x..x.x.x...x.x.x..........x.......x.x.x......x.x.x.......x.x........x.x.x......x.x.x.......xx.x.......x.x.........x.x......x.x.x.x.....x.x.....,1953,Hard,True
puzzle_746,17,A*AAAA*AA*AAAAAAAA*AAAAAAAAAAAA*AAA*AAAAA**AAAAAA*AA*AAA*A*AAAA*A*AAAA**AAAAAAAAA*AAAA*A*AAAAAAA*AAA**A**AAA**AAAAAA*AAAAAA*AA*AAAA**AAA*AAAAAA*AAA*AAAAA*AAAAAAAAAA**AAAAA*AAA**AAAA*AAAAAAAAAAAAA*AA*AAA*AA**AAAAA*AA*AAAA*AA**AAAAAA*AAAAAAAAAAA**AAAAAAA*A**AAAAAAAAAAAA*AAAAAAAAAAAAA*AAA*AA,.....x.....x.x.x.x.x....x.x...........x......x..x.xx.x...x.x............x.....x.x..x.x.x...x.x............x.....x..x.x.x.x...x.x............x.....x.x.x...x....x.x.......x...x......x.x.x...x...x.x........x...x.....x..x.x...x...x.x........x...x.....x.x.x....x...x.x.......x....x.....x.x.x...,1955,Hard,True
puzzle_747,17,A*AAAA*A*AA*AAAA*AA*AAAAA*AAAA*AAA**AAA*AAAAAAAAAAAA*AAAAAAAAAA**AA*A*AAA*AAAAAA*A*AA*A*A*A****AAAAA*AAA***A*AAAAAA*A*AA*A*A*AAAAAAAAAA*AAAAAAAAAAAAAA*AAAAAAAA*AA**AAA*A*AA*A*AA*AAAAAA*AAAA*A*AAA*AA**AAA**AA*AA*A*A*AAA*A*A*AAAAA**AAAA*AAAA*AAAAA*A**AAAA*A*AA*AAAAAAAA*AA*AAAAA*A*AAAAAAAA*A,.....x.x..x.x.....x.x..........x.x......x.x.x.x....x.x.x..........x........x.x.x.x....x.x.x..........x........x.x.x.x..x.x.x.x...................x.x.x.x..x.x.x.x..................x.x.x.x..x.x.x.x..................x.x.x.x.x.x.x.x..................x...x.x.x..x.x.x...x......x.......x.....x.x,1956,Hard,True
puzzle_748,17,*AAAA*AAAAAA**AAA*A*AAAA*AA*AA*AAAAA*AAAAAAAAA*AAAAA*AA*AA**AAA*A*AAAAAAAAA*AAAAAAAA**AAAAAA*AAAAAAAAAAAAAAAA*AAAAA*A*AAAAAA*AAAAAAAAAAAA*AAAAA*A**AA*A*A*AAAAAA*AAAAA*A*A*A*AAA**AAAA*A*AA*AAA*AAAAAAAAAA*AAA*AAAAAAAAAAAAAAAA*AAAA*AA*AAA*AAAAA*AAAAAAAA*A*AAAAAAA*A**AAAAAAA*AA*AAAAAAAAAA**A*,.x....x.x.x.........x........x.x.xx....x.x.x.........x........x.x.x.x...x.x..x.........x........x.x.x.x...x.x.x..................x.x.x.x..x.x.x.x..................x.x.x.x.x.x.x..x..................x.x.x.x.x.x.x.x..................x.x.x.x.x.x.x..x..................x.x.x.x..x.x.x.x.........,1958,Hard,True
puzzle_749,17,A*AAAAA*A*AAAA*AAA*AAAA*AA*A*AAAAAAAA*AAAAAAAA*AAAAAAAAAA*AAA**AAAAA**A**AA**AAAAA*AAA*AAA*AAA*AAAAAAA*AA*AAAAA*A*AAA**A*A*A**AA*AAAAAAAA***A*AAA*AAA*AAA*AAAAA**AA*AA*AA*A*AAAAAAAAA**AAAA*AAAAA*AA*AAAAAAA*AAAAAAAAA**A***AAA*A*A**AA*A*AAAAA*AA*A*AAAAA**AAA*AAAAA*A*AAAAA*AA*AAAAA*A*AAAA**AA,..x.....x.x.x....x...x.........x.x..x...x.x..x.....x...x........x.x...x...x..x.x.....x...x........x.x...x...x.x.x......x...x.......x.x........x.x.x.....x.x.x........x.x.......x.x..x.....x.x.x........x.x.......x.x.x......x.x.x.......x.x........x.x.x.....x..x.x.......x.x........x.x.x.....x.,1960,Hard,True
puzzle_750,17,*A*A*AAA*AAA*AAAAAA*AAA*AAAAAAAAAAAAAAAAAA*AAAA*A*AAAA***AAAAA*AA**AAAAAAAA**AA*AAAAAAA**AAAAAAAAAA*AAAA**AA*AAAAAAAAAA*AAAAA*AAA*AA*AAAA*AAAAAAAAAAA***AAAAAAAAA*AAAAAAAAAAAAA*AAAAAAAAAA*AAAAA*AAAAA*AA*AAAAAAAAAAAAAAAA*AA*AAAAA**AA***AAA**AAAAAAAAAAAAAAAAAAAAAAAA*AAAAA*AAAAA*AAAA*AAAAAAAA,.x.x.........x.x......x.x.x.x......x.x..........x.x......x.x.x.x....x.x.x.........x........x.x...x...xx...x.....x...x....x.....x...x...xx...x.x...x........x.........x.x.x....x.x.x.x......x.x..........x.x......x.x.x.x......x.x.........x.x......x.x.x.x......x.x.........x.x......x.x.x.x.....,1962,Hard,True
puzzle_751,17,AA*AAAAA**AAAAAAA*AA***AAAAAA*AAA*A**AAA*A*AAA*AAAAAAA*AAAAAAAA*AAAAAAAAAA*AAAAAA***AAAA*AAAAAAAAAAAAA*AAAAAAAA**AAAAAAAA*AAAAAAA*AAA*AAAAAAAA*AAA*AA*AA**AA**AAAAAAAAA*AAAAAAAAAA*A***AAA*AA*AAAAA*AAAAA*AAAA*A*AA*AAA*AAAAAAAAA**AAAAA*A**AA*AAAA***AAAAAAAAA*A*AAAAAA*AAAAAAAA*AAAA*AAAAAA*AA*,.x.x.x.........x........x.x.x.x...x..x.x.........x........x.x.x.x...x.x..x..........x.......x.x.x.x....x.x.x.........x........x.x.x.x...x.x.x..........x.......x.x.x.x....x.x.x.........x........x...x.x...x.x.x....x.....x........x...x.x...x.x..x...x.....x........x...x.x...x..x.x...x.....x..,1963,Hard,True
puzzle_752,17,AAAAAA*AAAAAAAAAAAAA**AAA*AAA*A*AAAAAA*AA*AA*A*AAA**A*A*AAAAAA**AAA*AAAAAA*A*AAAAA*AAAA*AAAAAAAAAAA**AAAAAAAA*AAA*AAAAA*AAAAAAAAAA*A*AA**AAAAA*AA**AAAAAAAAA*AAAAA*AAAA*AA****AAA**AA*AAAAAAAA*AAA*AAA*A**AAA*AAA*AAAAA*AA*A*AA**A**AA*AA*A*AA**AAAAA*AAA*AAAAAAA*AA*AA*A*AAAAA*A*AAAAAAA*AAAAAA*,...x.......x..x.x.x...x.x.x..........x.......x.x.x..x...x.x.x..........x.......x.x.x..x...x.x.x..........x........x.x.x.x....x.x.x..........x.......x.x.xx.x.....x.x..........x.x.....x.x..x.......x.x.....x..x.x.x.....x....x.......x.x....x...x.x.x......x...x........x.x...x...x..x.x.....x...,1966,Hard,True
puzzle_753,17,*AAAA*A*AAAAAAAAAAAAAAAAAAAA*AAAAA*AAAAA*A*AA*AAA*AA*AA*AAAAA*A*AA*AAAAA*AA*A**AAAAA**A**AAAAA*AA*AAAAAAAAAAAAA*AAAAAA*AAAAAAAAAAAAAA*AAAAA*AAA**AAAAA**AAAAAAAAAAAAAAAAAAAA*AA*A*AAAAAA**A*AAAAAAAAAAAAAAAA*AAAAA*AAAAAA**AAA*AAAAAAAA*A*AAAAAAA*AAAAAA*AAA**AAAAAAA*AAAAA*AAA*A*AAAAAAAA*AAAAAA,..x.x.......x.x........x.x.x.....x.x.x........x.x.......x.x.x......xx.x........x.x.......x.x.x......x.x.x.......x..x.......x.x.x......x.x.x.......x.x........x.x.......x.x.x......x.x.x.......x.x........x.x.x.....x.x.x........x.x.......x.x..x.....x.x.x........x.x.......x.x.x......x.x.x.....,1967,Hard,True
puzzle_754,17,*A**AAAAAAAAAAAAAAAAAAA*AAA**AAAA*AA***AA**AA*AAA*AAA*A***AAAAAAAAAAA*AAAAAAAAAAAAA*AAAAAAA***AA*AAAA*AAAA**AAAAAAAAA**AAAAA**AA*AA*AAAAA*A***A*AA*AAA*A**AAAAA**AAA*AA*AAAAA*AAA*AAAA*AAAA*AAAAAA*AAAAAAAAAAAA*AAAA*AAAAA*AAAA*AAAAA*AAAAA*AA*AAAA*AAAAAA**AAAAAAAAAAA*AAAAAAAAAAAAAA*AAA*A*AA*A,.....x...x..x...x.x.x...x......x.......x....x.x...x.x.x....x.....x........x...x.x...xx.x.x.........x........x.x.x.x......x.x.........x.xx.....x.x..x.......x.x........x.x.x.....x.x.x........x.x........x.x.x......x.x.x........x.x.......x.x..x.....x.x.x........x.x.......x.x..x.....x.x.x.....,1969,Hard,True
puzzle_755,17,AAAA*AAAAAAAAAAAAAAAAAAA***A*A*AAAA*AAAAAAAAAAA*A**AAA*A*AA*AA*A*AAA*AAAA**AAA*AAA*A*AAAAA*AAA*AAA*AAAA*A*A*AAAAAA*AA*AAAA*A*A*AAA*AA*A*A***A*AAAAAAAAAAAAA*A*AAAAA*AAA**AAA*AA**AAAAA**AAAAA*AAAAA*AAAAA**AAAAA*AAA*AA**AAA**A*A*A*AAAAA*AA*AAA*AAA*AAAA**AAAAAA*AAAAA*AAAAAA*A*AAAAAAA*A***A**A,........x.x.x..x.x.x.x.x..................x.x.x.x..x.x.x.x..................x..x.x.x.x.x.x.x..................x.x...x.x..x.x.x.....x....x.........x...x.x...x.x.x....x.....x.......x....x.x...x.x.x...x......x.......x...x.x....x.x.x...x......x.......x...x.x....x.x.x...x......x.......x...x..x,1971,Hard,True
puzzle_756,17,AAAAA*A*AAAAA**AAAAAAAAAAAAAAAAAAAA**AA*AAAAA***AAA*AA**AA*A*AAAAAAAAAAA*AAA*A*A****A*A*AAAAA*AAA*AAA**AAA*AAA*AA*AA**AAAAAAAAA**AAAAAAAAA**AAA*A*AAAAAAAAAAA**A*A*A*AA*A**AAAAA*AAAAA*A*AAAAAAA**AAAAA*AAA*AAA*AAAAAAAAAAAA*A*A*AA*AAA**AAAAA**AAA*AAAAAAA*A*AAAA*AA**AAAA*AAAA*A*AA*A**AAAA**A*,..x.x...x.x......x...........x.x.x...x..x.x.x.......x..........x.x.x...x.x.x.x........x.........x.x.x....x.x.x.x........x..........x.x.x....x.x.x.x......x.x..........x.x......x.x.x.x......x.x.........x.x......x.x.x.x.....x.x..........x.x.....x.x.x..x.....x.x...........x.x....x.x...x.x....,1972,Hard,True
puzzle_757,17,*AAAAAAAAAAA**AAA*A*AAAA*AA*AA*AAAAA*AAAAAAAAA*AAAAA*AA*AA**AAA*A*AAAAAAAAA*AAAAAAAA**AAAAAA*AAAAAAAAAAAAAAAA*AAAAA*A*AAAAAA*AAAAAAAAAAAA*AAAAA*A**AA*A*A*AAAAAA*AAAAA*A*A*A*AAA**AAAA*A*AA*AAA*AAAAAAAAAA*AAA*AAAAAAAAAAAAAAAA*AAAA*AA*AAA*AAAAA*AAAAAAAA*A*AAAAAAA*A**AAAAAAA*AA*AAAAAAAAAA**A*,.x....x.x.x.........x........x.x.xx....x.x.x.........x........x.x.x.x...x.x..x.........x........x.x.x.x...x.x.x..................x.x.x.x..x.x.x.x..................x.x.x.x.x.x.x..x..................x.x.x.x.x.x.x.x..................x.x.x.x.x.x.x..x..................x.x.x.x..x.x.x.x.........,1974,Hard,True
puzzle_758,17,AAAA*AAA**A*AAAAAAAAAAAAAA*AA**A*AAA*AAAAAAA**A*AAA*AAAAAAAAAA***AA*AAA*AAAAA*AAAAA*A*AA*AAA*AAAAAAA*****AA*AAAA*AAA*AAAAAAA*AAAA*AAAA*AA***AA*AAAA*AAAAAA*AAAAAAA*A*A*AAAAA*AA*AAAA*AAAAAAAA*AAAAA*AAA*A*AAAA**AA***AAAAAAAAAAAAAAAAA**AAA*A**A*A*A*AAA*A*AAAAAAAAAAAA*A*AA*AAAAA*AAA*A*A*AAA*AA,.x...x.x....x.......x......x...x.xx.....x.x...x......x.x.....x...x..x.....x.x.......x..x.x.....x...x........x.x...x...xx.x.x.........x..........x.x.x...xx.x.x.x...................x.x.x.x..x.x.x.x..................x.x.x.x..x.x.x.x..................x.x.x.x..x.x.x.x..................x.x.x.x.,1976,Hard,True
puzzle_759,17,A**AAAAAAAAAAAA*AAA*A*AAA**AAAAA*AA*A*AAAAAAA*AAAAAAAA*AAAAAAAAAA*A*A*AA**A*AA*A**AA*AAAAAAAAAAAAAA*AA*A*AAAAAAAAA*AA*A****A*AAAAAAA*AAAAAA****AAAAA**AAA**A*AAAAAAAAAA*AAAAAAAA*AAA*A*A*A*A*AAAAAAAA*AAAAAA*AAA**AAAA*A*AAA*AAAAAAAA*AAAAAAAAAA*A***A*AAAAAAA*AAAAAAAA*AAAA*AA**AAAA**AAA*A*AAA*,...x...x......x.xx....x....x.x......x.....x.....x.x....x.x...x.x....x.x.....x......x.....x.x...x.x.....x......x.....x.x....x.x...x.x....x.x.....x.....x......x.x....x....xx.x......x...x........x.x...x...x..x.x.....x...x........x.x...x...x..x.x.....x...x........x.x...x...x..x.x.....x...x...,1977,Hard,True
puzzle_760,17,AAAA*AA*AAAAAAA**AAAAA**AA*A*AAAAAAAA*AAAAA*AAAAAA*A*A*AAA*AAA**A**AAAA*AAA*AAAAAA*A*AAAAA*AAAAAAAAA**AAA*AAAAAAAAA*AA*AAAAAAAAAAA*A**AAAA*AAAAAAAAA*A*A*A*AA*AAAAA*A*AAAAAAA*AA*****AA*AAA**AAAAAAAAAAAAAAAAAAA*AAA*A*AAA*A*A*AAAAAAAA*AA***AAA**AA****AAAAAAAAAAAAAAAAAAAA*A*AAA*A*AA*AA**AAAAA,......x...x.x.x....x.x...x.......xx.........x.x.x....x.x.x.x........x.........x..x.x...x.x.x.x........x.........x.x..x...x.x.x.x........x..........x.x.x....x.x.x.x........x.........x..x.x...x.x.x.x........x.........x.x.x....x.x.x.x........x.........x.x..x...x.x.x.x........x..........x.x.x,1979,Hard,True
puzzle_761,17,A*AAA*AAAAAAAAA*AAAAAAAAA*A*AAAAAAAAAAA*AAAAA***AAAAAA*AAAAA**AAAA**AAA*AAAAAAA**AA*A*A****AAAAAAA*AAAAAAAAAAAAAAA**AAAAAAAAAAAAAAAAA**A*AAAAAAAA*A*AAAAA**AAAA*A*AA*A*AAA*AA**AAA*A*AAAAAAAA*AAAAAA*AA*AA*A*A*AAA**AA**AAAAAAA*AAA*AAAAAAA*AAAAAA*A*A*A*AAAAA****AAAAAAAAAAAAA**A*AAAAAAAAAAAAAA,..x.x...x..x.....x.....x......x.x...x.x...x.x......x.....x.....x.x....x.x.....x.....x......x.x...x.x..x.x.......x.....x....x.x.x...x.....x........x...x.x...x.x.x....x.....x.......x....x.x...x.x.x...x......x.......x...x.x....x.x.x...x.....x........x...x.x....x.x.x...x......x.......x...x.x.,1981,Hard,True
puzzle_762,17,A**AA*AAAAAAAA*A*AAAAAAAAAA*AAAAAAAAAAA*AAAAAAA*AAAAAAAAAA*AAAAAAAA*AAAAAAAAA*AAAAAAAAAAAA*A*AA*AAAAAAAA*A*AAA*AAA**AAAAAAAAAAA*AAA*AAA**AA*AAAAAA*A*AAAAAAAAAAAAAA*AAAA*A*A*AAA**AA*A*AAAAAAAAAA*A*A****A*AA*AAAAA***AAAAA*AAAA*AAAAAAA*AAA**A*A*AAAAAA*A*AAAAA**AA*AAA***AA*A*AAAAAAA*A*AAAA*AA,......x.x.x.x....x.x.x.........x.........x.x..x...x.x.x.x........x..........x.x.x...xx.x.x.x...................x.x..x.x.x.x.x.x..................x.x.x.x..x.x.x.x..................x.x.x.x..x.x.x.x...................x.x.x.xx...x.x.x..........x........x.x.x.x...x.x.x..........x.......x..x.x.,1982,Hard,True
puzzle_763,17,*A*AAAAA*A*AA*A*AAAAAAA*A*AAAAAAAAAA*AAAAA*AAA***AA*A*AA**AAAAAA*A*AA*A*AAAAA*AAA****A*AAA**A*AA*A*AAAAA*AA*AAAAA*A*AA**AAAAAA*AAAA*A*AAA*A*AAAA*AAAAAAAAAAAAAAA*A*A*AAA*AAAAAA*AAA*AAA*AAAAAA*AAAAA*AA**AA*A*AAAAA**A*AAA*AA***A*A*AAAAAA*AAAAAA**A*AA***AAAAA**AAAAAAAAA*A*AAAAAAAA*A**A*AAA*AA,.....x.x.x.x......x.x.........x.x......x.x.x.x......x.x..........x.x......x.x.x.x......x.x.........x.xx.....x...x.x......x.x...x......x.x.....x...x..x.....x.x...x.......xx.........x.x.x....x.x.x.x........x..........x.x.x....x.x.x.x........x..........x.x.x...x.x.x.x........x.........x.x.x.,1984,Hard,True
puzzle_764,17,A**AA*AAAA*A*A*A**AAAAAAAA*AAAAAAA*A*AAAAAAAAAAA*AAAAAAAA*A*AAAAA*A*AAA*AAAAAAAAAAAAAAAA*A**A*AA***AA**AA*AAAAAAAAAAAA*AAAAAA*AAA***AAAAA***AAAAAAAA*A*A*A*AA*A*AAAAAAAAAAAA**AAAAAAAAAAA*AAAAAAAAAAAAAAAAAA***AAAAAAAAA*AAAAAAAAAAAA*AA*AAA*A*AAAAAAA**A**A*AAA*AAAAAAAAAAAAAA*AA*A*AAAAAA*AAAAA,.......x.x.x.x....x.x.x.........x........x.x.x.x....x.x.x.........x........x.x.x.x...x.x.x..........x.......x.x.x.x.....x.x..........x.x.....x.x.x.x.....x.x..........x.x.....x.x.x.x......x.x.........x.x......x.x.x.......xx.........x.x.x....x.x.x.........x........x.x.x.x...x.x.x..........x,1986,Hard,True
puzzle_765,17,*AAAAA*A*AAAAA*AA*AAAAAAA*A**AAA*AAAAA*A*AA*A*A*AAAAA*A*A*A**A*AAAAA*AAA*AAAAAAAAA***AAAA**AAAAAAA*AAA**AAAAAAAAA*AAAAA*AA*A*A*AAA*AAAAAAAAAAAAAAAAA**AAAAAAAAAA*AAAA*A*AAAAAAAAAA*AAA*AAAAA*A**AAAAAAAAAAAAA*AAAA*AAAAA*AAAA*AAA*A**AAAAAAAA*AAA**AAAAAA*A**AAAAAAA**AAA*AAAAAAAAAAAA*AAAAAA*AAA,...x.x.x..x.......x..........x.x.x...x.x..x.x.......x..........x.x.x...x..x.x.x.......x..........x.x.x....x.x.x.x........x.........x.x.xx...x.x.x..........x........x.x.x.x...x.x..x.........x........x.x.x.x...x..x.x.........x........x.x.x.x....x.x.x..........x.......x.x.x..x...x.x.x.......,1988,Hard,True
puzzle_766,17,AAA*A**AAAA*AAA*AAAAAAAAA*AAA*A**AAAA*AAAAAAAA**A*AAAA*AAAAAA**A**AA*A*A*AAAAAAAAAAAAAAAA*AAAAAAAAAAAA*AAA*AAA*AAAAAAAAAAAA*A*A*A***AAAAAA***AA**A*AAAAAAAAAAAAAAAAAAA*A*A*AA*AA**AAAAAAAAAA*AAA*AAAA*AAA*AAAAAAAAAAAAAA*AA*AAAAAAAAA*AA***AAAAA*****AA*AAAAA**AAA*A*A***AA*AAAAAA*A**AAAAAAAAAAA,.x..........x.x.x...x.x.x.x.......x..........x..x.x..x.x.x.x..................x.x.x.x.x.x.x.x..................x.x.x.x..x.x.x.x..................x.x.x.x..x.x.x.x..................x.x.x.x.x.x.x.x..................x.x..x..xx.x.x.x..................x.x.x.x..x.x.x.x..................x.x.x..x.,1990,Hard,True
puzzle_767,17,AAA*AA*AAAAAAAAAAAAAAAAAA*AAAA**AAA*AA**AA*AA*A*AAAAAAAAAAA**AAAA*AAAAA*AAAAAAAAAAAA*AAA*A*AAAAAA**AAAAAA*AAAAA*AAAAAAAAAAAAAAAAAAAAAAAA***AAAA*AAAA*A*A*AAA*AAAAAAAA*AAAAAAA*AAAAA**AAAA*AAAAAA**AAAAAA*AAAAAAAAAAAAAAAA*AA**AAAAAAAAA**A*AAAAAAAAAAAAA**AAA**AAAAAAAA*AAAAAAAAAA**AAAAA*AAAAAA*,.......x.x.x..x...x.x.x..........x.......x..x.x.x...x.x.x..........x.......x.x.x.x...x.x.x..........x.......x.x.x..x...x.x.x..........x.......x..x.x.x...x.x.x..........x.......x.x..x.x...x.x.x..........x.......x.x.x.x.....x.x..........x.x.....x.x.x..x.....x.x..........x.x.....x..x.x.x....,1991,Hard,True
puzzle_768,17,AAAAAA*A*A**AAAA*A*AAAAA*AAAAAAAAA*A*AA*AAAAAA***AA*AA*AAA*A*AAA*AAA*AAA*AAAAAAAA*AA*AAAA*AA**AAAAAAAA*AAAAAAAAAAA*AAAAAAAAAAAAAAA*AAAAAAAAAAAA*AAAAAA*AAAAAA*AAAAAAAA*AA*A**AAAAAAAAAAAAAAAAAAAA***AAA*AAAAA**AAA*AA*AAAAAAAAAAA**AAAAAAAAAA**AAAAA*A*A*AAAA*A*AAA*A**AAA**AAA*AA*AAAAAAAAA*AAAA,..x.x..x.x.......x...........x.x.x...x..x.x.x.......x..........x.x.x...x.x..x.x.......x..........x.x.x....x.x.x.x......x.x...........x.x....x.x...x.x....x.x.....x......x.....x.x....x.x...x.x......x.....x......x.x...x.x....x.x.....x.....x......x.x...x.x....x.x.....x.....x......x.x...x.x...,1993,Hard,True
puzzle_769,17,AAA*AAAAAAAAAA*AAAAAAAAAAAAAA*AAAAA*AAAAAAA*AAAAAAAAAAAAAA**AA*AA*AAA*AAAAAAA*A**AAAAAAAAAAAAA**A*AA*AA*AAA*A*AAAAAA*AAAAAAAAAAAAAA*AA*AAAA***A*AAA*A*AAAAAAAAA***AAA**AAAAA*AAA*AAAAAA***AAAAAA**AAA*A*A*AAAAAAAAAAAAAAA*AA*AAAAAAAAA*A*AAA*A*AAAAA*AAAAAAAAA*AAAAAA**AAAAA*AAAAAA*AA*AAA*AAAAAA,.........x.x.x.x.x.x.x.x..................x..x.x.x.x.x.x.x..................x.x..x.x.x.x.x.x..................x.x.x...xx.x.x.........x........x.x.x.x.....x.x..........x.x.....x.x.x.x......x.x.........x.x......x.x.x.x......x.x..........x.x.....x.x..x.x.....x.x..........x.x.....x.x.x..x....,1995,Hard,True
puzzle_770,17,**AAAAA*AAA*AAAAA*AAA*AA**A*AAAAAAA**A*AAAA*AAAA***AAAAA*AAA**A*AAAAA*AAAAAAA*AAAAAAAAAAAAAAAAAAAAA*A*AAAAAAA*AAAAAAAAAA*AAAA*A*AAAAAAA*AA**AAAAAAA*AAAAAA*AAAAAA*AAA***AA*AAAAAAAAAAAAAAAA*AAAAAAA**AAA*AAAAAAAA*AAA*A*AAA*AAAAAAA*AA*A**AA*AAA*AAAAAAAAA**AAAAAAAAAAAAA*A**AAA**AAAAAAAA*AAAAA*,.....x..x.x.x.....x.x..........x.x......x.x.x.x....x.x.x..........x.......x.x..x.x...x.x.x..........x.......x..x.x.x...x.x.x..........x.......x.x.x..x...x.x.x..........x........x.x.x.x....x.x.x..........x.......x..x.x.x...x.x.x..........x.......x.x.x..x...x.x.x..........x.......x.x..x.x..,1997,Hard,True
puzzle_771,17,*AAAAA**AA*AAAAAA*A*AAA*AAAAA*AAAAA*AAA*AA**AA*A**A*AAAAAA**AAAAA*A*AAAAAA*AAAAA**A*AAAAAAA**AAAAAAAA*A**A*AAAAAAAAAAAAAA*A*AAAAAAAAAAAAAA*AAAAAAAAA*AAAAAA*A**AA*AAAAAAAAAA*AA*AAAAA*AAA*AA*A*A*AAA*AAA*AAA*AA*A*A*AA*AAAA**AAA*AA**AAA*AAAAAAAAAAAAAAAA*AAA*AA*AAAAAAA**AAAAAA**A*A*AAAAA***A*A,.x.x.x......x............x.x...x.xx.x.x.x...................x.x.x.x.x.x..x.x..................x.x.x.x.x..x.x.x..................x.x.x.x..x.x.x.x...................x.x.x.x.x.x..x.x..................x.x.x.x.x..x.x.x..................x.x.x.x..x.x.x.x........x..........x.x.x...x.x..x.x.......,1998,Hard,True
puzzle_772,17,*AAAA*AAAA*AA*AAAAAAAAAAA**A**AAAAAAAAA*AAAAAAAA*AAAAA*A*AAA*AAAAAA*AAA**A**AAA**AA*AA***AAAAAA*AAAA*A*AAAAAA*A*AA*AA**A*AAA*A*A*AAAAAAAAAA*A*A*AA*A*AA**A*A***AA*AAA*AAAAAAAAAA*AAAAA*AA*A*A**A*AA**AA*AAA*A*AAAAAAAA*A**AA**AA*AAAA*AAAAAAAA*AAAAAA*AAAAAAAAA***A*AAAAAAAAAA*A*AAAAA**AAAA*AAAA,..x.....x..x...x.x...x.x......x.....x.....x.x.....x....x.x.....x.x..x.x.....x.x............x.....x.x.x.x..x...x.x............x.....x.x.xx.x.x....x..............x...x.x.x..x.x.x...x..............x...x.x.x.x..x.x...x..............x...x.x.x..x.x.x...x..............x....x.x.x.x.x.x....x......,2000,Hard,True
puzzle_773,17,AA*A**AAAAAAAAA*AAAAAA*AA***AAAAAAAAAAA*AAA*AAAAAAA*AAAAAAAA*AAAAAAA*****AAAA*A*AA*A*AA*AAA*AAAA**AAAAAAAAAAAAAAAA**A*AAAAAA*AAAAAA*AAAAAAAAAAAA*AAAAA**AAAAAAAAAAAAAAAAAAAAAAAAAAAAAAAAA*AAAAAA**AAAAAAAAAA*A*A*AA*AAAAA*A*AAA*AA***A**AAAAAAAAAAA**AAA*AA*A**AAA*AAAAAAAAAAAAAA*AAAAAAA*AAAA**A,......x..x.x.x...x.x.x..........x.......x.x.x.x.....x.x..........x.x.....x.x..x.x.....x.x..........x.x.....x.x.x.x......x.x.........x.x......x.x.x.x.....x.x..........x.x.....x.x.x.x.......x..........x.x.x...x.x..x.x......x...........x.x.x..x.x..x.x.......x..........x.x.x...x.x.x.x........,2002,Hard,True
puzzle_774,17,AAA*A*AAAAAAAAAA*AA*AAAAAA*AA*AAAAAA*AAAA*AAA*AAAAAAAA**A*AAAA*A*AAA*AAAAAA*AAAA*AAA*AAA*A*AAAAAA*AAAA*AAAAAA*AA*AAAAAAAA**AAAAA*AAAAA*AAAAAAA*AA*A*A***AAAAA*AAAAAAAA*A*AAAAAAAA***AA**AAAA*A*AAAA*AAAAAAA*A*AAAA**A**AAA**AAAAAAA*A*AAAAA*AAA*AA*AAA*A*AAAAA*A*A*AAAA*AAAAAAAA*A*A*AAA*AAAAAAAA,....x.x.....x.x...x......x.x.....x...x..x.....x.x..x.......x.x.....x..x.x.x......x...x.......x.x....x...x.x.x.....x............x.x...x.x.x.x.x......x...........x.x....x.x.x.x.x.....x............x.x...x.x.x.x.x......x............x.x...x.x.x.x..x.....x............x.x...x.x..x.x.x.....x.....,2004,Hard,True
puzzle_775,17,*AA**A*AAAAA*AAAA*AAAAAAAAA*AAAAAAA*AAAAAA*AAAAAAAA*AA*AAAAAAAAAAAAAAAA*AA***A*AA*AAAAA****A*AAAA**A*AAAAAAAAAA*AAAAAAAAAAAAAAAAAAAA**AA*A*AAAA*A*A**AA*AA**AAAAAAAA*AAA*AA*AAA*AAAAA**AAAA*AA*AAAAAAA*AAAAAA*AAA*AAAA*A**AA*AAA*A*AAAAAAAAAAA*AAAAAAAAAAAAA*AA*A*AAAAAAAAAAAA*AAAAAAAA**AAAA**AA,.x...x.....x.x......x...x.x.....x.x....x.....x.x.....x....x.x......xx...x.......x.x........x.x.x.....xx.x.x.........x........x.x.x.x.....x.x..........x.x......x.x.x.x......x.x.........x.x......x.x.x.x....x.x.x..........x........x.x.x.x....x.x.x.........x........x.x.x.x....x.x.x.........x.,2005,Hard,True
puzzle_776,17,AAAA*AAAAAAAAAA*AAAAAAA*A**A*AAAAAAAA*AAAAAAAAA**A***AAAA*A*AAAAAAA**A**AAAAAA*AAAAAAAAAAAAAAAAAAAAAAAA*AAAAAA*AAAAAAAAAAAAAAAA*AAAAAAAAAAA*AAAAAAAAAAA*AA*A****A***AA*A*AAAAAAAAAAA*AAAAAAAAAAAAA*AAAAAAA*AAAA*AAAAAAA*AAAAAAAAAAAAAAAAAAAAAAA**AAAAAAAAA**AA*AAA*AAAA*AAAAAAAA**AAA*AAA***AAAAA,.x.....x.x.x........x.x.......x.x..x.....x.x.x........x.x.......x.x..x.....x.x.x........x.x.......x.x.x......x.x.x.......x.x........x.x.x.....x.x.x........x.........x.x.xx...x.x.x..........x.......x.x...x....x.x.x.....x...x........x.x...x...x.x..x.....x..x.........x.x...x..x.x.x.......x..,2007,Hard,True
puzzle_777,17,AAAAA*AAAAAAAAAAAAA*AA*AAAAAAAA*AAAAA***AAAAAAAAA*A*AAAAAAAA*AAAAAAAAA*AA**AAAA*A*AAAAA*A*A*AAAA*AAAAAAA*AAAAAA*AAAA*A*AAAAAAA*A*AAAAAAA*AAAAA*A*AAAAAAAA**AAAAAA*A*AAA*AAA**A*AAA*AAAA*AAAAAAAAA*A**AA*AAAAAAA*A*AA*AAAAA*A*AAAAAAAAAAAAAA*AAA*AAAAAAAAAAAA*AAAAAAA*AAAAAAAAAAAAAA**AAAAAA*AAA*A,..x.....x..x.x...x...x.x........x...x.....x.x.x........x.x.......x.x.x......x.x.x.......x.x........x.x.x.....x..x.x.......x.x........x.x.x.....x.x.x........x.x.......x.x.x......x.x.x.......x.x........x.x.x.....x..x.x.......x.x........x.x.x.....x.x.x.........x........x.x.x.x...x.x.x.......,2010,Hard,True
puzzle_778,17,*AA*AA*AAAAAAAAAAAAAAAAAAAAA*AA*AAAA*AAAAAAAAAAA*AAAAAA*AAA**AAAAAAAA*AAAA*A**AAAA**AAAAAAAAAAAAAAAAAA*AAA*A*AAA*AAAA*AAAAAAAAAAA**AAAAAAAAAAAA*AAAA*AA**AAAAAAAAAAAAAAAA*AAA*A*AA*A*AAA*AAAAAAAAA**A*AAAAAAA*AAAAAAAAA*A**A*AAAAA**AAAAAA*AAAAAAAAAAAAAAA**AAAAAAAAAA*AAAAAAA*AAAAAAAAAA*AAAAA**,.......x.x.x.x...x.x.x..........x.......x.x.x.x.....x.x..........x.x.....x.x..x.x.....x.x..........x.x.....x.x.x.x.....x.x..........x.x.....x.x.x..x.....x.x..........x.x.....x.x..x.x.....x.x..........x.x.....x.x.x.x.......x..........x.x.x...x.x.x.x........x..........x.x.x...x.x..x.x......,2011,Hard,True
puzzle_779,17,AAAAAAAAAAAAAAA*AAAAAA***AAAAA*AAAAAA*AAAAAA****AAAA*AAAAA*AAA*AAAAAA*AA**A*AA**AAA*AAAAAA*A*AAA*A*AAAAAA*AAAA**AA****A*AA*AAAAAA*AAAAAAAAAA*AAAAA*AAAAAAA*AAA**AAAAAAA*AA*AAA*AAAAAAAAA*AAA*****AAAAAAAAAAAAAA**A*A**AAA****AA*AA***AAAAAAAAAAAAAAAAAAAA**AAA*AAAAAAA*AAAAAA*AAAA*AA*AAA*AAAAAAA,.x.x.x..x..................x.x.x.x..x.x.x.x..................x.x.x.xx..x..x.x..................x.x.x.xx.x.x..x..................x.x.x.x..x.x.x.x..................x.x.x.x..x.x.x.x..................x.x.x.x.x.x..x.x..................x.x.x.x.x.x.x.x..................x.x.x...x.x..x.x.......x..,2013,Hard,True
puzzle_780,17,AAAAAA*AAA*AA*AAAAA*AAAAAAAAAAAAAAAAAAAAAAAAAAAAAAAAAAA*AAA*AAAAAAAAAAAA*AAA*AAAAAAA*AAAAAAAA**AA*AAAAAAAAA*A*AAA**AA*AAA**AAAAAA*AAAAAAAAAAAAAAAAAAAAAAA***A**AAA*AAAAAAAAAAAAAAAAAAAAAAAAAAAAAA***AAAAAAAA**AAAA*AAAAAA*A**AA*AAAAA*AAAAAAAAAAAAAA**AA**A*A*A*AAAA*AAAAAAA*AAAAA*AAAAAAAAA*AA**,.x.x...x.x............x.....x.x.x..x.x...x.x............x.....x.x.x.x.x....x.x...........x......x.x.x.x.x...x..x...........x......x.x.x.x.x...x.x..................x.x.x.x..x.x.x.x........x.........x.x...x...x.x.x......x...x........x.x...x...x.x..x.....x...x........x.x...x....x.x.x.....x..,2014,Hard,True
puzzle_781,17,AA*AAA*AAAAA*AAAA*AAAA*AAAA*AAAAA*AA*AAA**AAAAAAAAA*AAA***A*AAAA***A*AA**A**AA**AAAA**A*AA*AA*AAAA*A*A*A**AAAA*AAA*AA*AAAAA*A*AAAAAAA*AAA*A*AAAAAAAAA*AAAAA*AAAA*A*A*A*AAAAAAAAAA*AAAAA*AAAAAAA*AA*A*AAAAA**AAAAA*AA**A*AAAAAAAA*AAA*AAA*AA*A*AAAAAAA*AAAA***AAA*A*AAAAA***A*AAAAAA*AAAAA*A*AAAA*,.....x...x...x.x..x.x...x...x..........x...x...x.x..x.x...x...x..........x...x...x.x..x.x...x...x..........x...x....x.xx.x....x....x........x.....x...x.x.x....x.x...x.......x......x...x.xx.....x.x...x......x.x.....x....x.x.....x.x....x.....x.x......x....xx.....x.x.....x....x.x.....x.x....,2016,Hard,True
puzzle_782,17,AAAAA*AAAAAA*AAAAAAAAAAAAAAAA*AAA*AAAA*AAAAAAA*A**AAA***AA***A*AAAAA*AAAA**AAAAAA*AA*AAAAAA*AAA*AAAAAAAAAA**A*AA*A*AAA*AAA*AAA*AAAAAAAA*AAAAAAAAA*AAAAAA*A*AAA*AAA*AAAAA*A*AAAAAAAAAAAA*AAA*A**AA***AAAAAAAA*A*AAAAAAAAAAAA*AAA*AAAA*AAAAA*AAA*AAA*AAA**A**AA*AA*A***A*A*AAAAAAA*AAAA*A*AAAA*AAAA,...x...x.x.x......x...x.......x.x....x...x.x.x.....x....x.......x.x...x....x.x.x.....x...x........x.x...x...x..x.x.....x...x........x.x...x...x.x.x......x...........x.x.x..x.x.x.x..................x.x.x.x.x.x.x..x..................x.x.x.x.x.x.x.x...................x.x.x.x.x..x.x.x........,2018,Hard,True
puzzle_783,17,AAA*AA*AA*AAAAAAA*AAAAA*AAAA*AAAAAAAAAAAA**AAAAAAAA**A*A*AAAAAA*AA*AA*A*A*AAAAAAAAA*A*AA*A*AAAAAAAA*AAAAA*AAAAA**AAA*AAAAA****A*AAAAA*AAAAA*AAAAAAA**AAAA*AAAAAAAAAAAAAAAAAAAAAAAA*AA*AAAAAAAAAAA*A*AAAAA*AAAAA**A*AAA*AAAAAAAAAA**A**AAAAA****A*AAAAAAAAAAAA*AAAAAA**AA*A*AAAAAAAAAAAAAA*AAAA*AA,x...x.......x.x....x.....x.x.....x....x.x.....x.x....x.....x.x.....xx...x.x.......x....x.....x.x.x....x...x.x........x...x......x.x.x...x....x.x.......x....x.....x.x.x....x...x.x.......x....x.....x.x.x....x...x.x.......x....x.....x.x.x....x...x.x........x...x......x.x.x...x....x.x.......x,2019,Hard,True
puzzle_784,17,AAAAA*A**A**A**AA**AAAAAAAAA*AAAAAAAAA*A*A**AA**A*AAAAA*AAAAA*A*AAA*AAAAAA*A*A*AAA*AAAAAA*AAA*AAAAAAA*AAAAA**AA*AAAA*A**AA**AAAAA*A*AAAAA*AAAA*AA*AA*A**A**AAAAAAA*A**AAAA*AA*A*A**AAAAAAAAA**AAAAAAAAA**A*AA*AA**AAAAA*AAAAAAAAAAAAA**AAA*A*A*AAAAAAAAA*A*AAAAAAAAAAAAAAA**AA*AAA*A*A*AA*A*AAAAA,x.x.x..........x.......x.x.x.x.....x.x..........x.x.....x.x.x.x......x.x.........x.x......x.x.x.x......x.x.........x.x......x.x.x.x.....x.x..........x..x....x.x.x.x........x.........x.x.xx...x.x.x..................x.x.x.x.x.x.x.x..................x.x.x.x.x.x.x.x..................x.x.x.x..,2021,Hard,True
puzzle_785,17,AAA**AAA*AAAAAAAAAAAAAAAAAAAAAA*AAAAAAA*AAA**A*AA*AAAAAAAAAAAAAAAAAAAA***AAA*AAAAAAAAAA*AAAAAAAAAAAAAA*AAAAAAAAAAAAAA*AAAAAAAAAAAAAAAAAAAAAAAAA**A*AAAAAAA*A*A*AAAAAAAAAAAAA**A**AAAAAA*AA*AAAAAAAAAA*AA*A**AAA*A*A*AAAAAAA**AAAAAAAAAAA*AAAAA*AA*A*AA*AAAAAAAAAAAAA*AA*AAAAAAA*AAAAAAAAAAAAA*AAA,.x.........x.x.x....x.x.x.x........x.........x.x..x...x.x.x.x........x.........x.x.x....x.x.x.x........x..........x.x.x...x.x.x.x.......x..........x.x.x...x.x.x.x........x.........x.x..x...x.x.x.x........x.........x.x.x....x.x.x.x..................x.x.x.xx.x.x.x..................x.x...x.x,2022,Hard,True
puzzle_786,17,AAAA*A*AAAAAAAAAAAAAAAAAAA*A***AA*A**AAA**AAAA*AAAAAA*AAAAAAA***A*A**AAA**AAAAAA*AAAAAAAAAAAAA*A**AA*AAAAA**AAAAAA*AA*AA**AAAA*AAA*AA***AAAAA*A*AA*AA*A*AAAAAAAA*A*AAAAAAAAAAAAAAAAAAAAA*A***AAA*A***AAA**A**AAAAAA*AAAA*AAAAA*AAAA*A**AAA*AAAAAAA*AAAAAAAAAAAAAA*AAAA*AAAAAA*AAAAAAAAAAAAAAAAAA*,...x.....x.x.x....x...x.x.......x....x.....x.x.x...x....x.x.......x...x......x.x.x...x...x.x.........x..x.....x.x...x..x...x.x.....x......x.....x.....x.x....x.x...x.x....x.x.....x......x.....x.x...x.x.....x......x.....x.x...x.x....x.x.....x.....x......x.x...x.x...x.x......x.....x.....x.x.,2025,Hard,True
puzzle_787,17,AA*A*AA*AA**AAAAAAAAAAAAAAAAAA*A*AAA**AA****AAAAAAAA*AAAAAAAA*AA**AAAAAA*AAA*A*AAA*A***AAAAAAAAAAAAAAAAAA*AA*****AA*AAAA*AA*AAAAA*A*AAAAAA*AAAAAAAAA*A*A*AAAAAAAAAAA*AA*AAAAA*AAAAAAAAA*AA*AAAAA*AAAAAAAAA**AAA*AAA*AAAAAA*A*A*A*AAA*AAA**A**AAAA*AAAAA*AAAAAA*AAAAA**AA*A*AAAAAAAAAAAA*AAAAAAA**,.x..........x.x.x...x.x.x.x........x.........x.x..x...x.x.x.x........x.........x.x.x....x.x.x.x........x.........x..x.x...x.x.x.x.......x..........x.x.x...x.x.x.x........x.........x.x..x...x.x.x.x........x.........x..x.x...x.x.x.x........x.........x.x.x....x.x...x.......x......x...x.x.x..,2027,Hard,True
puzzle_788,17,AAAAA*AAAAAAA*AAAA*AAAAAAA*AA*AAAAAAA***A*AAAAAAA*AAAAAAAAAAA*AAAAA*A*AAAAAAA*AAAA**AAAAAAA*A**A**AA*A***A**AAA*A*AAAAAAA*AAAAAAAAA*AA**AAAA*AAA*A*A*A*AAAA*A*AAAAAA*AA*A*AAAA*A*AAAAAAAAAAAAA*AAAAA*AAAAAAAA**AA*AAAA*AA**AAA*AAA*A*AAAAAAAAA**A*AAAAAAA**AAAAA*AAA*AAAA**AAA*A*AAAA*A**AAA*AAAA,.x.....x.x..x.......x.x........x.xx.......x.x.x......x.x.x.......x..........x.x.x...x.x.x.x........x.........x..x.x...x.x.x.x........x.........x.x.x....x.x.x.x.......x..........x.x.x...x.x.x.x........x.........x.x..x...x.x.x.x........x.........x.x.x....x.x.x.x........x.........x..x.x...x.,2028,Hard,True
puzzle_789,17,**AA**A*AA*A*AAAAAA*AAA*A**A**AA**AAA*AAAA*AAAAAAAAAAAAAAAA***A*A*AAAA**AAAAAAAA*A*AAAAAAAAAA**A*AAAAA****A*A*A*AAA*A*AAAA*AAA*AA*A**AA***AAAAAAAAAA*AAAAAAA*A*AA****AAA**AAA**AA*AAAAA*AAAAAAA*A*AAA*AA*A*AAA**AA*AAAAAAA*AA*A*A*AA**AAAAAAAA**AA*AAAAAAA*AAA*AAAA*AAAAA*AAAAAAAAAAAAA*AA*AAAAAA,.........x.x.x.x..x.x.x.x...................x.x.x.x.x.x.x.x..................x.x.x.x.x.x.x.x..................x.x.x.x..x.x.x.x..................x.x...x.xx.x.x.......x..........x.x.x.....x.x.x........x.x.......x.x.x......x.x.x.......x.x........x.x.x.....x.x.x........x.x.......x.x.x......x.,2030,Hard,True
puzzle_790,17,AAAAAAA*A*AAAAAAAA*AAAA*AAAAAA*A*AA*AA*AA**AAAA*AA*AAAAAA*AAAAAAAAAAAAA**AAAAAA**AAAAA**AAAA*AAAAAAA*AAAAAAAAAAAAAAAA*AA***AAAAAA*AA*AAAAAAAA**AAA***AAAAAAAA*AAA*A*AAAAAA*AAA*AAAAA*AAAA*A*AAAAAAAAAAAAA*AAA*AAAAAAAAAAAA*AAAA*AAAAAAA*A**AAAAAAAAA*AAA*AAAAA*AAAA*A*AAA*AA****A*AAAAAAAAA*AAAAA,.x....x...x...x......x...x...x...x..x...x...x...x..x...x...x...x......x...x...x....x.x...x...x...x......x.......x...x.xx.....x.x...x......x.x.........x.xx......x.x.x........x.x.......x..x.x.....x.x.x........x.x.......x.x..x.....x.x.x........x.x.......x.x..x.....x.x.x........x.x.......x.x.,2032,Hard,True
puzzle_791,17,A*AAA*AAAAAAAAAAAAAAAAA*A*AA*AAAA*AAAA*A*A**AAAAAAAA*AAAAAAAAAA***AA**AAAA*A*A**AAAAAA*A*AAAAAAA*AA*AAA*AAAAA**AA*AA*AAAAA*AAA*AAAAAA***AAAAAA*AAA*AA**AAA*AAAAAAAAAAAAA*AA*AAA**AAAAAA*A*A*AAAAAAAAAA*A*AA*AAAAAAAAAAA*AAAAA*A*AAAAAAA*A*AAAAAAAAAA*A*AAAAA**AAAAAAAAAAAA*A*A*AAAAAAA**AA*AAAA*A,...x.......x.x.x..x...x.x.x..........x.......x.x.x.x....x.x.x.........x.........x.x.x....x.x.x.x......x.x..........x.x.....x.x.x.x......x.x.........x..x.....x.x.x.x......x.x.........x.x......x.x.x.x.......x..........x.x.x...x.x.x.x........x.........x.x..x...x.x.x.x........x.........x..x.x,2033,Hard,True
puzzle_792,17,A*AAAA*AA**A*AAA**AAA*A*AAAAA*AAAA*A***AAA*AAAAA*AAAA*A*A*AAAAA***AAAA*AAAAAAA**AAAAAAAAA*AAAAAAAAAA*A*AA*AAAAAA*AAAAA*A*AAAAAAAAAAAA*AA**AAA*AAAA*A*A*A*AAAAAA*AAAAAA**A**AAAAAAA*AAAAAAA*AAAAAAAAAAAAA*AAAAAAAAAAAA**AAAAAAA*AAAA**A*A*AA**A***AAA**AAAAAAAA*AAAA**AAAAAAA*A*AA*AAAAAA*AAAAAA**,.....x.x.....x.x..x.x.....x.x..........x.x.....x..x.x.x.....x.x..........x.x......x.x.x.x.....x.x..........x.x.....x.x.x.x......x.x.........x.x......x.x.x.x.....x.x..........x.x.....x..x.x.x.....x.x..........x.x.....x.x..x.x.....x.......x....x.....x.x.x...x....x.x.......x...x......x.x.x..,2035,Hard,True
puzzle_793,17,AA*A*AAAAA*AAA**AA*AA*AA**AAAAAAA**AAA*A*A*AAAAA*A*AAA*AA*A*A***AAAA*AAAAAA*AAAAAAAAAAAAAAAAAAAA*AAAA*AAAAAAA*A*A*A*AAAAAAAAAAAA*AAAAAAAAA**AAAAAAA*A*AAAAA*AAAAAAAAAAAA*AAAAAAAAAA*AAAAAA**A**AAAAA*A*AAAAAAA*A*AAA**A*AAAA*AAAAAAAAAAA*AAAAAAA*AAAAA*AAAA**A*AAA*AA*AAAAAAAAAAA*AAAAAA*A**A*AA*,...x.x.x...x.....x........x...x.x...x..x.x...x.....x........x...x.x...x.x.x....x.....x.......x....x.x...x.x.x...x..............x...x.x.x.x..x.x...x..............x...x.x.x.x.x..x...x..............x...x.x.x.x.x.x....x.............x....x.x.x.x.x.x...x..............x...x.x.x.x.x.x....x.......,2036,Hard,True
puzzle_794,17,AA*AAA*AAAAA*AAAA*AAAA*AAAA*AAAAA*AA*AAA**AAAAAAAAA*AAA***A*AAAA***A*AA**A**AA**AAAA**A*AA*AA*AAAA*A*A*A**AAAA*AAA*AAAAAAAA*A*AAAAAAA*AAA*A*AAAAAAAAAAAAAAA*AAAA*A*A*A*AAAAAAAAAA*AAAAA*AAAAAAA*AA*A*AAAAA**AAAAA*AA**A*AAAAAAAA*AAA*AAA*AA*A*AAAAAAA*AAAA***AAA*A*AAAAA***A*AAAAAA*AAAAA*A*AAAA*,.....x...x...x.x..x.x...x...x..........x...x...x.x..x.x...x...x..........x...x...x.x..x.x...x...x..........x...x....x.xx.x....x....x........x.....x...x.x.x....x.x...x.......x......x...x.xx.....x.x...x......x.x.....x....x.x.....x.x....x.....x.x......x....xx.....x.x.....x....x.x.....x.x....,2039,Hard,True
puzzle_795,17,*AAAA*A*AAAAA*AAAAAA*A***AAAAA*A*AAA***AAAA*AAAAAAA*A*AA*AAA*AAA*AAAAAAAA*A**AA*AAAAA**AAAAA*A*AA*AAAAAAA*AAAAA*AAAAAAAAAA*A*A*A*AAAA*AAAAA*AAAAAAAAA*A*AAA*AAAAAAA*A*AAAAAAAA*AAA*AAAA**A*A*A*AAAA*AA*AA*A**AAAA**AA**A**AA*A***AAAA*A***AAA*AAAAAAAAA**AAA*AA*AAAAA*AAAA*AAAA*AAAA*AAAAA*AAA*AA,....x.x.....x.x....x.....x.x.....xx....x......x.x.....x....x.x.....x.x....x.....x.x......x...x.x.....xx.x...x......x.......x...x.x....x.x.x...x.....x........x....x....x.xx.x....x...x..........x...x...x.x..x.x...x...x..........x...x...x.x..x.x...x...x..........x...x...x.x..x.x...x...x.....,2040,Hard,True
puzzle_796,17,AAAAAAAAAAAA**AA**A*AAAA*AAAAAAAAAA*A*AAAA*A*AAAAAAA*A*A*AAA**A*AAAAAA**AAAAA*AAAAAAA*AAAAAA*AAAAAAA***AAAA*AAAAAAAA*AA**AA*AAAA*AAAAAA*AAAAAAA*AAA**A*A*AA*AAAA*AAA*AAAAAAAAAA*AAAAA*A*AAAA***AA*AA*A*AAA*AAAAA*AAA*AAAA**AAAAAAAAAA*AAAAAAAAAAAAAAAAAA**AAAA*AAAAA*AA*AAAAAAAAAA*AAAAAAAAAA*AAA,.x.....x.x.....x....x.x.....x.x...x......x.x.....x...x.x......x.x...x.....x.x.......x..x.......x.x.x......x.x.x.......x..x.......x.x.x..x...x.x.x..................x.x.x.xx.x.x.x..................x.x.x.x...x.x.x..........x.......x.x.x.x....x.x.x.........x........x.x.x.x....x.x.x.........x.,2042,Hard,True
puzzle_797,17,*AAA*A***AAAA***A***A**AAAAAAAAAAAAAAAAAAA*AAA**A**AAA**AAA*A*AAAAAAAAAAAA**AA*A*AA***A*A*A*AAA**A*AAAAAAAAA*AAAA*AA*A*AAA*AAAAA**AAAA*A*AA*AAAAA*AAA*A*AA**AAAA*A**AAAAAAAA*A****A*AAA*AAA*AA**AAAAAA*AAA*AAAA*A**A*AAAA*A*AA*A*AAA*AAAAA**AAAA**AAA*AAAAAAAA***A***AAAA*AA**AAA*AAAA*AAA*A*A*A*,.x.x.x...x..............x...x.x.x..x.x.x...x..............x...x.x.x..x.x.x...x..............x....x.x.xx.x.x.....x............x.x.....x.x..x.x.....x.x..........x.x.....x.x.x.x......x.x..........x.x.....x.xx...x.....x.x......x...x.x......x.x...x......x.x.....x....x.x.....x.x....x.....x.x...,2044,Hard,True
puzzle_798,17,AAAAAAA*AA*AAAAAAAAAA*AAAAA*AAAAAA**AA*AAAAAAA*AAA**A*A*AA**AAAAAAAAAA**AA*AAAAAAA*AAAAAA*A*AAA*AA*A*AAAA**AA*AAAAA*AAAAAA*A*AA****AAA****AAAAAAAAAA*AAAAAAA*AAA*AA*A**AA*****A*A*A*AAA*A*AAAAAAAAA**A*AAAAA*A**AAAAAAAA*A*AAAAAAAAAA***A*A*AAAAA*AAAA*AAAAAAAAAA*AAA*A**A**AA****AA**A*AA*A*AAAA,....x.x.x......x.x.x........x.x........x.x.x.....x..x.x.......x.x........x.x.x......x.x.x........x.x........x.x.x.....xx.x.x.......x............x.x...x.xx.x.x.x..................x.x.x.x..x.x.x.x...................x.x.x.x..x.x.x.x...................x.x.x.x.x.x.x.x..................x.x.x.x.,2046,Hard,True
puzzle_799,17,AAAAAA*AAAA*AAAAAA*AAAA**A*AAA*A*AAAAAAAAAAAA*AAA*AA*A***AAA**AA*AAAAAAAAAAA*AAA**AAAAA**AAA*AAAAAAAAA*AAAAAAAAAAAA*AAAAAA*A*A*A*AAAAAAAA*AAAAAAAAAAAAAAAAA*AAAA**AA*AAA*AAA**AAA*AAA*AA*AAAAA*A*AA*A*AAAAAAAAA*AA*AAA*A*AA***AA**A**AA*AAAAAAAA*AAAAA*AAA*AAAAAAAAAAAAAAAAAA*AAAAA**AAAAAAA*AAA*,.x.x.x....x..............x...x.x.x.x.x..x...x..............x...x.x.xx.x.x.x...................x.x.x.x..x.x.x.x...................x.x.x.x..x.x.x.x..................x.x.x.xx...x.x.x..........x........x.x.x.x...x..x.x.........x........x.x.x.x....x.x.x..........x.......x.x.x..x...x.x.x.......,2048,Hard,True
puzzle_800,17,AA*AAAAAAAAA***A*AAA*AAA*AAAA*AA*AA*AA***AAAAA*AA*AA*A*A*A*AA*AAAAAAAAAAAAA*AAAAA*AAAAAAAAAAAAAA*AAAAAAAA**AA*AAAA*AA*AA*AAA*AAAAAA*AA*AAAA**AA**AAAAAAA*AAAAAAAAA**A*A**A***A*A*AAAAA*AAAAAAAAAAAAA*AAAAAAAAAA*AAAA*A*AAAAAA*A*AAAAA*AAAAAAAAAA**AA*A*AAA*AAAAAA*A*AAAA***AAAAAAAAAAAAA*AAAAAA*A,x.......x..x...x...x.x.x......x...x.......x.x.....x..x.x.x.....x....x.......x.x...x....x.x.x.....x............x.x...x.xx.x.x.x...................x.x.x.x..x.x.x.x..................x.x.x.x..x.x.x.x..................x..x.x.x.x.x.x.x..................x.x.x.x..x.x.x.x...................x.x.x.x,2048,Hard,True
puzzle_801,17,AA**AAA*AAAAAAA**A*AAAAA*AA*AAA**AAA*A*AAAAAA*AAA*AAAAAAAA**AAA**A**A*AAAA*A*AAAA*AAAAA*AAA*AAAAAAAAAAA**A*AAAAA*AAAAAAAAAA*AAAAAAA*AA*AA*AA*AAAAAAAA*AAA*A*AAAAAAA*AAAAAAAAA*AAAAAAAAAAAA*A*AAA*AA*A**AAAAAA*AAA*AA**AAAAAA*AAAAAAA*AAAA*AAAAAAAAAAAA**A*AAAA*AAA*AAA*AAAA**AA*AA*AAAAAAAAAA**A*,........x.x.x.x..x.x.x.x..................x...x.x.x.x.x.x....x.............x....x.x.x.x.x.x...x..............x...x.x..x.x.x.x...x..............x...x..x.x.x.x.x...x..............x...x.x.x.x.x.x....x.............x....x.x.x.x.x.x...x..............x...x..x.x.x.x.x...x..............x...x.x..x.,2051,Hard,True
puzzle_802,17,AA*AAAA*A*AAAAAAA*A*AA***AAA*AA**AAAAA*A*AAAAAA*A*A**AAA*AAAAAAA*AAAA*AAAAA***AAAAA*AA*A****A*A*AAAAAAAAAA*A*AA*AAAA*A*A*AAAA*AAAAAAAAAAAAAA*A*AAAAAA*AA**AAA*AAA*AAAAAAAAAAA**AAA*AAA*A*AAAAAAAA*AA*A*AAAAAAAAAAAA*AAAAAAAAA*AAAAAAAA*AAAAAAAAAA*AAAAAAA*AAAAAAAAAAA*AAAAAAAAAA*A*AAAAAAAA*AA**A,.x.x..x.......x..........x.x.x...x.x.x.x........x..........x.x.x...xx.x.x.x...................x.x.x.x..x.x.x.x..................x.x.x.x..x.x.x.x..................x.x.x.x.x.x..x.x...................x.x.x.xx...x.x.x..........x........x.x.x.x...x..x.x.........x.........x.x.x....x.x.x.x......,2053,Hard,True
puzzle_803,17,*AAAAAA*AAA*A*AAAAAAA*AA*AAAAAA*AAAAAAA*AAA*AAAA*AAAAA*A*AAAA*A**AAA*AAA*AAAA*AAAAAA*AAAA*AAAAAA*A*AAAAAAAAA*AA*AAAAAA*A*AAAAA*AAAAA**AAA***A*A*AA*AAAAAAA*A*AAAAAAAA**AAAAAA**AA***AAAAAAA*AAAAAAA*AAAA*A*AA**AAA**A**AAAA*AAA*AAAAA*A*AAAAAA*AAAAA*A*AAA*AA*AAAAAAAAA*AAAA*A*AAAAAAAAA*AAA*A*A*,..x.x.....x.x....x.....x.x......x...x.x.....x..x...x.....x.x.......x...x......x.x.x...x....x.x.......x....x.....x.x.x..x.x...x.x............x......x.x.x.x.x....x.x............x.....x.x.x..x.x...x.x............x......x.x.x.x.x...x.x............x.....x..x.x.x.x...x.x............x.....x.x.x.,2054,Hard,True
puzzle_804,17,A*AAA*AAAAAAAA*AAAAAAAAA*A*AAA*AAAAA*AAA*AAAAAA*AA*AAAAAAAAA**A*A***AA*AAA**AA*AAAAAAA*A*AAA*AAAAAAAAA*AAAAAA*A*AAAAAAAAAAA*AAAAAAAA*AAAAAAAAAAAAAA*AAAAAAAA*AA*AAA*AAAA*AAA*AAAA***AAAAAAAAA*AAAAA*A****AAAAAAAAA**AAAAAA*AAAA*AAAAAAAAAAAAAAA*AA***AAA*A*AAA*A*AAAAAAAAAAAAAA*AAAAAAAAAAAAAAA*A,....x.....x..x.x.x.x...x.x............x.....x.x..x.x.x...x.x............x.......x.x.xx.....x.x.x........x.x.......x.x........x.x.x.....x.x.x........x.x.......x.x.x......x.x.x.......x..x.......x.x.x......x.x.x.......x.x........x.x.x.....x.x.x........x.x........x.x.x.....x..x.x.......x.x...,2056,Hard,True
puzzle_805,17,**AA*AAAAA**AAAAA*AA****AA*A*A*AAAAAAAAAAAA*AA**A**AA*AA*A*AAAAA*A*AA*AAA*A*A*A*AAA*AA*AAAAAAAAAAAAAAA*AAAAAAAA**AAA*AAAAAAAA***A*A*AAAAAAAAA*A**AAAAA*AAAAAAA*AAAAAA*AAAAAAAAAA*AAAAAA**A*AAAAAA*AAAA*AAAAAA*AA*AAAAA*AAAAAAAAAAAA***AAA*A*AAAAA**AAAAAAA*AAA*AAAAAAA*A**A*AAA*AAAA**AA*AAAAAAAA,...x.x..x.....x...x........x.x...x....x.x.x.....x..x.........x.x...x..x.x.x.x..................x.x.x.x.x.x.x.x..................x.x.x.x.x.x.x.x...................x.x.x.x..x.x.x.x...................x.x.x.xx.x...x.x............x......x.x.x.x.x....x.x............x.....x.x.x..x.x...x.x.......,2058,Hard,True
puzzle_806,17,AAA**AAAAAAAAAAA*AAA*AA*AA*AAAA*A*AAAA*AAAAAAAAA*AAAA*A*AAA**AA*AA*A*AAAAAAAA*AAAAAAAAAAAAAAAA*AAAAAA*A*A*AAAAA*AAAAAAAAAAAAAAAAAA*AAAAAA*A*AA**A*AAAAA*AA*A*AAAAA*AAAAAA*AAAA*AAAA**AAA*A*A*AAAAAAAAAA*AAA*AAAAAAAAAAAAAA*AAAA*AAAAAA*AAAA*AAAA*A*AAAAAAAAAAAA*AAAAAAA**A*AAAAAAA**AAAAAAAAAA*AA,......x.x.x....x.x.x.x........x..........x.x.x....x.x.x.x........x.........x..x.x...x.x.x.x........x..........x.x.x...xx.x.x.x..................x.x.x.x..x.x.x.x..................x..x.x.x.x.x.x.x...................x.x.x.x..x.x.x.x..................x..x.x.x.x.x.x.x..................x.x.x.x.,2059,Hard,True
puzzle_807,17,AAAA*AAAAAAAA*AAAAAAA*AAAAAAAAAAAA*AAA*AAAA*AAAA*AAAA*AA*AA*AAAAA*A*AAAAAAAA**AA*AAAAA***AA**AAAAAA*AAA*AAAAAAAAAAAAA*AAA**AAAAAAAAAAAAA**A*AAAAAA*AAAAAAAAAAAAA*A*AAA*AAA*A*AAAAAAAAA**A**AAAAA*A*AAAAAAA*AAA****AAAAA*A**AAAAAAAAA*AAA*AAAAAAAA*AAAAAAAAAAAAAAAAAAA*AAAA**AAAA**AA*A**AAAAA*AAA,.x.x.x.x..................x.x.x.x..x.x.x.x..................x.x.x.x..x.x.x.x..................x.x.x.x.x.x.x.x....................x.x.x.x..x.x.x.x........x...........x.x.x....x.x.x.x......x.x...........x.x......x.x.x.x....x.x.x..........x........x.x.x.x....x.x.x..........x........x.x.x.x..,2061,Hard,True
puzzle_808,17,A*A*AAAAA*AAA*AA*AAA***A*AAAAAAAAA**AAAAAAAAAAAAAA*AAAAA*AAAA*AAA*AAAA*AA**A***AAAAAAA*A*A*AAAAAAAAAAAA**AA****AA*AAAAA**AA*AAAAAAA*AAAAAAAA**AAA**AAAAAA*AAA*A*AAAA*A*AAAAAAAA*AAAAAAAAAAAA*AAAAAAAAA*AA*A*AAAAAAAAAA*AAAAAAAA**AAAA*AAAAAAAAA*AAAA*AAA*AAAAA*A**A*AAAAAAAAAAA*AAAAAA*A*AAAAAAAA,....x.....x.x.x..x.x...x.x............x.....x..x.x.x.x...x.x............x.......x.x.x..x...x.x.x......x...x.......x...x......x.x.x...x...x.x........x...x.....x.x.x....x...x.x.......x....x.....x.x.x...x....x.x.......x...x......x.x.x...x...x.x........x...x......x.x.x...x....x.x.......x...x.,2063,Hard,True
puzzle_809,17,AAAA*AAAAAAAAAAAA*AA*A*AAAAA*AAAAA*AAAA***A*AAAAA*AAAAAAAAA*AAA**AAAAAAAAAAAAA*AAAAAAAAAAAAAA*AA*AAAAA*AAAA*AAA*AAAAAAAAAAAAAAAAA*AAAAAAAA*AAAAAAAAAAAAAAAAAAAA*AAAAAAAA*AAA**AAAA***AAAAAAAAAAAAAAAAAAAAAAAA**A***AAAAAAAAAAAAA**AA*AA*AAA*AAA*AAA*AAAAA*AAA*A*AA*A*AAAAAAAAA*A***AAAA**AAA***AA,x.x.........x.x......x.x.x.x.......x..........x.x.x...x.x.x.x........x.........x.x.x....x.x.x.x........x.........x.x.x....x.x.x.x........x.........x.x.x....x.x.x.x.......x..........x.x.x...x.x.x.x........x.........x...x.x..x...x.x...x....x...x.....x.....x..x.....x...x.x......x.x...x.....x,2065,Hard,True
puzzle_810,17,A*AAA*AAAA**A*AAAA**A*AAA*AAAAAAAAA*A**AAAAAAAA*AAAAA**A**AAAAAA*AAAAAAAAAAAAAAA*A*A*AAAAAA*AAAAA*AAAAAAAAAAAA*AAA*AAA*AAAA***A*A*A*AAAAAAAAAA*A**AA***AAA*A*AAAAAAAAAAAAAAAAAAAAAA**AA*AA*AA*AAA*AAAA*AAA*AA*AA*AAAAAAAA*AAAAAA***AA*AAAAAAAA**AAAAA*AA*****AAAAAA*AA***A*A*AAAAAAAAAAAAAA****AA,x.x.x..........x........x.x.x.x...x.x..x..........x........x.x.x.x..x.x.x.x...................x.x.x.x..x.x.x.x..................x.x.x.x..x.x.x.x..................x.x.x.x..x.x.x.x...................x.x.x.xx..x..x.x..................x.x.x.x..x.x.x.x..................x.x.x.x.x..x.x.x........,2067,Hard,True
puzzle_811,17,AAAAA****AAAAAAAAA*A*AA**AAAAAAAAAA*AAAAAAA*AAAAAAAAAA*AAAAAAAAAA*AAA*AAAAAAAAAAAAAAAAAAA*****AAAAAA*AAAA*AAAAAAAAAAAAAAA**AAAAA*AAAAAAAA*A**AAAAAAAAAAAAAAAAAA*AAAAAAAAA*AA*AAAAAAA*AA**AAAAAAAAAAAAAAAAAA**A*AAAAAAA**AAAAAAA*AAA*AAAAAAAAAAAAAAAAAAAA**AAAAA*AAA**AAAA*AAAAAA*AAAAAAAAA**AA*AA,..x.x.....x.x....x.......x.....x.x..x.x.x....x.....x.......x....x.x...x.x.x...x......x...........x.x.x..x...x.x.x......x...x.......x.x........x.x.x.....x.x.x........x.x.......x.x.x......x.x.x.......x.x........x.x.x.....x..x.x.......x.x........x.x.x.....x..x.x.......x.x........x.x.x.....x.,2068,Hard,True
puzzle_812,17,*AAAAAAAAAA*AAA*AAAAAAAAAAA*A*AA*AAAAAAAAA**AA*AAAAA*AAAAAA*AA*AAAAAA*AAAA*AAAAAA*AAAAAAAAAAA**AAAAA*AAA**AAA*AA*A*A*A*A*AA*AAA***AAA*AAAAAA*A*AAAAA*AAAAAA*AAAAAA*AA*AA**A**A*AAAAAAA*AAAAAA*AAA*AAA*AAAA*AAAAAAAAAAAAAAAAAAAAAAAA*AAA*AAAA**AAAA*A*AAAAAA**AAAA*AAAAAA*A*A*AAAAAAAA*AAAAAAAAAAA,....x.....x.x.x..x.x...x.x............x.....x...x.xx.x...x.....x........x...x.....x.xx.x.......x.x........x.x.x......x.x.x........x.x........x.x.x.....x..x.x.......x.x........x.x.x.....x..x.x.......x.x........x.x.x.....x..x.x.......x.x........x.x.x......x.x.x........x.x........x.x.x.....x,2070,Hard,True
puzzle_813,17,*AAA*A*A*A*AA*AAAAAAAAAAAAA*AAAA*A*AAAAAAA*AAAAA*AAAAAAAAAAAAAAAAAAAAAA*AAAA*AAA**AAAA*AAAAAAAAA*AA*AA*AA*AAAAAA***AA*AA*AA*AAAAAAAA*AAA*AAAAAAAA**AAAAAAAA*AAAAAAAA*AAAAA*AA*A**AAAAAAAAAAAAA*A*A*AAAAAAA*AAAAAAAAAAA*AAAAAAAAAAAAAAAAAAA*AAA***AAAAAAA*AAAA*A*AAA*AA*AA*AA*AA*AAAA*A*AAAA*AA***,.x.x.x.........x........x.x.x.x....x.x.x.........x........x.x.x.x...x.x.x..........x.......x.x.x.x......x.x.........x.xx.....x...x.x.......x....x.....x.x.x....x...x.x........x...x.....x.xx.x.......x.x........x.x.x.....x..x.x........x....x.....x.x.x...x....x.x.......x...x......x.x.x...x...,2071,Hard,True
puzzle_814,17,AAA*AA*A*AAA*A*AAA*AAAAAAAAAAAAAAAAAAA*AAAA**AAAAAAAA*AAA*A*AAA*AAAAAAA**AAAA*A**AAAAAAAAA*AAA*AAAAA*AAA***AAAAAA*AAAAAA**AA*A*A*AA**AA*AAAAA*AAA***A*AAAA*AAAAA*AAAAAAAA*AAAA*AA*AAAAAAAAAA**AAAAAA**AAA**AAA*A*AAAAAAAAAA*A*AAAAAAA*A*AAA*AAA*AAAAA*AAAAAA*AAAAAAAAAA**AAAA*AAAAAAAAAAAAAA*AA*A,x.x.x..........x.......x.x.x.x.....x.x..........x.x.....x.x.x.x.....x.x..........x.x.....x.x.x.x.......x..........x.x.x....x.x.x.x........x.........x.x.xx...x.x.x..........x.......x.x.x..x....x.x........x...x.....x.x.x....x...x.x.......x....x.....x.x.x....x...x.x.......x....x.....x.x.x...,2074,Hard,True
puzzle_815,17,A*AAA*AA*AA*AAA****A*AAA*AAAAAAA*AAA*AAA**AAA*AAA*AA*****AA**AAA*AAAA*AAA**AAAA*A*A**A*AA*A*AAAAAAAA*A*AAA*A*AAA***AAA*AA**AA**AAAA*AAA*AAAA*AAAAAAAAA*A*AAAAAA****AAAAAAA**AAAAA*A*A***AAAAAAAA*AAAA**AAAAA*AAAAAAAAAAA*A*AAA*A**A*A*AA*AA*A***A*AAAAAA*AAAAA*AAAA**AA**AA*A*A**A*AAAAAAAAA*A*AA,x.x.x.....x............x.....x.x.x.x.x....x.x............x.....x.x.x..x.x...x.x......x...........x.x.x...x.x.x.x........x.........x.x.x....x.x.x.x........x..........x.x.x....x.x.x.x......x.x..........x.x.....x.x.x..x.....x.x..........x.x......x.x.x.x......x.x.........x.x......x.x.x.x.....,2075,Hard,True
puzzle_816,17,AAAAA***AAA*AAA**AAAAAAAA*AAAA*AAA*AA**AAAAAAAAA**AAAAAAAAAAAAAAAAAAAAAAA*AAAAAAA*AAAA*AAAAAAA*AAAAAAAAAAAAA*AAAAAAAAAAA*A*AA***A****A*AA*AAAAAAAAAAA*AAAAAAAAAAA*AAAAAAAAAAAAAAAA*AAAAAA*AAAAAAAAAAAAAAAAAAAA*AAA*AAAAAA**A**AAAAAA**A*AAAA***A**AAAAAAAAA*AAAAAAAA*A**A*AAAAAAA*AAAAAAAAAA*AAAA,..x.......x.x.x..x...x.x.........x..x.....x..x.x...x...x.x........x...x.....x.x.x....x...x.x.......x..........x.x.x...xx.x.x.........x........x.x.x.....x.x.x........x.x.......x.x.x......x.x.x.......x.x........x.x.x.....x..x.x.......x.x........x.x.x.....x..x.x.......x.x........x.x.x.....x.,2077,Hard,True
puzzle_817,17,*AAAAAAA*A***A**AAA*AAAAA*AAAAAAAAAA*AAA*AAAA**AAAA*A*A*AAAAAAA*AA*AAAAA*AAA*AA**AAA*AA*AAAAA*AAAAA*AAAA*AA**AAAAAA*AAAAA*A*AAAAA*AAA**AA***A*AAAAAAAAAAAAAA*A*A*AAA*AAAA*AAA*A*AAAAAA*AAAAAAAAA*AAA*AAA*AAA*AAAA**AAA*AAA*A*AAA*A*AA*AA*AAAAAA*AAAAAAAAAAA*A**AAAAAAA***A*A*AAAAAAAAAAAAAAAAAAAA,.x.......x...x..x...x.x.x...x......x.......x...x.x....x.x.x...x......x.......x...x.x....x.x.x...x......x.......x....x.x...x.x.x....x....x.........x...x.x..x.x.x.....x............x.x...x.xx.x.x.x..................x..x.x.x.x.x.x.x..................x.x.x.x..x.x.x.x..................x.x.x..x.,2079,Hard,True
puzzle_818,17,AAAAAA*AAAA*AAAA*AAAA*AAA*AAAA****A*AA**AA*AAAAA*AAAA*AAAA*A*AAA*AA**AAA**A*AAA*AAAAAAAAAAAA*AAAAAAA*AAAA*AAAA**AAA*AAA**A*AAAAA**AA*AA*AAAAAA**AAA*AAA**A*A*AAA*AA**A*AAAAAA*AAA*AAA*AAAAAAAAAAAAAA****AAAAAAAAA*AAAAAAAAA*AAAAAAAA****AAAAAA***AA**AAAAA*AAAAAA*AAAA*AAAAAAAAAAAAAA**AAAAA*AAAA,.x.x.........x.x......x.x.x.x.....x.x..........x.x.....x.x.x.x.......x..........x.x.x....x.x.x.x......x.x.........x...x....x.x.x.....x..x.x.......x.x........x.x.......x.x..x.....x.x.x....x....x........x.x...x...x.x.x......x...x.......x.x....x...x.x.x......x...x.......x.x....x...x.x.x.....,2081,Hard,True
puzzle_819,17,AAAAAA**AAAA*AAAA*A*AAAAA*A*A*AAAAAA*AAAA*AAAAAA**A*AAAA**AAA*A**AAA*A*AAAAAAA*A*AAAAAA*A*AAAAAA**A*AAA*AAAAAAAAAAAAAAAAAA*A**AA*AAA*AAAAAAAAA*AAAAAAAA*A*AA*AAAAA*A*A*AAAAAAAA*AAAAAA*AAAAAAAAAAA*AAAAAAAA*AAAAA**AA***AAAAAAAA*AAAAAAAAAA*AAAAA*AAAAAAAAA**A*A*A*AAAAA*AAAAAAAAA*AAAAAAA*AAAAAA,.....x...x.x.x....x.x...x.......x......x...x.x.x....x.x...x.......x......x...x.x.x....x.x...x.......x......x...x.x.x...x.x....x........x....x.....x.x.x....x...x.x.......xx...x.....x...x....x...x.x...x....x...x.........x.x......x.x.x.x....x.x.x..........x.......x.x.x.x.....x.x..........x.x,2082,Hard,True
puzzle_820,17,A*AAAAAA*AAAAAA*AAAAA**AAAAAAA*A*A***AAA**AAAAAAAA*A*AAAA**A*A*AA**AAAAAAAAAA**AAAAAAAAAAAAAAAAAAA*AAA*AAAAAAA*AAAAAAA*AAAAAA*AAAAAA**AA**AAA*AAAA*A*A*A*AAAAAAAAAAAAAAAAAAAAAAAAAAA*AAAAA*AAAA*AAAAAAAAAA*AAAAAAAAAAA**AAAAAAA*A*A*AAAAA**AAAAA***AAA*AAAAA*AAAAAA*A*AAAAA*AAAAA*AAAAAAAA*A*AAA*,...x......x.x.x...x....x.x.......x....x.....x.x.x..x.x.....x.......x....x.x.....x.x..x.x.....x.x..........x.x.....x..x.x.x.....x.x..........x.x......x.x.x.x......x.x..........x.x.....x.x..x.x.....x.x..........x.x......x.x.x.x.....x.x..........x.x.....x..x.x.x.....x.x..........x.x.....x.x.,2084,Hard,True
puzzle_821,17,A*AAAAAA*A**A*AA*AAA*AA*AAAAAAAAAAAA*AAAAA*AAAA**A*AAAAAAAAAAA*AAAAAAA*A*AAA**A*AAA***A**AAAAA*A*AAAAAAAAAAAAAA*AAAAAA*AA*AAAAAAAAAA*A*AAA**AAAAAAA*A*AAAAAAAAAAAA*AAAAAAAAAAAAAA*A*A*A*AAAAAAAAAAAAAA*AAAA**AAAAAA*AAAAAAAAAAAA*AA*A*A***AAAA*AAA*A*A*AAAAA*A*A*AA*AA**AAAAAAA*AA*A*AAAAA*AAA**A,x.x.x....x..............x...x.x.x..x.x.x...x..............x....x.x.x.x.x.x....x..............x...x.x.x.x.x..x...x..............x...x.x.x.x..x.x...x..............x...x.x.x..x.x.x...x......x.......x....x.x...x.x.x....x.....x........x...x.x...x..x.x...x.....x........x...x.x....x.x.x...x.....,2086,Hard,True
puzzle_822,17,A*AA*AAAA**AAAAA***AAAAA*AAAA*AAA*A*AAAAAAA*AAAAA***AAAAAAA*AAA*AAAAAAA*A****AAAAAAAA**AAAAAA*A*A**AAAAAAAAAAAAAAA*AA*AA****AAAAA*AAAAAAAAAAA**AAAAAAA*AAA*AA*AAA*AA**AAAA*AAAAAAAAAAAAAAA*A*A*AAAAAAAAA*AAA*AAAA*AAAAAAA*AA*AAA*AAAAA*A*AAAAA**AAAAAAAAAAAA*A*A**A**AAAA*A***AAA*AAA*A*AAAAAA*A*,x.......x..x.x.....x.x.x........x.x.......x.x.x........x.x.......x.xx.x......x..x.........x.x......x.x.x.x.....x.x..........x.x.....x.x..x.x.....x.x..........x.x.....x.x..x.x.....x.x..........x.x......x.x.x.x......x.x..........x.x.....x.x..x.x.....x.x....x.....x.x......x...x.x.....x..x...,2089,Hard,True
puzzle_823,17,AAAA*AAA*AA***A**AA**A**AA*AAAA***AAA*AAAAA*AAA*A*AAAAAA*AAAAAAAAAAAA*AA**AA**AAAAAAAAA**AAAAAA**A*AAAAAA*AAAAAAA***A*AA*AAAAAAAA*AAA*AAAAA**AAAAAAA**AAA**AAAAAA**AA*AAAAAAAAAA*A*A*AAAA*A**AAAAAA*A*AAA*AA*A*AAAAA*A*AAAAAAAAAAAAAAAAAAAAAAAA*AA*A*AAAAAAA*AAAAAAAAAAAA*AA*AAAAAA*AAAAA**AAAAAA,..x...x...x...x..x...x...x...x......x.......x...x.x....x.x.x...x....x.x.......x....x.....x.x.x...x.....x........x...x.x...x.x.x....x.....x.......x....x.x...x.x.x...x......x.......x...x..x...x.x.x...x......x.......x...x.x....x.x.x...x.....x........x...x.x...x.x.x....x.....x.......x....x.x.,2089,Hard,True
puzzle_824,17,AAA**AAAAA*AA****AAAAA*AAAAAAAA*AAAA*AAAAAAAAA*A*AAAAAA*A*AAAAAAAAA*A*AAAA*A*AAAA*AA**AAAAAAA*AAAAAAAAAAAAAAAA*AAAAAAAAAAAA*AA**AAAAA*AAAA**A*AAAAAAAA*A*AAAAA***AAAAAAAAAA*AAAAAAAAAA*AAAA*AA*AAAA*AA*AAAAAA**AAAA*AA**AAAAAAAAAAAAAA*A*AAAAAAAAAAAA*AAAAAAA**AAAAAAAAAAAAAAAAAA*AA***AA*AAAAA*A,.x...x.x.x..........x.......x.x.x..x...x.x.x..........x.......x.x.x.x....x.x.x.........x........x.x.x.x...x.x..x.........x........x.x.x.x...x.x.x..........x.......x.x...xx...x...x.....x....x...x...x.....x....x...x...x.x...x....x...x.....x...x....x...x.x...x...x....x.....x...x...x....x.x..,2091,Hard,True
puzzle_825,17,*AAAAAAAA*A*AA*AAAAA**AAAAAAAAA*AAAAAAAAAAAAA*AA*AAA**AA*A*AAAAAAAAAA***AAA*AAAAA*AAAAAA**AAA*AAAAAAA***AAAAAAAAAAA*A*AAAA***AAAAAA***AAAAAAA*A*A*AAAAA*AAAAAAAAAAA*AAAA**AAA*AAAAA*AAAAAAAAAAA*AAAAAAAA*AAAAAAAAAAAAAAAAA**AAAAAAAAA*AAAAAAAAAA*AAAAA*AAAAA*AA*AAAAAA*A*AA*A*A**AAAA**AAAAAAAA**,.x.x.x.........x........x.x.x.x...x.x.x..........x.......x.x.x.x....x...x.........x.x..x...x...x.x........x...x.....x.xx.x...x...x..............x...x.x.xx.x.x.x..................x.x.x.x...x.x.x..........x.......x.x.x.x....x.x.x.........x........x.x.x.x....x.x.x.........x........x.x.x.x...,2093,Hard,True
puzzle_826,17,*AAAAA*AAAAAAA*AAA*AA*AAA*A*AAAAAA*AAAA*AAAAAA*A*AAA**AAAAAAAAA**AAAAAA*AAAA*AAAAAAA*AAAAAAAAAAAA*AAA**A*AAA**AA*AAAAAA**AAAAAA*AAAAAAA**AAAAAAA*AA*AAAAAAA**AAAAAAAA*AAAA*AAAAAAAAAAAAAAAAAAA*AAAAAAAAA*A**A*AA**AAAAAAAAA**AAA*AAAAAAAAAAAAA*AAAA*AAA*AAAAAAAAAAAAAA*AAA*AAAA*AAAAAA**AA*A*AA**,.x.........x.x.x....x.x.x.x........x.........x.x.x....x.x.x.x.......x..........x.x.x....x.x.x.x........x.........x..x.x...x.x.x.x........x..........x.x.x....x.x.x.x........x.........x.x.xx...x.x...x........x.....x...x.x..x.....x...x.....x..x.x...x...x....x.....x...x....x...x.x...x....x...,2095,Hard,True
puzzle_827,17,*AAAAAAAA*A*AA*AAAAA**AAAAAAAAA*AAAAAAAAAAAAA*AA*AAA**AA*A*AAAAAAAAAA***AAA*AAAAA*AAAAAA**AAA*AAAAAAA*A*AAAAAAAAAAA*A*AAAA***AAAAAA***AAAAAAA*A*A*AAAAA*AAAAAAAAAAA*AAAA**AAA*AAAAA*AAAAAAAAAAA*AAAAAAAA*AAAAAAAAAAAAAAAAA**AAAAAAAAA*AAAAAAAAAA*AAAAA*AAAAA*AA*AAAAAA*A*AA*A*A**AAAA**AAAAAAAA**,.x.x.x.........x........x.x.x.x...x.x.x..........x.......x.x.x.x....x...x.........x.x..x...x...x.x........x...x.....x.xx.x...x...x..............x...x.x.xx.x.x.x..................x.x.x.x...x.x.x..........x.......x.x.x.x....x.x.x.........x........x.x.x.x....x.x.x.........x........x.x.x.x...,2096,Hard,True
puzzle_828,17,AAA**A*AAAA**AAAAAAAAAAAAA*AAAAAAAAAAAAAAAAAAAA**A*A*A*AA*AAAAAA*AAAA*AA*AAAAAAAA*AA*AAAAAA****AAAAA*AAAAAAAAAA*AAAA**AAA**A*A*AAA*AAAAA**AAAAAAAAAAA*AAA****AA*AAAA*AAAAAAAAA*AAAAA*AAAAA**A*A*AAAAAAAAAAAAAAAA*AAA**AAA*AAA*A*****A*A*A*AAAAAAAAAAAAAA*A***AAAAA**AA*AAAAAA*AAAA*AAAAAAA*AAAAAA,x.x....x.x...........x......x.x.x.x.x...x.x..................x.x.x.xx..x.x..x..................x.x.x.x.x..x.x.x..................x.x.x.x..x.x.x.x..................x.x.x.x.x.x.x.x..................x.x.x.x..x.x.x.x..................x.x.x.x.x.x.x.x...................x.x.x.x..x.x.x.x.........,2098,Hard,True
puzzle_829,17,AA**AAA*AAAAAAA**A*AAAAA*AA*AAA**AAA*A*AAAAAA*AAA*AAAAAAAA**AAA**A**A*AAAA*A*AAAA*AAAAA*AAA*AAAAAAAAAAA**A*AAAAA*AAAAAAAAAA*AAAAAAA*AA*AA*AA*AAAAAAAA*AAA*A*AAAAAAA*AAAAAAAAA*AAAAAAAAAAAA*A*AAA*AA*A**AAAAAA*AAA*AA***AAAAA*AAAAAAA*AAAA*A*AAAAAAAAA***A*AAAA*AAA*AAA*AAAA**AA*AA*AAAAAAAAAA**A*,........x.x.x.x..x.x.x.x..................x...x.x.x.x.x.x....x.............x....x.x.x.x.x.x...x..............x...x.x..x.x.x.x...x..............x...x..x.x.x.x.x...x..............x...x.x.x.x.x.x....x.............x....x.x.x.x.x.x...x..............x...x..x.x.x.x.x...x..............x...x.x..x.,2100,Hard,True
puzzle_830,17,AAAAAAA*A*AAAA**AAAAAA*AA*AAAAAA*AAAAAAAAAAAA**AAAAAAAAA*AAAA*A*AAAAAAA*AAAAAAAA*AAAAAAA*AA***AA*AAAA*AAAAA*AAAAA*AAAAAAAAAA**AAAAAAA**A*AA*AAA**AAA*AA*AAA*AAAA*AAAAAAA*AAAAAAAAAA*AAAAAAAAAAAAAAAAAAA**A*A*A*A***AAAAAAAAAAAA***A*AAAAAAAAAAAAAA**AA*AAAAAAAAAAAAAA*A*AAAAAAAAAAA*A*AAA*A*AAAAA,....x.x.x.x.......x..........x.x.x...x.x.x.x.......x..........x.x.x...x.x.x.x........x.........x.x.x....x.x.x.........xx.......x.x.x......x.x.........x.x......x.x.x.x.....x.x..........x.x.....x.x.x.x......x.x.........x.x......x.x.x.x......x.x.........x.x......x.x.x.x.....x.x..........x.x.,2102,Hard,True
puzzle_831,17,A**AAAAAAAAAA**AAAAAAAAA*AAAAA*AAAAAAA*AAAAAAAA*AA*AAAAA*AAA*AAAA**AAA*AA*AAAAAAA*AAAAAAAA*AA*AAAAAAAAAA*AA*A*AAAA**AAAAAAAAA*AAA*AA*A*AAAAAA**AAAAAAAAAAAAAA*A*AAA***AA*AAA*A*AA*AAAA*A*AAAA*AAAAAAAAAAAAA*AA*AAAAAA*AAAAAAAAAAAAAA*AAA*AAAAAAAA*A**AAAAA*A*AAA**AAAAAAAA*AAAA*AAAAAAAAAA*AAAAAA,.....x.x.x..x.....x.x..........x.x......x.x.x.x....x.x.x...........x........x.x.x.x..x.x.x.x...................x.x..x.x.x.x.x.x..................x.x.x.x..x.x.x.x..................x.x.x.x..x.x.x.x...................x.x.x.xx...x.x.x..........x.......x..x.x.x...x.x.x..........x........x.x.x.,2103,Hard,True
puzzle_832,17,AAAAA**A*AAAAAAA*AAAAAA*AAAAAAA**A*A*A**AA*A*AAAA*AA*AAAA*AAAAA*AAAA*AA*AAAAAAAA*A**AA*AAAAAA*A*AAA*AAAAAA*AAAAA*AAA*AAAA*AAAAAA**AAA*AAAAAA*AAAAAAAA*A*AA*AAAAAAA*AAAAA*AAAAAA**AAA*AAAAAAAAAAAAAAAAAAAAAAAA*AA**AAA*A*AAAAAA*AA**AAAAA**AAA**AA*AAA***AA**A*AAA***AAAAAAAAAA**AAA*A*AAA*AAAA*AA,.x.......x..x.x.....x.x.x........x.x.......x.x.x......x.x.x.......x..x.......x.x.x......x.x.x.......x..x.......x.x.x......x.x.x........xx.........x.x.x....x.x.x.x........x..........x.x.x...x.x.x.x..................x.x.x.xx.x...x.x............x.....x...x.xx.....x.x...x......x.x.....x....x.,2105,Hard,True
puzzle_833,17,AAA*AAAAAA*AAAAAAAAAAAA*AAA**AAAAAAA**A*AAAAAA**AAA*AAAAAAAA**A*AAA*AAAA*AAAAA*AAAA*AAAAAAAAAAAAA**A*AAAAAAAAA*AAAAAAAAAA*A*AAAA*AAAAAAAAAA**AAAAAAAAAAAAAAAAA*AAA*A*A*AA*AAAAA*AAAAAAAAA**AAA*AAAAAAA**AAAA***AAAAAAAAA*AAA*AAAAA*A**AAA*A*AAAAA*A*A*AA*A*AAAAAAAAA**A*AAAAAAA*AA*AAAAA*A*AAAAA*,.......x.x.x...x..x.x.x.......x..........x.x.x....x.x.x.x........x.........x.x..x...x.x.x.x........x.........x..x.x...x.x.x.x........x..........x.x.x...xx.x.x.........x........x.x.x.x....x.x.x..........x.......x.x.x..x...x.x.x..........x.......x.x..x.x...x.x.x..........x.......x..x.x.x...,2107,Hard,True
puzzle_834,17,AA*AAAA*AA*AAAA**AAAAAAA*A***AAAA*AA**AAAAA*AAAAAAAAAAAAA*A*A*AAAAAAA*AAAA*AAAAA*AAA**AAAAAAA**AA*AAA*AAAAAAAAAA*AA***AAA*AAAA*A*AAAAAAAAAA*AAAAAAA*AAAA*AAAAAAA***AAAAAAAAA**AAAAA*AAA**A*AA**AAAA*A**A*A*AAAAAA*AAAAAA**A*A*AA*AAAAAA**AAAA*AAAAAAA*AA*AAA**AAAAAAAAAAA*AAAAAAAAAA*A*A**AAA**A*,....x.x.x..x.....x.x..........x.x.....x.x.x.x........x.........x.x.xx....x.x.x..........x.......x.x.x..x...x.x.x..........x.......x.x.x..x...x.x.x..........x........x.x.x.x....x.x.x..........x.......x.x.xx.x.....x.x..........x.x......x.x.x.x......x.x..........x.x......x.x.x.x......x.x....,2109,Hard,True
puzzle_835,17,*AAA*AA**AAAAAAAA**AAAAAA*A*A*AAAAAAAA*A*AAAAA*A**AAA***AAAAAAAAAAAAAA*AAAAA*AAAAAAAAAAAA*AAAA*AAAAA*AAAAAA**AA**AAAAAA*AAAAAAAAAAA**AAAAAAAA**AAAAA**AAAA*AAA*AA*AAAAAAAAAAA*AAAAAA*A*AAA*AAA*AA*AAAAAAAAAAAAAAAAAAAA*AA*AAAAAAAAA*AAAAAAAAA*AAAAAAAAAAAAAA*AAAAAA*AAAAAAA*AAAAAAAAAAAAAA*A*AAA*,.x.x.......x.x........x.x.x.....x..x.x.......x.x........x.x.x......x.x.x........x.x........x.x.x.....xx...x.......x.x....x...x...x.....xx...x...x.....x....x.......x.x...x....x.x.x.....x..x.x.......x.x........x.x.x......x.x.x........x.x........x.x.x.....x..x.x.......x.x........x.x.x.....x.,2110,Hard,True
puzzle_836,17,AAAAAAAAAAA*AAAAAAAA*AAAAA*A*A*AAAAAAAAAAA*AAAA**A*AA***A*AAA*AAA*AA*AAAAAAAA*AA*AAA*A*AAA*AAAAAAAAAAAA*AAAAAAAA*AAA*AA*AA**AAAAA*AAA*A*AAAAAAAAAA*A*A*AAA**AAAAAAA*AAA*AAAAAAAAAAA**A**AA*A*A*AAA*AAAAAAAA*AAA*AAAA**AAAAAAAAAAAAA**AA*AA*A*AAAA**AA**AAA**AAA*AA*A*AAAAAAA*A*A*A*A***A*AAA*AAAA,..x.x.x.x..................x.x.x.x.x.x.x.x..................x.x.x.x..x.x.x.x..................x.x.x.x.x..x.x.x..................x.x.x.x..x.x.x.x..................x.x.x.x.x.x.x.x..................x.x.x.x..x.x...x.........x....x...x...x.x..x.x.......x.....x....x.x.x...x.....x........x...x.x,2112,Hard,True
puzzle_837,17,AA**A*AAAA*AAA*AA**A*A**A*AA*A*AAAAAA*A*AAA*A*A*A**AA*AAA**AAAAA*A**AAAAA*A*AAA*A*AAAAAA*AAAAAAAAAAAA*A*AA*AA**A*AAA*A*A**AAA*A*AAAAA**A*AAAAAA*AAAA*AAAAAA*AA*AAAAAAAA*AA**AAAAA*AA*A*AAAAAA***AAAAAAAAAAA**AAAAA**AA*A*A*AAAAAA*AAAAAAA*AAA*A*AAAAA**AA*AAAA*AAA*A*AAAA*AA**AAAAAAAAAAA*AAAAAAA,.x....x.x...x........x.....x...x.xx.x...x.....x........x...x.x...x..x.x.........x...x....x.x.x.x......x.x..........x.x......x.x.x.x......x.x..........x.x......x.x.x.x......x.x.........x.xx......x.x.x........x.x.......x.x..x.....x.x.x........x.x.......x.x..x.....x.x.x........x.x.......x.x.,2114,Hard,True
puzzle_838,17,AAAAA**A*AAAAAAA*AAAAAA*AAAAAAA**A*A*A**AA*A*AAAA*AA*AAAA*AAAAA*AAAA*AA*AAAAAAAA*A**AA*AAAAAA*A*AAA*AAAAAA*AAAAA*AAA*AAAA*AAAAAA*AAAA*AAAAAA*AAAAAAAA*AAAA*AAAAAAA*AAAAA*AAAAAA**AAA*AAAAAAAAAAAAAAAAAAAAAAAA*AA**AAA*A*AAAAAA*AA**AAAAA**AAA**AA*AAAA**AA**A*AAA***AAAAAAAAAA**AAA*A*AAA*AAAA*AA,.x.......x..x.x.....x.x.x........x.x.......x.x.x......x.x.x.......x..x.......x.x.x......x.x.x.......x..x.......x.x.x......x.x.x........xx.........x.x.x....x.x.x.x........x..........x.x.x...x.x.x.x..................x.x.x.xx.x...x.x............x.....x...x.xx.....x.x...x......x.x.....x....x.,2115,Hard,True
puzzle_839,17,AAAA*A*AA*A**AA****AA**A**A*AAA*AAAAAAAAAA*AAAA*AAAAA*A*A***AAAAAAAAAA*A*AAAAAAAA**AAAAAAA*A**AAAAAAAAA*A*AAA*A*A*A*****AA**AAAA*AAA*AAAAAAA*AAAAAAAAAA****AAA****AA*AAAAAAAA*AAAAA*AA**AAAA*A*AA*AAA*A*AAAAAA*AAAAAAA*AA**AAAAAAAAAA**AA*A*A**AAA*AAAAAAA*AA**AAAAAA*AAAAA*AAAAAAAAAA*AA*AAAAAAA,.x.x.x.x..................x.x.x.x.x.x.x.x...................x.x.x.x..x.x.x.x...................x.x.x.x..x.x.x.x..................x.x.x.xx.x...x.x............x.......x.x.xx.....x.x.x........x.x........x.x.x......x.x.x........x.x.......x.x..x.....x.x.x........x.x........x.x.x......x.x.x....,2117,Hard,True
puzzle_840,17,AAAAAAAAAA*AAAAAAAAAA*AA*AAAAAAAAAAAAA*AAAA*AAAA*AAAAA*AA*AAAA*A*AAA*A*AAAAAAAAAAA*A*AA*AA*AAA*AAAAAA*AAAAAAAAAAAAAA*AAAA*AA*AAA**A*AAAAA*AA*AAAAA*A*AAA*A****A*A*AA*AAAAAA*AAA*AA*AAA**AAAAAAAA*AA*AAAAAAAAAAAAAAA*AAA*A**AAAA*A*AAAA**AAA**A*AA*AAAAAAA*A*AAAA*A*AAA*AAAAAAAAAAAA**AAAAAA*AAA*A,..x.x.x.....x....x.......x.....x.x...x.x....x.x.....x.....x......x.x...x.x...x.x......x.....x.....x.x....x.x...x.x......x.....x.....x.x....x.x...x.x.....x......x.....x.x...x.x....x.x.....x.....x......x.x...x.x...x.x......x.....x.....x...x..x.....x.x...x......x.x.....x...x.x......x.x...x..,2119,Hard,True
puzzle_841,17,A**AAA*A*A*AAA*A*AA*AAAAAA*A*AAAAAAA*AAAA*AAAAAAAAAAAAAA**AAA*A*AAAA**AAAAAAA*AAAAAA*AAAAA**AAAAAAAAAA*AAAAA*AAAAAAAAA*A*AAA*AAAAAAAAAAAAAAAAAAAAAAA*A*A*AAAAAAAA*AAAAAAAAA**A*AAA*A*AAAA***AAAAAA*AA**AAAAAAAAAAAAAAA*A*AAAAA*A*AAAAA*AA*AAA**AAAAAAAAAA*AA*AA*A*AA*AAA**AAAA*A**AAAAAAAAAAAAAAA,...x.x...x..x.....x.....x......x.x...x.x....x.x.....x......x.....x.x....x.x...x.x....x.x...........x.x....x..x.x.x.....x.x..........x.x.....x.x.x..x.....x.x..........x.x......x.x.x.x......x.x.........x.x......x.x.x.x.....x.x..........x.x.....x.x.x.x.......x..........x.x.x...x..x.x.x......,2121,Hard,True
puzzle_842,17,*A*AA*A*AA*AAAA*AA***A**AAAA*A**AAAAAAA*AAA*AA**A**AAAAAA**AA*AAA*AAA*AA*AAAAA*A*A*AAA*A**AA**AAAAAAAA*AAAAAAAAAA****AAAA***A*A*A*A*A*AA*AAA*A*AAA****A**A**AAA*AA**A*A*AAAA*AAAAA*A*A*A**A*A***AAA**AAAAA*A*A*A*AAAAAAAA**A*AA**A*A*A*A*AAAAAAAAAAAAAAAA*A*A*A*AAAA*AAAAA*AA**AA*AAAAAAA*A*AAA*A,.x....x.x.....x......x.....x.x...xx.x...x.x............x......x.x.x.x.x....x.x............x.....x.x.x..x.x...x.x............x.....x.x.x..x.x...x.x............x.....x.x.x.x..x...x.x............x......x.x.x.x.x....x.x............x.....x.x.xx.x.x.....x............x.x...x...x..x.x.....x...x..,2122,Hard,True
puzzle_843,17,AA*AAAAA*AAA*A**AAA*AAAA**AA**AAAAAAAAAAAAAA*AAAAAAAAAAA*AA**A**AAA**AA***AAA*A*AAAAA*AAAAAA*AAA*AAAAAA*AAA*A*A*AAA***AAAAAA*AA***AA*A*AAAA**AAAAAAAAA*A*A*A**AAAAAA*AAAAAAAAAAAAA*AA*AAAA*AA*AAAAA*AAA*AAAA*AAAAAAAAA*AAA**AAAAA**A*AAAAAAAAAAAAAA*AAA*AAA*A***A*AAA*AAAAAA*AAAAAAAAAAA***A****A,.......x.x.x.x....x.x.x.........x........x.x.x.x...x.x.x..........x.......x.x.x.x......x.x.........x.xx.....x.x.x..........x.......x.x.xx.x...x.x..................x.x.x.x.x.x.x.x..................x.x.x.x..x.x.x.x..................x.x.x.x.x.x.x.x..................x.x.x.x...x.x.x..........x,2124,Hard,True
puzzle_844,17,AA*AAAAAAAAA*AAAAAAAAAAAAAAAAAAAAAAAA*AA*AAAAAAAAA*AA*AAAAA**AAAA*AAAAAAAA*AAAAA*AAAAAAAAAAAAA*AAA*AAAAAAAAAAAAAA*AAA*AAAAA*AAA*A*AA*AA*AAAAAAAA*AAAAA*AAAAAAA*AA*AAAAA*AAA*AAAAAAAAAA**AAAAAAAAAAA*AAAAA*A*AA***AAAAAAAAAAA*AAAAA*AAAAAAAAAAA*AAAA*AAAAAAA*AAAAAAAAAAAAA*AAA*A*A*AAAA*AAAAAAA**A,.........x.x.x.x..x.x.x.x..................x.x.x.x..x.x.x.x..................x.x.x.x..x.x.x.x...................x.x.x.x.x.x.x.x..................x.x.x.x.x.x.x.x..................x.x...x.xx.x.x.x..................x.x.x.x..x.x.x.x..................x...x.x.xx.x.x.x..................x.x.x...x,2126,Hard,True
puzzle_845,17,AAAAAAAAAAAAA**AAAAAAAAA*A*A*A*AAAAA*AA*AAA*A*AAAAAAAAAAA*AAA*A**AAAAAA**A*AAAA*AAAAAAAAAAAA*AAAAAAAA**AA*AAA*AAAAAAAA*AAAAAAAA*****AAAA*AA*A***A*A*A*AA*A*AAAAAAAAAAA***AA*AAAA*AAAA*AA*A*AAAAA*A*AAAAA**A*AAA*A**AAAAAAA*AAAAAAAAAA**A**AAA*AAAA*AA**AAA*AAA*AAAAAAAAA**AAA**A**AAAA***AAA*AAAA,.......x.x..x...x.x.x.x........x.........x..x.x...x.x.x.x........x..........x.x.x...xx.x.x.x..................x..x.x.x.x.x.x.x..................x.x.x.x..x.x.x.x..................x.x..x.x.x.x.x.x...................x.x.x.x..x.x.x.x..................x.x.x.x..x.x.x.x..................x.x..x.x,2128,Hard,True
puzzle_846,17,AAAAAAAAAAA*AAAAAAAA*A*A*AAAAAA*AAAA**AAAAAA*A*AAAA**AAAA*AAA*AAAAAAAAAAAAAAAAAAAAAAAA*AAAA*AAA*AAA*AAAAAA*AAAAAAA*A**A**AA*AA*AAAAAA*AAAAAAAAAAAA*A*AAAAAA*AAA***AAA*AA*A*A*A*A*AA*AAA**AAA*AAAAA**AAAAAAAAAAA*AAAAAA*AAAA*AAAAAA*AA*AAAAAA*AAAAA*AA**AAAAAAAAA*AA*A*AAAAAAAAAAAAAAA*AAAAAAAAAA*,x.....x.x.x........x.x........x.x.x......x.x.x........x.x.......x.x..x.....x.x.x........x.x.......x.x..x.....x.x.x........x.x.......x.x..x.....x.x.x........x.x........x.x.x......x.x.x........x.x.......x.xx.x.....x...x........x.....x...x.xx.x...x.....x............x.x...x.x..x.x.x.....x....,2130,Hard,True
puzzle_847,17,AAAAAA*AAAA*AAA**AA*AAA*AA*AA*AAAAA*AAAA***AAA*AAA*AAAAA*AAAAA*AAAAAAAAAAAAAAAAAAAAAAAAAA*AAAAAAA*AAA*AAA*AAAAAA*AAAAA*AAAA**AAA***AAAAAAA**AAA*AAAAAAAAAAAAA**AAAAAAAAAAAA*AAAAAAAAAAAA*AAAAAA*AA**AAAA*AAAAAAAAA*AAAAA**A**AAAAAAAA*AAA*AAAAAAA*A*A*AA****AAAAAAAAAA*AAAAAAAAA*AAAA*AAAAAAAAAAA,.....x....x.x.x...x.x...x........x.....x...x.x.x....x.x...x.......x......x...x.x.x...x.x....x.......x.....x....x.x.x...x.x...x........x.....x...x.x.x....x.x...........x.x....x.x.x.x.......x..........x.x.x...x.x.x.x.......x..........x.x.x...x.x.x.x..................x.x.x.x.x.x..x.x........,2131,Hard,True
puzzle_848,17,*AA*AAAAAAAAAAAAAAAA*AAAAAAAAA*AAAAAAA*AAAAA***AAAAAA*AAAA*AAA*AAAAA*AA***AAAA*AAAAAAA*AAAAAA**AAAAAAAAAAAAAA*AAAA*AAA*AAAAAAAAAAAAAA*A**AAAAAAAAAAAAAA*AAAAAAAAAA*AAAAAAA*A*AAA*AAA*AAAAAA**AA*AAAAAAAAAA*A*AAA*AAAAAAAAA*AAAAAAAAAAAAAAAAA**AAAAA*AAA**AAAAAAAAAAAAAAAAAA*AAAA*A***AAAAAAA*AAA*,..x...x..x...x...x...x......x....x..x...x.x.....x..x...x.....x.x......x.....x.....x.x....x.x...x.x....x.x.....x......x.....x.x...x.x.....x......x.....x.x...x.x....x.x.....x.....x......x.x...x.x...x.x......x.....x.....x.x....x.x...x.x.....x......x.....x.x....x.x...x.x......x.....x.....x.x.,2133,Hard,True
puzzle_849,17,AAAAAA*AAAAAAAAAAAAAAAAAA*AAAA*AAAAAAAAAAAAAA*A*AAAAAA*AAA*AAAAAAA*AAAA*A*AAAAAAAAAAAA*AA**AAAAAAAA*AAAAA*AA***A*AAAAA*AAAAAA*A**AAAA*AAAAAAAAAAAA*AA*AA*AAAAAAAA***AAAAA*AAA*AAA**AAAA*AAA*AAA*AAAAAAA**AAAA**AAA*AAAA*A*A*AAA*A*A*AAAAAAAA*AAAAA*AA*AAA*A*AAAAA*A**A*AAAAAAAAAAAAAAAAAAAA*AAAAA,....x...x.x...x..x.x...x.....x........x...x.x....x.x.x...x......x.......x...x..x...x.x.x...x......x.......x....x.x...x.x.x....x.....x........x...x.x...x..x.x...x.....x........x...x.x....x.x.x...x......x.......x...x..x...x.x.x...x......x.......x....x.x...x.x.x....x.....x........x...x.x...x,2135,Hard,True
puzzle_850,17,*AAAA*AAAAAAA*AAAA*AAA**A*AA*A*AAAAAAAAAAAAAAAA*AAAAA*A*AA*AAAAAA*A**A*AAA*AAAAAAA*AAA*AAAA*A*AAAAAAAAAAA*AAAAAAAAAA*AA*AAAA*AAAAA**AA*AAAA*A*AA*AAAA**AAAAAA*A*AAAA*A***AA*AA*AAAA**AAAAAAAAAAAAAAA*AAAAAA*AA*AAAAAAAAAAAAAAAA*AAAAAAAA**A*A**A*AAAAA*AAAAAAA*AAAAAAAAAAAAA*AAAAA**AA*AA**AAA*AA,..x.x.x.x..................x.x.x.x.x.x.x.x..................x.x.x.x..x.x.x.x..................x.x.x.x.x.x.x.x..................x.x...x.xx...x.x.....x......x.....x.x.....xx.....x.....x.x....x.x...x.x......x...........x.x.x...x.x.x.x........x.........x.x.x....x.x.x.x........x.........x.x.x.,2136,Hard,True
puzzle_851,17,AA*AAAAAAAAAA**A*AAAAA*A**AAAAAAA*AAAAAAAAAAAA*A*AAAA*AAAA*AAAAAA*AAAA*AAAAAAAAAAAAAA*AAA*AAAAAAAAAA*A*A*AAA**AAAA*AAAA*AAAAAA*AAAAA*A*AA*AAAAA*A**AA*A*AAAAAA*AAAAAAAAAAAAAAAAAA*AAAAA*A*A*AAAAAA*AAAAAAAAAAAAAAAA*AAAAAAAA*A*AA*AA**AAA*A*AAAA*AAAAAAAAA*AAAA*A*AAAA*AA*AA*AAA*AAAAAAAAAAA**AAA,.x.x.x.x..................x.x.x.x.x.x.x..x..................x.x.x.x..x.x.x.x...................x.x.x.x.x.x.x..x..................x.x.x.x..x.x.x.x..................x.x.x.xx...x.x.x..........x........x.x.x.x...x.x..x.........x........x.x.x.x....x.x.x..........x........x.x.x.x....x.x.x......,2139,Hard,True
puzzle_852,17,A*A*AAAAA*A*AAA**AAAAAAAA*AAAAAAA*AA*A***A**AAA*AAAAAAAAAAAAA**A*AAAAAAAAA**AAAAAAAAAAAAA*AAAAAAAAAA*AAA*A*A*AAAAAAAAAA*AAAAA*AA**A*AAA**A**A*AAAAAAAAA*A*AAAAAAAAAAA*AA*A*AAAA**A*A*AAAAA*AAAAAAAA***AAAAAA*AAA**AAAA*AAA*A*AAAAAAAAAAAAAAA**AAA*AA*AAAAA*AA*AAAAAAAA*AAAAA**AAA*AAAAAAAA*AAA*A*,x.......x.x.x......x.x.x.......x..x.........x.x...x..x.x.x.x..................x.x.x.x.x.x.x.x..................x.x.x.x..x.x.x.x..................x..x.x.x.x.x.x.x..................x.x.x.x..x.x.x.x..................x.x.x.x.x.x.x.x..................x.x...x.xx.x.x.x..................x..x.x.x.,2141,Hard,True
puzzle_853,17,AAAAAAAAAAAAAAA*AAAAAAA*A*AAAAAAAAAA*AAAAA*AAA****AAA**AAA*AA*A*A*AAAA*AAAAA*AAAAAAAAAAA*AAAA**A*A*A*A*AAAA*AAAAAAAAA*AA*AAA***AAAA*AAAAAAAAA*A*AAAAAAAAAAAAAA*AAAAAAAAAAA*AAA*AAAAAAAAAAAA*A*AAAAAAAAA**AAAAA*AAAAAAAAAA****AAAAA*AAA***AA*A*AAA*AAAAA*AA*AAAAAAAAAAAAAAAAAAAA*AA*A**A*AA*AAAA*A,...x.x.x.x........x.........x.x.x....x.x.x.x........x.........x.x.x....x.x.x.x........x..........x.x.x....x.x.x.x......x.x...........x.x....x...x.x.x....x.x...........x.x.....x.x..x.x.....x.x..........x.x......x.x.x.x....x.x.x..........x.......x.x..x.x...x.x.x..........x.......x..x.x.x...,2143,Hard,True
puzzle_854,17,AAAAA*AAAAAAAA*AAAAAAAAAA*AAAA*AAAAAAA*A****AAAAA**AAAA*AA*AAA**A*AAAAAAAAAAAAA*AAA**A*A*AAA*AAAA*A**AAAAAAAAAAAAAAAAAAA*AAAAA*AAAAAAAAAAAA*AAA*AA***AAA*A*A**AAAAAAAAAAA*AAAAAAAAA*AA*A*AAAA**A**AAAAAAAAAAAAAAAAAA*A*AAA*AAAAA**A*AAAAAAAAA***AAAAAAA*AA*A*AAAA*AAA*AAAAAAA*AAA**AAAA**A*AAAAAA,x.x.....x...x........x.x...x.....xx.x.........x.x........x.x.x.....x.x..x.......x.x........x.x.x.....x..x.x.......x.x..x.....x.x.x........x.x........x.x.x......x.x.x........x.x.......x.x..x.....x.x.x........x.x.......x.x..x.....x.x.x........x.x.......x.x..x.....x.x.x........x.x........x.x,2144,Hard,True
puzzle_855,17,**AAAAAAAAAA**AAA*AAAAA***AA*AAAAA*AAAAAAAAAA**A*AAAA*A*AA*AA*AAA*AA*AAAAAAA*A*AAA*A**AAA*AAAAAAA*AAAAAA*AAAAAAAAAAA**A*AAA*AAAAAAAAAAAAAAAAAA*AAAAAAA*AAAAA**AAAA*AAAAA*AA*AAA***AAAAA*AA**AA*AAAAAAA*AAAAAA**AA***A*AA**A*A**A*AAA*A*AAAAAAAAAAAAA*AAAAA*AAAAAAA*AAAAAAAA**AAAAA*AAAA*A*AAA*A*A,..x.x.x.x..................x.x.x.x.x.x.x.x..................x.x.x.x..x.x.x.x..................x.x.x.x..x.x.x.x..................x.x.x.x..x.x.x.x...................x.x.x.xx.x.x...x..............x.....x.x.xx...x...x.x........x...x......x.x.x...x....x.x.......x...x.......x.xx.......x.x.x....,2145,Hard,True
puzzle_856,17,*A**AAAA*AA*AAA*A*AAAAAAA*A**AAAAAAAAAAAAA*AAA**AA*AA*A*AAAAA*A**AAAAAAAAAAAAAAAAAA*A*AAA*A*AA**AAAA*AAAAA*AAA*AAAAAAAAAAAAA*AAA**AA***AAAA*AAA**AAAAA*A*AAAAAAAAAAA*AA*AAAAAA**AAAAAA*AAAAAAAAA*AAAA*A*AAAAA*AAA*AA**AA*AAA*A*A*A*AAAAAAAA**AAA**AA*AA*AAAAA*A*AAAAAA**AAAAAAAAAA**AAAA*AAAAA*AA,.....x...x..x.x...x.x...x........x.....x...x.x..x...x.x...x........x.....x....x.x.x...x.x....x.......x......x...x.x.x..x.x.x...x..............x...x.x..x.x.x.x...x..............x...x..x.x.x.x.x...x..............x....x.x.x.x.x.x....x..............x...x.x..x.x.x.x...x..............x...x.x.x.,2147,Hard,True
puzzle_857,17,*AAAAAAA*AAAA*A*AA**A*AAA**AAAA**AA*AA****AAA*AAAA*AAAAAAA**AAAA**AAAAA**AAAAAAAA**AAAAA*AAA*AAAA**AA*A**AA***AA*AAAAAAAAAAAAA*A*AA*A*A**A*AA*AAAAAAAA*AAAAAAAAAAAA*AAA**A**A**AAAAA*AAAAAA*A*AAAAAAA*A**AA*AA*AAA*A*A*A**A*AAAAA*AAAAAAA*A***AA**AAA**AAAAAA*AAAA*A*AAA*AA**AAAAA*A*AA*AAAA*A*A*,.x.....x....x.x.....x.x....x.....xx.......x...x.x....x.x.x...x......x.......x...x..x...x.x.x...x..............x...x.x.xx.x.x.x...................x.x.x.x..x.x.x.x..................x.x.x.x..x.x.x.x..................x.x..x.x.x.x.x.x..................x.x.x..xx.x.x.x..................x.x..x.x.,2149,Hard,True
puzzle_858,17,AAAAAAA*A**AAAAAA*AAA*AA*AAAAAAAAAAAAAAA**AAA***AAAAAAAAAA**AAAAAA*A*AA*AAAAAAAAAA***AAA*AAAA**AAA*AA*AAA*A*AAAAAAA*AAAA*AAAAA*AAAAAAAAA*A*AAAAAAAA**AAAAAAAAAAAAAAAAAAAAAAA**AAAAAAA**AAAAAAAAA*AAAAAAAA*A*AAAAAAAAA*AA*AAAAAAAAAAA*AA*AAAAA*A*A*A**AA**AAAAAAAAAAA*AAAAAAAA**AAAAAAAAAAAA*AAAAA,.x.x..x.x..................x.x.x.x.x.x.x..x..................x.x.x.x..x.x.x.x........x.........x.x.x......x.x.x.......xx.x.......x.x.........x.x......x.x.x.x.....x.x..........x.x.....x.x..x.x.....x.x..........x.x.....x.x.x.x......x.x.........x..x.....x.x.x.x......x.x.........x.x......x.x.,2151,Hard,True
puzzle_859,17,A*AAA*AAAAAA*AA*AAAAAA*AAA*AAAAAAA*A**AAAAA*A**AAAAAAAAAAAAAA***AA*AAAA*AAAAAAAAAAAAAAAA*AAAA**A*A*AA*AA*AAAAAAAAAAAA*AAA*AAAA**A*AAAAAAA**AAAAAA*AAA*AA*AA*AAAAA*AA*AAA*AAA*AA**A*AAAAAAAAAAAAAAAAAAAA*AAAAAAAAAAA*AAAAA*A*AA*AAAAAAAAAAAA*AAAAAAA*AAAAAA*A*A*AA*A*A*AAAAA*AA*A**AAAAAAAAAAAAAAA,....x.x.x..x.....x.x..........x.x.....x.x.x.x......x.x...........x.x......x.x.x.x....x.x.x..........x........x.x.x.x....x.x.x..........x.......x..x.x.x...x.x.x..........x.......x.x..x.x...x.x.x..........x........x.x.x.x..x.x.x.x...................x.x.x.x..x.x.x.x..................x.x.x.x.,2152,Hard,True
puzzle_860,17,*AAAAA*AAAAA*AAA*A*AAAAAAAAAA**AA*AAAAAAAA**AA*AAAAAA*A*A*AAAAAAAAA**AAAAA**A*AAAAAA*A*AA*AAA*AAAAAA*A*AAAA**A*AAAAAAA*AA*A*AAAAAAAAA*A*AAAAAA*AAAAAAAAAAA**AA*A*AAAAAAAAAAAAAAAA*AAA***AA*AAAAAAAAAAAAA*AAA*AAAAAAAAAAAAAAAAAAAAAAAAAA**AAA**AAAAA**AA*A**AA***AA*AAAAAAAAAAAA**A**AAAAAAAA*AAAA,.x.x.........x.x......x.x.x.x.....x..x.........x..x.....x.x.x.x......x.x.........x.x......x.x.x.x......x.x.........x.x......x.x.x.x.....x.x...........x.x....x.x.x...x....x.x.......x....x.....x.x.x...x......x.......x...x.x....x.x.x...x....x.x.......x...x......x.x.x...x.....x........x...x.x,2154,Hard,True
puzzle_861,17,*AAA*AAAAAA**AAAA*AAAAAAAAA*AAAAAA*A**AAAAAA*AAAAAAAA*AAAAAAAAAAAAA*AAAAA*AAAAAA**A*AAAAAAAAA*A*AAAA*AA*AA*AAA*AAAAAAAAAAAAAAAAAAA*AA*AA**AAAAAAAAAAAAAAAAAA*AAAAAA*A*A*A*A*AAA**AAAAAAAAAAA*A*AAA*AAAAA**AA*A***AAAAAAAAA**AAAAAA*A**A*AA*AAAAAAAAA*AAAA*A*A*A*A*AAAAAA*AA*AA*AAAAA**AA*AAAA**AA,.......x.x...x.x..x.x.x.....x............x.x....x.x.x.x.x......x............x.x...x.xx.x.x.x...................x.x.x.x..x.x.x.x..................x.x.x.x.x.x.x.x..................x..x.x.x.x.x.x.x..................x.x.x...x..x.x.x.......x..x.......x.x.x.......x.x........x.x.x.....x..x.x....,2156,Hard,True
puzzle_862,17,AA*A*A*AAAAAAAAAAAA*AAAAA*AAA*A*AA*A*AAAAA*A*AAAAAAAAAAAAAAA*AAAA**A*AAA*AAAA*AAAAA*AAAAAAAA*AAA**AAAAA*A*A*AAAAA*AAA*A*AAAAAAA*AA***AAA**AA*AAA*AAA*A*AAAA*AAAAA****A*AAA**AAA*AA*AA*AAAAAA*AA**AAAA**AAAA*A*AAAAA*AA*AAA*A*AAAAA*AAA*AAAA**A**A*A**AAAA*AAA*A**AA**A*AA*AA*AAAAAAAA***AAAAAAAAA,.......x.x.x.x....x.x.x.........x........x.x.x.x....x.x.x..........x........x.x.x.x..x.x.x.x...................x..x.x.x.x.x.x.x..................x.x.x.x..x.x.x.x...................x.x.x.xx.x...x.x............x......x.x.x.x.x...x.x............x.....x...x.x..x...x.x...x....x...x.....x....x.,2158,Hard,True
puzzle_863,17,AAAAAA*AAAAA*AAAAAAAAAAAAAAA*AAAA*AAAA*AAAAAAAAAAAA***AAAAAAA*AA***A*AA*A**A*AAAAAAA*AA*AAAAAAAAA*AAAAA*AAA*A*AA*A*A*A**AA*AAAAA*AAAA**AAA**AAAAAAAA*AAAA*AAAAA*AAAAAAAAAAAAAAAAAAAAA*AAAAAAAA****AAAAAA**AAA*A*AAAAAAA*AA*A*AAAAAA*AA*AAAAA*A*AA*AAAAAAAAAAAAA*AAAAAA*AAAAA*AAAAA*AAAAAAAA*AAAA*,.x.........x.x.x....x.x.x.x........x.........x.x.x....x.x.x.x........x.........x.x.x....x.x.x.x.......x..........x.x.x...x.x.x.x........x.........x...x.x..x.x...x...x....x.....x...x...x....x.....x...x...xx...x.x...x........x.........x.x.x....x.x.x.x.......x..........x.x.x...x.x.x.x.......,2159,Hard,True
puzzle_864,17,****AAAAAAAAA*AAAA*A*AA**AAA*AAAAAAAAAA**AAAAAAAAAAAAAA*AAA*AAA**AAA**AAAAAA*AAAA*AAAAA*AA*AAA*A*AA*AA*AAAAAAA**AAAAAA*AAAA*AAAAAA*A*A*AAAAAAA*AAAAA*AAA*AAAAAAAAAAAAA**A*AAAAAA**AA*AAA*AAAAAA*AAAAA*AAA*AAAA*AAAAAA*AAAA*AAAAAAAAAAAAAA*AAAAAAAAAA*AA**A*A*A*A*AAAA*AAAAAA**AAAAAAAAA**AAA*AAAA,......x.x...x..x.x.x.x.....x..............x...x.x.xx.x...x...x..........x.......x.x.xx.....x.x.x........x.x.......x.x........x.x.x.....xx.x.x........x..........x.x.x...x..x.x.x.......x..........x.x.x...x..x.x.x.......x..........x.x.x...x..x.x.x.......x..........x.x.x....x.x.x.x........x..,2161,Hard,True
puzzle_865,17,AAAAA*AAAAA*AA*AAAAAAAAAAA*AAAAAA*AAAAA*A**AAA**AAAAAA**AAAAA*AAA*AAAAAAAAAAAAAA*AAAAA*A*AAAA**AAAAAAA**AAAAA**AAAAAAAAAAAAAAAAA*AAAAA*AAAAA*A***A*A***AAAAAA***AA*AAA*A*AAA*A*AA*A*A*AAAAA*A*AA***AAAAAAA*AAAAAAAAAAAAAAAAAAAAAAAAAAAAAAAAAAA*A**AAAA*AAAAAA**AA*AAAAAAAAAAAAAAAAAAAAAAA*AA*AAAA,..x.x...x......x.x.....x....x.x.....x.x....x.....x.x......x...x.x.....x..x...x.....x.x......x...x.x......x.x...x.....x..x.....x...x.x......x.x...x......x.x.....x....x.x.....x.x....x.....x.x......x...x.x......x.x...x.....xx.x.....x...x........x.x...x...x...x......x...x...x...x..x...x...x..,2163,Hard,True
puzzle_866,17,AAA*AAAAAAA*AA**A*AAAAA*AA*AAA*AAA*AAA*AAAAAAA**AAA*A*AAAAAAA**AAAAAAA*A*AAAAA*A*AAA*AAAAAAAAAA*AAAAA*AA**AA*AAA*A*A*AAA*A*A**AA**AAA*AAAAA*A*A*AAAA*A*A*A*AA*AAAAA*AAAAAAAAAAAA*AA*AAAAAAA*AAA*AAAA**AAAAAAA*AAAAAAAAA*A**AA*AA*AAAAA*A*AA*AAAAA*A*AAA***AAAAAA**AAAAAAAAAA*AAAAAAAAA*AAAAAA*AAA,.x...x....x.x.......x...x......x.x.x...x...x.x........x...x.....x.x..x...x...x.x........x...x.....x.x.x....x...x.x.......x....x.....x.x.x...x....x.x.......x...x......x.x.x...x...x.x............x.....x.x.xx.x.x...x..............x...x.x...x..x.x...x.....x........x...x.x...x.x.x....x.....x..,2165,Hard,True
puzzle_867,17,*AAAAAAAAA*AAAAA*AA*A*AAAAA*A**A*AAA***AAAA*AA**AAAAAAA*A*AAAA*AAA*A*A*AAAAAAA*A*AAAAA**AAAA*AAAAAAA*AAAAAAAAAAAA*AAA*A*AAAA*AA*A*AA*AAA**AA*AAAAAAAA*AAAAAAAAAA*A*A*AAAA***AA***AAAAAAA*A*A*AAA*A***AAA*AAAA*AAA*A*AAAAAAAAAAAA*AA*A***AAAAAA*A*AAAAAAAAA*AAAAAA*AAA*AAAAA*AAAAAAAAAAAAAAAAAAAAA,.x.....x.....x.x....x.x...x.x......x.....x......x.x...x.x....x.x.....x......x.....x.x....x.x...x.x....x.x.....x.......x....x.x.....x.x....x.....x.x.....xx...x.x.......x....x.....x.x.x....x...x.x........x...x......x.x.x...x....x.x.......x....x.....x.x.x....x...x.x.......x....x.....x.x.x...,2166,Hard,True
puzzle_868,17,*AAAAA*AAAAAAAAA*AAAAAAAAAAAA*AAAAAAAAAAAAAAAAAAAAAAAAA*A*AAAAAAAAA**AAAAA**A*AAAAAA*A*AA*AAA*AAAAAA*A*AAAA**A*AAAAAAA*AA*AAAAAAAAAAA*AAAAAAAAAAAAAAAAAAAA**AA*AAAAAAAAAAAAAAAAAA*AAAA**AA*AAAAAAAAAAAAA*AAA*AAAAAAAAAAAAAAAAAAAAAAAAAA*AAAA**AAAAAA*AA*A**AA***AA*AAAAAAAAAAAA**A**AAAAAAAA*AAAA,.x.x.........x.x......x.x.x.x.....x..x.........x..x.....x.x.x.x......x.x.........x.x......x.x.x.x......x.x.........x.x......x.x.x.x.....x.x...........x.x....x.x.x...x....x.x.......x....x.....x.x.x...x......x.......x...x.x....x.x.x...x....x.x.......x...x......x.x.x...x.....x........x...x.x,2168,Hard,True
puzzle_869,17,**AAAA*AA*AA***AAAAA***AAAA*AAAAAA*AAAAA*AAA**A*AAAAA**A**AA*AAAAAAA*A*AAAAAAAAA*A**A*AA**AAA*AAAAAAA*A**AAAAA*A*A*AAA*AAA**AAAAA*A*A*AAAAAAAAAAAA*AAAAAAA**AA***AAAAAAAA*A*AAA*A**AA**A*AAA***AAAAA**AAAAAAAAAA**AAAAA*A*A*AAAA*A*A*A*AAAAAAAAAA*A*AAAAA**AAAAAAA*AAAAAA***AA*AAA**A*AAA*A*A*AAA,...x.x.x..x.......x..........x.x.x...x.x.x.x........x.........x.x.x....x.x.x.x........x.........x.x.x....x.x.x.x.......x..........x.x.x...x.x.x.x........x..........x.x.x...x.x.x..x.......x...........x.x.x..x...x.x.x..........x.......x.x.xx.x.....x.x..........x.x.......x.x.x......x.x.x....,2170,Hard,True
puzzle_870,17,AAA*AAAAAAAAAAAA*A**A**A*A*AA**AAAAAA*AAAAAAAAA*A*AAAA**AA**AA*A*AAA**AAAAAAAAAAAA*AAAAAAAAA****A*AAAAAA****AA*A*A*AAA**AAA*AAA*AAAA**AAAA*AA*AAAAAAAAAAAA*AAA*AAAAA*AAAAAA**A*AAAAA*AAAAA*AAAAAAAAAAA*AAAA*AAAAA*A**AA*AAA*AA*AAAAAA*AAAA*A*AAAAAA*AA*AAAAAAA*AA*AAAAAAAAA*AA*A*AAAAA*AAAAA*AAAA,..x.x...x.x......x.....x.......x.x....x...x.x.x....x.x...x.......x..........x.x.x...xx.x.x.x...................x.x.x.x..x.x.x.x...................x.x.x.x..x.x.x.x........x..........x.x.x....x.x.x.x........x..........x.x.x...x.x.x.x........x.........x.x.x....x.x.x.x........x.........x.x.x.,2172,Hard,True
puzzle_871,17,AA*AAA*AAAAAAAAAA*A*A*A*AAAAAA*AAAAAAAAAAA*A*A*AAA*AA*A*AAAAAAAA**AA*A*A*A**AA*AAAAAAAAA*AAAAAAAAAAA**AAAAAAAA**AAAAA*AAAAAA*AAA*AAAAA*AA***AAA*AA***AAAAA**A*AAAA*AAAAA*AAAAAAAAAAAA**AAAAA**AAAAAAAA*AAA*AAAAAAA***AA*AAA**AA*A*AAAAAAA*AAAA*AAAAA***A*AAAA**AA**AAAA*AAAAA*A*AA*A*AA*AAAA*A*A*,.x.x.........x.x......x.x.x.x.....x.x..........x.x......x.x.x.x......x.x..........x.x......x.x.x.x......x.x.........x.x......x.x.x.x....x...x.........x.x......x.x.x.x....x.x.x..........x.......x.x.x.x....x.x.x.........x.........x.x.x....x.x.x.x.......x..........x.x.x...x..x.x.x.......x...,2174,Hard,True
puzzle_872,17,*AAAAA*AAAAAAAAAAAAAAAA*AAAAAAAAAA*AAA*AAAAA**AAAA*AAAA*AA**AAAAAAA*A*AAAA*AAAAAA*AAAAAAAAA**AAAAA*AAAAAAA*AA*A*AA*AA*AAA*AAA**AAAAAAAAAAA*AAA*AA*AAAAAAAAAAAAAAAAAAAAAAAAAA**AAAAAAAAAA**AAAAA**AAAAAAAAAA*AAAAAAAAAA*AA*AAAAAAAAAAA*A*AAAAAAAAAA*AAAAAAA*AAAAAAAAAAAAAAAAAAAAAAAAAAAAA**A*AA*AA,..x.x..x.x.......x..........x.x.x....x.x.x.x........x.........x.x.x....x.x.x.x........x..........x.x.x...x..x.x.x.......x..........x.x.x...x.x..x.x.......x..........x.x.x....x.x.x.x......x.x..........x.x.....x.x.x..x.....x.x..........x.x......x.x.x.x.....x.x...........x.x....x.x...x.x....,2175,Hard,True
puzzle_873,17,AAAAAAA*AAAAAA*AAAAAAAA*AAAAA**AAA*AAAAA*A*AAAAAAAAA**AAAAA*A*AAAAAA*AAAA*A**A*AAA*AA*AAAAAAAAAAAAA*AA*AAA*A*AAAAAAAAAAA*AAAAAA*AAAAAAAAA*A***AAA*AAAAA*AAAAAAA**A*AAAAAA*AAAAAAAAAAAAAAAAAA*AAA*AAAAAAAA*AA*AAAAAAAAAAAAAAAA*AA*AAAAAA**AAAAAAAA*AAAAA*AAA*AA*A*AAAAAA*A*AA**AA*AAA*AAAAAAA***AA,x..x.........x.x......x.x.x.x......x.x.........x.x......x.x.x.x......x.x.........x.x......x.x.x.x......x.x.........x.x......x.x.x.x.....x.x...........x.x....x...x.x.x....x.x...x.......x......x...x...x...x.x....x...x...x......x...x...x...x..x...x...x...x..x...x.......x...x..x...x.x.x......,2177,Hard,True
puzzle_874,17,*AAAAA*AAAAAAAAA*AAAA***AAAAAAAAAA*AAAAAAAAA**AAAAAAAAAAA**AAAAAAAAAAAAAAAAAAAAAAAAAAAA*AA*A**AAAAAAAA*AAAAA**AA*AAAAAA**A**A**AAAAAAAAAAAAAAAAAAAAA*AAAA*AAAAAAAAAAAAAAAA**AAAAAAAAAAAAAAAA*AAAAAAAAAAAAAAAAAAAAAA*A*AAAAAAA****AAA*AAAA*A*AAAAAAA*AAAAAAA*AAAAAAAAAAAAAAAAAAAA*AAAAAAAAAA**AAAA,.x.x.x.x..................x.x.x.x..x.x.x.x..................x.x.x.x.x.x.x.x....................x.x.x.x.x.x.x..x..................x.x.x.xx...x.x.x..................x.x.x.x..x.x.x.x..................x.x.x.xx.x...x.x............x......x.x.x.x.x....x.x............x.....x.x.x..x.x...x.x.......,2179,Hard,True
puzzle_875,17,AAAA*AA*AAAAA*AAAA**AAAAAA***AAAA*AAAA**AAAAAAAA*A**AAAAA*AAA*AAAAA*AA*AAAAAAAAA*AA*A*A*AAA*AAAAA*AAAAAA*A*A*AAAAAAAAA*AA*AAAAAAA*AAAAAAA*AAAA**AAA*AA**AAAAAAAA*AA**A*AAAA*A*AAA***AAA**AA**AA*AAAA*AA*A*A*AA*AAAAA*AA*AA*AA**A*AAAAAAAAAA**AA*A*A*A*A**AAAAAAAAAAAAAAAAAAAAA*AA*AAAAAAAAAA*A*A*,.x.x.....x.x..........x.x.....x.x..x.x.....x.x..........x.x.....x.x..x.x.....x.x..........x.x......x.x.x.x......x.x..........x.x.....x.xx...x.....x.x......x...x.x.....x..x...x.......x...x..x...x.x.x......x...x........x.x...x...x.x.x..........x.......x.x.xx.x....x.x............x.....x.x.x.,2181,Hard,True
puzzle_876,17,AAAAAAAAAAA*AAAAAAAA*AAA*AAAAAAAAAA*AAAAAAA*AAAA*A**AAAAAAAA*AAA*AAA*AAAA*AAAAAAAA**AAAAAAAAAA*A**A**AAAAAAAAAAAAAAAA*AAAAAAAA*AAAAAA*AAAAAAAAA**AAAAAAA**A*AAAAAAAAAAAA**A*AAAA*AAAAAAAAAAAAA*AAA*AAAAAA*AAAA***AA*AAAAAA*AAA*AAAAAAAAAAAAA*AAAAAA*AA**AAAA*AAAAAAAA*AAAAAAAAAAAA*AAAAAAAAAAAAA*,.x.x...x.x............x......x.x.xx.x.....x.x..........x.x.......x.x..x.....x.x.x....x...x.x.........x........x.x.x.x..x.x.x.x...................x.x.x.x..x.x.x.x...................x.x.x.x..x.x.x.x........x..........x.x.x....x.x.x.x........x.........x.x.x....x.x.x.x........x.........x.x.x.,2182,Hard,True
puzzle_877,17,A*AAAAAAAA*A***AA*A*AAAA*AAAAAA**A*AAAAAAA*AAA*AAAAA***AA*AAAAAAAAAA*AAAA*AAAA*AAA*AAAAAAA**AAAA*A*A**A*AAAA**AAA*A*AAA****AAAAAAAAAAA*AAAAAAAAA**A***A*AAAAAAAAAAAAAA*AAAAAAA*A**AA*A*AAAAAA*AAAAAAA*AAAAA*AAAAAAAAAAA*AAAAAA**AAAAAA*AAAA***AA**AAAAA*AAAAAAAAA*AAAAAAA**AA*AA*A***AAA*AAA*AA*A,...x.x.x.......x..x.......x.x.x......x.x.x.......x.x........x.x.x.....x.x.x........x.x.......x.x.x......x.x.........x.x......x.x.x.x....x.x.x.........x........x.x.x.x.....x.x..........x.x.....x.x.x.x.....x.x..........x.x.....x.x.x.x.......x..........x.x.x...x.x.x.x........x.........x.x..x,2184,Hard,True
puzzle_878,17,AAAAAAAAA*AAAAAA*AAAAAAA***AA***AAA*AAAAAAAAAAAAAA**AAAAAAAA**AAAAAAAAAAAAA*AAAAAAAA*AAAAAAAA*A*AAAAA*AAAAA*AAAAA*A*A*AAA**AAA*AAAA****A*AAAA**AA*AAA**AA**AAAAAAA*A*AAA*AA*AAAAA*A*AAAAAA***AAAAAAAAAAA*AAAAAAAAAA*AAAA*AAAAAA*AAAAAAAA*AAAAAAAAAAAA*AAA*AAAAAA**AAAAA*AAA**AAAAA*AAAAAAAAAA*AAA,........x.x..x.x.x.x.x.x...................x.x.x.x..x.x.x.x..................x.x.x.x..x.x.x.x...................x.x.x.xx...x.x.x..........x.......x.x...x....x.x.x.....x..x.x.......x.x........x.x.x......x.x.x........x.x........x.x.x......x.x.x........x.x.......x.x.x......x.x.x.......x..x..,2186,Hard,True
puzzle_879,17,A*AAA***AAA*AA*AAA*AA**AAA*AAA*A*AAAAA*A*AAAAAAAAAAA**AAA*A*AAAAAAAA*A*AAA*AA*A**AA*A*A*A***A*AAAAAAAAAAA*AAAAAAA*AAA*AA*AAAAA*AA*AAAAAAAA*A*AAAA*AAAAA*AAAAAAAAAAAAAAAAA*AAAAAAAAAA*AAAAAAA*AAAA**AA*AA*AAAAAAAAAAAAAA*A**AAA**AAA**AA**AAAAAAA*A*AAA*AAAAAAAAAAAAAA*AAA*AAAAAA***AAAAAAAAA*A*AA,x.x.x...x..................x.x.x.x.x.x.x.x..................x.x.x.x..x.x.x.x..................x.x.x.x.x.x..x.x..................x.x.x.x..x.x.x.x..................x.x.x.x.x.x.x.x..................x...x.x.x..x.x.x...x......x.......x...x.x.....x..x...x.....x.x......x...x.x......x.x...x.....x,2188,Hard,True
puzzle_880,17,A*AA*AA*A*A*AAA*A*A*AAA*AA*A*AAA*A*AAAAAAAA**A**A*AAA*A*AAAAAA*A**AA***A**AAAAA*A*AAAAAAAAA*A*AAAAA*AA**AAAAAAA*AAAAAA*AAAAAAA*AAAAA*A*AAAAAAAAAAA**A**A*AAAAAA*A*AAAAA*AAA*A*A**AAAAAAAAAAAAAAAA**AAAAAAA*AAAAAAAAAAAAAAA*A*AA*AAA****AAAAAAAAA*A*A*AAAA*AA*A*AAAAAAAA*AAAAAA**A*A*AAAAAAAA*A*A*,...x.x..x.....x...x........x.x...x...x.x.x......x...x........x.x...x...x..x.x.....x...x........x.x...x....x.x.x.....x..x.x.......x.x........x.x.x......x.x.x........x.x.......x..x.x......xx.x........x.x........x.x.x.....x..x.x.......x.x........x.x.x.....x.x.x........x.x.......x.x..x.....x.,2189,Hard,True
puzzle_881,17,AAAA*A*AAAAAAAAAAAAAAAAAAA*AAA*AAA**AA**AAAA*AAA*AA*AAA*AAAAAAAAA**AAA*AAAAAAAAAAAAAA*A*AAAAA*AAAAAA*AAAAAAA**AAAAAAA*AAAAAAAAAAAAA**AAAAA*AAAAAAA*A*A**AAAAAAAAAAA***A*AA***A*AAAAA**A*AAAAAAAAAAAA*AAA*AAAA*AAAAAAAA**AA*AAAA*AA*A*AAA*A*AAA*AA*AAA*AA*AAAAA***A*AAAAAAAAA*AAAAAA*AAAAAAAAAAA**,.........x.x.x.x..x.x.x.x..................x.x.x.x..x.x.x.x..................x.x.x.x..x.x.x.x...................x.x.x.x.x.x.x.x..................x.x.x..xx.x.x.x..................x...x.x.xx...x.x...x........x.....x...x..x.x...x.x...x........x.....x...x.x......x.x...x.....xx.x.....x.....x..,2191,Hard,True
puzzle_882,17,AAAAAAAAAAAAAAAAAA*AA*AAA*AAAAAAA**AA***AAAAAAAAAAAAAA*AAAAAAA*AAA*AAA*AAAAAAA*AAAA*A*AAA*AAAAA*A**AAAAAA**A*AAAAAAAAAA*AAAAAAA*A*AAAAAAAAAAAAAAAA*AAAAA*AAAAAAAA**A**AAAAA*A*AAAA**AAAAAAA*AA*AAA*AA*A**AAAAAAAAAAA*A*AAAAAAA*AAAAAAAAA*AAAAAAAA**AA*AAA*AAAAAAAAA*AAAAA*AA**A*AAAAA*AAA**AAA*AA,....x...x.x.x....x.x...x.......x..........x.x.x...xx.x.x.x...................x.x..x.x.x.x.x.x..................x.x.x.x..x.x.x.x..................x.x.x.x..x.x.x.x...................x.x.x.x..x.x.x.x........x...........x.x.x....x.x.x.x......x.x..........x.x......x.x.x.x......x.x.........x.x.,2192,Hard,True
puzzle_883,17,**AA*A**AAAAA*AAAAAAAAA*AAAA**AAAAAAA*AAAAAAAAAAAAAAAAAAAA*AAA*AAAAAAA***AAAAAA*A**AAAAAAA*A*AAAAAAA*A*A*AAAAAAAAA**AA*AAAAAAAAA*AAA*AAA**A*AAAAAA*AAAAAAAA**AAAAAAAAAAAAAA*AAAAAAAAAAAAA*AA**AAA**AAAAAA*AAAAAAAAAA**AA*AAAAAA*AA*AA*AAAAA*A**AAA*AAAA*AAAA*AAAAAA*AAAAAAAAAAAAAAAA*AAAAAAAAAAAA,........x.x.x.x...x.x.x..........x.......x.x.x.x...x.x.x..........x.......x.x.x.x....x.x...........x.x....x.x.x.x......x...........x.x.x..x.x.x.x..................x.x.x.xx.x.x.x...................x.x.x.x..x.x.x.x..................x.x.x.x..x.x.x.x..................x.x.x.x..x.x.x.x.........,2195,Hard,True
puzzle_884,17,AA*A**AAAAA*AAAA*AAA*AAA*AAAAAAAAA*AAAAAAA**AAAA**AAAAAAAAAAA***A*AAAAAAAAA*AAA**AA*AAAAA*AA*A*AAAAAAAAAAAAAAAA*AA**AAAAAAAAAAAAAAAA*AAAA**AAAAAAAA*AAA*AAAAAA*AAAAAA*AAAA*AAAAAAAAAAAAA*AAAAAAAAAAAAAAAA*AAAAAA*AAAAA***A*AAA*AAA**A*AAAAAAA*AAAAA**A*AAAAAAAAA*A*AA*AAAAA*AAAAAAAAAAAA*A**AAAA*,...x..x...x.x.....x......x.....x.x....x.x...x.x....x.x.....x.......x....x.x...x...x..x.x.....x...x........x.x.......x.x.x......x.x.x.......x.x........x.x.x.....x.x.x........x.x.......x.x..x.....x.x.x........x.x.......x.x.x......x.x.x.......x.x........x.x.x......x.x.x.......x..x.......x.x.,2196,Hard,True
puzzle_885,17,AAAAAA*A*AAA*A*AAAA*AAAAAAA**AAAAAA**AAAAAAA*AAA*AAAA*A*AAA*AAA***AAAA**AAAAAAAAAAAA*AAAAAAA*A*AAAAAA**A**AA*AAAAAAAAAAAAAA*AAAAA**AAA*AAAA**AAAAAA*AAAAAA*AAAAAAA*A*AAAAAAAA*AAA*AAA*A*AA*AAA*AAAA**AAAAAAAA*A****AAAAA*AAA*A*A*AAA*A*AAA*AA**AA*A*A*A*AAAAAAAAAAAAAA**AAA**AAAAAA*A*A***AAAAAAA,.......x.x.x.x....x.x.x.........x........x.x.x.x....x.x.x.........x........x.x.x.x....x.x.x.........x........x.x.x.x....x.x.x..........x........x.x.x.x..x...x.x.........x..x.....x.x...x..x...x.x.....x......x.....x.x....x.x...x.x.....x......x.....x.....x.xx...x.x...x........x.........x.x.x,2198,Hard,True
puzzle_886,17,A**AA*AAAAAAAA*A*AAAAAAAAAAAAAAAAAAAAAA*AAAAAAA*AAAAAAAAAA*AAAAAAAA*AAAAAAAAA*AAAAAAAAAAAA*A*AA*AAAAAAAA*A*AAA*AAA**AAAAAAAAAAA*AAA*AAA**AA*AAAAAA*A*AAAAAAAAAAAAAA*AAAA*A*A*AAAA*AA*A*AAAAAAAAAA*AAA****A*AA*AAAAA***AAAAA*AAAA*AAAAAAA*AAA**A*A*AAAAAA*A*AAAAA**AA*AAA***AA*A*AAAAAAA*A*AAAA*AA,......x.x.x.x....x.x.x.........x.........x.x..x...x.x.x.x........x..........x.x.x...xx.x.x.x...................x.x..x.x.x.x.x.x..................x.x.x.x..x.x.x.x..................x.x.x.x..x.x.x.x...................x.x.x.xx...x.x.x..........x........x.x.x.x...x.x.x..........x.......x..x.x.,2200,Hard,True
puzzle_887,17,AAAAAA**A*AAAAAAAAAAAAAAAA*AA*AAA*AAA***AAA**AAAAAAA*AAAAAA**AAAAAAA***AAAAAAAAAA*AA**AA*AAA**AAAA*AAAAAA*AAAAAAA*A*AAAAAAAAAAAA*AAAAAAAAAAA**AAAAAAAA*A*AAAAAAAAAAAAAAAAAAAAA**AAAAAAA**AA*A*AAAAAAAA*AAAAAAAAA*AA*AAAAAAAAA*AAAAA*AA*AAAAAAAAAAAAA**AA**A*A*AA**AAAAAAAA*AAAAAAAAAA*AAAAAAAAAAA,........x.x..x.x.x.x.x.x..................x..x.x.x.x.x.x.x..................x.x.x.x....x.x.x.........xx.......x.x.x........x.x.......x.xx.x......x.x..........x.x.....x.x..x.x.....x.x..........x.x.....x.x..x.x.....x.x..........x.x......x.x.x.x.....x..x.........x.x......x.x.x.x......x.x....,2201,Hard,True
puzzle_888,17,AAAAAAA*AAAAAAAAAAA*A*AAA*AA*A**AA*AAA**AAAA*AAAA*AAAAAAAAAA**AAAAA***AA*A*AAAAAAA*AAAAAAAA*AA*AAAAAAAAAAAAA*AAAAAAA*AAA*AAAAAA***AAAAAAAAAAAAA*AAAAA**AAAAAAA*AAA**A*AAAA*A*AA*A*AAAA******AAAAA****A*AAA*AA**AAAAA**AA*AA**AAAA**AAA*AAAAA*AAAAAAAAAAAAAAAA*AAAA***AA*AAA*AAA**AAAAA*A*AAA*AAA*,........x.x.x.x...x.x.x..........x.......x.x.x.x....x.x.x.........x........x.x.x.x....x.x.x.........x........x.x.x.x...x.x.x..........x.......x.x.x.x....x.x...........x.x....x.x.x.x........x.........x.x.xx...x.x...x..............x...x.x.xx.x.x.x...................x.x.x.x..x.x.x.x.........,2203,Hard,True
puzzle_889,17,AAAAAAAAA*AAAA**AAA*AA*AAAA**AAAAAAAA*AA*AAAAAA*AAAA*AA*A**AAAAAAAAA*AA*AAAA**AAAAAAAAA*AA*AA*AAAAAAAA*AAAAAAAAAA*AA****AAAAAAA*AAAAAA*AA*AAA*AAA**AA*A***AAAAAAAAAA*AAA*A**AAAAAAAAA*AAAAAAAAAAA*A*AA*AAAAAAAAAA**AAAAA*A*AAAAAAA*AA**AAAA*A***A**AAA*A*AAAA*AAAA*AAA*A**AAAAA*AAAAAAA*A*A*AAAAA,.x...x.x...x........x.....x...x.x..x...x.x...x........x.....x....x.x.x...x.x....x.......x......x...x.x.x...x..x...x.......x......x...x.xx.....x.x...x......x.x.........x.x......x.x.x.x....x.x.x..........x........x.x.x.x...x.x.x..........x.......x..x.x.x...x.x.x..........x.......x.x.x..x...,2204,Hard,True
puzzle_890,17,*AAAAAAAAA*AA**A**AAAAAAAAAAAAAAAAAAA*AAAA*AAA*AAAA*AAAAAAA*AAA*AAAAAA*AAAAAAAA***AAA*AA*A*AAAAAAAAAA*A*AAAAA*AA**AA***AA*AAAA*AAA*AAAAAAAAAAAAAAAAAA**AAAA*AAAAAAAAAAAAAAAAAAAAAAAAAAAAA***A**AAAAAAAAAAA*AAAA*AAAAAAAA**A*AAAA*AA*AAAAAAAA*A*AAA*AA**AAA*AAAA*A*AAA**A*AAA*AA*A*AAAA*AA*AAAAA*A,.x...x.x.x..........x.......x.x.x..x...x.x.x..........x.......x.x.x.x....x.x.x.........x........x.x.x.x...x.x.x..................x.x.x.x.x.x.x.x..................x.x.x.x.x.x.x.x..................x.x.x.x....x.x.x.........x........x.x.x.x...x.x..x.........x........x.x.x.x..x.x.x...........x,2207,Hard,True
puzzle_891,17,AAAAAAA*AAAA**AAAAAA*AA*AAAAAAA*AA*AAA*AA*AAAAAAAAAAAAA**AAAAAAAAA*AAAAA*AAAAAAAAAAAAAA*AAAAAAAAA*AAAAA*AAAA*AAAAAAAAAAAAAA**AA**AAAAAAAAA*AAAAA*AAAAAAAAAA*AAAAAAAA*A**AAAAAAAAAAAAAAAAAAAAAAAAAAAAAA*AAAA*AAAAAAAAAAA*AAAAAAAAAAAAAAAAAA*AAAAA*A**AAA*A**A*AAAAA*AAA*AA***AAAA*AAAAAA**AAAAA*AA,....x....x.x..x..x.x....x........x.....x...x..x.x...x.x...x........x.....x...x.x.x....x.x...x.......x......x...x.x.x....x.x...x........x.....x....x.x.x...x.x....x.......x......x...x.x.x..x.x.x...x..............x...x.x..x.x.x.x...x..............x...x..x.x.x.x.x...x..............x....x.x.x.,2208,Hard,True
puzzle_892,17,A*AAAAA*AAA***AAAAAAAAAAAAAAAAAA*AAAA**AAAA*AA*AAA*AAAAAAAAAAAAAA*AAAAAA*A*AAAA*A*AAAAAAA*A*AAAAAA*AAA**AAAAAAA*AAAAAAAAAAAAAA**AA**AAA*AAAAA*A*AA*A*AAAAAAAAAA*AAA**A**AAAA*AAA*AAAAAAA*AAAAAAAA*AAAA***AAAA*AAAA*AAAAA*AAAAAAAAAA*A*AAAA*A**AA****AA*AA*AAAAAAAAAAA*AA*A***AA*A*AA*AA*AAA*A*AA*,......x.x.x...x..x.x.x...........x......x.x..x.x...x.x.x...........x.......x.x..x.x...x.x.x..........x........x.x.x.x..x.x.x.x...................x.x.x.x..x.x.x.x..................x.x.x.x..x.x.x.x..................x.x.x.x..x.x.x.x...................x.x.x.xx.x.x...x..............x...x.x..x.,2210,Hard,True
puzzle_893,17,AAAAAA**A*AAAAAA*AAAAAAAAA*AA**AA*AAA***AAA**AAAAAAA*AAAAAA**AAAAAAA****AAAAAAAAA*AA**AA*AAA**AAAA*AAAAAA**AAAAAA*A*AAAAAAAAAAAA*AAAAA*AAAAA***AAAAAAA*A*AAAAAAAAAAAAAAAAAAAAA**AAAAAAA**AA*A*AAAAAA*A*AAAAAAAAA*AA*AAAAAAAAA*AAAAA*AA**AAAAAAAAAAAA***A**A*A*AA**AAAAAAAA*A*AAA*AAAA*AAAAAAAAAAA,........x.x..x.x.x.x.x.x..................x..x.x.x.x.x.x.x..................x.x.x.x....x.x.x.........xx.......x.x.x........x.x.......x.xx.x......x.x..........x.x.....x.x..x.x.....x.x..........x.x.....x.x..x.x.....x.x..........x.x......x.x.x.x.....x..x.........x.x......x.x.x.x......x.x....,2212,Hard,True
puzzle_894,17,AA*AAAAAAAAAAAAAAA*AAAAAAA*AAAAAA*AAA*AAA*AAA*A**AA*A*A*AA*AA*AAAA*A*AAAAAAAA*A*A*AAA*AAAAA*AAAAAAAAAAAAA*A*A*A*AAA**AAA*A*A*A*A*AAAAAAAAAAAAA***AA*A*AAAAA*A**AAAAAAAA*AAAAAAA*A**A***AAAAA**A**AAAAAAAAA*AA**AAAAAA*AA*AAAAAA*AAAAAAA*A*AAAAAAAA*A*A*A*A***A**AAA*AAAAAAAAA*AAAAAA*AAAA*AAA*AAA,.x....x...x.....x....x...x...x.x..x.x...x...x..............x...x.x.x..x.x.x...x..............x...x.x.xx.x.x.x..................x.x.x.x...x.x.x..........x.......x.x.x.x...x.x.x..........x........x.x.x.x...x..x.x.........x........x.x.x.x....x.x.x.........x........x.x.x.x....x.x.x.........x.,2214,Hard,True
puzzle_895,17,AAAAA*AAAAAA*AA**AAAAA*AAAAAAAA*AAAAAAAAAAAAAAA*A*AAAAAA*AAAAAAAAAAAAAAAAAAAA*AAAA*AAAA*A*AAA*A**AAAA*AAAAAAAA*A*A*AAAAA*AA***AAAAA**AAAAAA*AAAA***AAAA*AAAAA***AAAAAAAAAAAA*AAAA*AAA*AAA*A*AAAAAAAAAAAAAAAAA*A*AAAAA**AAA*A*AA***AAAAA**AAAAA**AAAAA*AAA*A**AAA*AAA*AAA*AAA**A*AAA*A*AA*AA**AAA*,x.x.x......x............x.x...x.x..x.x.x.....x............x.x...x.x..x.x.x.....x............x.x...x.x..x.x.x.....x............x.x....x.xx.x..x......x............x.x...x.x.x.x..x.....x............x.x...x.x..x.x.x.....x....x.......x.....x.x....x.x...x.x....x.x.....x......x.....x.x...x..x...,2215,Hard,True
puzzle_896,17,AA*AAAAA**AA*A*AAA*AAA*AA*A*AAAAAA*AA*AAAAAAAAAA**AA*AA*AA*AAAAAA*A**AAAAAAAAAAAAAAA*A***AA*AAAAAAAAAAAAAAAAA*A*****AAA*AA*AAAAAAA*A**AAAAAAAAAAA*AAAAAA*AAAA*A*AAAA*AA**AAAAAA***A*A*AAAAAAAAAAAAAAAAAAA*AAAAAA*AAAA*AAAAAAAAAAAAAAAAA*AAA*AAAAAA*A*AAA**AA*AA*A*AAAAA*A*AAAAAAAAAAAAAA****AA*AA,...x.x.x.......x.x........x.x.x.....x..x.x........xx........x.x.x.....x.x.x........x.x.......x.x.x......x.x.x.......x..........x.x.x...x.x..x.x.......x..........x.x.x...xx.x.x.........x........x.x.x.x.....x.x..........x.x.....x.x.x.x......x.x.........x.x......x.x.x.x......x.x.........x.x.,2217,Hard,True
puzzle_897,17,AAAAAAAAA*A*AAAAAA*AAA*AAAAAAAAAAA*AA*AAAAAA*AA*AA*AAAAAAAAAA*AAAAAAAAAAAAAAAAAAAAAAAAAAAAAAAA*AA*A*A*AAAAAAAAAA*A*A***AA*AAAA*AAAAAAAAA*AAAA*AAA*AAAAAAA**AAA*AAAAAAAAAAA**AAA*AAA*AAA*AAA*AAAA*AAAAAAAAA*AAAAAA*AA*AAAAAA*AA*A*AA***AAAAAAAAAAAAAAA*AA*A**AAAA**A*AAA*AAAAAAAAAAAAAAAA*AAA*AA**,.x...x..x.x.........x........x.x.x.x...x.x.x..........x.......x.x.x.x....x.x.x.........x........x.x.x.x...x.x.x..................x.x.x.x.x.x..x.x..................x.x.x.x..x.x.x.x..................x.x.x.xx.x.x..x..................x.x.x.x.x.x.x.x...................x.x.x.x..x.x.x.x.........,2219,Hard,True
puzzle_898,17,*AA*A*AAAAA*A***AAAAAAA*AAAA*AAAAAAA*AAAAAAAAAA*A*AAAA*AAA***A*AAAAAAAAA*AAAAA*AA*A*AAA*AAAAAA**A*A*AAAAAAAA*AAAAA*A*AAAA*AAA*AAAAAAAAA*AAAAAAAA*AAAAA*AAAAAAA**AA*AAAAAA**AA*AAAAAAAAAAA*AAA*A*AAA*AAAAAAA*AAAA*AA*AAAAAAA*AAAA*AA*A*AAAAAA*AAAA*A**A*A**A*AAA*AA*AAAAAAAAAAAAAAA*AAAAAAA*A*A*AA,....x.x.x.x.......x..........x.x.x...x.x..x.x.......x..........x.x.x...x.x.x.x........x.........x.x.x....x.x.x.x.......x..........x.x.x...x.x.x..x.......x..........x.x.x...x.x.x.x........x.........x.x.x....x...x.x.......x....x.....x.x.x..x.x....x........x.....x...x.x.x....x.x...x.......x.,2221,Hard,True
puzzle_899,17,A*AA**AAAAAAAAAA*AAAAAAAAAAA**AA*AAAAAAAAAA**AAAAAAAAAAAAA**AAAAAAA*A*AAA*AAA*AAAA*AA*AAAAAAA*A**AA*AAAAAAAA*AAAAAAAAAAAAAAAAAAAAAAAAAAAAAAAAAAAAAAAAAAAAAAAA*AAAAAAAAA**AAAAAA***A**AAAAAAAAAAA*AAA*AA**A*AA***AAAAA**AA***AAAAAAAA*A*AA*AAAAAAAAAA*AAA**AAAAA*AA***AA*A**AAAAAAAAAAAAA*AAAA*AA*,.......x...x.x.x..x.x.x...x..............x...x.x.x..x.x.x...x..............x...x.x.x..x.x.x...x..............x....x.x.x.x.x.x....x..............x...x.x.xx.x...x...x..........x...x....x.x.x.x...x...x..........x...x...x...x..x...x...x...x..x...x...x...x......x...x.......x.xx...x....x.x.....,2222,Hard,True
puzzle_900,17,AA*AAAAAAAAAAA**A*AAAA*A*AAAA*A*AAAAA*AAAA*AAAAAA*A*AAA*AAA*AAAAAAAA*A**AAAA*AAAAAA*AAAA*AA**AA*AAAAAA*A*AA*AAAAAAAAAAA*AAAA*AA*A*AAAAAAAAAAAAAAAAAAAAAAAAAAA*AAAAAAAAAAAAAAAAAAAAAAAA*AAAAAAAAAAAAAA*AAAAAA*AAAAAAAAAA**AAAAAAAAAAA*AAAAAAA*AAAAA*AAAAAAAAAAAAAAAAAAAAAAAA*AAAAAAA*AA*AAAAA*AAAA,.....x.x.x.x......x.x.........x.x......x.x.x.x......x.x.........x.x......x.x.x.x.....x.x..........x.x.....x.x.x.x.......x..........x.x.x...x..x.x.x......x...........x.x.x..x.x.x...x......x.......x...x.x....x.x.x.........x........x.x.x.x...x.x.x..........x.......x.x.x.x...x.x.x..........x.,2224,Hard,True
puzzle_901,17,*AAAAA*AAAAAA**A*AAAAAAA*AA*AAAAAAAA*AAAAAAAAAA*AA*AAA**AA****AAA*AAA*AAAAAA*A*AA**A*AAAAAAA*AA*AAAAAAAAAAAAA*A*AA**A*AA******AA*AAA*AA*AAA*A*AAAAA**A**AAA*AAAAAAAAAAAAA**A*AAAAA*AAA***AA*AA*A**AAAAAAAAAAAAAAAA*A***AA*AAAAAAA*AAAAAAAAAAAAAAAAAA*AA**AAAAAAAA*AAAA*A**AA*AAAAA*A*AA*AAAA*AAAA,...x.x.x.x........x.........x.x.x....x.x.x.x........x.........x.x.x....x.x.x.x.......x..........x.x.x...x.x.x.x........x.........x.x.x....x.x.x.........x........x.x.x.x...x.x.x..........x.......x.x.x.x...x.x.x..........x.......x.x.x.x....x.x...........x.x....x.x.x...x.....x........x...x.x,2226,Hard,True
puzzle_902,17,*AAAA*AAAAAAA*AAAA*AAAAAA*AA*AAAAAAAAAAAAAAAAAA*AAAAA*A*AA*AAAAAA*A**A*AAA*AAAAAAA*AAA*AAAA*A*AAAAAAAAAAA*AAAAAAAAAA*AA*AAAA*AAAAA**AAAAAAA*A*AA*AAAA**AAAAAA*A*AAAA*A***AA*AA*AAAA**AAAAAAAAAAAAAAA*AAAAAA*AA*AAAAAAAAAAAAAAAA*AAAAAAAA**AAA**AAAAAAA*AAAAAAAAAAAAAAAAAAAAA*AAAAA**AA*AA**AAA*AA,..x.x.x.x..................x.x.x.x.x.x.x.x..................x.x.x.x..x.x.x.x..................x.x.x.x.x.x.x.x..................x.x...x.xx...x.x.....x......x.....x.x.....xx.....x.....x.x....x.x...x.x......x...........x.x.x...x.x.x.x........x.........x.x.x....x.x.x.x........x.........x.x.x.,2228,Hard,True
puzzle_903,17,*AAA*A*AA*A*A*A**AAAAAAAAAAA*A**AAAAAAAAAAA*AA*AAAAAAAAA****A**AA*A*AAAAA*AAA*AAAAA**A*AA*A**A*AAAA*AA*AA*A*AAA*AAA*AAA*A*AA*AAAAAAA*A*AA*AA*AAA*AAAA***AAAA**A*AA*AA*AAAAA**A*AAA*AAAAA*AAAAA**AAAAAA*A*AAAA*AAAAAA*AAA**A*AAA*AA*AAA**AAAAAAAAAAAA**AA*AAAAAAAA*AAAAA**AAAAAA*A*AAA*AAAAAAA*AAA,.....x.x....x.x...x.x.....x......x.....x.x...x.x...x.x......x.....x.....x.x....x.x...x.x.....x......x.....x.x...x.x.....x......x.....x.x...x..x...x.x.....x......x.....x.x...x.x....x.x.....x.....x......x.x...x.x...x.x.....x......x.....x.x...x.x....x.x.....x.....x......x.x...x.x...x.x......,2229,Hard,True
puzzle_904,17,A*AAAA**AAAAAAAA*AAAAA*AAAAAAAAAAAAA**AAAAAAAAA*A*A*AAA*AAAAAAAAAA*AAAAA*AAAAAA*AAAAAAAAAAAAAAAAAA***AA*AA*AAAA*AAAAA*AA*AAAAAAAA*AA**AAAAAAA**A*AAA*A*AAAA*AAAAAA**AAA*AAAAAA*A*AA*AAA*A*AAAAA*AAA**A*AAAAA*AAAAAAA*AAAAAAAAA**A*AAA*AAAAAAAAAA*A*A***A*AAAAAAAAAAAAAAAA**AAAA*A*AA*AA*AA*AA**AA,..x.x.......x.x........x.x.x.....x.x..x.......x.x........x.x.x.....x.x.x........x.x.......x.x.x......xx.x........x.x.......x.x.x......x.x.x.......x..x.......x.x.x......x.x.x.......x.x.........x.x......x.x.x.x.....x.x..........x.x.....x.x..x.x.....x.x..........x.x.....x.x.x..x.....x.x.....,2231,Hard,True
puzzle_905,17,AAAAA*AAAAAAAAAAAAAAAAAAAAAAAA*AA*AAAAAAAAAAA*AAAA*AA*AA*AAAAAAA*****AAAAAAAAA*AAA*A*AAAAAA*AA*AAAA*A***AAA**A*AAAAAAA*AA*AAAAA*AAAAAAAA*AAAAAAA*A*AAA*A*AA*AAAAAAAAAAA*AA*AAAA**AAAAAAAAAAAA*AAAAA*AAAAAA*A*A*AAAAAAAA*AAAAAAAA***AAAAAAA*A*AAAAAAAA**AAAAAAAAAAAAAAAAAAAA*A*AAAA*AA*AAAAAAAAAA*,..x.....x...x...xx...x.x...x........x.....x....x.x.x...x.x....x.......x......x...x.x.x....x.x...x........x.....x...x.x..x...x.x...x........x.....x...x.x..x...x.x...x........x.....x....x.x.x...x.x....x.......x......x...x.x.x....x.x...x........x.....x...x.xx.x...x.x............x.....x.x.x..,2234,Hard,True
puzzle_906,17,AAAAAAAAAAAAAA*AAAAA*AA*AA**AAAAA**AAA*AAAAAA*A*A*AAAAAA***AAA***AAA*AAAAAAAA*AAAAAAAA**AA*AA*AAAA*A***AAAA*A**AAAA*AAAAA**AAAAAA*AAAA**AAA*A*AA*AAAA*A*A*AAAAAAAAAAA*AAAA*A*A*A*A*AAAAAA*AAAAA*AAAAAAA*AA***A**A**AAAAAAAAAAAAAA*A*AAA*AAA**AAAAA*AA**AAA*AAAA*AAAAA*AAAAA*****AA**A**A*AAAAAAAA,..x...x.x..x.....x...x........x.x...x...x.x.x......x...x.........x.x..x.....x.x.x....x...x.x.......x....x.......x.x...xx...x.x.x..................x.x.x.x.x.x.x.x..................x..x.x.x.x.x.x.x..................x.x.x.x..x.x.x.x..................x.x.x.x..x.x.x.x..................x.x.x.x.,2235,Hard,True
puzzle_907,17,AAAA*AAAAAA*A*AAAAAA*AAAAAAAAAAAAAA**AAAAAAAAAAAAA*AAAAAAAAAA*AAAAAAAAA**AA*AA*AAAAAAAA*A**AAAA*AAAAAAAAAAAAAA*AAAAAAAA*A*AAAAAAAAAAAAAAAA*AAAAAAAAAA*AAA*AAAAAA*A*AAAAAAAAAAAAAAA**A*AAAAAAAAA*AAAAAAAAAAAAAAAA**AAAAAAAAAAAAAAAAAAAAAAAAAAAAAAA*AAAAAAAAAAAAA*AA*AAA**AAAAAAA*A*AAAA*AAAA*AA*AA,.x.x.x.........x........x.x.x.x...x..x.x.........x........x.x.x.x...x.x..x.........x........x.x.x.x....x.x.x..........x........x.x.x.x...x..x.x.........x........x.x.x.x....x.x.x.........x........x.x.x.x...x.x..x.........x........x.x.x.x..x.x.x.x...................x.x.x.x.x.x.x..x.........,2237,Hard,True
puzzle_908,17,*AAAAAAAAAA*AAAAA*AA*A*AAA*AAA*A***A**AAAA*AA***AAAAAAAAAAAAA*AAAAAAAA*AAAAAAAA*AA**AAAAAAAAAAAA*AAA**A*A*A*AAAAAA***A*AAA*A*AAA*AAAAAA*AA*AAAAAAAA*A*AAAAAAAAAAA*AAA*AA*AA*A*A**AA*AAAAAAAAAA**AAAAA*A*AAA**AAAAAAAAAAA*AAAAAAAA**AAAAAAAAA*A*AAA*AAAAAAAAAAA*AAAAAAAA*A*A*AA*AAAAAAAA*AAAAAAAAA,...x..x...x.....x.x......x...x.x......x.x...x.....x..x.....x...x.x..x...x.x.........x........x.x.x.x..x.x.x.x..................x.x.x.x...x.x.x..........x.......x.x.x.x...x.x.x..........x........x.x.x.x....x.x.x.........x........x.x.x.x....x.x.x.........x........x.x.x.x...x.x..x.........x.,2238,Hard,True
puzzle_909,17,AAAA**AAAAA*A*AAAAAA**AAAAAAAAAA*AAAAA*AAAAAA*AAA*AAA*AA**AAAAAAAAAAAA*AAAAA*A*A*AAAAAA*AAAAA*A*AAAAAA*AAAAAAAAAAAA**AA*AAAA*AAAAAAAA*AAAAA*A*AAAAAAAAAAA*A**AAA*AAAAA*AAAAA*AAAAAAAAAAA*AAAAAAAA*AAAA*AA**AA*AAAAAAAAAAAAAAAAAAA***AAA*AAA*AAAAAAAAAA*A*AAAAAAAAAAAAAAAAAAAA*AAA*AA*AAA*AAAAAAAA,.x.x..x.x..................x.x.x.x.x.x.x..x..................x.x.x.x.x.x.x.x..................x.x.x.x..x.x.x.x..................x.x.x.x.x.x.x.x..................x.x.x.x..x...x.x.........x..x.....x.x.x........x.x.......x.xx.x......x.x.........x..x.....x.x.x.x......x.x..........x.x.....x.x.,2240,Hard,True
puzzle_910,17,*AA*A*AAA*AA*AA*A*AA***A*AA*AAAAAAAAAAA*AA*AA**A*AA**A*AAAA*A*AAAAAAAAAA*AAAAA*AAAA*AAAA***AAAA*AAAAAAAA*AAAAAAA*AAA*AAAA**A**AAA*AAAAAAAAAA*A*AA*A*AAAAA*AAA**AA*AAAAAAAAAAAAAAA*AAAAAAAA*AAA*AAAAAA*A*AAAAAAA*A*AAAA*A*AAAAAA*AAAAAAAAAAAAAA*AAA*AA*AAAA**AAAAAAAAAAAAAAAAAAAAAAA***AAA*AAAAA*A,.x..x.x...x..............x...x.x.xx.x.x.x...................x.x.x.x..x.x.x.x..................x.x.x.x..x.x.x.x..................x.x.x.x..x.x.x.x...................x.x.x.x..x.x.x.x........x..........x.x.x...x.x..x.x.......x...........x.x.x...x.x..x.x......x...........x.x.x..x...x.x.x......,2242,Hard,True
puzzle_911,17,AAA*AAAAAAAA*AAAAAAAAAAAAAAAA*AAAAAA*AAAA*AAAA*AAA**A*AAAAA*AA*AA*AAAAAA*AA**AAAAAAAAAA*AAAAAA**AAA**AA*AAAAAAAAAAAAA*AAAAAAAAAAAAAA**AAAAAAAA*AAAAAA*A**AAA*AAA*AAAAAAAAA**A**AAAAAAAAA*A*A*AAAAAAA*A*AAAAAAA**A*AAAAAA***AAAAAAA*AAA*AAAAAAAAAAAAAAAAAAAA*AAAAAAA**AAAA*AAAAAAAAA*AAAAA**A*AA**,.........x.x.x.x..x.x.x.x..................x.x.x.x..x.x.x.x..................x.x.x.x..x.x.x.x...................x.x.x.xx.x.x.x..................x.x.x.x..x.x.x...........x......x.x.x.x....x.x...........x.x....x.x.x.x.......x..........x.x.x...x.x.x.x.......x..........x.x.x...x.x.x.x........,2244,Hard,True
puzzle_912,17,AA**AA*A*AA*AAAA**AAAA*A*AAAA*AA*A**AAAAAAA*AAAAA*AAAAA***A*AAAA**AAAAAAA*AAAAA*A*A*AAAA*AAAAAAAAA*AAA*AA*A*A*A**AAAAAA***AA****AA*A*A*AAAAAA**AAAA**AA*AAAA*AAA***AAA*A*AAAAAAAA*AAAAAAAAAAAAAAAAAAAAAAA**AAAAAA*AA*AAAAAAA*AAAAAA*AAAAA*A**AAA*AAA*AAAAA***A**AAAAAAAAAAA*AAAAAAAA*AAAAA*AAAAA*,.....x.x.....x.x..x.x.....x.x..........x.x......x.x.x.x......x.x..........x.x.....x.xx...x.....x.x......x...x.x.....x......x.....x.x...xx.x.....x.....x......x.x...x.x....x.x.....x.......x....x.x....x.x...x.x......x.....x......x.x...x.x....x.x.....x.....x......x.x...x.x....x.x.....x.....x.,2245,Hard,True
puzzle_913,17,AAA*A*AA*AA**AAA*A*AAA*AAA*AAA**A***AAAAA*AAAAA**AAAA***AAAAA**AAAAAA*A*AAAAA**AAA*A*AAAAAAAAAAAAAAAAAAA*AAAA*AAA*AAA*AAAAA***AAAAAAAAAAAAA*AAAA*A*AAAA*AA*AA***AAAAA**AAAAAAAAAAA*A*A*AAAAAA*A*AAA*A**AAAA*AAAAAAAAA*AAAAAAAAAAAA*AAAAAAAAAAAAAAAAAAAAAAAA*A*AAAAAA*AAAAAAAA*AAAAAAA*AAAAAA*AA**,....x.x...x..x...x.x.....x......x.....x.x...x.x....x.......x.....x.x..x.x.x.....x............x.x...x.x.x.x..x.....x............x.x...x.xx.x..x......x...........x.x....x.x.x.x.x.....x............x.x...x.x..x.x.x.....x............x.x...x.x..x.x.x.....x............x.x...x.x.x.x.x......x.....,2247,Hard,True
puzzle_914,17,AAAAAA*A*AAA*A*AAAA*AAAAAAA**AAAAAA**AAAAAAA*AAA*AAAA*A*AAA*AAA***AAAA**AAAAAAAAAAAA*AAAAAAA*A*AAAAAA**A**AA*AAAAAAAAAAAAAA*AAAAA**AAA*AAAA**AAAAAA*AAAAAA*AAAAAAA*A*AAAAAAAA*AAA*AAA*A*AA*AAA*AAAA**AAAAAAAA*A****AAAAA*AAA*A*A*AAA*A*AAA*AA**AA*A*A*A*AAAAAAAAAAAAAA**AAA**AAAAAA*A*A**AAAAAAAA,.......x.x.x.x....x.x.x.........x........x.x.x.x....x.x.x.........x........x.x.x.x....x.x.x.........x........x.x.x.x....x.x.x..........x........x.x.x.x..x...x.x.........x..x.....x.x...x..x...x.x.....x......x.....x.x....x.x...x.x.....x......x.....x.....x.xx...x.x...x........x.........x.x.x,2248,Hard,True
puzzle_915,17,AAA*A*AAAAA**AAAAA*AAAAAAAAAA**AAAA*AAA*AAAAAA*AAAAAAAAAAAAAA**AA*AAAAAA*A*AAAAAAA*AAAAAAAA*A*AAAAA*AAAA**AAAAAAAAAAAA*AA*AAAAAAAA*AAAA*AAAAAAAAAAA*A*AAAAAA*AAAAA*AAA**A*AA*AAAAAAAAAAA*AAA**AA*AAAA*AAAAAAAAAAAAAAAAAAAAA*AAAAAAA*AAA***AAAAAAAAAA*A*AAAAAAAAAA*AAAAAAAAAAAAAAAAAAAAAA*AAA*AA*A,........x.x..x.x.x.x.x.x..................x..x.x.x.x.x.x.x...................x.x.x.x..x.x.x.x..................x.x.x.x..x.x.x.x...................x.x.x.x..x.x.x.x........x.........x.x...x....x.x.x.....x..x.x.......x.x.........x.x......x.x.x.x.....x..x.........x.x......x.x.x.x.....x.x.....,2250,Hard,True
puzzle_916,17,AAAAAAA*A*AAAA*AAA**AA*AAA***AA*A*A*A*AAAAAA*A*AAAAAAA*AAAAAAA*AAA**A*AAAAA**AAAAAA*AAAAAAA*AAA****A*A*A*AAAA*AA*A*AAAAAAAAAAAAAA*AAAA*A*AA*AAAAAAAA*AAAAAAAAAAAA*AAA*AAA*AA*A*AAA*AAA**AAAAAAAA*A*AA*AAAAAAAAAAAAAAA*AAAAAAAAAAAAAA*AAAAAAAA*AAAAA*AAAAAAA*AAAAAAAAAAAAAAAAAAAAA**AA*AAAAAAAA*A*,..x.......x..x.x.x...x.x.x..........x........x.x.x.x...x.x.x..................x.x.x.x.x.x.x.x..................x.x.x.x..x.x.x.x..................x.x.x.x..x.x.x.x..................x.x..x.xx.x.x.x..................x.x.x...x.x.x.x........x.........x.x..x...xx.x.x.........x........x.x.x.x....,2252,Hard,True
puzzle_917,17,AAAAAAAAAAAAAAA*AAAA**AAAAA*AA*AAAAAAAAA*AAAAAAAAAAA*AAA**A*AAAAAA*AAAAAAAAAAAAAAAAAAAAAAAAAAAAAAAA*AAAAAAAAAA*AAA*A*AAAAAA*AA*AAAA*AAAAAAAA*AAAAAAAA*AA**A*AAA**AA*AAA*AAAAAAAA*AAA***A*AAAAAAAA*A*AAAAAAAAAAAA*AAA*AAAAAAAAAA*AAAAAAAAAAAAAAAAAAAA**AAAAAAAAAAAA**AAAAA*AA*AAAAAAAAAAAAAAAAAAAA,..x...x.x.x......x...........x.x.x..x.x..x..x......x...........x.x.x..x.x.x.x........x..........x.x.x...x.x.x..x.......x..........x.x.x....x.x.x.x........x.........x.x.x....x.x.x.x........x.........x.x.x....x.x.x.x........x..........x.x.x...x.x..x.x.......x..........x.x.x....x.x.x.x......,2254,Hard,True
puzzle_918,17,*A**AAAAAAAAAA*AA*AA**AAAA*AAA*AAA*AAAA*A**AAAAAAAAAAAA*AAAA*AAAAAAA*AAAAAA**AA*AAA*AAAAAA**A*AA*AAA*A*AAAAAAAAAAAA*AAAAAAAAA*AAAAAAA*AAAAA*AAAAAAAA*AA*AA*AA*AAAAAAA*AAAAAAAAAA*AAAAA*AA*AAAAAAAAAAA*AAA*AAAAA*AAAA*A*AAAA*A**A**AAA**AAAAAAAA*AAA*AAAAAA*AAAAA**AAA*AA*AAAAA*A**AAAAAAA*AAA*AAA,.x..x.x...x..............x...x.x.x.x.x..x...x..............x...x.x.x.x.x.x....x.............x....x.x.x.x.x.x...x..............x...x.x.x.x.x..x...x..............x...x.x.x.x..x.x...x..............x...x.x.x.x.x.x....x.............x....x.x.x.x.x.x...x..................x.x.x.x..x.x.x.x........,2256,Hard,True
puzzle_919,17,AAAAA*A**A*AAA*AA*AAAAAAAAAA*A*AAAAAA*AA*AA***AAAAA***A*A*AAAAAA*AAAA*AAAAA**A*AAA*AAAAAAAAAAA*AA**AA*AAAAA*AAA*AAA*AAAAAAAAAA*A*A*AAA*AA*A*AAAA*AAAAAAAA*AAAAAA*AAAAAA*AAAA*AA*AAAAA*AAAA*AAAAA**A*AA*A*AAAAAA*AAAAA*AAA*****A*AA**AAAAAA*A*AAA*AAAAA*AAA*AAAAAAAAAA*A*AAAAAAAA*A*AAAAA*A*AA*A*A,.x.........x.x.x....x.x.x.x........x..........x.x.x...x.x.x.x.......x..........x.x.x...x.x.x.x........x.........x.x.x....x.x...x.......xx.....x...x..x.....x.x...x......x.x.....x...x.x......x.x.........x.x......x.x.x.x.....x.x..........x.x.....x.x.x.x......x.x.........x.x......x.x.x.x.....,2257,Hard,True
puzzle_920,17,*A*AAAAAAAAA*AAA**AA*AA*A*AAAAAAAAAA*AAAAAA*AA***AAAAAAAAAAAAAA*A*AAA*AAAAAAAAAAAA*A*AA****AA*AAAAAAA*AAAAAAAAAA*A**AAAAAAAAA*AAA*A*AAAAAA*A*AAAAAAAAAA**A*AAA*AAAAAAAAAAAAA*AAAAAA*A**AAAA*AA*AAA*AAA*AA*AAA**AAAAAAAAAAAAAA*AA**AAAAAAA*AA*AAAAA***AAA**A*AAAA*A*AAAAAA*AA*AAA*AAA*AAAAAAAAAAAA,.x.x.x.x..................x.x.x.x..x.x.x.x..................x.x.x.x.x.x.x.x...................x.x.x.x..x.x.x.x..................x.x.x.x..x.x.x.x...................x.x.x.xx...x.x.x..........x.......x.x...xx...x...x.....x....x...x...x.....xx.......x...x.x....x.x.x.........x........x.x.x.x..,2259,Hard,True
puzzle_921,17,*AA*AAAAAA**AA*AAAAA**A*A*AAAAAAAA*AAAAAAAAAA**A*AAAA*AA*A**AAAAA*AAA*AAAAAAAAAA*AA**AAAAAAAAA*AAAAAAAA*AAA*AAAAA*AAAAAAAA*AAAA****A*AAAAAAAAAA*A*AAAAAAAAA*AAAA**AAAAAAAAA***AAAA**AAA*A*A*AAA*AAA**AAAAAA*A*A*AAAAAAAA*AAAAA*A*A*AAAA*AAAAAA**A*AAAAA*AA*AAAAAAAAAAAAA*AAAAAAAAAA**A*AAAAAAAAA*,..x.x.x..x.......x..........x.x.x....x.x.x.x........x.........x.x.x....x.x.x.x........x..........x.x.x....x.x.x.x......x.x.........x.x.......x..x.x.....x.x.x........x.x.......x.x..x.....x.x.x........x.x........x.x.x.....xx.x.x........x.........x.x..x...x.x.x.x........x..........x.x.x...x.,2261,Hard,True
puzzle_922,17,AA*AAAAAAAAAAA**AAAAA*AAAA**AA*AAA*A*AAA*AAAAAA*AAAA*AAAAAAAAA***A***AAA*A****A*A*AAAAAAAAAAAA*AA***AAAAA**AAAAAAAAAAA*AA*AAAAA*AAA**AA*AAAA*AAAAA*AAAAAAAA*A*A*AAA**AAAA*AAAAA**AAAAA*AA*AA*A*A*AAAAA***AAAAAAAAAAAA*A*AAAAAAAAAAAAAA*AAA*AAAAAAAAA**AA**AAAA*AAAAAAAAA*AAAAA***AAA*AAAA*AAA*AAA,.......x.x.x.x....x.x.x..........x........x.x.x.x..x.x.x.x....................x.x.x.x.x.x.x.x..................x.x.x.x..x.x.x.x..................x.x.x.x..x.x.x.x..................x.x..x.xx.x.x.x..................x...x.x.xx...x.x...x........x.....x....x.x.x...x.x...x........x.....x...x..x.,2263,Hard,True
puzzle_923,17,AAAA**AA*A*AAA*AAAAAAA*A*AAA***AAAA*AAAAAAAAAA*AAAAAAAAAAAA*AAAAA**AAA*A*AAAAAAAAA*AAAA*AAAAAAAAA*AAAAA***AAAAAAAAAAAAAAAAAAAAAAAAAAAAA*AA*A*A*AAAAAAAAAAAAAAAA*AAAAAA**A*AAA*A*AAAAAA**AAAAAAA*AAAAAAAAAAAAA**AAAAAAAA*AA*AAAAAAAAAA**AA*AAAA**A*AAAAAA*AAA**AAAAAA*A*AAAAAAAAAAA*AAAA*AAAAAAAAA,......x....x.x.x.x.x.x....x..............x...x.x.x..x.x.x...x..............x...x.x.x..x.x.x...x..............x...x.x.x..x.x.x...x..............x....x.x.xx.x.x.....x............x.x.....x.xx.x.......x.x........x.x.x.......xx.x.......x...x......x.x.x...x.....x........x...x.x...x.x..x...x....,2264,Hard,True
puzzle_924,17,AAAAA*A*A*A*A*AAAA*A**AAAA*A*A*AA*AAAAA*A*AAA*A*A*AAAAA**AAA*AA*A**AAAA*AAA*AAAAAAAAAAAA***AAAAAAAA*A*A**AAAAA***A*AAAAAA***A*AAAAAAAA***A*A*A**AA***AAAA*AAA*AAAAAAAAAA**AAAAAA*AAAA**A*AA*A***A*A*A*A*AAA*AAAAAA***A**AAAA*A*AA*A*A*AAAAAAAAAAA*AA*A*****A*AA*AA*A*A*AAAAA*AAA**A*AA*AA*A*A*AAA,.x..x.......x...x......x.x.x...x..x.x.x.......x..........x.x.x.....xx.x.x.........x........x.x.x.x....x..x..........x.x.....x.x.x.x......x.x.........x.x......x.x.x.x......x.x.........x.x......x.x.x.x......x.x.........x.x......x.x.x.x.....x.x..........x.x.....x.x.x.x........x.........x.x.x,2266,Hard,True
puzzle_925,17,AAAAAAA*A**AAAAAA*AAA*AA*AAAAAAAAAAAAAAA**AAA***AAAAAAAAAA**AAAAAA*A*AA*AAAAAAAAAA***AAA*AAAA**AAA*AA*AAA*A*AAAAAA**AAAA*AAAAA*AAAAAAAAA*A*AAAAAAA***AAAAAAAAAAAAAAAAAAAAAAA**AAAAAAA**AAAAAAAAA*A*AAAAAA*A*AAAAAAAAA*AA*AAAAAAAAAAA*AA*AAAAA*A*A*A**A***AAAAAAAAAAA*AAAAAAAA**AAAAAAAAAAAA*AAAA*,.x.x..x.x..................x.x.x.x.x.x.x..x..................x.x.x.x..x.x.x.x........x.........x.x.x......x.x.x.......xx.x.......x.x.........x.x......x.x.x.x.....x.x..........x.x.....x.x..x.x.....x.x..........x.x.....x.x.x.x......x.x.........x..x.....x.x.x.x......x.x.........x.x......x.x.,2267,Hard,True
puzzle_926,17,*AAAA*A*AAAAAAA*AAAAA*AAAAAA**A*AAA*AAAAA**AAAA*AAAAAAAAAAAAA*A**AAAAAAAAAAAAAAA*AA*AAAAAAAAA*AAA*A*A**AAAA***AAAAAAAA*AAA**AAAAAAAAA*AAAAAA*AAA*AAAAAAA*AA**AAAAAAAAAAAAA*A*AAA*AAA*AAA**AAAAAAAAA*A***A**A*AAAAAAAAAAAAAA*A*AAAA*AAAAAAA*AAAAA**AAAA**AAAAAAAAAAAAAAAAAAAAAA**AAAAAAAAAAAAA*AAA,..x.x.....x...x..x.....x.x.......x..x.......x.x.x......x.x.x.......xx.x........x.x........x.x.x.....x..x.x.......x.x........x.x.x.....x..x.x.......x.x........x.x.x.....x..x.x.......x.x........x.x.x......x.x.x........x.x........x.x.x.....xx...x.......x.x....x...x.x.x......x...x.......x..x.,2270,Hard,True
puzzle_927,17,AA*A*A*AAAAAAA*AAAAAAAAAAAAAAA*AA*AAA*A**A*A**AAAAAA*AAAAAA*A*AA*AAAA*AAAAAAA*AA*AAAA*AAAAAAA*AAA*A*AAA*AAAAAAAAAAA*AA**AAAAAA*AA**AAAAAAA*AAAAA*AAAAAAAA*AAAAAAAAA*AAA*AAAA*A*AAAAA*AAAAAAAA*A*A**AAAAAA*AAA*A*AA*AAAAA*AAAAAAAAA*AA**AAA*AAAA*A*AAAAAAAAAA*AAAAAAA*AAAA*AAAAAAA***A*AAAAA*A*AA*,.x.......x...x.x....x.x.x...x.....x........x....x.x..x.x.x.....x....x.......x.x...x....x.x.x.........x........x.x.x.x...x.x.x..........x.......x..x.x.x...x.x.x..........x.......x.x.x.x....x.x.x.........x........x.x.x.x...x.x.x..........x.......x.x..x.x...x.x.x..........x.......x.x.x.x....,2271,Hard,True
puzzle_928,17,AAA*AAAA*AA*AAAA*AAA*AAAAA**AAAA*AAA*A***AAAA*A*AAA*A***AAAAAAAA*AA*AAAAAAAAA*AAAA**AAAAA*A*AAAAAAAAAAAAAAAAAAA*A*AAAAAAA*AAAAAA*A*AAA*AA*AAA*AAAAAA*AAAAAAAAAAAAAAAAAAAAA*AAA*AAA*AA*AAAAAAAAAAA***AAA*AAAAAAAAAAAA**A***AAAAAAA*A*A*AAAAAAA*AAAAAAAA**AAA*AA**AAA*AA*AAAAAAAAAAAAAAAAAA*AAAAAAA,x.x.x.....x............x.x...x.x...x.x......x.....x......x.x...x.x..x.x.x...........x........x.x.x.x...x..x.x.........x........x.x.x.x....x.x.x.........xx........x.x.x.....x..x.x.......x.x........x.x.x......x.x.x.......x..x.......x.x.x......x.x.x.......x..x.......x.x.x......x.x.x.......x.,2273,Hard,True
puzzle_929,17,AA*AA**AAAAAAAA*AAA*A*AAAAAAAAA***AAAA**A**AAAAA*AAAAA*AAAA*AAAAA**AAAA*A*AAAAA*AAAAAA**AAAAAAAAAAAAAAAAAA*AAAAAA***AAA*A**AAAA*AAAAA*A*A**AA*A*AA*AA*AAAAAAAAAAAAAAAA*AA*A*AA*AAAAAA*AAA*AAAAAAAAA**AAA*AAAAAAA*A*AA**AAAA*AAAAAAAAAAAAAA*A*AAAAAAAAAAAA*AA*A*AAAAA**AAAAAAA*AAAAA*AA*AAAAAAA*AA,.x.x.....x......x.....x.x...x.x...x.x......x.....x.....x.x....x.x...x.x.....x......x.....x.x...x.x....x.x.....x.....x......x.x...x.x....x.......x.....x.x..x.x.....x.x..........x.x.....x.x.x.x......x.x.........x.x......x.x.x.x.....x.x..........x.x.....x.x..x.x.....x.x..........x.x.....x.x.,2274,Hard,True
puzzle_930,17,A*AAAAA*AA*AAAA*A*AA*AAA*A**AAA*A*AAAA**AA**AA*AAA***AAAAAAAA*AA*AAAA*A**AAAAAAAA*AAAA*AAAAAAAAAAA**A***AAAAAAAAAAAAAAAAAAAAAAAAA*AAA*AAAA**AAAAAAAAAAAAAAAAAA*AAA*A*AA*AA***AA**AA*AAAAA*A*AAAAAAA*AA*A*AA*AAA***AAAAAAAA**AAAAA*AAA**AAAAAA*AAAA*AAA*AAAA*AAAAAAAAAAAAAAAAAAA**A**AA*AAAAAAAAA*,x...........x.x.x..x.x.x.x........x.........x..x.x...x.x.x.x........x.........x.x.x....x.x.x.x..................x.x.x.x.x.x.x.x..................x.x.x.x.x.x.x.x..................x.x.x...x.x.x.x........x.........x.x.x....x.x.x.x.......x..........x.x.x...x..x.x.x.......x..........x.x.x...x.,2277,Hard,True
puzzle_931,17,*AAAAA*A*AAAA**AA*AAAAA*A*AAAAA*AAA*AA*A*AAAAA**AAAAA*A*A**AA*A*AAAAAAAAAAAAAA**A***A*AAAAA*AA*AAAAAAAA*AAAAAAAAA**AAAA*AAAAA**AA*AA*AA*A***A*AAA*AAA*AAAA*A*A**AA*AAAAAAA*AA*AAAAA*A*AAA**A*AAA*AAA*AAAAAAA**A**AA**AAAAA*AAAAAAAA*AAA**AAAAAAAA*AAAAAAAA*AAAAA*AAAA*AA*A*AAAAAA*AAAAA*A*AAAA*AA,.....x.x.x.....x..x.x.......x.x........x.x.x.....x..x.x.......x.x........x.x.x......x.x.x........x.x.......x.x..x.....x.x.x........x.x........x.x.x.....xx...x.......x.x....x...x.x.x......x...x........x.x...x...x..x.x.....x...x........x.x...x...x.x..x.....x...x.........x.x..x.....x.x.x....,2279,Hard,True
puzzle_932,17,AA*AAAA*AAA*A*AAA**AAAAAAAAAA***AAA*A**AA***AAA*AA**AAA**AAAAA**AA*AAAAAA*A*AAA***A*AAA*AAAAAAAAAAAAAAAAAAAA*AA***AAAAAA*AAAAA*AAAAAAA*A**A*AAAAAAAA*A*AAAA**A***AAAAAA*AAAA*AAA*AAAAA*AAAAAA*AAA*A*AAAAAA*AA**A*AAAAAAAA*AA*AAAA**AAAA*AAAA*AA*AAAA*A*AA**A*A*A**AAAAAAA*AAAAAA*AAAAAAA*A**AAAAA,.x....x.....x.x......x...x.x.....xx.x...x.....x............x.x...x.xx.x.x.x..................x.x.x.x...x.x.x..........x........x.x.x.x....x.x.x.........xx........x.x.x......x.x.x.......x..x.......x.x.x......x.x.x.......x..x.......x.x.x......x.x.x.......x.x........x.x.x.....x.x..x.......x.,2280,Hard,True
puzzle_933,17,AAAA*AAA*AA*A**A*A**AAAAAAA**A*A*AA*AAAAAAAAA*AAAAAAAAAAAAAAAA*AA***A*AA*A*AAAAAAAA*AAA*AAA*AAAA***AAAAA*AAA*AAAAAAAAA*AAAA*AAAA*AA*AAA*AAA**AAA*AAAAA**AAAAAAAAAA*A*A*A*AA*A**A*AAAAAAAAAA*AAAAAAAAA*A*AA*AAAAAAAAAAA*A*A*AAAAA*AAAAAAAAAA*AAAAA*AA*AAAAAAAAAAA*AAAAAAAAAA**AAA***AA**AAA***A*AA,..x.......x.x..x.x...x.x.x..........x.......x.x.x..x...x.x.x..................x.x.x.x.x.x.x.x..................x.x.x.x..x.x.x.x..................x.x.x..x.x.x.x.x..................x.x..x.x.x.x.x.x..................x.x.x.x.x.x.x.x..................x...x.x.xx.x...x...x..........x...x....x.x.,2282,Hard,True
puzzle_934,17,AAAAAAAA**AA*AAA*AAAA*A*A*AAAAAA**A**A*AAAAA*A*AAAAAAAAAAAAAAAA***AAAAAAAAAA*AAAAA*AAA*AAAAA*AAAA*AAAAAAAAAA**AA**AAAAAAAA**AAAAAAAAAAA*AAA***AAAA**AAAAAAAAAAAAA**A*AAA*A*AAA*A*AAAAAA*AAAAAAAAAAAAA*AA*AAAAAA*AA*AAAAAAAAAA*AAAAAAAAA*AAAAAAAA*A*AAAAAAAAA*AAAAAA*AAAAAAA*AAAA*AAA*A*AAA*AAAAAA,...x.x.......x.x..x.....x.x.x........x.x.......x.x.x......x.x.x.......x.x........x.x.x.....x.x.x........x.x.......x...xx.....x...x...x....x.....x...x...xx...x.x.......x....x.....x.x.x........x.x.......x.x.x......x.x.x.......x.x........x.x.x.....x.x.x........x.x.......x.x..x.....x.x.x.....,2284,Hard,True
puzzle_935,17,AAAAAAAAAAA***AAA*A*AAA**AAAA*AAAA*A*AAAAAAAAAAAAAAAAAAAA**A**AAAAA***AAAAAAAAAAA**A*A*AA***AAAAAAAAAAA*AAAAAAAAAAAA*AAAAAAA**A**AAA*A*A*AAAAAAAA***AAA*AAA*A*AAAAAAA*AAA*AAAAAA*A*AA*AAA*AAAAAAA*AA*AAAAA*AAAAA**A*AAAAA**A*A*AAAAAAA*AAAA*AA*A**A*AAAAA*A*AAAA**AAAA**AAAAAA*AA*A*A*AAAAA*AAA**,...x.x.x.x........x.........x.x.x....x.x.x.x.......x..........x.x.x...x.x.x..x.......x..........x.x.x...x.x.x.x..................x.x.x.x.x.x.x.x..................x.x.x.x..x.x.x.x...................x.x.x.xx.x...x.x............x.....x.x...x.x....x.x.....x......x.....x.x...xx.x.....x.....x..,2285,Hard,True
puzzle_936,17,AAAA*AAAAAA*A*AAAAAA*AAAAAAAAAAAAAA**AAAAAAAAAAAAA*AAAAAAAAAA*AAAAAAAAA**AA*AA*AAAAAAAA*A**AAAA*AAAAAAAAAAAAAA*AAAAAAAA*A*AAAAAAAAAAAAAAAA*AAAAAAAAAA*AAA*AAAAAA*A*AAAAAAAAAAAAAAA**A*AAAAAAAAA*AAAAAAAAAAAAAAAA**AAAAAAAAAAAAAAAAAAAAAAAAAAAAAAA*AAAAAAAAAAAAA*AA*AAAA*AAAAAAA*A*AAAA*AAAA*AAAAA,.x.x.x.........x........x.x.x.x...x..x.x.........x........x.x.x.x...x.x..x.........x........x.x.x.x....x.x.x..........x........x.x.x.x...x..x.x.........x........x.x.x.x....x.x.x.........x........x.x.x.x...x.x..x.........x........x.x.x.x..x.x.x.x...................x.x.x.x.x.x.x..x.........,2287,Hard,True
puzzle_937,17,AAA*AAAA*A*AAAA*AA*AAAAAA*AAAAAAAAAA**AAA*AAAAAAAAA**A*AAAAAAAAAAAAAAA**A*AAAA*AA*A*AAA*AAAAA*AAAAAAAAAA*AA*AAAA**A*AAAAAAAAAAAAAA*AAA*A*AAAAAAAAA*****AAA*AA*A**AAAA*A*A*A*AAAA*AAAAAAAAAA*A*AAA**AA*A*AAAAAAAAAAAA*AA**AAAAAA**AA*AAAAA*A*AAAAAA*AAAAAAAAAAAAA*AA*AA*AAAAAAAAA*AA*AAAAAAAAA**AA,x...x....x.x.......x...x......x.x.x...x...x.x........x.........x.x.xx...x.x.x..................x.x.x.x.x.x..x.x..................x.x.x.x.x.x.x.x..................x.x.x.x.x.x..x.x..................x.x.x.x..x.x.x.x..................x.x.x.x..x.x.x.x...................x.x.x.x..x.x.x.x........,2289,Hard,True
puzzle_938,17,*AAAAAA*AAAAAAAAA*A*AAAAAAAAA*AAAAA*AAA*AA**AAAA*AA*AAAAAA**AAAAA*A*AAAAAA*AAAAAA*A*AAAAAAA*AAAAAAAAA*A**AAAAAAAAAAAAAAAA*A*AAAAAAAAAAAAAA*AAAAAAAAA*AAAAAA*A*AAA*AAAAAAAAAA*AA*AAAAAAAAA*AA*AAAAAAA*AAAAAAA*AA*AAAAAAAAAAAA*AAA*AA**AAA*AAAAAAAAAAAAAAAA*AAA*AA*AAAAAAA**AAAAAA**A*A*AAAAA**AA*A,.x.x.x......x............x.x...x.xx.x.x.x...................x.x.x.x.x.x..x.x..................x.x.x.x.x..x.x.x..................x.x.x.x..x.x.x.x...................x.x.x.x.x.x..x.x..................x.x.x.x.x..x.x.x..................x.x.x.x..x.x.x.x........x..........x.x.x...x.x..x.x.......,2291,Hard,True
puzzle_939,17,*A*A*AAAAAAAA*AA*AA**A*AAA*AAA*AAAAAAAAAAA*AA*AA*A*AAAA*A*AAAAAAAAAAA*A*AAAAA*AAA*****AAAA**AAAA**AA*AA**AAAA*AAAAAA*A*AAAA*A*AAAAAA**AAAA*AAAAAA*A*AAA*AAAAA*AAAAAAAAAAA****AAA*A*A**AAAAAAAAAAAAAAAA**AAA*AA**AAAAAAAAAA*AAAAAAAAAA*AA*AA***AA***AAA**AAAAAAAAAAA*AAA*A*AAA**AA**AA*A*A*AAAAAAA,.x.x..x.x..................x.x.x.x.x.x.x.x..................x.x.x.x.x.x.x.x..................x.x...x.xx...x.x.....x......x.....x.x.....x....x.x.....x.x..x.x.....x.x...........x......x.x.x.x.x...x.x............x.....x.x.x..x.x...x.x............x.....x.x.x.x.x....x.x...........x......x.x.x.,2292,Hard,True
puzzle_940,17,***AAAAAAAAA*A*AAAA*AAAA*AAAAA*AAAAAAAA*A*AAAAA*AA*AAA*AAAA*AA*AA*A*AAAAAAAAAAAAAAAA*AA*AAAAAAAA*AA*AAAAAAAA*AAAAAAAAAAAAAAAAAAAA*AAAAAAAAAA**A*AAAAAAAAAAAAAAAAAA*AAAA**AA**AAAAA*AAA*AA*A*AAAAAAAAA*AAAA*AAAA*AA**AAAA*A*A**AA*A*AAAAAAAAAAAAAAAAAAA**AAAAAAA*A*A*AAAAA*AA*AAAAAAAA*AAA*AA*A*AA,.......x.x.x.x....x.x.x..........x........x.x.x.x..x.x.x.x...................x.x.x.x..x.x.x.x..................x.x.x.x..x.x.x.x...................x.x.x.x..x.x.x.x........x.........x...x.x....x.x.x...x....x.x.......x....x.....x.x.x...x....x.x...........x.x.....x.x.x.x......x.x.........x.x.,2294,Hard,True
puzzle_941,17,AAAAAAAAAAAAAAAAAA*AA*A*AAAA**AAAAAAAAA*AAA*AAAAAA**AAAAAAAAA*AAAA*AAA*AAAA**AAAAAAAAAAAAAAAAAAA**AAAAAAAA**AAAAAAAAAAA**A*AAAAAAAAA*A*AAAA**AAAAAA**A*AAAAAAAAAAAAAA*A*AAA*AAAA*AA*A*AAAAAAAAAAAAAAAA*AA*AAAAA*AAA*AAAAA*A*AAAA**AAA*AAAAAA**A*AAAAAAAAAAAAAA*****AAA*AAAAAAAAA*AA*AAAAAA*A*A***,.x.........x.x.x....x.x.x.x........x.........x.x.x....x.x.x.x........x.........x.x.x....x.x.x.x........x..........x.x.x....x.x.x.x......x.x..........x.x......x.x.x.x.....x..x..........x.x......x.x.x.x....x.x.x...........x......x...x.x.x..x.x.x...x..................x.x.x.x..x.x.x.x........,2297,Hard,True
puzzle_942,17,AAAAAAAA**A*A*AAAAAA**AAA**AAAAAAAAAAAAAA*A*A*A*AA**AA*AAA*A*AAA*A*A*AAA*AAAAA****A*AAAAAAAA*AAAAA*AAA*AA*A*AAA*AAA*AAAAAAAA*A*AAAAAAA*AAAAAA*AAAAAA**AAAA*AAA**AAAAA*AAAAAAAAAAAAAA*AA**A**AAAAAA*A*AAAAAAA*AAAAAAAAAAAA**AAAA***AAA*AAA*A*AAAA*AAA*AAAAAAA**AAAAAA**AAAAAAA*AAAA*A*AAA*A*AAAAAA,x.x.x.........x........x...x.x...xx.x.....x.....x......x.....x.x...x.x....x.x.....x......x.....x.x...x..x...x.x.....x..x.........x.x...x..x.x.x.x........x..........x.x.x....x.x.x.x........x.........x.x.x....x.x.x.x........x.........x.x.x....x.x.x.x........x.........x.x.x....x.x.x.x.......,2298,Hard,True
puzzle_943,17,AAAAAA*A*A*AAA*AAAA*AAAAAA****A*A*A*A*A*AAAA*AAAA*AAAAAAAAAA**AAAAAAAAA*A*AAA*AAA*AA*AAA*AAAAA*AA*AAAAAAAA*AA*A*A**A*AA*A**AAA*AAAAAAAAAAAAAAAAAA*A*AAAAAA*AAAAAAA*AAAAAAA*AAAAAAAAAAA**AAA**AA*AAAA*A*A*AAA*AA**A*AAAAA*AAAAAAAAAAAA*AAAAAA*A*AAAAAAAAAA*AAA*AAAAA*A**A**AAA**A*A****AA*A*AA*AAA,x..x.....x.x..........x.x.....x.x.x.x......x.x.........x.x......x.x.x.x.....x..x.........x.x......x.x.x.x.....x.x..........x.x.....x.x....x.....x.x.....x....x.x.....x.x...x......x.x.....x...x.x......x.x...x.....x..x.....x...x.x......x.x...x.....x.x......x...x.x.....x.x....x.....x.x.....x.,2299,Hard,True
puzzle_944,17,*A*A*AAAAA*AAAA*AA*AAAAAAAAAAAAAAAAAAAAA**A*A*A*A*AA**AAAAAAAAAA*A**AA*AA*AA*AAAAA*AA*A*A*AA*AAAA*AA**AA**AAA***AAA*A*A*AA*A**AA*AAAAAAAA**AA*AAA**AAAA*AAAAAAA*AAAAAAA*A**AAAAAAAAA*A*A*AAAAAA*AAAAA*AAA*A*A*AA*AAAAAAAAA*AA*AAAAA*AAA*AAAAA**A*AAAAAAAA**AAAA*AAAA***AAAAAA**AAAA*AAAAA*AA*AAAA,.x.x.x.....x............x.x....x.xx.x.x.......x..........x.x.x...x...x.x........x...x......x.x.x...x..x...x.......x...x..x.....x.x...x......x.x.....x...xx.x.....x.x..........x.x......x.x.x.x......x.x..........x.x.....x.x..x.x.....x.x..........x.x.....x.x..x.x.....x.x..........x.x.....x.x.,2301,Hard,True
puzzle_945,17,A**AAAA*A*A*AAAAAA*A*AAA*AAA*A*A**AAA***AAA*A**AAAAAAAAAAA*AAA*AAA*AA*AA**AAAA*AA*AAAAA*AAAAA*AAAAAAA**A*AA**AAAAAAA*AA*AAAAA*AAAAA*AA*A**AAA*AAAAAAAA*AAAAAAAAAAAAA*A*AAAA*AAAAAA**AAA*A*A**AAAAA*A*AAAAAA*A*AAAAA**A**AAAAAAAAAAAA*AAAAAAAAAAA**AAAA**AAAAA*AAAAAAAAAAAAAA**AA*AAAAA*AAA*AAAAAA,........x.x.x..x.x.x.x.x..................x.x..x.x.x.x.x.x...................x.x..x.x.x.x.x.x..................x.x.x.x..x.x.x.x..................x.x.x.x..x.x.x.x...................x.x.x.x..x.x.x.x........x...........x.x.x..x.x.x.x........x.........x.x.x.....x.x.x........x.x.......x.x.x...,2303,Hard,True
puzzle_946,17,*AAAAAAA*AA*AA**AAAAAAAAAAAAAAAAA*AAAAAAAAAAAAA*AAAAAAAAAAAAAAAAAAA*AAAAA*AAAAA*AAAAAA*AAAAAAA*AAAA*AAA*A*AAA*****A*AAAAAA*AAA**AAAAAA**AAAAAAAAAAA**AA*AA*AAAAAAAAAAAAAAA*AAAAAAAA*AAAA*AAA*A*A**AAA*AAAAAA*AAAA*AAAAA*A*AAAAAAAAA*AAA*A*A*AAAAAAAAAAAAAA*AAA*AA*AAA*A**AAAAAAAA*AAAAAA*AAAAAAAA,.x...x.......x..x...x...x.x.x......x...x........x.x...x....x.x.x.....x....x.......x.x....x...x.x.x......x...x.......x.xx...x.....x.x......x...x.x.....x..x...x.....x.x......x...x.x......x.x...x......x.x.....x....x.x.....x.x....x.....x.x......x...x.x.....x..x...x.....x.x......x...x.x.....x.,2305,Hard,True
puzzle_947,17,A*AAAAAAA**A*AAA**AAA*A*AAAAA*AAAAAA***AAA*AAAAA*AAAA*A*A*AAAAA**AAAAAAAAAAAAA**AAAAAAAAA*AAAAAAAAAA*A*AA*AAAAAA*AAAAA*A*AAAAAAAAAAAAAAA**AAA*AAAA*A*A*A*AAAAAA*AAAAAA**A**AAAAAAA*AAAAAAA*AAAAAAAAAAAAA*AAAAAAAAAAAA**AAAAAAA*AAAA**A*A*AA**A***AAA**AAAAAAAA*AAAA**AAAAAAA*A*AA*AAAAAA*AAAAAA**,.....x.x.....x.x..x.x.....x.x..........x.x.....x..x.x.x.....x.x..........x.x......x.x.x.x.....x.x..........x.x.....x.x.x.x......x.x.........x.x......x.x.x.x.....x.x..........x.x.....x..x.x.x.....x.x..........x.x.....x.x..x.x.....x.......x....x.....x.x.x...x....x.x.......x...x......x.x.x..,2306,Hard,True
puzzle_948,17,AAAA*AAAAA*A*AAA*AAA*AAAAAAAA**AAAA**AAA*AAA*AAAAAAAAAA*AAA*AAAAAAAA*AAA**AAAA*AAA*A*AAA*A*AA*AAAA**AA*AA*AAAAAAAAAAAA*A*AAAAAAAAA**AAA*AAAAAA*AAAAAAAAAA*A**AAAA**AAAA*AAAAA**AA*AAAAA*AA*A*AAAAAA**A**AAAAAAAA*A*AA*AAAAAA**A*AAA*A*A***AAAAAA*A*AAA*AAAAAA***A*AAA*AA***A*A*AAAA*AAAAAA*AAA*AA,...x.....x...x.x..x...x.x...x........x.....x...x.x.x....x.x...x.......x......x...x.x.x...x.x....x.......x.....x....x.x.x...x.x...x........x.....x...x.x......x.x...x.....xx.x.....x...x........x.x.......x.x.x......x.x.x.......x.x........x.x.x.....x..x.x.......x.x........x.x.x.....x.x.x.....,2308,Hard,True
puzzle_949,17,*AA*A*AAAAAAAAA**A*AA*AA*AAAA*AAAAAAAA*A*A*AA*AA*A*A*A*A*AAAAA*AAA*A*A**AAAA*AA*AAAAAAA*AAAA*AAA*AAAAAAA*AAAAAA*AAAAA*AAAAAA*AAAAAAAAAAAAAAAAAAAAAA*AAA*AAAAAAA*AAAAAAA*AAA**AAAAAA**AAAAAAAA*AA**AAAAAAAAAAAAA*AA*AA**AA*AA*A**AAAAAAA*AAA*AAAAAAA*AAAAAA***AAAAA*AAAA*AAAAAAAAAAAAAAAA*AA**AAA*,..x.x.x.....x............x.x...x.x.x.x.x......x............x.x...x.x.x..x.x.....x............x.x...x.x.x.x..x.....x............x.x...x.xx.x.x.x...................x.x.x.x.x..x.x.x..................x.x.x.x.x.x..x.x..................x.x.x.x.x.x.x..x..................x.x.x.x..x.x.x.x.........,2309,Hard,True
puzzle_950,17,AA*AAA*A*AAAAAA*A*A**AAAA*AAAAAAA*AA*AAAAAAAAAA**AAAAAAAAAAAA*AAA*AAA*AAAAAAAAA*A***AA*AAAAAA*AAAAAAAAAA**AAA*AAAAA*A*AAA**AAAAAAAAAAAAA*AAAAA*AAAAAAA*AAAAA**AAAAAAAAAAA*AAAA*AAA*A*A*AAA*AAA*AAAAAAAA*AAAAAAAAAAAA*AAAA*A**A*AAA*A*AAAAA*AAAAAA*AAA**AAAAA*AA**A*AAAAAAA*AAAAAAA*AAA***A*AAAAA*,...x.x.x.x........x.........x.x.x....x.x.x.x.......x..........x.x.x...x.x.x.x..................x.x.x.x.x..x.x.x..................x.x.x.x.x.x.x.x..................x.x.x.x.x.x..x.x..................x.x.x.x.x.x.x.x..................x.x...x.xx.x.x.......x..........x.x.x.....x.x.x........x.x..,2312,Hard,True
puzzle_951,17,AAAA*AA*AAAAAAAAAAAAAAAAAAAAAAA*AA**AAAAAA*AAAA**A*AAAAAAAAAAAAAAAAAAAAAAAAAAAAAAAAAAA*AAAAAAA***AA*A*AAAAA*A*A*AA*A*AAA*A*AAA*AAA**AAAAAA***A*A**AA*AAAAA*AAAAA*AAAAAAAAAAAAAAAAA**AAAAA**AAAAAAA**AAAA*A*AAAAA*AAAAAAAAAAAAAA*AAA*AAAAA**AAAAAA*AAAA**A*AAAAA*AAAAAA*AAAAAAAAAAA*AA*AAAAA*AAAAA,..x...x...x..x...x...x...x......x...x...x...x.x........x...x.....x.xx.....x...x.x......x.x...x......x.x.....x....x.x.....x.x....x.....x.x......x...x.x......x.x...x.....x..x.....x...x.x......x.x...x......x.x.....x...x..x.....x.x...x......x.x.....x....x.x.....x.x....x.....x.x......x...x.x..,2314,Hard,True
puzzle_952,17,*AA**A**AAAA*AA*AAAAA*AA*AAAAA*AAA*AA*AAAAAA*AA*AAAAAAAAA*AAAAA**A*AAAA*A*AAA*AAAAA*AAAAAA*A*A*A**A*AAAAAAA*AA**AAAA*AAAAAAAAAA*A*AAAAAA*AA*AAAAAAAAAAA*AAAAAAAAAA*AAA*AAAAA*AAAAAAAAAAAAAAAAAAAA*A*A*AAAAAA**AA*AAAAAAAAA*A**A*A*AAA***A**AA*AA**AAAA*A*AAAAAAAAAAAAAAAAAA***AA*AA*AAAA*AAAAA*AA,.....x..x.....x.x.x.x......x.x..........x.x.....x.xx.x.x.....x............x.....x.x.xx.x.x...x..............x...x.x...xx.x.x.........x........x.x.x.x....x.x.x..........x........x.x.x.x....x.x.x.........x........x.x.x.x....x.x.x.........x........x.x.x.x....x.x.x.........x........x.x.x.x...,2315,Hard,True
puzzle_953,17,A*AAAA*A*A**AAA*AA*AAA*AAAAAAAA*AAAAAAAAAAA*AAAA*A*AA***AA**AAAAAAAAA**AAAAAAA*AAA*AA*A*A*AAA*AAAAAAAAAA*AAAAA**AAAAAA*A*AAAA*AAAAAAAAAAAAAAA*AA*AA*AA*AAAAAAAAAAAA*AAAAAAAAA*AAAAA*A***AAAA*AA*AAAA***AAAAAAA**AAAAAAAAAAAA*AAA****AAAAAAAAAAAAAAA*AAAAAAA*AAAAA*A*AAAA*AAAA**AAAAAAA*AAAA*A*AAA,x.x..x.x..................x.x.x.x..x.x.x.x..................x.x.x.x.x..x.x.x..................x.x.x.x..x.x.x.x..................x.x.x.x.x.x.x.x..................x...x.x.x..x.x.x...x..............x...x.x.x.x..x.x...x..............x...x.x.xx.x.x.....x............x.x...x...x.x.x......x...x..,2317,Hard,True
puzzle_954,17,AA*A*AA**AAAAAAAAAAAAAA*AA*AA*AAAAAAAA*AA*AAAAAAAA*AAAAAAAAA***AAAA*AAAAAAAAAA*AAAAAAAAAAAAAAAAAAAAAAAA*AA*AAAA*AAAAA***AAA*AA*AA**AAAAA*AA*AAAAAAAAAAAAAAAAA*AA*A*AAAAA*A*AAA**A*AAAAA**AAAAAAA*AAAAA*AAAAA*AAA*AAAAAA**A*AAA*AAAAA*A*AAAAAA**AAAAAAAA*AAAAAA*A**AAAAAAAAA**A*AA*AAAAAAAAAAAAAAA,...x.x...x.x......x.....x.....x.x....x.x...x.x......x.....x.....x.x....x.x...x.x......x.....x......x.x...x.x....x.x.....x......x.....x.x....x.x...x.x....x.......x.....x.x..x...x...x.x....x...x...x......x...x...x...x..x...x...x...x......x...x...x....x.x...x...x....x......x..x....x....x.x..,2319,Hard,True
puzzle_955,17,*AAAAAAAA**AAAA*AAAAAAAAAAAA*AAAAAA*A*AAAAAAAAA**AAA*AAAAAAAAAA*AAA*AAAAA*AAAAAA*AAAAA***AAAAAAAAAAAAAA*AAAAA*AAAA*AA*AAA**AA*AAAAAAAA*AAA*A*AAA*A**AAAAAAA*AAA**AAAAAA*AAA*A*AAA*AA*A*AAAAAAAAA*A**AAAAAAAAAAAAAAAA*AAAAAAAAAAAAAAAA*AAA*AA*AAAAAAA*A*A*A*A*AA*AAAA**AAAAAAAAAAAA**AA*AA*AA*AA*A,..x.x.......x.x..x.....x.x.x........x.x.......x..x.x.....x.x.x........x.x........x.x.x......x.x.x........x.x........x.x.x......x.x.x.......x..x.......x.x.x......x.x.x........x.x.......x.xx.x......x.x..........x.x.....x.x..x.x.....x.x..........x.x.....x.x..x.x.....x.x..........x.x.....x..x,2320,Hard,True
puzzle_956,17,AA*AAAA**AAAAAAAAAAAAA*AAA*A**A*AAAAAAAAAAAAAAAAAAAAAAAAAAAAAAAAA*AA**A*AA*A*AAAAA*AA*AAAAAAAAAAAAA*A*AAA*AAAAAAAA*AAAAAAAAAAA**A**AAAAAAAAAA*AAAAAAAAA*AAAA*AAAAAA**AAAAA*AAAAA**A*AAAAAA*AA*AA*A*A*AAAAA*A*A*AAAA*AAAA**AAA*AAAAAA*AAA*A*AAA*AAAAAAAAA**A*AAAA*A*AA*AAAAAAAAAAAA*AAAAAAAA*AAAA*,....x.x..x.x.....x.x..........x.x.....x.x.x..x.....x.x..........x.x......x.x.x.x......x.x.........x.x......x.x.x.x.....x.x..........x.x.....x.x.x.x......x...........x.x.x..x.x...x.x............x.....x.x.x.x.x....x.x...........x......x.x.x.x.x...x.x............x......x.x.x.x.x...x..x......,2322,Hard,True
puzzle_957,17,AAAAAAAAAAA*AAAAAAAA*AAAAA*A*A*AAAAAAAAAAA*AAAAA*A*AA***A*AAA*AAA*AAAAAAAAAAA*AA*AAA*A*AAA*AAAAAAAAAAAA*AAAAAAAA*AAA*AA*AA**AAAAA*AAA*A*AAAAAAAAAA*A*A*AAA**AAAAAAA*AAA*AAAAAAAAAAA**A**AA*A*A*AAA*AAAAAAAA*AAA*AAAA**AAAAAAAAAAAAA*AAA*AAAA*AAAA**AA**AAA**AAA*AA*A*AAAAAAAAA*AAA*A***A*AAA*AAAA,..x.x.x.x..................x.x.x.x.x.x.x.x..................x.x.x.x..x.x.x.x..................x.x.x.x.x..x.x.x..................x.x.x.x..x.x.x.x..................x.x.x.x.x.x.x.x..................x.x.x.x..x.x...x.........x....x...x...x.x..x.x.......x.....x....x.x.x...x.....x........x...x.x,2324,Hard,True
puzzle_958,17,AAAA*AAAAAAAAAA*AAAAAA*AA*AAAAAAAAAAAAAAAAAAAA***AA*AA****AAAA*A*AAAAAAA*AAAAAA*AAAAAAA*AAAAA**AAAAA*A*AAAAA*AAAA*A**AA*AAAAA*AA*AAAAAAAAAAAAA*AAA*AAAA*AAAA*AA*AAAAAAAAAAAAAA*AAA*A*A*AAAAA**AAAAAAA*AAAAAA*AAA*A*A*AAAAA*A*AAA*AA*AAAAAAA*AAA*AAAAA*AA*AA*AA*AAAAAAA*AAAA**AAAA**AAAAAAAAAAA**A,..x..x.x.x.......x..........x.x.x...x.x.x.x..................x.x.x.x.x.x..x.x..................x.x.x.x.x.x.x..x..................x.x.x.xx.x.x..x..................x.x.x.x..x.x.x.x..................x.x.x.x..x.x.x.x..................x.x.x.x.x.x.x.x..................x.x...x.xx...x.x.....x....,2326,Hard,True
puzzle_959,17,AAAAAAAAAAAAA**AAAAAAAAAAAAAAAAA*AAAAA*AAA**AAAA*AA*AAA*A*AAAAAAAAAAAAA**AA*AAAAAAAAAAAAA**AAAAAAAAAAAAAAAAAAAAAAAAAA*AAAAAAAAA*AAAAAAAAAA*AAAAAAAAAA**A*AA*AAAAAAAAAAAAAAAAAA*AAAA****AAA*AA*A*AAAAA*AAA*AAAAAAA*AAAAA*AA**A*AA*A*AAAAAAAAAAAAAAAAAAAAAA*AAAA*AA**A*A*AAAAAAA**AA*AA*AAA*AAAA*AA,.x.x.x.........x........x.x.x.x....x.x.x..........x........x.x.x.x..x.x...x.........x........x.x.x.x..x.x.x.x...................x.x.x.x..x.x.x.x..................x.x.x.x..x.x.x.x..................x.x.x.x.x.x.x..x...................x.x.x.x..x.x.x.x........x.........x.x.x......x.x.x.......x,2327,Hard,True
puzzle_960,17,AAAAAAA*AA*AAAA*AAAAAAAAAAAAAAAA*AA*AAAAAA**AAAAA*AAA*AAAAAA*A*AAAAAAAA*AAAAAAAAA**AA**AAA*AAAAAAAAA*AAA*AAAAAA**AAA**AAAA**AAAA*AAAAAAAAAAAA*AAA*AAAAAA*AAAA**AAAAAAAAAA*AAAAA*AAAA**AAA*AA*AAA*AA*AAAAAAAA*AAAA*AA*AAAAA**AAAAAAA*AAAAAA**AA*A*AAAAAAA**AAAAAAAA*AAAAAAAAAAAA*AA*AAA*AAAAAAAAAA,.x.x.x.....x............x.x....x.xx.x..x......x............x.x...x.x.x..x.x.....x............x.x...x.x.x.x..x.....x............x.x...x.x..x.x.x.....x....x.......x.x....x...x.x.x......x...x........x.x...x...x.x..x.....x...x........x.x...x....x.x.x.....x....x.......x.x...x....x.x.x.....x...,2329,Hard,True
puzzle_961,17,AAAAAAAAA**AAAAA**AAA*A*A*AA*AAAAAA*AAAA*AA*AAAAAAAAAAAA*A*AA*AAAAAAAAAAA****AA*AAAA**AA*AAAAA**A**AAAAA*AAAA*AAA*AAAA*AA*AAAAAAAA*A*AAAA*AA*A*A*AAAA*AAAA*AAAAA*AA***A*A*AA**AAAAAAAAA*AAAAAAAA*AAAAAAA*AA*AAAA*AA*AAAAAA*AA*AAA**AAA*AAAAA**AAAAAA*A*AA*A*A*AAAAA*AAA**AA*AAA*A*AAAAAAAAAA**AA*,.x.x.......x.x........x.x.x.....x.x.x........x.x.......x.x.x......x.x.x.......x.x........x.x.......x.x.x......x.x.x.......x.x........x.xx......x.x.x.......x.x........x.x.x.....x.x.x........x.x.......x.x........x.x.x.....x.x.x........x.x.......x.x.x......x.x.x.......x.x........x.x.x.....x.,2330,Hard,True
puzzle_962,17,AA*AAAAAAAAAA*A*AAA*AAAAAA**A*AAAAAA*AAAAAAA*AAAA*AAAAA*AAA*AAAAAAAAAAAAAAAAAA***AAAAA*A*AA*AAAAA*AAAAAAAAA*A*A*AAAAAA*AA*AAA*AAAAAAAAAAAAA*AAAA*AA*A*A*AA*AA**AAAAAAAAAAAAAAAAAAAAAAAAAA*AAAA*A*AAAAA*AAAA**A**A*A***AAA**AA*A*AAAA*AAAAAAAAAAAAA**A*AAA*A*AAAAAAAAAA*AAAAAAAAAAAAAA*AAAA*AAAA*A,...x.x.x.x........x.........x.x.x....x.x.x.x........x.........x.x.x....x.x.x.x.......x..........x.x.x...x.x.x.x..................x.x.x.xx.x..x.x..................x.x.x.x.x.x.x.x..................x.x.x.x...x..x.x.........x........x.x.x.x...x.x..x.........x........x.x.x.x..x.x.x...........x,2333,Hard,True
puzzle_963,17,AA*AAAA*AA*AAAAAAAAAAA*AAAAAAAAA*AAAAA*AAA*AAAA*A*A*A*AAAAA*AAAAAAA*A**AAAAAAAAAAAAAAAA*A*AAAAAAAAAAAAAAA*AAAAAAA*A**AAAAAA*AAAA*AAA*AAAAAAAAAA**A*AAAAAAA*AAAAAAAA*AA*AAAAAAAAA*AAAA*AA*AAAAAAA*AAAAAAA*A*AAAAAAAAAAAAAA*AAA**AAA*AAAAAAA**AAAA**AAAA*AAAAAAAA*A*AAAAAA*AAAAAA***A*AA*AAAAAA*AAA,.x.x.x.........x........x.x.x.x....x.x.x..........x.......x.x.x.x...x..x.x.........x........x.x.x.x...x.x.x..........x.......x.x.x.x.....x.x..........x.x.....x.x.x.x.....x.x..........x.x.....x.x.x.x......x.x.........x.x......x.x.x.x.......x..........x.x.x....x.x.x.x........x.........x.x.x,2334,Hard,True
puzzle_964,17,AAAAAAAAAAAA**AAAAAAAA*AAA*AAAAAAA***AAAA*AAAA**AAAAAAAA*AA*AA**AAAAAAA*AAAAA*AAAA*AAAAAAAA*AA*A*AA*A*AAAAA*A*AAAAAAAAAAAAAAA*AAAAA****AAAA*AAAA*AAA*AAAAA*AAAA*AAAAA*AAAAA**A*AAAAAAAAAAA*AAAA*AAA*AA*AA*AAA*AA**AAAAAAAAAAA*AAAAAAA*AAA*A*AAAAAAAAAAAAAA*AAAA*A*AAAAA*A*AAAAA*AAAAAA*AAAA*AAAAA,.....x..x.x.....x.x.x........x.x........x.x.x.....xx.x.x.........x........x...x.x...xx.x.x...x..............x...x.x.x..x.x.x...x..............x....x.x.x.x.x.x....x..............x...x.x.x..x.x.x...x..............x...x.x.x..x.x.x...x..............x...x.x.x..x.x.x...x..............x....x.x.x,2337,Hard,True
puzzle_965,17,AA*AAA*AAAAAAAAA*AAAAAA*AAAA*AAAA*AAAAA*AAAAAAAAAAAAAAAAAAAAA*AAA*AAAAAAA**AAAAAAA*A**AAAAAAAAAAAAAAAAAA*AAA*AAAAAAA*AA*AAAAAAAAA*AAAAAAAAAAAAAAAAAA**A*AAAAAAAA*AAAAA**AAAAAAAAAAAAAAA*AAAA*AAAAAA***A*AAAAAAAAAAAAAAAAAAA*AAA*AAAAAAAAAA*AAAAAAAAAA*AAAAAAA*AAAAAAAAAA**AA*A*AAAAAAAAA****AAAAA,.x.....x.x.x........x.x.......x.x..x.....x.x.x........x.x.......x.x..x.....x.x.x........x.x.......x.x.x......x.x.x.......x.x........x.x.x.....x.x.x........x.x.......x...x......x.x.x...x..x.x.x...........x......x...x.x.x...x.x....x.......x.....x....x.x.x..x.x.....x.......x....x.x.....x.x..,2338,Hard,True
puzzle_966,17,AA***AAAAAAAA*A**A*AAA***A*AAA*AAA*AAAA*A****AAAA*AAAA*A**AAAA**AAAAAAAAAAAAAAAAA*AA*A**AA**AA*AA**AAAA*A*AAAAA*AAA*AAAAA*****AAAAAAAAAAAA*AAAAA*A***AA**AAAAAA*A*AAAAA*AAA*AAAAAAAAAAAA*AA*AAA****AAAAAAAAAAA*AAA*AAA*AA*AAAA**AAAAAA*AAA*A*AAAAAA*A*AAAAAA*AAA*AA**A*AA*A*AAAAAA*AAAAAAA*AAA*A*,.x...x......x.x.....x....x.x.....x.x....x.....x.x......x...x.x.....xx.x...x.....x............x.x...x.xx.x.x.x...................x.x.x.x..x.x.x.x..................x.x.x.x.x.x.x..x..................x.x.x.x..x.x.x.x...................x.x.x.x..x.x.x.x........x..........x.x.x....x.x.x.x.......,2340,Hard,True
puzzle_967,17,A*AAAAAA*AAAAAA**AAAA**AAAAAAA*A*A***AAA**AAAAAAAA*A*AAAA**A*A*AA**AAAAAAAAAA**AAAAAAAAAAAAAAAAAAA*AAA*AAAAAAA*AAAAAAA*AAAAAA*AAAAAA**A***AAA*AAAA*A*A*A*AAAAAAAAAAAAAAAAAAAA*AAAAAA*AAAAA*AAAA*AAAAAAAAAA*AAAAAAAAAAA**AAAAAAA*A*A*AAAAA**AAAAA***AAA*AAAAA*AA*AAA*A*AAAAA*AAAAA*AAAAAAA**A*AAA*,...x......x.x.x...x....x.x.......x....x.....x.x.x..x.x.....x.......x....x.x.....x.x..x.x.....x.x..........x.x.....x..x.x.x.....x.x..........x.x......x.x.x.x......x.x..........x.x.....x.x..x.x.....x.x..........x.x......x.x.x.x.....x.x..........x.x.....x..x.x.x.....x.x..........x.x.....x.x.,2341,Hard,True
puzzle_968,17,*AA*AAAA*AAAAA*AAAAAAAAAAAAAA***AAAA**AAAA*A*AAAAAA*A*A*AAA***A**AA***AA*AAAAAAAAA*A*AAAAAA*A*A*AAAAAAAA*AAAAAAAAAAAAAAAAAAAAAAA*AAA*AAA*AAAAAAAAAAAAAA*AAAAAAAAA*AAAAAAAAAAAAA*AA**AAAA*AAAAAAA*A*A*A**A*AAAAA*AAAAAAAAAAA*AAAAAAA*AAAAA**A*A*AA*AAAAAA*AA*AAAAAAA*AA*AAAAA*AAA*AA**AA*AAAA*AA*A,.......x.x.x.x....x.x.x.........x........x.x.x.x....x.x.x.........x........x.x.x.x....x.x.x.........x........x.x.x.x...x.x.x..........x.......x.x.x.x....x.x.x.........x........x...x.x...xx.x.x...x..............x.....x.x.xx.x.x.....x............x.x.....x.x.x.x......x.x.........x..x.....x.x,2343,Hard,True
puzzle_969,17,AAA*AAAA*AAAAAAAAAAAA*AAAA*A**AA*AAA**AAAA***AAAA*A*AAAA*AAAAAAAAAAA*AAAAA**A**A*AAAAA*AAAA*AAAAAAA***A*AA*AAA*A*A**AAA*A*AAA*A*A*AAAA**AAAAA*AAAAA*AAAA**AA*A*AAA*AAA*AAAAAAAA*A*A*AAAAAA*A**AAAA*AAAAAAAAA*AAAA*AAAA**AAAAA*A*AAAAAAAAAAAAAAAAAAAA*AAA**AAAAAA**AAA*AAAAA**AAAAAAA*A*AAAAAAA*AA,....x.x.....x...x..x.....x.x...x..x...x.x.........x........x.x.x.x...x.x.x..........x.......x.x.x.x...x.x..x.........x........x.x.x.x...x.x.x..........x.......x.x.x.x....x.x.x.........x........x.x.x.x.....x.x..........x.x.....x.x.x.x......x.x.........x.x......x.x.x.x......x.x.........x.x.,2344,Hard,True
puzzle_970,17,A*AAAAA*AAAAAAAAAAA*A**AA*AAAA*AAAAA**AAAA**AAAAAAAAA*AAAAAAAAAAAA*A*A**AAA*AAAAAAAAAAAA*A*AA*A*A*AAAAA*AA*AAA*A*A*AAA*A*A*AA**AAA**AAA*AAAAAA*AAAAAAA*AAA*AAAAA*AAAAAAAAAAA***AAAAAAAAA*A*AAAA**A*AAAA*AAAAAAAAAAAAAAAAAAAAAAA*A*A*A*AAA*AAAAAA*AAAAA*A*AAA*AAAAA**AAAAAAAAAAAAAAAAAAAAAAA*AAAAA,.....x..x...x.x...x.x......x.....x.....x.x....x.x...x.x......x.....x......x.x...x.x..x.x.x...........x......x..x.x.x...x.x.x..........x........x.x.x.x...x.x.x..........x.......x.x.x.x.....x.x..........x.x.....x.x.x.x......x.x.........x.x......x.x.x.x.....x.x..........x.x.....x.x.x.x......,2347,Hard,True
puzzle_971,17,AAA*A*A**AAAAAAAAAAAAAAA**AAA**AAA*AA*A*A*A*AAAAAAAA*A*AAA*A*AAA*AA*A*A****AAAAA*AAA*AAA*AAAAA*AAAAAAAAAA*AAA*AAA*A*AA*A*AAAAAAA*A*AAAAAAAA**AAAAAA*AAAAAAAAA*AAAAA**AAA*A*A**AA*AAAAAAAAAAAAAAAAA*A*AAAAAA*AA**AAAAAAAAAAAA*AA*A*AAA*AAA***AAA**AAAAAAA*AAA*AAAA*AAAAAAA**AAAAAAAAAAA*AAAAA*A*AA,..x.........x.x.xx...x.x...x........x.....x.....x.xx...x.x.....x......x.....x.x....x.x...x.x.....x......x.....x.x...x..x...x.x.........x........x.x.x.x...x.x.x..........x.......x.x.x.x....x.x.x.........x........x.x.x.x....x.x.x.........x........x.x.x.x....x.x.x.........x........x.x.x.x...,2348,Hard,True
puzzle_972,17,AA*A***AAA**AA***AAAAAAAAAAAAAAA*AAAAAAAAAAA*AA*AAAAAAAAAAAAAAAA*AAAAA*A*A*AAAAAAAAAAA*AA*A*AAAAAAAAA*AAAAAAAAAA*A**A*AA*AAA*A*AAAAAAAAAA**AAAAA*AAA*AAAAAAAAAAA*AAAA*AAAA*AAAAAAAAA*AAA*AAAAA*A*AAAA*AAA*AAAAAAAAAAAA*AAAA*A***AA*AAAAAAAAAAAAAAAAAAAAAAAAAAAAA*A*A*AAAAAAAA**AAA*AA*AAAAAA*AAAA,.x.x....x...x..........x...x...x.xx.x.x...x..................x.x.x.x.x.x.x.x..................x.x.x.x.x.x..x.x..................x.x.x.x.x..x.x.x..................x.x.x.x..x.x.x.x..................x.x.x.x.x.x.x.x..................x.x.x...x..x.x.x.......x..........x.x.x...x.x..x.x.......x..,2349,Hard,True
puzzle_973,17,AA*A*AAA*A*AAAAA*AAAA*A*AA*AA*AAAAAA**AAA*A*A*AAAAAAAA*A*A*AAA*****AA*A*AAAAA*AAA**AA*AAAAAAAAA**AAA*AAAA*AA**AAA*AAAA*AA**A*AAAA*AA*A*AA*AAAAAAAAAAAAA*AAAA*A*AAAA**AAAAAAAAAAAAAAAAAAA*AAAAAAAAAAAA**AAAAAAAAAAA**A*AAAA*A****AAA*AAAAAA*AAAAA*A*AA**AA*A*A*AAA*AAAAAAA***AAAAAAAA*AAAA*AAAAAAA,.........x.x.x.x..x.x.x.x...................x.x.x.x..x.x.x.x........x.........x.x..x...x.x.x.x........x.........x.x.x......x.x.x.......xx.x.......x..x.......x.x.x......x.x.x........x.x........x.x.x.....x..x.x.......x.x........x.x.x......x.x.x........x.x.......x.x.x......x.x.x.......x..x..,2352,Hard,True
puzzle_974,17,AAAAAAAAAAAAAAAAAA*AA*AAAAAAA*AAAAAA*AAA***AAAAAAA*AA*AAAAAAAAAA**A*AAA******AAA*AA*AA*AAA*A*AAA*AAAAAAAAAAAA*A*A*AAAAA*A*AAAAAAA**AAAAAAA**AAAA*AA*AAAAAAAAAAAA**AAAA*AAAAAAAAAAAAAA*AAAAAAAAAAAAA*A*AA*AAA*AAA*AAAAA**A*A***AAAAA**AA*AAAAAAA*A*AAAA*AAAAAAAAA*AAAAAAAAAAAAAAAAA**AAAAA*AAAAAAA,.x.x.......x.x........x.x.x.....x..x.x.......x.x........x.x.x.....x.x.x........x.x.......x.x.x......x.x.x.......x.x........x...x.....x.xx.....x...x.x......x.x.........x.x......x.x.x.x.....x.x..........x.x.....x.x.x..x.....x.x..........x.x.....x.x.x.x.....x.x..........x.x.....x.x.x.x......,2353,Hard,True
puzzle_975,17,**AAAAA*AAAAAAAAAA*AAAAAAA*AAA*AAAAAA**AAAAAAAAA*AAAAA*AAAAAA**AAAAA*A**A*AAAAAAAAA*AAAAAAA*A**AAAAAAAAA*AAA*A*AA*A*AA**AAAAAAAA*AAAAAAA**AA*AAAA*AAAAAAAAAAAA**AAAAAAAAAAA*AAAA*AAA*A*AAA*AAAAAAAA*AAAAAAA*A**AAAA**A*AAA***AAA*AAA**AAA*AAAAAA*AAAAAAAAAAA*AAAA*AA*AAAAAAAAAAAAAAAAAAAAA*AA*AA*,......x.x..x.x...x.x.x..........x........x.x.x.x...x.x.x..........x.......x.x.x.x.....x.x..........x.x.....x.x..x.x.....x.x..........x.x.....x..x.x.x.....x.x..........x.x.....x.x.x.x.....x.x..........x.x.....x.x..x.x.....x.x..........x.x.....x.x.x.x.......x..........x.x.x...x.x.x.x.......,2357,Hard,True
puzzle_976,17,AAAAAAAA**AA*AAA*AAAA*A*A*AAAAAA**A**A*AAAAA*A*AAAAAAAAAAAAAAAA***AAAAAAAAAA*AAAAA*AAA*AAAAA*AAAA*AAAAAAAAAA**AA**AAAAAAAA**AAAAAAAAAAA*AAA***AAAA**AAAAAAAAAAAAA**A*AAA*A*AAA*A*AAAAAA*AAAAAAAAAAAAA*AA*AAAAAA*AA*AAAAAAAAAA*AAAAAAAAA*AAAA*AAA*A*AAAAAAAAA*AAAAAA*AAAAAAA*AAAA*AAA***AAA*AAAAAA,...x.x.......x.x..x.....x.x.x........x.x.......x.x.x......x.x.x.......x.x........x.x.x.....x.x.x........x.x.......x...xx.....x...x...x....x.....x...x...xx...x.x.......x....x.....x.x.x........x.x.......x.x.x......x.x.x.......x.x........x.x.x.....x.x.x........x.x.......x.x..x.....x.x.x.....,2357,Hard,True
puzzle_977,17,AA**AAAAAAAAA*AA*AAAAAAAAA*AA*AA*AAAAAAAAAAAAA*AAAAAA*A*AAAAAAAA**AAAAAA**AA*AAAAAAAAAAAA*A*AA**AAA*A*AAAAAAAAAAAAAAA*A*A*A*AAAA**A*AA*AAA*****AAAAAAAAA*A*AAA*AAAAAAAAAAAAAA*A*AAAAA*AA*AAAAAAAAAA*AAAAA*AAA*A*AA*AAAA*A**AAAAAAAAAAAAAAA*A**AAAAAAAAA*AAA**AAAAAAAAAA*AAAAAAAAA*AAAA*A*AAAA*AAA,........x.x.x.x..x.x.x.x...................x.x.x.x..x.x.x.x..................x.x.x.x..x.x.x.x..................x.x..x.x.x.x.x.x..................x.x.x.x.x.x.x.x..................x.x..x.x.x.x.x.x..................x.x.x...xx.x.x.........x........x.x...x...x.x.x......x...x.......x.x....x...x,2359,Hard,True
puzzle_978,17,*AAAAAAAA**AAAAAAA*A*AA*AAAAAAAAAAAAAAAAAAAA*AAAAAAA**AAAA**AA*AAAAAA**A*AAAAAAAAA**AAAA*AA*AA*AAAAAAA**AA*AA*AAAAA*AAAAA*AAAAAA*A*A*AAAAAAAAAA*AAA*A*AAAAAAAA*AAA*A**AAAAAAA*AAAAAA*AA*A*AAAAAAAA*AA***AAAAAA**AAAA*AAAAAAAAAA*AAAAAAAAAA*AAAA**A**AAAAAAAA**AAAAAA*AA*A***AAAA*AAA*AA**A*AAA*AA,..x.x.x.x........x..........x.x.x...x.x..x.x.......x...........x.x.x...x.x.x..x.......x..........x.x.x...x.x..x.x.......x..........x.x.x....x.x.x.x......x.x..........x.x......x.x.x.x......x.x.........x.x......x.x.x.x......x.x..........x.x......x.x.x.x....x.x.x..........x.......x..x.x.x...,2359,Hard,True
puzzle_979,17,AAAAAAAAA*AAA**AA*AA***A***A*AAA*A*A*AAAAAAAA*AAAAAA*AAA****AAAAAAAAAAAAAAAAAA****AAAAAA*******A*AAA*AAA*A**A*A*AAAAA***A*AAAAAAAAAAAAAA**AAAAAAAAA*AAA*AAAA*AAA*AAAAAAA*AA**AA*AAAAAAAAA*AAAAA**A*AAAAAAAAA*AA**AAAAAAAA*A*AA*A*AA**AA*AAA*AAA*AAAAAA*AAA*A*AAAAAAA*A**A*AAA*AAAAAAAA*AAA*AA**A*,.x.x.x..x..................x.x.x.x.x.x.x.x..................x.x.x.x..x.x.x.x...................x.x.x.x.x.x..x.x..................x.x.x.x..x.x.x.x........x...........x.x.x....x.x.x.x......x.x..........x.x......x.x.x.x.....x.x..........x.x.....x.x..x.x.....x.x..........x.x.....x..x.x.x.....,2363,Hard,True
puzzle_980,17,A*AAA*A*AAA*AAA*AAA*AA*A**A**A*A*A*AAAAAAAAAAAA*A*AAA**A**A*AAAAAA*A*AA*AAAAA*A*AA**AAA**AAAAAAA*AAAAAA*AAAAA*AAAAA*AAAA*AA*A*AAAAAAAAAAAAAAA**A*A*AAA*A*AAA*AA*A*AAAAA*AAA*A*AAAAAA*A**A**AAA*A**A*AAA*AAA*AA*AAAAAAA**A**AAA*AAAAA**AAA*AAA*AAAAA*A*AA*A*AAA**AAAA*AA*AAAAAAAAAA*A*A*AA**A*AA*A,...x..x.x.x.......x..........x.x.x...x.x..x.x.......x..........x.x.x....x.x.x.x......x...........x.x.x..x.x.x.x..................x.x.x.xx.x.x..x..................x.x.x.x.x.x..x.x..................x.x.x.x..x.x.x.x..................x.x.x.x.x.x.x.x...................x.x.x.x..x.x.x.x.........,2364,Hard,True
puzzle_981,17,AA*A*AAAAAAAAA*AAAAA*A*AAA*AA**AAAAA*AAAA**AAAAAA*AAAAA*AAAAAAA*A***AA*AAA*A*AAA**A*A*A*AAAAAAA*A**AA***A*AAAAAA*AAAAAAAAAAAAAAAA*AAA*AA*A*AA*AAAAAAAA*AAAAAAAAA*A*AA*A*A*AA*AA***AA*AAAAAAAAA*AAA*AAAA**AAAAAA**AAAAAAAA**AAAAAAAAA**AAAAA*AAA*AA****AAA*AAAA*A**A*AAA**AAAA**A*AAAAAAAAAAAA*A*A,........x.x..x.x.x.x.x.x...................x.x.x..x.x.x.x.x..................x.x..x.x.x.x.x.x..................x.x.x.x..x.x.x.x..................x.x.x.x.x.x.x.x..................x...x.x.x..x.x.x...x......x.......x...x..x...x.x.x...x......x.......x...x.x.....x.x....x.....x.x.....x....x.x..,2366,Hard,True
puzzle_982,17,AAAA*AAA*AAAAA*AA***AA**A*AAAAA*A*A*AA*A**A**A**A*AAA*A*AAAAA*AAAA*AAAAAAA***A*A*A*AA***AAAAA*AAAAAA*AAAAAAAA**AAA**AA*AAA*A*A*AAAAAA*AAAAAAA*AAA*A*AAAAAAAA*AAAAAAAAA*AA*AAAAAAA*A*AAA*AAAAAA*AAAAAAAAAA**AAAAA**AA**A**AAAAAAA*A*AAA*A*AAA*AAAA*AA**A*AAAAA***AAAAAA*AAA**AA*AA*AA**AA*A*AAAAA*,.x.x.x.........x........x.x.x.x...x..x.x..........x.......x.x.x.x....x.x.x.........x........x.x.x.x...x.x.x..........x.......x.x.x.x.....x..x.........x.x......x.x.x.x.....x.x..........x.x.....x.x.x.x.....x.x..........x.x.....x.x.x.x......x.x.........x.x......x...x.x.....x..x...x.....x.x..,2368,Hard,True
puzzle_983,17,AA*AA*AA*AAA*AA*A*AAAAAAA*A*AAA**AAAAAA***A**AA*AAAAA*AAAAAAAAA**AAAAAAA**AA***A*AAA*A*AAAA*AAAAAAA*AAAAAAAA*AA***AAAAAA**AAAAAAA*A*AAAAA*AA*AAAA*A**AAAAAAAAAAAAAAAAA*AA*AA**AA*AAAA*AAAAAAAA*A*AAAAA*AAA***AA*AAAAAAAAAAA*AAAAAAAA*A*A****AAAAAA**AAAAAAA*A*AAAAAA*AAAAAA*A**AA**AAAAA*A*AAAAAA,.x.x.........x..x.....x.x.x.x......x.x..........x.x.....x.x.x.x......x.x.........x.x......x.x.x.x......x.x.........x.x......x.x.x.x.....x.x..........x.x.....x.x.x.x......x...........x.x.x..x.x...x.x............x.....x.x.x..x.x...x.x......x.....x.....x.x....x.x...x.x......x.....x.....x..x.,2370,Hard,True
puzzle_984,17,AAAA*AAAA*AAA*AAAA*AA*A**AAAAAA**AAAAAAAAAA**A*AAAAAAAA*AAA*AAA*AAAAAAAAAAAAA*AA*AAAA*AAAAAA*AAAAAAAAAAA*AAAA*A***A*AAAAA*A*A*AAAAAAAAAAAAAAAA*A*AAAAAAAAAAAAAA*AAAAAAAAA*AAAAA*AAAAAA*A*AAAA**AAAAAAAAAAAAAAA*AAAAAAAAAA*AAAAAAAA*AAAAAAA*A**AAA*AAAAA**A**AAAA*AA*AAAAAAA*AAA*AAA*AAAAA****AA*A,.x...x.x.......x....x.....x.x.x....x...x.x.......x....x.....x.x.x...x....x.x.......x...x......x.x.x...x...x.x.........x........x.x.x.x...x.x.x..........x........x.x.x.x....x.x.x.........x........x.x.x.x...x.x..x.........x........x.x.x.x..x.x.x.x...................x.x.x.x.x.x.x..x.........,2371,Hard,True
puzzle_985,17,*A*A*AAAA*AA*A*AA*A*AAAAA*AAAA**AA*AAAAA*A***AAAAA*AAAA*AAAAAAA*A*AA**AAA*AA***AAAAAAAAAAA*AAAAAAAA*AAAAAA**AAAAAAAAAAAA*AAAAA*AAAA*A**AAAAA***AA*AAA***AA*AAAAA*AAA*AAAAAA*AAAAA**AAAAAAAA**AAAAAAAAAAA*AAAAAAAAA*AA**A*A*A*AA**AAAAAAAA*A*AA*AAA*A*A*AAAAAAAAAAA*AAAAAA*A*A*A*AAAAAAAAAA*AAA*AA,...x.......x.x.x..x...x.x.x..........x.......x.x.x.x....x.x.x.........x.........x.x.x....x.x.x.x.......x..........x.x.x....x.x.x.x......x.x.........x...x....x.x.x.x......x.x.........x.x......x.x.x.x......x.x..........x.x......x.x.x.x......x.x..........x.x.....x.x.x.x......x.x.........x.x.,2373,Hard,True
puzzle_986,17,AAAAAAAAAAAAAAAAAAAA*AAAAAAAAAAAAAAAAAAAAAAAAAAA*AAAAAAAAAAAA*AA*AA*A*AAAAAAA**AAAAAAAA*AAAAA*AAAAA*AA*AAAAAAA*AAAAAAAAAA*AAAAA*AAAAAA*A*AAAA***A**AAAAAA*AA*AAAAAAAAAAAAAA**AAAAAA*AAAAAAA*AAAA*AAA**AAA*AAAAA*AAAAA*AAAAA*AA*A*AAAAA**A*AAA*AAAAAAA*AAAAAAAA**AAAAAA*AAAAA*AA*A*AAAA***AAAAAAAA,.x.x.........x.x......x.x.x.x......x.x.........x.x......x.x.x.x.....x.x..........x.x......x.x.x.x......x.x.........x.x......x.x.x.x......x.x..........x.x......x.x.x.x....x...x.........x.x..x...x.x...x....x...x.....x.....x..x...x.x.....x..x...x.....x.x......x...x.x.....x......x.....x.x...x,2374,Hard,True
puzzle_987,17,AAA*AAAAA****AA*AA*AA*AAAAAAA*AAA*AAA*AAAAA**A**AAAAAAAA*AAAAAAA*A**AA*AAAAAAAAAA*AAAAA**AAAAAAAAAAAAAAAAAA*AAAAAA*A*AAAAAAAA*AAAAAAAAA*AAAAAA*A*AAAAAAAAAA*A*A*AAAAAAAAAAAA*AA*A*A***A*AAA*AAAAAA*AAAAAAAAAAAAAAAAAA*AA*AAAAAAAA*AAA*AAA*AAAAAAAAAAAAA**A*AAAAA*AA*A**AAAAAA**AAAAA*AAAA*AAA*AAA,x.x.x..x..................x.x.x.x.x.x.x.x..................x.x.x.x...x.x..x.........x........x.x.x.x....x.x.x.........x........x.x.x.x...x.x.x..........x........x.x.x.x..x...x.x.........x..x......x.x.x...x....x.x.......x....x.....x.x.x....x...x.x.......x....x.....x.x.x....x...x.x.......x.,2376,Hard,True
puzzle_988,17,A*AAAAAAAA*A***AA*A*AAAA*AAAAAA**A*AAAAAAA*AAA*AAAAA***AA*AAAAAAAAAA*AAAA*AAAA*AAA*AAAAAAA**AAAA*A*A**A*AAAA**AAA*A*AAA****AAAAAAAAAAA*AAAAAAAAA**A***A*AAAAAAAAAAAAAA*AAAAAAA*A**AA*A*AAAAAA*AAAAAAA*AAAAA*AAAAAAAAAAA*AAAAAAA*AAAAAA*AAAA***AA**AAAAA*AAAAAAAAA*AAAAAAAAAAA*AA*A***AAAAAAA*AA*A,...x.x.x.......x..x.......x.x.x......x.x.x.......x.x........x.x.x.....x.x.x........x.x.......x.x.x......x.x.........x.x......x.x.x.x....x.x.x.........x........x.x.x.x.....x.x..........x.x.....x.x.x.x.....x.x..........x.x.....x.x.x.x.......x..........x.x.x...x.x.x.x........x.........x.x..x,2378,Hard,True
puzzle_989,17,AAAAAAAAAA*AA*AAAAAAAA*A**AAAA*A*A*AAA*AAA*AAAA*AA*AAAAAAAAAAA*AAA***AAA**AAAAAAAAAAA*AAAAAA*AAA*A*A***AAA**AAAAAAAAA*AAAAAAAA*A*AAAAAAAAAAAAAAA*AAAAAAAAAAAAAAAAAAAAAAAAA*A*AAA*AAA***AAAA*AAAAAAAAAAAAAAAAAAAAAA*A**AAAAAA*AA**AA*AAAAAAAAAA*AAAAAAAAA**AAA*A**AAAA*AAAAA*AA*A*AAAA*AAAAAAAAAAA,..x...x.x...x....x...x.....x.....x..x...x.....x.x..x...x...x.x........x.........x.x.x....x.x.x.x.......x..........x.x.x....x.x.x.x......x.x..........x.x......x.x.x.x......x.x.........x.x......x.x.x.x.....x..x.........x.x......x.x.x.x......x.x..........x.x.....x.x.x.x......x.x.........x.x.,2380,Hard,True
puzzle_990,17,A*A*AAAAA*AAAAAAAAAAA**A*AAAA*AA*A*AA****AA*AAAAAAAAAA*A*A*AAAAA*AAA*AA*AAAAAAA*A*A*A**AAAAAAAAA**AA*AAAAAAAAAAAAAAAAAAA*AAAAA*AA*AA*AA*AAAA**A*AAAAAAAAAA*AA*AAAAAAAAAA**AA*A**AA*AA**A*AAA*AAAAAAAA*AA*AAA*AAAA*AAAA***AAAAAA*A*AAAAA*AA****AAAAA**AAAAA*AAAA*AAA*AAAAAAA*AA*AAAAAAAAAAA*AAAA*A,....x.....x.x..x.x.x...x.x..................x.x.x.xx...x.x.x..........x.......x.x.x......x.x.x.......xx.x.......x...x......x.x.x...x....x.x...........x.x.....x.x.x.x......x.x.........x.x......x.x.x.x......x.x.........x.x......x.x.x.x......x.x.........x.x......x.x.x.x......x.x.........x..x,2382,Hard,True
puzzle_991,17,AAAAAA*AAAAAA*AAAA**AAAAAAAAAA*AAAAAA*A*AAA***AAAAA*AA*AAAAA*A*AA*AAA*AAAAAAAAA*A**AA*AAA*AAAA*AAAAAAAAAAAAA*AA*AAAAAAAA*AA*AAAAA*AAAAAAAAA*A*A*AAAA*A*AAA*A*A**AA**AAA*AAAA**AA*AAAAA*A*AAAAAAAAAAAA*AAAAA*AA*A*AAAAA*A*AAA**A*AAAAAAA**AAAAA*AAAAAAAAAAA**AAA*AAAAA*AA*AAA*AAAAAA*AAAAAAA*AA**A,.x.x....x.....x........x...x.x...x..x.x...x.....x........x...x.x...xx.x.x...x..............x.....x.x.xx...x...x.x........x...x......x.x.x...x....x.x.......x....x.....x.x.x....x...x.x........x...x.....x.x..x...x...x.x........x...x.....x.x..x...x...x.x........x...x......x.x.x...x....x.x....,2383,Hard,True
puzzle_992,17,A*A**AA*A*A*A*AAAAAAAAAA*AAAAAAAAA*A**AAAA*AAAAAAAA*AAAAA*AAAAAAAA*A*AAAAA*AAAA*AAAAAAAAAA*AA*AAA***A*A**AAAAAAAAAAA*A*AAAA*A*AAAAA**AA*A*AAAA*A***A*AAAAAAAA**A*AAAAA**A**A**A*A*AAAAAAAAAA*AAAA*AAAA*A*AAA*A**AAAAA*AAAAAAAAAAAAA***AAA**AA**A*AAAA*A***A*A*AAAA*A**AAAAAAAAA***A*AAAAAAAAAAAA*,......x.x.....x.x.x.x......x.x.........x.x......x.x.x.x.....x.x..........x.x.....x.x..x.x.....x.x..........x.x.....x.x..x.x.....x.x..........x.x.....x.x.x.x......x.x.........x.x......x.x.x.x.....x.x..........x.x.....x...xx.x.......x...x......x...x...x...xx.x.......x...x......x.x.x...x....,2384,Hard,True
puzzle_993,17,*A*A*AAA*AAAAAAAAAAA*AAAA*A*AAAAAAAA*AAAAA*AAA*AAAAAA*AAAA*A**AAAAAA*AAAAAAAAAAAAAAAAA*AAAA*AAAAAAAAAAAAAAAAAAA*AAAA*AA*AA***AA**A*A**AAAAA*AAAA**A***AAAAAAAAAAAAAAAAA***AAAA**A*AAA*AAAAAAAAAAAAAAAAAAAAA*AAAAA*AA**AA*A*AAAAAAAAAAAAAA*AAAAAA***AAA***AAAAA*A*AAAAAAAAAA*AAAAAA*A*AAAAAAAAAAAA,...x.x.x.x........x.........x.x.x....x.x.x.x........x..........x.x.x....x.x.x.x........x.........x.x.xx...x...x.x........x...x.....x...xx...x.....x...x....x...x.x...x....x.........x...x.x..x.x.x.x........x..........x.x.x....x.x.x.x........x.........x.x.x....x.x.x.x........x.........x.x.x.,2387,Hard,True
puzzle_994,17,***AAAA*AAAAAA***AAAA*AAAAAAAAAA*AAAAAA*AAAAAAAA*AAAAA*A*AAA***AAAAAAAA*AAAAAAAAA*AA*AAAA*AAAAAA*AA*AAAAAAAAAA*AAAAAAAAAAAAAAAA*AAA*AAAA*AAA*AAAA**A*AAAAAAAA*AAAAAAAAA**AA***AAAA*A**AAAAAAAAAA*AA*A*AAA**AAAAAAAAA*AAA*AAAAAAAA**AA*AAAAA**AAAA*AA*AAAAA*AAAAAAAA*AA*AAAAAAAAAA**A*AAAAA**AAAAA,....x...x.x.x....x.x...........x.x....x.x...x.x....x.x.....x.......x....x.x.....x.x..x.x.....x.x..........x.x......x.x.x.x......x.x..........x.x.....x.x..x.x.....x.x..........x.x.....x.x..x.x.....x.x..........x.x.....x.x..x.x.....x.x..........x.x......x.x.x.x......x.x..........x.x.....x.x,2388,Hard,True
puzzle_995,17,A***A*AAA*AA*AAAAAAAAA*A*AAAA**AAA*A*AAAAA***AA*A*AAA*A*A*AAAAAAA**AAAAA*AAAAAAAA*AAAA*A*AAAAAAAA*AA*AAAA***AAAAAA**A*AAAAAAAAAAA*AA*AAAAAAA*AAAAA*AAAAAAAAAA*AAAA*AA*A*AAA*AAAAAAAAAAAAAAA*A*AAAAAAAAA*A*A*AAAAA**AAA*AAAAAAA*A*AAAA**AAAAAAAAA**AAAAAAA*AAA**AAA*AAA*AAA**AAA****AAAAAAAAAAAA*A,......x.x....x.x.x.x.x.....x.............x....x.x.x.x.x.x....x..............x...x.x.xx.x.x.x...................x.x..x.x.x.x.x.x..................x.x.x.x..x.x.x.x..................x.x.x.x..x.x.x.x..................x.x.x.x.x.x.x.x..................x.x.x.x..x.x.x.x..................x.x.x...x,2392,Hard,True
puzzle_996,17,AAA*AAA*AA*AAAAA*AAAAAAAAA***AAAA*AA*AAAAAAAAAAA*A*AA*A*A*AAAA**AAAA*AA*AAAA*AAAAA*AAAA*AAAA*AAAAAA*AAA**AAAAAAAAAA*AAAAAAAA****AA**AA*AAA*A*A*A*AAAA**A*AA*AAAA**AAAAAAAAAA**A*AAAAAAA*AAAAAAAAAA**AAA*AAA*AAA*AAAAAA*AAAA*AA**AAAAAAAAA*AA*AAAAAAAAAA***AAAAAAAAAAAAAAAA*AAAAAA*A**AA*AAAA*AAA*,....x.x..x.x.....x.x..........x.x......x.x.x.x......x.x.........x.x......x.x.x.x......x.x.........x.x......x.x.x.x......x.x..........x.x.....x.x..x.x.....x.x..........x.x......x.x.x.x....x.x.x.........x........x.x...x...xx...x.....x...x....x.....x...x...xx...x.x...x........x.....x....x.x.,2394,Hard,True
puzzle_997,17,A*AAAAAA***AAAA*A*AA*AAAAA*AAAAAA**AAAAAAAA*AAAAAAA*AAA*A**AAAAA*A*AA*AAAAA*AAAAA*A*AAA*AAA**AAA*AAAA*AAAAAAA*AAAAAA**AAAA*AAAAAAAAA*AA*AAA*AA**A***AAAA*A*AAAAAA*AAAAA*A*AAAAAAAA*AAAAAAA*AA*AAAAA*AAAAA*AAAAAAAA**AAAAAAA*A*AA**A*AAAAAAAAAAAA*AAAAAAAAAAAAAAAAAAAAAAAAAAA*AAAAAAAAAAAAAAAAAAAA,x...x.x.....x......x.....x.x...x......x.x.....x...x..x.....x.x...x..x.....x.....x...x....x...x.x...x..x.x.........x...x....x.x.x.x......x.x..........x.x......x.x.x.x......x.x.........x.x......x.x.x.x......x.x..........x.x.....x.x.x.x......x.x.........x.x......x.x.x.x......x.x.........x.x.,2394,Hard,True
puzzle_998,17,AAAAAAA*AAAAAA*AAAAAAAAAAAAAAAAA*AAA*AAAAA*A*AAAAAAA*AAAAAAAA*AAA*AAA**AAAAA*AAAAAAAAAAAAAAAAAAA*AAAAAAAAA*A*AAA*AAAAAAAAAA*AAAAAAAAAA*AAAAAAAAAAAAAAAAAAA*AAAAA*AAA*AAAAAAAA*AA***AAAAAAAA**A*AA*AAAAAAAA**AAAA**A*A*AA*AAA***AAAAAAAAAA*AAAAAAAAA*A*AAA*A**AA*AA*AAA**AA*AAAAA*AAAAAAAAAAAAAAA*,.x.........x.x.x....x.x.x.x........x.........x.x.x....x.x.x.x.......x..........x.x.x....x.x.x.x........x.........x.x.x....x.x.x.x........x..........x.x.x....x.x.x.x......x.x...........x.x....x...x.x.x....x.x...x.......x......x...x.x.....xx.x...x.....x........x.....x...x.x..x...x.x...x....,2396,Hard,True
puzzle_999,17,AA*A*AA*AA*AAAAAAAA*AAAAAA*AA*AA*AAAAAA*AAA****AAA*AAAAA*A*AAAAAAA*AA**A*AAAA**AA*AAA**AAAA*AAAAAAAAAA*AAAAA*AAAAAA***AAAAA*AAA*AAAAAAAAAAAAAA*AAA*A*AAA*AAAAA*AAAAAAAA*AAAAAA*A*AAAAA*AAAA*AAA*A**AA*AAA*AAAA*AAAAAA*AA*AA*AAAAA*A**AAAAAAAAAAAAAAAAA****AAAAA*AAAAA**AAAAAAAAAAAAAA*A*AA***A***,.x....x.x...x........x.....x...x.xx.x...x.x..................x.x.x.xx..x.x..x..................x.x.x.x.x.x.x.x..................x.x.x.x.x.x.x..x..................x.x.x.x..x.x.x.x..................x.x.x.x..x.x.x.x..................x.x.x.x.x.x.x.x....................x.x.x.x..x.x.x.x........,2397,Hard,True
puzzle_1000,17,AAA*AAA*AAAA*AAAAA**AAAAAA**A*AA*AAAAA*A**AAAAAA*AAAAAA*AAA*AAA*AAAAAAAA*AA*AAAAAAAAAAAAAAAAAA*AAAAAA*AAA*A***A*A*AA*AAAAAAAAAAAA*A*A*AAAAAAAAAA*A*AAAAAA*AAAAAAAAA*AAAAAAAA***AAAAAA*AAAAAAAAAAAAAAA*AA**AAAAA*AAAAAAAAAA*AA**A*AAAAAAA*AAAAAAAA**A**AAAAA*AAA*AAA*AAAAAAA*AA*AA*AA****AAAAA*AAA,.x.......x.x...x....x.x.x.....x....x.......x.x...x....x.x.x.....x....x.......x.x....x...x.x.x......x..x.........x.x...x..x.x.x.x........x..........x.x.x...x.x.x.x........x.........x.x.x....x.x.x.x........x.........x..x.x...x.x.x.x..................x.x.x.x.x.x.x.x..................x..x.x.x,2400,Hard,True
