name,N,board_1,solution,score,tier,is_solved,symmetry
puzzle_1_90,8,AA*A****A*****A*AA*AAAAAAA**A*A**A*A**AAAAAAA*AA*A*****A****A*AA,...x....x............x...x............x...x............x....x...,13.0,Beginner,True,rot90
puzzle_2_90,8,**AA*AAA**AAAAAA*****A**A*A*AA****AA*A*A**A*****AAAAAA**AAA*AA**,......x....x.........x..x..............x..x.........x....x......,13.0,Beginner,True,rot90
puzzle_3_180,8,A****A***A*A****A***A*A*AA*AAAAA*****A**A*A*AAA*AAAA*A*AAA*AAAA*,x..........x..........x..x...........x....x............x....x...,14.0,Beginner,True,180
puzzle_4_180,8,**A****A*AAA*AAA**A*A*A**AA*A*AA**A*A**AA*A*A*AA***A***A*AAAA*AA,.......x.....x....x...........x.....x...x..........x.....x......,14.0,Beginner,True,180
puzzle_5_180,8,**A**A*AAA*AAA*AAAAA*A**AAA**A**AA*AA***AA*A*****A***A***A*AA*AA,.......x....x.....x..........x..x..........x.....x............x.,14.0,Beginner,True,180
puzzle_6_lr,8,A**A*AA*AA*A*A***AA*A**AA**A*AA*AA**AA**AAAA****AA*A*A**A**A*AA*,......x..x.............xx...........x.....x..........x.....x....,14.0,Beginner,True,lr
puzzle_7_180,8,A*AAAA*A*A*A*A**A**AAAAA****AAA*A***AAAA*****AA*AA*A*A*A*A****A*,..x..........x.........x....x...x.............x....x.....x......,15.0,Beginner,True,180
puzzle_8_lr,8,*A*A*A*AA*AA**A*A**A*AA*AA**AA**A**A*AA*****AAAAA**A*AA*A**A*AA*,.......x..x..........x...x............x.....x...x..........x....,15.0,Beginner,True,lr
puzzle_9_lr,8,A***AAA***A*A*AA*A**AA*A*A**AA*A*A**AA*A***A*AAA*A**AA*A*A*A*A*A,x.........x..........x.........x....x.........x..x.........x....,15.0,Beginner,True,lr
puzzle_10_180,8,A***AA***A**A***AA**A*AAAAAAA**A*AA*******A*AA**AAA*AA*AAA**AAA*,x...........x..........x...x.....x...........x....x...........x.,15.0,Beginner,True,180
puzzle_11_180,8,**AAA*AAA*******AA*AA*AAA*AA*AA*A**A**A***A**A**AAAAAAA***A***AA,..x.....x...........x.........x....x.........x...x.............x,15.0,Beginner,True,180
puzzle_12_180,8,**A********AA**A*AA*A**AAAAAA*A*A*A******AA*A**A*AA**AAAAAAAA*AA,..x.........x....x............x.x..............x.....x.....x....,15.0,Beginner,True,180
puzzle_13_lr,8,AAAA*AAA*A****A***A*A****AAAAA*AA*****A*AA*A*AAAA*AAAA*A****A***,.x............x...x..........x..x..........x...........x....x...,15.0,Beginner,True,lr
puzzle_14_180,8,*AAAAAAA**AAA*AA*A**A**AAAA***AA**AAA****AA*AA*A**A***AA*******A,.x............x.....x...x..........x.........x....x............x,15.0,Beginner,True,180
puzzle_15_lr,8,A**A*AA*A*A*A*A****A*AAA**AA**AAAA*A*A**A*AA**A**AAA***AA*AA**A*,x...........x..........x..x..........x.....x.....x............x.,14.0,Beginner,True,lr
puzzle_16_90,8,AA*AA*A**A**A***AAAAA*AA***A**A**A**A***AA*AAAAA***A**A**A*AA*AA,x...........x.....x...........x..x...........x.....x...........x,14.0,Beginner,True,rot90
puzzle_17_90,8,A*******AAAA*A*AA*AA***AAAA*A**AA**A*AAAA***AA*AA*A*AAAA*******A,x............x.....x.....x............x.....x.....x............x,14.0,Beginner,True,rot90
puzzle_18_lr,8,*AAA***AAAA*A****A*A*A*A*A**AA*AA*AA**A**A**AA*AAAA*A****AA*A**A,...x....x............x...x............x.....x.....x............x,15.0,Beginner,True,lr
puzzle_19_180,8,*AA*AAA*******A*****AAAAAA*AAAAA*****A******AAAAA*AAAAAAA***A**A,..x...........x.....x....x...........x.........x...x....x.......,15.0,Beginner,True,180
puzzle_20_90,8,A*AA*AA**AA*AA*A*****A**A*A*AAA**AAA*A*A**A*****A*AA*AA**AA*AA*A,...x.....x...........x..x..............x..x...........x.....x...,14.0,Beginner,True,rot90
puzzle_21_180,8,AA*AAA*A****A****A***AA*A****A*A*A*AAAA*A**AAA*AAAA*AAAA*A***A**,.x..........x.........x.x..........x...........x..x..........x..,15.0,Beginner,True,180
puzzle_22_180,8,A**A*AA*A*****A**AAAAAA*******AA**AAAAAAA******AA*AAAAA*A**A*AA*,...x..........x..x.............x....x...x.........x..........x..,15.0,Beginner,True,180
puzzle_23_180,8,A*A*AA**A***A*AA*AAAAAAA****AAAA****AAAA*******A**A*AAA*AA**A*A*,..x.....x..........x..........x.....x..........x.....x...x......,15.0,Beginner,True,180
puzzle_24_90,8,****A**AAAAAAA*AA*A*A**A***A*A*AA*A*A***A**A*A*AA*AAAAAAA**A****,....x....x.............x.....x....x.....x.............x....x....,14.0,Beginner,True,rot90
puzzle_25_180,8,**A*AAAA****AA*AA*AAAAAA*A**AA**AA**AA*A******A**A**AAAA****A*AA,..x............x...x.........x..x.............x..x..........x...,15.0,Beginner,True,180
puzzle_26_180,8,AAAA*A**A*A*AAAAAAAAAAA*A**A****AAAA*AA*A***********A*A*AA*A****,..x............x.....x.....x..........x.x...........x....x......,15.0,Beginner,True,180
puzzle_27_lr,8,AAAA****AA*A*A**AAA*A***AA*A*A**A*A*A*A*AA*A*A**AA*A*A***A**AA*A,..x.....x...........x....x............x....x.........x.........x,15.0,Beginner,True,lr
puzzle_28_lr,8,*AA*A**A*A**AA*A**A*A*AA*A**AA*AA*AA**A***AA**AA*A**AA*A*AA*A**A,.......x.x............x.....x...x..........x.........x....x.....,15.0,Beginner,True,lr
puzzle_29_90,8,AA*A*AA*******A**AAAA*AAAA*A**A**A**A*AAAA*AAAA**A*******AA*A*AA,...x..........x...x.....x..............x.....x...x..........x...,14.0,Beginner,True,rot90
puzzle_30_90,8,AAAA**A**A******AA**AAA*AA*A*AA**AA*A*AA*AAA**AA******A**A**AAAA,...x.....x...........x..x..............x..x...........x.....x...,14.0,Beginner,True,rot90
puzzle_31_90,8,****A*AA***A**AAAAAAA*AA*A*A***AA***A*A*AA*AAAAAAA**A***AA*A****,....x.........x...x............xx............x...x.........x....,14.0,Beginner,True,rot90
puzzle_32_90,8,AAAAAAA**AA*AA******AA*****A*AA**AA*A*****AA******AA*AA**AAAAAAA,x.........x.........x.........x..x.........x.........x.........x,14.0,Beginner,True,rot90
puzzle_33_90,8,A***A***AA**A**AAA*AAAAA***A**AAAA**A***AAAAA*AAA**A**AA***A***A,....x....x...........x.........xx.........x...........x....x....,15.0,Beginner,True,rot90
puzzle_34_180,8,AAAAAAA*AAA*AA**AA*AAA***AAAA***AAA****AAA***A**AA**A***A*******,......x...x..........x.....x...........x.x..........x...x.......,15.0,Beginner,True,180
puzzle_35_180,8,**A**AA***A******A**A*A******AA*A**AAAAAA*A*AA*AAAAAA*AAA**AA*AA,.....x....x.........x.........x.x..............x.x.........x....,15.0,Beginner,True,180
puzzle_36_180,8,A*A***AAA*A*A*A*A***A***A*******AAAAAAA*AAA*AAA*A*A*A*A***AAA*A*,.......x..x.........x...x............x...x............x....x....,15.0,Beginner,True,180
puzzle_37_180,8,**A*****A*AA**A****AA*A***A**A**AA*AA*AAA*A**AAAA*AA**A*AAAAA*AA,..x...........x....x.........x...x.............xx...........x...,15.0,Beginner,True,180
puzzle_38_90,8,A***A***AAAAAA*AA**AAA*A****A**AA**A****A*AAA**AA*AAAAAA***A***A,....x....x...........x.........xx.........x...........x....x....,14.0,Beginner,True,rot90
puzzle_39_lr,8,A**A*AA*AA*A*A****A*A*AA***A*AAA*A**AA*AA**A*AA*****AAAA***A*AAA,...x....x.........x..........x...x............x.....x..........x,15.0,Beginner,True,lr
puzzle_40_lr,8,*AAA***AAAA*A***A**A*AA**AA*A**AAAAA****AAA*A***AAA*A****A*A*A*A,.......x....x.........x..x.........x....x.........x..........x..,15.0,Beginner,True,lr
puzzle_41_180,8,*AAA*A*A*AA*A**A****A****AAA****AAAA***AAAA*AAAA*AA*A**A*A*A***A,.....x.........x....x.....x.....x.............x..x.........x....,15.0,Beginner,True,180
puzzle_42_90,8,A*A*AAA***A**AAA*****A***AA*AAAAAAAA*AA***A*****AAA**A***AAA*A*A,....x..........x.....x...x............x...x.....x..........x....,14.0,Beginner,True,rot90
puzzle_43_90,8,*A**A**AAA*AA***AAAAA*AA***A***AA***A***AA*AAAAA***AA*AAA**A**A*,.x..........x.....x............xx............x.....x..........x.,14.0,Beginner,True,rot90
puzzle_44_180,8,A**A**A*AAAAAAA**AAAAA****AA*AA*A**A**AAAA*****AA*******A*AA*AA*,......x.....x....x...........x.....x...........xx.........x.....,15.0,Beginner,True,180
puzzle_45_180,8,***A*AAAA*AA**AAA*AAA*AAA*A**A*A*A*AA*A***A***A***AA**A****A*AAA,...x....x...........x..........x.x............x...x..........x..,15.0,Beginner,True,180
puzzle_46_180,8,***A*A**A*AAA*A*AAAAAA*AAA**AAA*A***AA***A******A*A***A*AA*A*AAA,.....x....x............xx...........x....x............x....x....,15.0,Beginner,True,180
puzzle_47_90,8,AAAA*A**AAA**A****A*****AAAA*AA**AA*AAAA*****A****A**AAA**A*AAAA,...x....x.........x...........x..x...........x.........x....x...,14.0,Beginner,True,rot90
puzzle_48_lr,8,AA**AA**AA**AA******AAAA*A**AA*A*A**AA*A*AA*A**AAAA*A*****AA**AA,.....x...x............x.....x..........x..x.....x..........x....,15.0,Beginner,True,lr
puzzle_49_180,8,A**AA*AAA*AAAAA***AA****A**A**AA**AA*AA*AAAA**AAA*****A***A**AA*,....x...x..........x...........x.....x...x............x...x.....,15.0,Beginner,True,180
puzzle_50_lr,8,A**A*AA*A*A*A*A**A**AA*AA***AAA*A**A*AA*A*AA**A*A**A*AA***A*A*AA,...x..........x..x..........x...x.........x..........x.........x,15.0,Beginner,True,lr
puzzle_51_180,8,***A******AA**A*A**A*AA*AA**A*A*A*A*AA**A**A*AA*A*AA**AAAAAA*AAA,...x..........x.x...........x.....x..........x.........x.x......,15.0,Beginner,True,180
puzzle_52_180,8,A*A*A***A**AAAAAAAA*AAAA****A*AA**A*AAAA****A********AA*AAA*A*A*,x..........x.........x.........x..x.........x.........x..x......,15.0,Beginner,True,180
puzzle_53_180,8,**AAAAA**AA*AAA*****A*****A*AA*A*A**A*AAAAA*AAAAA***A**AA*****AA,...x.....x..........x.....x............x.....x..x.............x.,15.0,Beginner,True,180
puzzle_54_180,8,AAAAAAA*A*A**A*A**A***A*A*AA**A*A*AA**A*A*AAA*AA*A*AA*A*A*******,.x...........x....x...........x....x...........x....x...x.......,15.0,Beginner,True,180
puzzle_55_90,8,AA**A***AA**A***AA*AAAAA****A*AAAA*A****AAAAA*AA***A**AA***A**AA,....x....x...........x.........xx.........x...........x....x....,14.0,Beginner,True,rot90
puzzle_56_180,8,*AAAAAA*A*A***AA*AA*AA**AAAAAAA*A*******AA**A**A**AAA*A*A******A,...x..........x..x...........x..x...........x.....x............x,15.0,Beginner,True,180
puzzle_57_90,8,A*A*A***AAAAAA*AA****A****AA*A*AA*A*AA****A****AA*AAAAAA***A*A*A,....x....x...........x.........xx.........x...........x....x....,15.0,Beginner,True,rot90
puzzle_58_lr,8,A**A*A*AAA*A*AA*AAA*AAAAAA*A**AA**A*AA*****A******A*A**A*AA*A*A*,x.............x.....x....x...........x.....x...........x..x.....,15.0,Beginner,True,lr
puzzle_59_90,8,A*******AAA*AA*AA*A****AA*A*AAAAAAAA*A*AA****A*AA*AA*AAA*******A,x...........x.....x...........x..x...........x.....x...........x,15.0,Beginner,True,rot90
puzzle_60_90,8,A***A***A*AAAAAAA***AA*A***A*A*AA*A*A***A*AA***AAAAAAA*A***A***A,....x.........x.x............x....x............x.x.........x....,15.0,Beginner,True,rot90
puzzle_61_90,8,A**A****AAAAAA*AA*AA***AA*AA********AA*AA***AA*AA*AAAAAA****A**A,...x.....x.............x..x..........x..x.............x.....x...,15.0,Beginner,True,rot90
puzzle_62_90,8,A*AA*A**AAA*AA*A*****A**A*AA*AA**AA*AA*A**A*****A*AA*AAA**A*AA*A,...x.....x...........x..x..............x..x...........x.....x...,15.0,Beginner,True,rot90
puzzle_63_180,8,*AA*AAAAAA**AAA**A**A**A*AAAAAAA*******A*AA*AA*AA***AA******A**A,..x...........x..x.........x...........x.....x..x...........x...,19.0,Beginner,True,180
puzzle_64_90,8,*AA*AAAA**A**AA***A******AAA*AAAAAA*AAA******A***AA**A**AAAA*AA*,....x.........x...x............xx............x...x.........x....,15.0,Beginner,True,rot90
puzzle_65_90,8,A**A****A*AAAAAAA*AAA**AA**A********A**AA**AAA*AAAAAAA*A****A**A,...x..........x...x.....x..............x.....x...x..........x...,15.0,Beginner,True,rot90
puzzle_66_90,8,****A*AA******AAAA*AAAAA*A*A**AAAA**A*A*AAAAA*AAAA******AA*A****,....x..........x.....x...x............x...x.....x..........x....,15.0,Beginner,True,rot90
puzzle_67_90,8,**AA*A*AA*AAAAAA**A*****A*A*AA****AA*A*A*****A**AAAAAA*AA*A*AA**,...x..........x...x.....x..............x.....x...x..........x...,15.0,Beginner,True,rot90
puzzle_68_90,8,AAA*AAA**A***A*******AA**AA*AAAAAAAA*AA**AA*******A***A**AAA*AAA,....x....x...........x.........xx.........x...........x....x....,18.0,Beginner,True,rot90
puzzle_69_90,8,**AA*A*AAAAAAA*A*****A**A*A*AA****AA*A*A**A*****A*AAAAAAA*A*AA**,...x.....x...........x..x..............x..x...........x.....x...,15.0,Beginner,True,rot90
puzzle_70_90,8,A*A*AAA**AA**A*A**A******AAA*AAAAAA*AAA******A**A*A**AA**AAA*A*A,....x..........x..x...........x..x...........x..x..........x....,15.0,Beginner,True,rot90
puzzle_71_90,8,AAAA*AA**A*******A***AA*AAAA*AA**AA*AAAA*AA***A*******A**AA*AAAA,...x.....x...........x..x..............x..x...........x.....x...,15.0,Beginner,True,rot90
puzzle_72_90,8,A*A*A***AAAAAA*AA***AA*****A*A*AA*A*A*****AA***AA*AAAAAA***A*A*A,....x....x...........x.........xx.........x...........x....x....,15.0,Beginner,True,rot90
puzzle_73_90,8,*AAAAAAA*AA*AA****A*******A*AAA**AAA*A*******A****AA*AA*AAAAAAA*,.......x....x.....x...........x..x...........x.....x....x.......,15.0,Beginner,True,rot90
puzzle_74_90,8,*A*A**AA******A*AA*A*AAAAAAA**A**A**AAAAAAA*A*AA*A******AA**A*A*,...x..........x.x.........x..........x.........x.x..........x...,15.0,Beginner,True,rot90
puzzle_75_90,8,*A**A*AA******A*AAAAA*AA*A*A**AAAA**A*A*AA*AAAAA*A******AA*A**A*,....x.........x...x............xx............x...x.........x....,15.0,Beginner,True,rot90
puzzle_76_180,8,A*******AA*AAAA*AAAAAA***AAA*A**AA*A***AAA******A****A**AAAAAAA*,x.............x.....x.....x............x.x...........x.....x....,15.0,Beginner,True,180
puzzle_77_90,8,AAA*AA**A*AAAAA******A****AA*A*AA*A*AA****A******AAAAA*A**AA*AAA,.x.........x.........x.........xx.........x.........x.........x.,15.0,Beginner,True,rot90
puzzle_78_90,8,AAAAAAA**AA*AA****A*******AA*AA**AA*AA*******A****AA*AA**AAAAAAA,x...........x.....x...........x..x...........x.....x...........x,15.0,Beginner,True,rot90
puzzle_79_90,8,A***A***A*AAAAAAA***AA*A****AA*AA*AA****A*AA***AAAAAAA*A***A***A,....x.........x.x............x....x............x.x.........x....,15.0,Beginner,True,rot90
puzzle_80_lr,8,AAAAAA*A***AAAA*AAA*AAAA*A******A*AAAAAA***A****AAA****A******A*,..x.........x..........x.x...........x.....x....x.............x.,19.0,Beginner,True,lr
puzzle_81_90,8,*A*A***AAA*AA***AAAAA*AAA***A******A***AAA*AAAAA***AA*AAA***A*A*,.x..........x.....x.....x..............x.....x.....x..........x.,15.0,Beginner,True,rot90
puzzle_82_90,8,A*A*AA**A*AAAAAA****AA*****A*A*AA*A*A*****AA****AAAAAA*A**AA*A*A,..x...........x.....x..........xx..........x.....x...........x..,14.0,Beginner,True,rot90
puzzle_83_180,8,*A***AAA*A**AAA**AA*AA*A*******A*AAAAAAA*A**A**AA***AA*A***AAA*A,......x..x...........x.........x..x.........x...x..........x....,19.0,Beginner,True,180
puzzle_84_180,8,**A*****AA*A****A*****A**AAA**A*A*AA***AA*AAAAA*AAAA*A**AAAAA*AA,..x.....x.............x....x...........x.....x...x..........x...,19.0,Beginner,True,180
puzzle_85_90,8,*A**AAAA******A**AA***AA*AA*AAAAAAAA*AA*AA***AA**A******AAAA**A*,....x.........x...x............xx............x...x.........x....,15.0,Beginner,True,rot90
puzzle_86_90,8,AAAA*AA**AA**A*******A**AAAA*AA**AA*AAAA**A*******A**AA**AA*AAAA,...x.....x...........x..x..............x..x...........x.....x...,15.0,Beginner,True,rot90
puzzle_87_90,8,*A**A*AA******A*AAAAA*AA*A**A*AAAA*A**A*AA*AAAAA*A******AA*A**A*,....x.........x...x............xx............x...x.........x....,15.0,Beginner,True,rot90
puzzle_88_90,8,*A**A*AA*A******AAAA**AA*AA*A*AAAA*A*AA*AA**AAAA******A*AA*A**A*,....x....x.............x..x..........x..x.............x....x....,15.0,Beginner,True,rot90
puzzle_89_90,8,****A**AA**A**AAAAAAA*AA*A**A**AA**A**A*AA*AAAAAAA**A**AA**A****,....x.........x...x............xx............x...x.........x....,15.0,Beginner,True,rot90
puzzle_90_lr,8,*******A***A*AAA**A*****AAAA*AA*****A**AAA*AAAAAAAA*A***AAAAAAA*,.......x.....x....x.....x...........x.........x..x.........x....,19.0,Beginner,True,lr
puzzle_91_90,8,*AAAAAAA***A**A**AAA**A**AAA********AAA**A**AAA**A**A***AAAAAAA*,.......x...x..........x...x..........x...x..........x...x.......,15.0,Beginner,True,rot90
puzzle_92_90,8,****A**AA*AAAAAAA*AAA**A***A***AA***A***A**AAA*AAAAAAA*AA**A****,....x.........x...x............xx............x...x.........x....,15.0,Beginner,True,rot90
puzzle_93_180,8,A*A*AAA**A*AAAAAA*A*A**AAA**A*A*A*A*AA***AA*A*A******A*AA***A*A*,......x....x...........x.x..........x.....x..........x..x.......,19.0,Beginner,True,180
puzzle_94_90,8,A*******AA**A**AAA**AAAAA***AAAAAAAA***AAAAA**AAA**A**AA*******A,x...........x....x...........x....x...........x....x...........x,15.0,Beginner,True,rot90
puzzle_95_lr,8,A**A*AA*A*AA**A**A*A*A*AA*AA**A****A*AAAA**A*AA***AA**AA*AA*A**A,x.............x..x.........x...........x.....x....x.........x...,15.0,Beginner,True,lr
puzzle_96_180,8,AAAAA***AAAAAAA*A*AAA***A***A**A*AA*AAA*AAA***A*A*******AAA*****,.x...........x.....x...........x....x.........x.x.........x.....,15.0,Beginner,True,180
puzzle_97_180,8,A****A**AA*A*AA*AA*A*A*AA*AAAAA*A*****A**A*A*A**A**A*A**AA*AAAA*,.....x...x.............x..x...........x....x....x...........x...,15.0,Beginner,True,180
puzzle_98_90,8,****A**AA*AAAAAAA***AA*A***A*A*AA*A*A***A*AA***AAAAAAA*AA**A****,....x.........x.x............x....x............x.x.........x....,15.0,Beginner,True,rot90
puzzle_99_180,8,****A*****AA**AA*******A***AA**A*AA**AAA*AAAAAAA**AA**AAAAA*AAAA,....x.....x............x...x.........x...x............x.x.......,15.0,Beginner,True,180
puzzle_100_lr,8,***A*AAAA**A*AA*A*A*A*A****A*AAA*A*A*A*AAAAA****A**A*AA*AA*A*A**,...x....x...........x..........x.....x....x...........x..x......,19.0,Beginner,True,lr
puzzle_101_90,8,**A**A*AA*A*AAAA**A*****A*A*AAAAAAAA*A*A*****A**AAAA*A*AA*A**A**,.......x....x.....x...........x..x...........x.....x....x.......,15.0,Beginner,True,rot90
puzzle_102_180,8,A*AAAAA*A*AAAAAA*AA*A***A***AA**AA**AAA*AAA*A**A******A*A*****A*,...x...........x..x..........x...x..........x.........x.x.......,19.0,Beginner,True,180
puzzle_103_180,8,A*******AAA*AAAA**AA**AA*AA*A***AAA*A**A**AA**AA****A***AAAAAAA*,x............x.....x.....x.............x..x.........x.........x.,15.0,Beginner,True,180
puzzle_104_90,8,*AA*AA*AA*AAAAA******A****AA*A*AA*A*AA****A******AAAAA*AA*AA*AA*,.x.........x.........x.........xx.........x.........x.........x.,15.0,Beginner,True,rot90
puzzle_105_90,8,*A*AA*AA*A**A***AAAAA*AA***A**A**A**A***AA*AAAAA***A**A*AA*AA*A*,.......x....x.....x...........x..x...........x.....x....x.......,15.0,Beginner,True,rot90
puzzle_106_90,8,AA*A*AA*******A**AA***AAAAAA*AA**AA*AAAAAA***AA**A*******AA*A*AA,...x..........x...x.....x..............x.....x...x..........x...,15.0,Beginner,True,rot90
puzzle_107_90,8,****AA*AA*AAAAAA**A*A**A****AA*AA*AA****A**A*A**AAAAAA*AA*AA****,....x.........x...x............xx............x...x.........x....,15.0,Beginner,True,rot90
puzzle_108_90,8,*A**A*AA*A******AAAA**AA*AAA**AAAA**AAA*AA**AAAA******A*AA*A**A*,....x....x.............x..x..........x..x.............x....x....,15.0,Beginner,True,rot90
puzzle_109_90,8,AAAAAAA**AAA*****AA******AAA*A****A*AAA******AA*****AAA**AAAAAAA,x..........x.....x...........x....x...........x.....x..........x,18.0,Beginner,True,rot90
puzzle_110_180,8,A**A**AAA*AA*AAAAAAAAAA**AAA*AAA***A***AA**********A**A***AA*AA*,......x...x.........x....x.............xx..........x.........x..,15.0,Beginner,True,180
puzzle_111_180,8,*AA*A*AAA*AAAAAA*A**AAAAA*AAAA*A*A****A*****AA*A******A***A*A**A,.......xx............x.....x.....x..........x.........x...x.....,15.0,Beginner,True,180
puzzle_112_90,8,*A*A***AAA******AAAAA*AAAA**A*A**A*A**AAAA*AAAAA******AAA***A*A*,...x....x.........x...........x..x...........x.........x....x...,15.0,Beginner,True,rot90
puzzle_113_180,8,*AAAAAAA*A***A*AA**AAAAA*AAA***A*AAA***A*****AA**A*AAA*A*******A,..x..........x..x..........x.....x............x.....x..........x,19.0,Beginner,True,180
puzzle_114_90,8,*AAA*AAA**AA*AA***A*****AAAA*A****A*AAAA*****A***AA*AA**AAA*AAA*,...x..........x...x.....x..............x.....x...x..........x...,15.0,Beginner,True,rot90
puzzle_115_90,8,*A**A*AA*A******AA*AAAAA*A**A*AAAA*A**A*AAAAA*AA******A*AA*A**A*,....x....x...........x.........xx.........x...........x....x....,15.0,Beginner,True,rot90
puzzle_116_90,8,AAA*AAA**AA**A*******A***AAA*AAAAAA*AAA***A*******A**AA**AAA*AAA,....x....x...........x.........xx.........x...........x....x....,15.0,Beginner,True,rot90
puzzle_117_90,8,*******AA**A**AAAA*AAAAAAA*A***AA***A*AAAAAAA*AAAA**A**AA*******,.......x...x.........x...x............x...x.........x...x.......,15.0,Beginner,True,rot90
puzzle_118_lr,8,A*****A*******A*A***AA*A***A*AAAAAA*A****AAA**A*AAAAAA*A*AAAAA*A,x.............x.....x..........x.x.........x.........x....x.....,19.0,Beginner,True,lr
puzzle_119_90,8,AA*A**A**A******AAAA**AAAAA*A*A**A*A*AAAAA**AAAA******A**A**A*AA,...x.....x.............x..x..........x..x.............x.....x...,15.0,Beginner,True,rot90
puzzle_120_90,8,A*A**A**A*AA*AAA*****A**AAAA*A*AA*A*AAAA**A*****AAA*AA*A**A**A*A,x..........x.........x...x............x...x.........x..........x,15.0,Beginner,True,rot90
puzzle_121_90,8,AA*AA*A**A*A****AA*AAAAA*A**A******A**A*AAAAA*AA****A*A**A*AA*AA,x..........x.........x...x............x...x.........x..........x,15.0,Beginner,True,rot90
puzzle_122_180,8,**AA*AAA*****A*AA*AAAAAA*A*A*A*A*A*A*A*A******A**A*AAAAA***A**AA,..x..........x..x..........x.....x............x.....x..........x,15.0,Beginner,True,180
puzzle_123_90,8,*******AA***A*AAAAAAA*AAA**A**AAAA**A**AAA*AAAAAAA*A***AA*******,.......x....x.....x...........x..x...........x.....x....x.......,15.0,Beginner,True,rot90
puzzle_124_90,8,A**A****A**A**AAAAAAA*AAAA*A********A*AAAA*AAAAAAA**A**A****A**A,...x..........x...x.....x..............x.....x...x..........x...,15.0,Beginner,True,rot90
puzzle_125_lr,8,*A*A*A*AAAAAA**A*A*AA***A*AAAAAA*A******A*A**AAA*****AA*A*A*A*A*,...x....x...........x.........x..x.............x.....x....x.....,19.0,Beginner,True,lr
puzzle_126_180,8,AA*AAAAAAA**AA*AA**AAAA***A**A*A*A*AA*AAA****AA**A**AA*******A**,...x...........xx.........x.........x.........x..x...........x..,15.0,Beginner,True,180
puzzle_127_90,8,AAAAAAA**A*A*****A*AAAA**A*A********A*A**AAAA*A*****A*A**AAAAAAA,x..........x.........x...x............x...x.........x..........x,15.0,Beginner,True,rot90
puzzle_128_180,8,******AA***A**A*A*A*AAAAAA**A*AA**A*AA******A*A*A*AA*AAA**AAAAAA,.......x...x.........x...x..........x.........x.x.........x.....,19.0,Beginner,True,180
puzzle_129_90,8,*AAAAAAA**A*AAA***A*******A*AAA**AAA*A*******A***AAA*A**AAAAAAA*,.......x....x.....x...........x..x...........x.....x....x.......,15.0,Beginner,True,rot90
puzzle_130_90,8,*AAAAAAA*AAA*****AAAA****A*A********A*A****AAAA*****AAA*AAAAAAA*,.......x..x.........x....x............x....x.........x..x.......,18.0,Beginner,True,rot90
puzzle_131_180,8,*AA*A*AAA**A*AAA**A****A*AA***AA**AAA**A*AAAA*AA***A*AA***A*A**A,....x...x.........x...........x....x.....x...........x.........x,19.0,Beginner,True,180
puzzle_132_90,8,*A*A***AA*****A*AA*AAAAAAA*A**A**A**A*AAAAAAA*AA*A*****AA***A*A*,...x....x............x...x............x...x............x....x...,15.0,Beginner,True,rot90
puzzle_133_180,8,*A*******A*A*AA*AAAA*AAA*AAA*AAA***A***A***A****A**A*A*AAAAAAA*A,.x............x...x..........x.........x...x....x...........x...,19.0,Beginner,True,180
puzzle_134_90,8,*AAAAAAA***A**A**AA*A*A**A**AA****AA**A**A*A*AA**A**A***AAAAAAA*,.......x...x.....x...........x....x...........x.....x...x.......,15.0,Beginner,True,rot90
puzzle_135_90,8,A***A***AAAAAA*AA**AAA*A***A***AA***A***A*AAA**AA*AAAAAA***A***A,....x....x...........x.........xx.........x...........x....x....,15.0,Beginner,True,rot90
puzzle_136_90,8,A*AA*AA***AA*AAA**A*****AAAA*A****A*AAAA*****A**AAA*AA***AA*AA*A,...x..........x...x.....x..............x.....x...x..........x...,15.0,Beginner,True,rot90
puzzle_137_90,8,**AA*A*AA*AA*AAA**A*****AAA*AA****AA*AAA*****A**AAA*AA*AA*A*AA**,...x..........x...x.....x..............x.....x...x..........x...,15.0,Beginner,True,rot90
puzzle_138_90,8,A*******AA*A***AAAAA**AAAAAA***AA***AAAAAA**AAAAA***A*AA*******A,x..........x..........x...x..........x...x..........x..........x,15.0,Beginner,True,rot90
puzzle_139_180,8,A**AA*AA***A***A**AAA*AAA***AAAA****AAA***A***AA*AAA*AAA**A**AA*,...x...........x..x.....x...........x.........x..x...........x..,15.0,Beginner,True,180
puzzle_140_90,8,A*AA*A**A*AA*AAA**A*****AAAA*A****A*AAAA*****A**AAA*AA*A**A*AA*A,...x..........x...x.....x..............x.....x...x..........x...,15.0,Beginner,True,rot90
puzzle_141_lr,8,*A**AA*AA*A*A*A*AA*A*A**AA**AA**AA**AA***A*A*A*AAAA*A****A*A*A*A,.x............x....x....x...........x..........x..x..........x..,19.0,Beginner,True,lr
puzzle_142_90,8,*AAAAAAA**AA**A**AA******AAA*A****A*AAA******AA**A**AA**AAAAAAA*,.......x...x.....x...........x....x...........x.....x...x.......,18.0,Beginner,True,rot90
puzzle_143_90,8,*******AAAA*AA*AA*A****AA*AA*AAAAAA*AA*AA****A*AA*AA*AAAA*******,.......x....x.....x...........x..x...........x.....x....x.......,15.0,Beginner,True,rot90
puzzle_144_90,8,AAA*AAA***A**AA***A******AAA*AAAAAA*AAA******A***AA**A***AAA*AAA,....x.........x...x............xx............x...x.........x....,15.0,Beginner,True,rot90
puzzle_145_90,8,*AAAAAAA*AAA*A*******A***AA*AA****AA*AA***A*******A*AAA*AAAAAAA*,.......x...x.........x...x............x...x.........x...x.......,15.0,Beginner,True,rot90
puzzle_146_90,8,A*A*AAA***AA*AAA**A******AAA*A*AA*A*AAA******A**AAA*AA***AAA*A*A,....x.........x...x............xx............x...x.........x....,15.0,Beginner,True,rot90
puzzle_147_90,8,A*******AAAA***AAAA****AAAAA*A*AA*A*AAAAA****AAAA***AAAA*******A,x..........x.....x...........x....x...........x.....x..........x,18.0,Beginner,True,rot90
puzzle_148_90,8,**A**A*AA*AA*AAA*****A**AAAA*A*AA*A*AAAA**A*****AAA*AA*AA*A**A**,.......x...x.........x...x............x...x.........x...x.......,15.0,Beginner,True,rot90
puzzle_149_90,8,AAAAAAA*****AAA******AA***A*AAA**AAA*A***AA******AAA*****AAAAAAA,x...........x.........x...x..........x...x.........x...........x,18.0,Beginner,True,rot90
puzzle_150_lr,8,***A*AAA*AAA***AAAAA*****A*A*A*AAA**AA***AAA***A*AAA***A*A*A*A*A,......x...x.....x..............x....x....x.........x.........x..,19.0,Beginner,True,lr
puzzle_151_lr,8,AAAA*AAAAA*****AA*A****AAAAAAAA********A*A*AAAA***AAAAA*****A***,...x....x.........x..........x.........x.x............x.....x...,19.0,Beginner,True,lr
puzzle_152_180,8,A**AAAAAA***AAAA***A*A*A**A*AA**AA**A*AA*A*A*AAA****AAA******AA*,...x....x............x....x............x.x..........x.........x.,20.0,Beginner,True,180
puzzle_153_90,8,***A***AAAAAA**AAA*AAA*AA***A******A***AA*AAA*AAA**AAAAAA***A***,...x.....x...........x..x..............x..x...........x.....x...,19.0,Beginner,True,rot90
puzzle_154_180,8,AA*AA*A**A*AAA*AA**AAA**AA*AAAAA*****A**AA***AA**A***A*AA*A**A**,......x.....x...x..........x.........x...x.............x..x.....,20.0,Beginner,True,180
puzzle_155_90,8,AAAA*AA**AA******A***A**AAAA*AA**AA*AAAA**A***A******AA**AA*AAAA,...x.....x...........x..x..............x..x...........x.....x...,19.0,Beginner,True,rot90
puzzle_156_180,8,*******A****AAAAA*****A*A*A**AAA***AA*A*A*AAAAA*****AAAA*AAAAAAA,.......x....x...x.........x...........x....x.........x...x......,20.0,Beginner,True,180
puzzle_157_180,8,AAAAAA*****A*A*A*****AA*AA*AAAA*A****A**A**AAAAA*A*A*AAAAA******,..x............x.....x.....x....x...........x.........x..x......,20.0,Beginner,True,180
puzzle_158_180,8,AA***A*AA*A**A*A***AA***AAAAAA*A*A******AAA**AAA*A*AA*A**A*AAA**,x.........x.........x..........x.x............x....x.........x..,20.0,Beginner,True,180
puzzle_159_180,8,A*AAAAA****AA*A*A**A**A***AAA***AAA***AAA*AA*AA*A*A**AAAA*****A*,..x.........x.........x....x.....x...........x.........xx.......,20.0,Beginner,True,180
puzzle_160_180,8,AAAAA**AAAAAA****AA*AAA*A*AA****AAAA**A*A***A**AAAA******AA*****,.......x.x...........x.....x..........x.....x...x.........x.....,20.0,Beginner,True,180
puzzle_161_180,8,*AAA**AAA**A***AA*AAAAAA*****AAA***AAAAA******A**AAA*AA***AA***A,..x.....x............x.........x....x.........x..x.........x....,20.0,Beginner,True,180
puzzle_162_90,8,*AAAAAAA****AAA******AA***AA*AA**AA*AA***AA******AAA****AAAAAAA*,.......x....x.........x...x..........x...x.........x....x.......,19.0,Beginner,True,rot90
puzzle_163_90,8,***A***AA*AAA*AAAAAAA**AA***A******A***AA**AAAAAAA*AAA*AA***A***,...x..........x...x.....x..............x.....x...x..........x...,19.0,Beginner,True,rot90
puzzle_164_lr,8,*A*AAAAA**AA**A**AA**AAA**A*****AA*AAAAAA**AA***AA**AA*AA*A*****,.x.........x.........x....x...........x.....x..........xx.......,19.0,Beginner,True,lr
puzzle_165_lr,8,****A***AAA**A**AA**A***AA*A**AA**A*AA****AA*AAA***AA*AAAAAA*AAA,....x.....x.....x..............x.....x.....x..........x..x......,20.0,Beginner,True,lr
puzzle_166_180,8,*A*AAA**A***A*****A*****AA*AAA**AA***A**AAAAA*AAAAA*AAA*AA***A*A,...x....x.........x..........x...x............x.....x..........x,20.0,Beginner,True,180
puzzle_167_90,8,AAA*AAA*****AAA******AA***A*AAAAAAAA*A***AA******AAA*****AAA*AAA,x...........x.........x...x..........x...x.........x...........x,19.0,Beginner,True,rot90
puzzle_168_180,8,A**AAA*A****AAAAAAAA*AAAAAAAA**A*AA********A********AAAA*A***AA*,x.............x...x.........x....x.........x...........x.....x..,20.0,Beginner,True,180
puzzle_169_180,8,A**AAAA*AAAA*AAA**A**AA*AA*A*AA*A**A*A**A**AA*AA***A****A****AA*,....x.....x...........x..x...........x.........x...x....x.......,20.0,Beginner,True,180
puzzle_170_180,8,*A***A***A*A*A*A*A*AA*AA*A*AAAAA*****A*A**A**A*A*A*A*A*AAA*AAA*A,.x.........x..........x.....x..........x..x..........x..x.......,20.0,Beginner,True,180
puzzle_171_180,8,AAAAA**A***A********AA**AAAAAA**AA******AA**AAAAAAAA*AAA*AA*****,.......x...x.........x....x.....x...........x.........x..x......,20.0,Beginner,True,180
puzzle_172_lr,8,****A****A**A***A*A*AAAA*A***AA*A*AAA**A*A*A****A*AA*AAAAAAA*AAA,....x....x.............x.....x..x..........x..........x...x.....,19.0,Beginner,True,lr
puzzle_173_180,8,AAA***AAAAA**A*AAAAA***AAAA*AA**AA**A****AAA*****A*AA*****AAA***,......x...x............x.....x..x..........x.....x..........x...,20.0,Beginner,True,180
puzzle_174_90,8,*AA*AAAA*A***A*******AA**AA*AAAAAAAA*AA**AA*******A***A*AAAA*AA*,....x....x...........x.........xx.........x...........x....x....,19.0,Beginner,True,rot90
puzzle_175_lr,8,AA*A*A**AAAA****AAAA****AAA*A***AA**AA**A*AA**A**A**AA*A*A*A*A*A,.....x.....x....x.........x.........x.........x..x.............x,20.0,Beginner,True,lr
puzzle_176_180,8,**A*AA******A****AAA****A****A**AA*AAAA*AAAA***AAAA*AAAAAA**A*AA,..x.........x....x...........x.....x...........xx.............x.,20.0,Beginner,True,180
puzzle_177_lr,8,A***A*AAAAAAAA***AAAA*A*AAAAAAA********AA****A*A******AA*AAA*A**,....x....x.........x.........x.........xx.............x...x.....,20.0,Beginner,True,lr
puzzle_178_lr,8,AAAAA*A**AA*A*AAAAA*AAAAA**A*****AA*AAAA***A****A**A*A*******A*A,.x..........x.....x.....x.............x....x.........x.........x,20.0,Beginner,True,lr
puzzle_179_lr,8,A*A**A***A***AAAAA***AAAAA*AAAAA**A*******AAA***A*AAA****A*AA*AA,.....x.........x.x............x...x.........x...x..........x....,19.0,Beginner,True,lr
puzzle_180_90,8,A***A***A*AAA*AAAAAAA**A***A***AA***A***A**AAAAAAA*AAA*A***A***A,....x.........x...x............xx............x...x.........x....,19.0,Beginner,True,rot90
puzzle_181_180,8,AAAA*A**A***A*A*AAA**AAAAAA*AAA*A***A******AA***A*A*AAA*AA*A****,..x.........x..........x.....x..x..........x..........x..x......,20.0,Beginner,True,180
puzzle_182_90,8,*AAAAAAA*AAA*A****AA*****AAA********AAA*****AA****A*AAA*AAAAAAA*,.......x.....x.....x.....x............x.....x.....x.....x.......,19.0,Beginner,True,rot90
puzzle_183_lr,8,*A**AA*A*A**AA*AA*A*A*A***AA**AAAAA*A****AA*A**AAA**AA**AA**AA**,.......x....x.........x....x....x.........x..........x...x......,20.0,Beginner,True,lr
puzzle_184_180,8,*AAA**A***AA**AA***A**A**AAAAA*A*A*****AA*AA*AAA**AA**AAA*AA***A,.x.........x..........x.....x..........x.....x....x.....x.......,20.0,Beginner,True,180
puzzle_185_lr,8,A***AAA*A*AA**A*AAA*A****AA*A**A****AAAAA***AAA*A***AAA*AA**AA**,.....x.....x....x.........x............x....x.........x..x......,20.0,Beginner,True,lr
puzzle_186_lr,8,A**A*AA*AA*A*A**AA*A*A***AAA***AAA*A*A*****A*AAA***A*AAAAAA*A***,......x..x...........x....x.....x..........x...........x....x...,19.0,Beginner,True,lr
puzzle_187_180,8,A**A*AA*A******A****A**AA****A**AA*AAAA**AA*AAAA*AAAAAA*A**A*AA*,...x....x..............x.....x...x..........x.....x...........x.,20.0,Beginner,True,180
puzzle_188_180,8,*****A*****AAAA*AAA*****AAAAAAA*A*******AAAAA***A****AAAAA*AAAAA,.....x.....x.....x............x.x.........x............x....x...,20.0,Beginner,True,180
puzzle_189_180,8,AA***A****AAAAAA***AAAAA*A******AAAAAA*A*****AAA******AAAA*AAA**,x.........x...........x..x.........x.........x.........x....x...,20.0,Beginner,True,180
puzzle_190_90,8,A*******A*A*AAAAA***AA*AA***AAAAAAAA***AA*AA***AAAAA*A*A*******A,x.........x.........x.........x..x.........x.........x.........x,19.0,Beginner,True,rot90
puzzle_191_180,8,A********AA***A*AAA**AA*AA*A*AA*A**A*A**A**AA***A*AAA**AAAAAAAA*,x.........x...........x..x...........x.....x...........x....x...,20.0,Beginner,True,180
puzzle_192_180,8,AAA***A***A**AA*****AAA****A*AAA***A*AAAA***AAAAA**AA*AAA*AAA***,.x............x.....x..........x...x.........x..x.........x.....,20.0,Beginner,True,180
puzzle_193_90,8,*AA*AAAA**A***A**AA******AAA*AAAAAA*AAA******AA**A***A**AAAA*AA*,....x.........x...x............xx............x...x.........x....,19.0,Beginner,True,rot90
puzzle_194_180,8,*AAAA*A*A*A*AA*A*AA*****AA******AAAAAA**AAAAA**A*A**A*A*A*A****A,......x.....x.....x.....x............x.....x.....x.............x,20.0,Beginner,True,180
puzzle_195_lr,8,*****A******A**A*AAA**AAAAA*A*A****A*A*AA***AA**AAAA*AA*AAAAA*AA,.....x.........x.x............x....x....x.........x.........x...,20.0,Beginner,True,lr
puzzle_196_lr,8,*AA*A**AAAA*A***AAAA****A*AA**A**A**AA*AA***AAA*AAA*A***AAAA****,.......x....x.....x...........x..x...........x..x..........x....,20.0,Beginner,True,lr
puzzle_197_lr,8,A***AAA****A**A*AAAAAA*AA**A**A**AA*AA*A******A*AAA*AA*A*AAA***A,.....x.....x...........xx.........x...........x.....x....x......,20.0,Beginner,True,lr
puzzle_198_90,8,AA*A****AAAAA***AAAAA**AA**A********A**AA**AAAAA***AAAAA****A*AA,.x..........x.....x.....x..............x.....x.....x..........x.,20.0,Beginner,True,rot90
puzzle_199_lr,8,A*A*AA*A***A****AAAAA***A**A**A**AA*AA*A*****AAAAAA*AAAA*A*A**A*,.....x.....x....x.............x...x............x....x....x......,20.0,Beginner,True,lr
puzzle_200_lr,8,**AA**AA***A*AAA****AAAAA**A*AA*A*AA**A****A*AAAA*AA**A**AA*A**A,..x............x....x.........x.x............x.....x.....x......,20.0,Beginner,True,lr
puzzle_201_lr,8,*A*A*A*A*A****AA*A**AAAAA*AAAAAA*A******A*AA****A*AAAA**A*A*A*A*,.....x.........x....x.........x..x.........x....x.........x.....,20.0,Beginner,True,lr
puzzle_202_lr,8,AA*A*A*****A*AAAA*A*A*A*AA*A*A**A**A*AA*AA**AA**AAA*A***AAA*A***,.....x.........xx..........x..........x..x..........x.....x.....,20.0,Beginner,True,lr
puzzle_203_90,8,AAAA*AA******AA***A***A*AAAA*AA**AA*AAAA*A***A***AA******AA*AAAA,...x..........x...x.....x..............x.....x...x..........x...,20.0,Beginner,True,rot90
puzzle_204_lr,8,***A*AAAAAAA*****AA*A**AAA**AA**A***AAA**A**AA*AA***AAA*****AAAA,...x....x.........x.........x.........x..x...........x.........x,20.0,Beginner,True,lr
puzzle_205_lr,8,AAAAA**AAAAAA*****A**A*AAA*****A**AAAAA*AA*AA*A******AAA*****AA*,.x..........x.....x.....x.............x....x...........x.....x..,20.0,Beginner,True,lr
puzzle_206_180,8,*AAAA*AAA*A***A****AA**AAAA*A*AA**A*A****AA**AAAA*AAA*A***A****A,.x............x.....x...x.........x..........x.....x...........x,20.0,Beginner,True,180
puzzle_207_90,8,A***A*A****AAAAAA**AAAAA***A***AA***A***AAAAA**AAAAAA****A*A***A,......x....x.........x.........xx.........x.........x....x......,20.0,Beginner,True,rot90
puzzle_208_lr,8,**A***AAA***A*A***AAAAAAAA*AAAAA**A*****AA*******AAA*A*AAA*AAA**,......x.....x..........x.....x....x.....x..........x.....x......,20.0,Beginner,True,lr
puzzle_209_lr,8,A*AA**A***AA**AAA**A*AA*A**A*AA****A*AAA**A*A*AAA*AA**A*AAAA****,x.........x..........x.....x...........x....x.........x..x......,20.0,Beginner,True,lr
puzzle_210_lr,8,AAA*AAAA******A****AAAAAA****AAA*AAAA***AAA*****AAAAAA*A***A****,.x............x.....x..........x..x.....x............x.....x....,20.0,Beginner,True,lr
puzzle_211_lr,8,AAAAAA****AAA****AA*****A*AAAAAA*A******A**AAAAAAA***AAA******AA,x...........x.....x...........x..x.........x.........x.........x,20.0,Beginner,True,lr
puzzle_212_180,8,AA***AA*AA*A*AAAA*AAAAAA*A*A***A*AAA*A*A******A****A*A**A**AAA**,.....x...x..........x..........x..x...........x....x....x.......,20.0,Beginner,True,180
puzzle_213_lr,8,****A**A**A*****AAAAA**AAAAAAA********AA*****AA*AA*AAAAAAAAA*AA*,....x.....x.....x..........x...........x.....x...x............x.,20.0,Beginner,True,lr
puzzle_214_lr,8,****AAAAA***AAA*A***AAA**AA*A**AAAA*A***AAAA*****A**AA*AA***AAA*,.......x....x.........x...x.....x..........x.....x...........x..,20.0,Beginner,True,lr
puzzle_215_lr,8,A********AAAAAA****A*A*AA*AAA*AA*A***A**AAA*A*A*A******A*AAAAAAA,x............x.....x..........x..x..........x..........x..x.....,21.0,Beginner,True,lr
puzzle_216_90,8,***A***AA**AAAAAA*AAA*AAA***A******A***AAA*AAA*AAAAAA**AA***A***,...x..........x...x.....x..............x.....x...x..........x...,20.0,Beginner,True,rot90
puzzle_217_90,8,****A**AA**AAAAAA***AAAA***A*A*AA*A*A***AAAA***AAAAAA**AA**A****,....x.........x.x............x....x............x.x.........x....,20.0,Beginner,True,rot90
puzzle_218_lr,8,*A**AA*A*AA*A**A*AA*A**A*A**AA*A**A*A*AAA**A*AA**AA*A**A**AA**AA,.....x....x.........x....x............x.x..............x...x....,20.0,Beginner,True,lr
puzzle_219_lr,8,AAAA***AAA*A*A****A******A**A***A*AA*AAAAA*AAAAA**A*A*AA****AAA*,...x....x.........x.........x.........x..x.............x.....x..,20.0,Beginner,True,lr
puzzle_220_90,8,*AAAAAAA**AA**A**AAAA****A**A******A**A****AAAA**A**AA**AAAAAAA*,.......x..x.........x....x............x....x.........x..x.......,20.0,Beginner,True,rot90
puzzle_221_lr,8,*A**AA*A*A**AA*A*A**AA*A***A*AAA*A**AA*A***A*AAA**AA**AAAAAA****,....x..........x.....x.....x.....x............x...x.....x.......,20.0,Beginner,True,lr
puzzle_222_90,8,AAAAAAA**A**AA*******AA***AA*AA**AA*AA***AA*******AA**A**AAAAAAA,x...........x.........x...x..........x...x.........x...........x,19.0,Beginner,True,rot90
puzzle_223_90,8,A**A****AAAAA**AAAAA***AA*AA********AA*AA***AAAAA**AAAAA****A**A,...x.....x.............x..x..........x..x.............x.....x...,20.0,Beginner,True,rot90
puzzle_224_180,8,*AAA*******A**A*AAAA***AAA*AA**A*AA**A***AAA****A*AA*AAAAAAA***A,..x...........x.x...........x....x.........x.........x.........x,20.0,Beginner,True,180
puzzle_225_90,8,*AAAAAAA****AAA****AAAA****A**A**A**A****AAAA****AAA****AAAAAAA*,.......x.....x.....x..........x..x..........x.....x.....x.......,20.0,Beginner,True,rot90
puzzle_226_180,8,***A***A*A*A**AAAAA*A*AA*A*AA*AA**A**A*A**A*A*****AA*A*A*AAA*AAA,...x..........x.x...........x..........x..x..........x...x......,21.0,Beginner,True,180
puzzle_227_lr,8,A*AA**A***AA**AA**AA**AAAAA*A***A*AA**A**A**AA*AA*A*A*A*A*A*A*A*,......x...x............x.x.........x.........x..x...........x...,20.0,Beginner,True,lr
puzzle_228_lr,8,***A*AAAA**A*AA*A*A*A*A*AA**AA***A**AA*AA***AAA*****AAAA****AAAA,...x....x.........x..........x...x............x.....x..........x,20.0,Beginner,True,lr
puzzle_229_lr,8,**AA**AAA*A*A*A*AA**AA***A**AA*AA*A*A*A*AAA*A***AAA*A***A*A*A*A*,...x....x............x.........x..x.........x....x............x.,20.0,Beginner,True,lr
puzzle_230_180,8,*A**A***AA*A*A***A*AAA***AAAAAA*A******AAA***A*AAA*A*A**AAA*AA*A,....x....x.........x..........x.x..............x.....x....x.....,20.0,Beginner,True,180
puzzle_231_lr,8,**AA**AAAAAA****A*AA**A*A**A*AA*A**A*AA*AAA*A****A*A*A*AA*AA**A*,......x..x.........x.........x..x...........x..........x..x.....,20.0,Beginner,True,lr
puzzle_232_180,8,*AA**A*A*AAAAAAAAAAA*AAA*A**AA*A*A**AA*A***A***********A*A*AA**A,..x...........x.x............x...x.........x...........x....x...,20.0,Beginner,True,180
puzzle_233_180,8,AAAAAA*A*******A*AAAA**A**A*AAAA****A*AA*AA****A*AAAAAAA*A******,x..............x...x..........x.....x.....x..........x...x......,20.0,Beginner,True,180
puzzle_234_lr,8,AAA*A***AA**AA***AA*A**A*AA*A**AAA*A*A******AAAA****AAAA*A**AA*A,x............x....x............x...x..........x.....x....x......,20.0,Beginner,True,lr
puzzle_235_180,8,***A***A**AA****AAAAA*AAAAA*AA**AA**A*****A*****AAAA**AA*AAA*AAA,.......x...x..........x..x..........x.....x.....x............x..,20.0,Beginner,True,180
puzzle_236_lr,8,*AAA*AA*****A***AA**AAA********AAAAAAAA***AA***AAAAA*AAAA***A**A,..x.........x....x.............x.....x.....x..........x.x.......,20.0,Beginner,True,lr
puzzle_237_lr,8,**AA**AAAAA*A*******AAAA****AAAA**AA**AAAAAA*****AAA***A*AAA***A,......x.....x..........x.....x....x.....x..........x.....x......,20.0,Beginner,True,lr
puzzle_238_lr,8,AA*A*A***AA*A**AAA**AA***A**AA*A****AAAA**A*A*AA****AAAA*AA*A**A,...x...........xx...........x.........x...x..........x...x......,20.0,Beginner,True,lr
puzzle_239_180,8,****A********AAA*AA***A**AA*AAAA****A**AA*AAA**A***AAAAAAAA*AAAA,....x.........x...x..........x.........xx..........x.....x......,20.0,Beginner,True,180
puzzle_240_180,8,AA*AAAA*AA*A*AAA*AA*A*A*AA*A*A**AA*A*A**A*A*A**A***A*A**A****A**,....x.........x...x..........x...x.............x...x....x.......,21.0,Beginner,True,180
puzzle_241_lr,8,AAA*A****AA*A**A*AA*A**A*AAA***A*AA*A**A****AAAA**A*A*AAAA**AA**,x...........x..........x...x.....x............x...x..........x..,20.0,Beginner,True,lr
puzzle_242_180,8,AAAAAAA**AA**AA*A*A*AAA**A**AA**AA**AA*AA***A*A*A**AA**AA*******,...x..........x...x..........x...x..........x..........xx.......,21.0,Beginner,True,180
puzzle_243_lr,8,AAAAA*AA**AA*****AAA*****A***A*AA*AAA*A*A***AAAAAA**AAAA*****A**,......x....x.....x.............x..x.........x...x............x..,20.0,Beginner,True,lr
puzzle_244_lr,8,AA**AA****AA**AAAAA*A****AA*A**A****AAAA****AAAAA***AAA*AA**AA**,.....x.....x....x.........x............x....x.........x..x......,20.0,Beginner,True,lr
puzzle_245_90,8,*A*A***AAAAAA***AAAAA**AA**A********A**AA**AAAAA***AAAAAA***A*A*,.x..........x.....x.....x..............x.....x.....x..........x.,20.0,Beginner,True,rot90
puzzle_246_90,8,AAAA*AA**A***A*******AA*AAAA*AA**AA*AAAA*AA*******A***A**AA*AAAA,...x.....x...........x..x..............x..x...........x.....x...,20.0,Beginner,True,rot90
puzzle_247_lr,8,**AA**AAA*AA**A*AAA*A***A*AA**A*A**A*AA***AA**AA**A*A*AAA***AAA*,..x...........x..x.........x.........x.........x....x...x.......,20.0,Beginner,True,lr
puzzle_248_90,8,A***A***AAAAA**AAA*AAA*A****A**AA**A****A*AAA*AAA**AAAAA***A***A,....x....x...........x.........xx.........x...........x....x....,20.0,Beginner,True,rot90
puzzle_249_lr,8,**AAA**AA*AAA*A***A**A***A******A*AAAAAAAA*AA*AA*A***A*AAA***AA*,....x.....x..........x...x............x....x...........xx.......,20.0,Beginner,True,lr
puzzle_250_lr,8,A*AAAAAA*A*A****A*AAA***AAA*A**A***A*AA**A***AAAA*A*AAAA*A******,......x....x....x.........x..........x.........x....x....x......,20.0,Beginner,True,lr
puzzle_251_lr,8,A*A*A*A*AA**AA**A**A*AA*AAA*A***AAA*A***A*AA**A**AA*A**AA*A*A*A*,......x..x...........x....x.....x..........x...........x....x...,20.0,Beginner,True,lr
puzzle_252_lr,8,AA**AA****A*A*AA****AAAAA*A*A*A*A*AA**A***A*A*AA**AA**AAA*A*A*A*,.x.............x.....x..x..........x..........x...x.........x...,21.0,Beginner,True,lr
puzzle_253_90,8,AAAAA*A**A*A****AA*AAAA**A**A******A**A**AAAA*AA****A*A**A*AAAAA,x..........x.........x...x............x...x.........x..........x,21.0,Beginner,True,rot90
puzzle_254_90,8,*****A*AA*AA*AAA**A****AAAAA*A*AA*A*AAAAA****A**AAA*AA*AA*A*****,.....x.....x...........x.x............x.x...........x.....x.....,21.0,Beginner,True,rot90
puzzle_255_90,8,*A*AAAAA****A*A**AAAA*AA****A*A**A*A****AA*AAAA**A*A****AAAAA*A*,.......x....x.....x...........x..x...........x.....x....x.......,21.0,Beginner,True,rot90
puzzle_256_90,8,*******AAA**A**AAA*A*AAAA*A*A*AAAA*A*A*AAAA*A*AAA**A**AAA*******,.......x....x.........x...x..........x...x.........x....x.......,21.0,Beginner,True,rot90
puzzle_257_90,8,*AAAAAAA*A**A****A*A*AA***A*A*A**A*A*A***AA*A*A****A**A*AAAAAAA*,.......x....x.........x...x..........x...x.........x....x.......,21.0,Beginner,True,rot90
puzzle_258_90,8,*******AAAA*A**AAAAA***AA*AA**AAAA**AA*AA***AAAAA**A*AAAA*******,.......x....x.....x...........x..x...........x.....x....x.......,21.0,Beginner,True,rot90
puzzle_259_180,8,*******A*AA*A*AAA*AAAAAAAA*AAA*A*A***A********A***A*A**A*AAAAAAA,.......x....x...x..........x.....x............x...x..........x..,22.0,Beginner,True,180
puzzle_260_180,8,A*A****A*A*A******AA**AAA*AA*AA*A**A**A***AA**AAAAAA*A*A*AAAA*A*,.......x.x.........x.........x..x.............x...x.........x...,22.0,Beginner,True,180
puzzle_261_180,8,A*AAAA*A*A**A*AA**A***AA*A**AA*A*A**AA*A**AAA*AA**A*AA*A*A****A*,x.............x...x.........x..........x...x.........x...x......,22.0,Beginner,True,180
puzzle_262_180,8,A*A*A*AA***AA*AA*AAA**AA**AA***A*AAA**AA**AA***A**A**AAA**A*A*A*,x...........x.........x....x.....x.............x.....x....x.....,22.0,Beginner,True,180
puzzle_263_180,8,*A*****AA*AAA****A***A******A***AAA*AAAAAA*AAA*AAAA***A**AAAAA*A,.......x...x.....x..........x.........x.x.........x..........x..,22.0,Beginner,True,180
puzzle_264_180,8,AA*AA*A*AAAA*A********A*A**AAAAA*****AA*A*AAAAAAAA*A****A*A**A**,....x....x............x....x.........x.........xx.........x.....,22.0,Beginner,True,180
puzzle_265_180,8,*AAA**A***A****AA*AA***A**A*AAA*A***A*AA*AAA**A**AAAA*AAA*AA***A,.x.............x...x.........x..x.............x.....x.....x.....,22.0,Beginner,True,180
puzzle_266_180,8,*AAAA*A*AAAAAA*AAAAA**AAAAA*AA**AA**A*****AA*****A******A*A****A,......x.....x.....x..........x..x..........x.....x.............x,22.0,Beginner,True,180
puzzle_267_180,8,A**A*****A***A**AA*A*AAAAAA*AAA*A***A******A*A**AA*AAA*AAAAA*AA*,...x.....x............x.....x...x............x.........x..x.....,22.0,Beginner,True,180
puzzle_268_lr,8,AAAA*AAAAAAA*AA******A***A*A**A*A*A*AA*AAAAAA*AA****A**A****A***,......x..x...........x.....x....x.........x............x....x...,22.0,Beginner,True,lr
puzzle_269_lr,8,**A*A*A*AAAAAA*A*AAAA***A*A*AA*A*A*A**A*A****AAA******A*AA*A*A*A,....x..........x..x..........x.....x....x.............x..x......,22.0,Beginner,True,lr
puzzle_270_lr,8,*AA*A*A*A*AAAAAAAAAAAAA**A**A***A*AA*AAA*******A*A******A**A*A*A,......x....x....x...........x.....x............x.x...........x..,22.0,Beginner,True,lr
puzzle_271_lr,8,*AA*A**A**AA**AA**A*A*AAA*AA**A**AAA***AA*A*A*A*A***AAA*A*A*A*A*,.x.............x....x.........x....x....x............x....x.....,22.0,Beginner,True,lr
puzzle_272_90,8,A*******A*A*A*AAAAAA***AA*AA**AAAA**AA*AA***AAAAAA*A*A*A*******A,x...........x.....x...........x..x...........x.....x...........x,22.0,Beginner,True,rot90
puzzle_273_90,8,AAAAAAA****A*AA*****AAA**A*A*A****A*A*A**AAA*****AA*A****AAAAAAA,x..........x.........x...x............x...x.........x..........x,22.0,Beginner,True,rot90
puzzle_274_90,8,*AAAA*AA*A**A***AA*AAAA*****A*A**A*A*****AAAA*AA***A**A*AA*AAAA*,..x.........x...x.............x..x.............x...x.........x..,22.0,Beginner,True,rot90
puzzle_275_lr,8,A***AA*AAAAAA*AA**AA***A**AAA*A*AA***A*AAA**AAA******A***AAA**A*,x.............x...x.........x..........x.x...........x.....x....,24.0,Beginner,True,lr
puzzle_276_180,8,*******AAAAA**AAAA*A**AAA*A*A*AA**A*A*A***AA*A****AA*****AAAAAAA,.......xx.............x.....x.....x..........x.....x.....x......,25.0,Beginner,True,180
puzzle_277_lr,8,****AAAA*A*A*A*A*AAA***A**AA**AA***A*AAA***A*AAAAA**AA***AAA***A,....x..........x.x............x....x.........x..x.........x.....,25.0,Beginner,True,lr
puzzle_278_180,8,A**A*AAA****AAAAA*A*AAA*AA*A***A*AAA*A**A***A*A*****AAAA***A*AA*,x............x....x............x.x..........x.........x....x....,25.0,Beginner,True,180
puzzle_279_180,8,**AAAA*A***AAA*A*A*AA******A****AAAA*AAAAAA**A*A*A***AAA*A****AA,..x.........x....x.........x..........x.x............x.........x,25.0,Beginner,True,180
puzzle_280_lr,8,**AA**AA*AA*A**A**AA**AA***A*AAA****AAAAAA**AA**AAAA******AA**AA,......x..x.........x.........x.........x....x...x.........x.....,25.0,Beginner,True,lr
puzzle_281_180,8,*A*AA**A*****A**A**AAAA***AA*A**AA*A**AAA****AA*AA*AAAAA*AA**A*A,.......x.....x..x..........x.....x............x.....x.....x.....,25.0,Beginner,True,180
puzzle_282_lr,8,A***AAA**AA*A**A*AAA***A*AAA***A*AAA***AAAAA*****A**AA*A*A**AA*A,......x.....x.....x............x...x....x............x...x......,24.0,Beginner,True,lr
puzzle_283_lr,8,*AA*A**AA*A*A*A*AA**AA**A***AAA*A***AAA*A*A*A*A*AA*A*A****A*A*AA,..x.........x....x...........x..x.............x....x...........x,25.0,Beginner,True,lr
puzzle_284_lr,8,*AA*A**AAAA************AAAAA*AAA****A***AAAAAAA****AAAAAA**A*AA*,..x.....x..............x.x..........x.........x....x.........x..,25.0,Beginner,True,lr
puzzle_285_180,8,*A******AA*AAA****AA******AAA***AAA***AAAAAA**AAAA***A**AAAAAA*A,.x...........x....x.........x.........x....x....x..............x,25.0,Beginner,True,180
puzzle_286_lr,8,AA**AA***A**AA*A***A*AAAA*A*A*A*AA*A*A**AAAA****AAA*A***AA*A*A**,.....x.........x...x..........x.x.........x.........x....x......,25.0,Beginner,True,lr
puzzle_287_90,8,A*******A*AA*AAAA*AA***AAAAA***AA***AAAAA***AA*AAAA*AA*A*******A,x............x.....x.....x............x.....x.....x............x,24.0,Beginner,True,rot90
puzzle_288_180,8,*AAA**AA**A*AA****AAAA*A*AAAA*AA**A****A*A****AAAA**A*AA**AA***A,.x...........x.........x....x.....x...........x.x..........x....,25.0,Beginner,True,180
puzzle_289_lr,8,A***AAA****A*AAA***A*AAA*A*A*A*A*AAA***A**AA**AAA*AA**A**A*A*A*A,....x.........x....x.....x.............x..x.....x............x..,24.0,Beginner,True,lr
puzzle_290_lr,8,*A**AAA*A***A**A***A**A*****A***AAAA*AAAAAA*AA*A*AAA*AA*A*AA***A,.....x..x.............x.....x.....x............x.x.........x....,25.0,Beginner,True,lr
puzzle_291_lr,8,A*******A***A****AAA***A*AAAA***A****AAAA***AAA**AAA*AAA*AAAAAAA,x...........x....x.........x...........x.....x....x...........x.,24.0,Beginner,True,lr
puzzle_292_lr,8,**A*A***AAA***AA*****AAAA*AAAAAA*A******AAAAA******AAA**AA*A*AAA,..x.....x.............x.....x....x.........x.........x.........x,25.0,Beginner,True,lr
puzzle_293_lr,8,***A*AAA*AAA***A*AAA***A*A**AA*A****AAAA*A**AA*AAAA*A******A*AAA,.....x....x............x.x............x.....x...x..........x....,24.0,Beginner,True,lr
puzzle_294_180,8,AA***AAA*AA*AAAAA***AAAA**A**AAA***AA*AA****AAA*****A**A***AAA**,.x...........x..x.........x...........x.....x..........x...x....,25.0,Beginner,True,180
puzzle_295_180,8,*******AA*AAAAAA*A*AA*AAA****A*A*A*AAAA***A**A*A******A**AAAAAAA,.......x.....x.....x....x...........x.....x...........x..x......,25.0,Beginner,True,180
puzzle_296_lr,8,*AAA***AA*AA**A**AAA***AAAAA*****AA*A**AA***AAA*****AAAA*AAA***A,..x...........x....x.....x..........x...x............x.........x,25.0,Beginner,True,lr
puzzle_297_90,8,AA**AAA*******A**AAA**AA*AAA**AAAA**AAA*AA**AAA**A*******AAA**AA,....x.........x...x............xx............x...x.........x....,24.0,Beginner,True,rot90
puzzle_298_90,8,**AA*AAA**AA*AAA**A*****AAA*AA****AA*AAA*****A**AAA*AA**AAA*AA**,...x..........x...x.....x..............x.....x...x..........x...,24.0,Beginner,True,rot90
puzzle_299_lr,8,*A**AA*AAA*A*A**AAAA*****A*A*A*A****AAAA*AAA***A*AAA***A*A*A*A*A,....x...x..........x.....x............x...x............x.....x..,25.0,Beginner,True,lr
puzzle_300_180,8,AAA*****A*A*AA*****AAA***AA*****AAAAA**AAA***AAAAA**A*A*AAAAA***,..x..........x.....x.....x.............xx.............x.....x...,25.0,Beginner,True,180
puzzle_301_90,8,AAAAAAA***A*AAA****A*A****A*A*A**A*A*A****A*A****AAA*A***AAAAAAA,x............x.....x..........x..x..........x.....x............x,22.0,Beginner,True,rot90
puzzle_302_180,8,A**AAAA****AAA**AAAA*AAAAAAA**A*A*AA*******A****AA***AAAA****AA*,......x.....x..........x..x.....x..........x.....x...........x..,25.0,Beginner,True,180
puzzle_303_lr,8,*AAA*A*AA*AAA*AAAA*AAAA*A*AAAAAA*A********A****A*A***A**A***A*A*,..x.........x.........x....x.....x.............x.....x..x.......,25.0,Beginner,True,lr
puzzle_304_90,8,**A*A**AAAAAAA*AA***AA******AA*AA*AA******AA***AA*AAAAAAA**A*A**,....x....x...........x.........xx.........x...........x....x....,24.0,Beginner,True,rot90
puzzle_305_180,8,A****AA*A*A*AAAA**AAA*A***AAA***AAA***AAA*A***AA****A*A*A**AAAA*,.....x....x...........x....x.....x.............x....x...x.......,24.0,Beginner,True,180
puzzle_306_lr,8,AA*A*A*****A*AAA*A*A*A*AA**A*AA*AAAA****AA*A*A******AAAAAA*A*A**,.....x.........x...x..........x...x.....x...........x....x......,25.0,Beginner,True,lr
puzzle_307_180,8,****A***A**A*****A*AAAA***A*AAA*A***A*AAA****A*AAAAA*AA*AAA*AAAA,....x...x.............x...x............x.....x.....x.....x......,25.0,Beginner,True,180
puzzle_308_90,8,*******AAAAA***AAAA****AAAA*AA*AA*AA*AAAA****AAAA***AAAAA*******,.......x...x.....x...........x....x...........x.....x...x.......,24.0,Beginner,True,rot90
puzzle_309_180,8,AAA*AA*AA***AA*AAAAAAAA*A*AAA***AAA***A*A********A**AAA**A**A***,..x............x.....x.....x..........x.x...........x....x......,25.0,Beginner,True,180
puzzle_310_180,8,A*A*AAAAAA******A***A***A****A**AA*AAAA*AAA*AAA*AAAAAA******A*A*,.......x.x..........x...x..........x.........x....x...........x.,25.0,Beginner,True,180
puzzle_311_lr,8,*A*AAAAAAAA*AA*AAAA**A********A*AAAAAA*A***AA*AA***A**A*A*A*****,.x...........x....x...........x.....x..........x...x....x.......,25.0,Beginner,True,lr
puzzle_312_180,8,*A*A***AAA*****AAA*A**AA***A*AAA***A*AAA**AA*A***AAAAA***AAA*A*A,.......xx.............x....x.........x....x.........x....x......,25.0,Beginner,True,180
puzzle_313_lr,8,A**A*AA**AAA***AA*AA**A*AA*A*A**A***AAA*A**A*AA****A*AAAA**A*AA*,.....x....x...........x..x..........x...x..............x...x....,25.0,Beginner,True,lr
puzzle_314_180,8,***AA*A***A*A****AA***A***A***AA**AAA*AAA*AAA**AAAA*A*AAA*A**AAA,......x.....x....x.............x...x....x.........x..........x..,25.0,Beginner,True,180
puzzle_315_lr,8,AAAA****AAAA****A*AA**A*A**A*AA***AA**AA**AA**AA**AA**AA*A**AA*A,.x.........x....x............x.........x..x...........x.....x...,25.0,Beginner,True,lr
puzzle_316_90,8,AA*AAAA*****A*A**AAAA*AA***A**A**A**A***AA*AAAA**A*A*****AAAA*AA,x...........x.....x...........x..x...........x.....x...........x,22.0,Beginner,True,rot90
puzzle_317_lr,8,*AAA****AA*******A*AAA*A***A****AAA*AAAAA*A***A***AAAAAAA***AAAA,..x.....x............x.....x.....x............x.....x..........x,24.0,Beginner,True,lr
puzzle_318_90,8,*****A*AA*AA*AAA**A****AAAA*AA*AA*AA*AAAA****A**AAA*AA*AA*A*****,.....x.....x...........x.x............x.x...........x.....x.....,22.0,Beginner,True,rot90
puzzle_319_180,8,A**AA*AA*******AAAAAA*AAAA***AAA***AAA****A******AAAAAAA**A**AA*,x..............x...x.....x...........x....x.........x.........x.,25.0,Beginner,True,180
puzzle_320_lr,8,AAAA*****AAA***A*AAA***AAAA*A*******AAAAA***AAA*A*AA**A*A*AA**A*,x..........x.....x..........x..........x.....x....x...........x.,25.0,Beginner,True,lr
puzzle_321_lr,8,A***AAA***AA**AAAAA*A*****AA**AA**AA**AA**A*A*AA***A*AAA****AAAA,x..........x.....x............x...x.........x..........x.....x..,25.0,Beginner,True,lr
puzzle_322_lr,8,AAAA*AAAA***AA**AAAA***AAAAA*A******A*AA****AAA**AAA**AA****A***,......x.x..........x.....x.............x.....x....x.........x...,25.0,Beginner,True,lr
puzzle_323_lr,8,*A**AA**A***AAAA*******A*A****A*A*AAAA*AAAAAAAA**AAA****A*AA**AA,....x...x..............x.x.........x.........x....x...........x.,25.0,Beginner,True,lr
puzzle_324_lr,8,AA**AA**AAA*A***AAAA****A*A*A*A**A*A*A*AA*AA**A*A***AAA*A**A*AA*,.....x...x.........x....x..............x..x.........x.........x.,25.0,Beginner,True,lr
puzzle_325_90,8,***A***AA**AAAAAA***AAAAA**A*A****A*A**AAAAA***AAAAAA**AA***A***,...x..........x.x............x....x............x.x..........x...,25.0,Beginner,True,rot90
puzzle_326_90,8,*AAA*AAA*AAA*****AA*****AAA*AA****AA*AAA*****AA*****AAA*AAA*AAA*,.......x...x.....x...........x....x...........x.....x...x.......,25.0,Beginner,True,rot90
puzzle_327_90,8,A*AA*AA******AAA*****AA*AAA*AAA**AAA*AAA*AA*****AAA******AA*AA*A,...x...........x.....x...x............x...x.....x...........x...,25.0,Beginner,True,rot90
puzzle_328_90,8,***A**AA***AAAAAA**AAAAAA**A********A**AAAAAA**AAAAAA***AA**A***,......x....x.........x..x..............x..x.........x....x......,25.0,Beginner,True,rot90
puzzle_329_90,8,AAAA*AA******AA*****AAA*AA**AAA**AAA**AA*AAA*****AA******AA*AAAA,..x...........x.....x...x..............x...x.....x...........x..,25.0,Beginner,True,rot90
puzzle_330_90,8,*A**A**AAAAAA***AAAAA**A****A**AA**A****A**AAAAA***AAAAAA**A**A*,.x..........x.....x............xx............x.....x..........x.,25.0,Beginner,True,rot90
puzzle_331_90,8,*AAA*AAA*****AA*****AAA*AA**AAA**AAA**AA*AAA*****AA*****AAA*AAA*,..x...........x.....x...x..............x...x.....x...........x..,25.0,Beginner,True,rot90
puzzle_332_90,8,***A**AA***AAAAAA**AAAAAA***A******A***AAAAAA**AAAAAA***AA**A***,......x....x.........x..x..............x..x.........x....x......,25.0,Beginner,True,rot90
puzzle_333_90,8,A**A****A**AAAAAA***AAAAA**A*A****A*A**AAAAA***AAAAAA**A****A**A,...x..........x.x............x....x............x.x..........x...,25.0,Beginner,True,rot90
puzzle_334_180,8,***A*AA**AAAAA*A*A**AA***A*AAAAA*****A*AAA**AA*A*A*****AA**A*AAA,......x...x.........x....x...........x..x..............x...x....,26.0,Beginner,True,180
puzzle_335_180,8,AAAAA*AA**A****AA***A****A**A*A*A*A*AA*AAAA*AAA**AAAA*AA**A*****,...x...........x....x....x...........x..x.............x...x.....,26.0,Beginner,True,180
puzzle_336_180,8,*AAA**AAAAAA**AAA*A**A***A*AA**A*AA**A*AAA*AA*A***AA******AA***A,......x.x............x.....x.....x..........x.....x............x,26.0,Beginner,True,180
puzzle_337_180,8,AAAAA*AA******AAA*A*A**A*A**A***AAA*AA*A*AA*A*A***AAAAAA**A*****,...x..........x.x...........x..........x.x...........x....x.....,26.0,Beginner,True,180
puzzle_338_180,8,*AA*AA*A*A**AAA*A*A*AAAA*AAAA*A*A*A****A****A*A*A***AA*A*A**A**A,..x..........x.........x...x....x.............x.....x....x......,26.0,Beginner,True,180
puzzle_339_lr,8,AAA*A***AA*A*A**AA**AA**A**A*AA*AAAA****A*AA**A**A*A*A*AA**A*AA*,..x.....x...........x.........x..x.........x...........x.....x..,26.0,Beginner,True,lr
puzzle_340_90,8,AAAAAAA**AA*A****AAA******AA**A**A**AA******AAA****A*AA**AAAAAAA,x...........x.....x...........x..x...........x.....x...........x,26.0,Beginner,True,rot90
puzzle_341_90,8,*AAAAAAA**A*A*A**AAA******AA**A**A**AA******AAA**A*A*A**AAAAAAA*,.......x....x.....x...........x..x...........x.....x....x.......,26.0,Beginner,True,rot90
puzzle_342_90,8,*******AAA*A*A*AA*A***AAAAAA*A*AA*A*AAAAAA***A*AA*A*A*AAA*******,.......x...x..........x...x..........x...x..........x...x.......,26.0,Beginner,True,rot90
puzzle_343_90,8,*******AAA*A*A*AA*AAA*AAAA*A***AA***A*AAAA*AAA*AA*A*A*AAA*******,.......x.....x.....x.....x............x.....x.....x.....x.......,26.0,Beginner,True,rot90
puzzle_344_lr,8,A*AAA**A***AAA**A*AAAA**AAAAAA*A******A**A****AAAAA***AA*A***AA*,..x.........x...x..........x..........x..x.............x.....x..,27.0,Beginner,True,lr
puzzle_345_180,8,A*AAAAAA*******AA*AA**AAA***AA*A*A**AAA***AA**A**AAAAAAA******A*,....x..........x..x.....x............x.....x.....x............x.,27.0,Beginner,True,180
puzzle_346_180,8,*AAA*A*A*A**A**AA*******AAAAA**A*AA*****AAAAAAA**AA*AA*A*A*A***A,.....x.........xx...........x.....x...........x..x.........x....,27.0,Beginner,True,180
puzzle_347_lr,8,*AA*A**AAA*A*A***AA*A**A**A*A*AAAA**AA**A***AAA**A**AA*AA***AAA*,.x.........x...........x..x..........x..x...........x.........x.,27.0,Beginner,True,lr
puzzle_348_lr,8,AAAA*A**AAAAA*AAA********A**AA*AA*AA**A**AAAAAAA*****A******A*AA,.x.........x....x...........x.........x...x..........x.........x,27.0,Beginner,True,lr
puzzle_349_180,8,AAAAA*A**AAA*A**A*************A*A*AAAAAAAAAAAAA*AA*A***AA*A*****,...x.........x..x.............x.....x....x.............x..x.....,27.0,Beginner,True,180
puzzle_350_lr,8,A*******A**A*****A*A****AAA*A*A****A*A*AA*A*AAAA*AA*AAAA*AAAAAAA,x..........x.....x..........x..........x.....x....x...........x.,27.0,Beginner,True,lr
puzzle_351_180,8,AAAA*AAA**AAA*AA**A**AA*******AA**AAAAAAA**AA*AA**A***AA***A****,.x..........x.....x............x.....x..x.............x....x....,27.0,Beginner,True,180
puzzle_352_180,8,A***AA**A**A*****A*A*AAA***AAAAA*****AAA***A*A*AAAAA*AA*AA**AAA*,x..........x.....x..........x..........x.....x....x...........x.,29.0,Beginner,True,180
puzzle_353_180,8,A*A*****AAA*A****AA*AAAAA*****A*A*AAAAA*****A**AAAA*A***AAAAA*A*,..x.........x.........x.x............x.........x.x.........x....,29.0,Beginner,True,180
puzzle_354_180,8,***A*A***A*AAA**A*AA*AAA*AAAAAA*A******A***A**A*AA***A*AAA*A*AAA,...x.........x....x.........x...x.............x..x.............x,27.0,Beginner,True,180
puzzle_355_lr,8,**A*A*AAA***AAA*A*A*A*A*AA**AA****A*A*AAA***AAA***AA**AA**AA**AA,..x.....x...........x....x.............x.....x.....x..........x.,27.0,Beginner,True,lr
puzzle_356_lr,8,A*AAAAA*****A******AA**AAA**A*A***AA*A*AAAA**AA*AAAA*AAA*A*****A,......x.....x..........xx.........x..........x.....x.....x......,27.0,Beginner,True,lr
puzzle_357_180,8,*AAA*AA*A**AAA***A**AA**AA*AAAA*A****A**AA**AA*AAA***AA*A**A***A,..x.........x....x............x.x..............x.....x.....x....,27.0,Beginner,True,180
puzzle_358_180,8,AA*AAAAA*A***AA*AA**AAAAA*****A*A*AAAAA*****AA**A**AAA*A*****A**,...x.....x............x.x.........x.........x..........x.....x..,27.0,Beginner,True,180
puzzle_359_lr,8,***A*AAAA*AA**A*****AAAA****AAAA**A*A*AAAA**AA**A*A*A*A***A*A*AA,...x....x............x.........x....x....x............x...x.....,27.0,Beginner,True,lr
puzzle_360_lr,8,A*AA******AA***AAAA*AAAAAAA**AA****AA**A***A****AA**AAA**A**AAAA,x.........x..........x...x.............x...x..........x.....x...,27.0,Beginner,True,lr
puzzle_361_180,8,*AA******A**A***AA**A*AA**A*AA*A*A**A*AA**A*AA**AAA*AA*AAAAAA**A,.x..........x.........x...x............x.....x..x..........x....,27.0,Beginner,True,180
puzzle_362_lr,8,*AA*A**AA**A*AA***AA**AA***A*AAAA*AA**A*AA*A*A**A**A*AA****A*AAA,....x...x.........x...........x....x.....x...........x.........x,27.0,Beginner,True,lr
puzzle_363_90,8,*******AAAA*A**AAA***A*AA*A*AAAAAAAA*A*AA*A***AAA**A*AAAA*******,.......x....x....x...........x....x...........x....x....x.......,26.0,Beginner,True,rot90
puzzle_364_lr,8,*A***A**A***AAAA*A************AAAAAAAA**A*AAAAAA*AAA****A*AAA*AA,.....x.........x.x............x....x....x.........x.........x...,27.0,Beginner,True,lr
puzzle_365_lr,8,AAA*AAA****A****A*A***A*A**A***A*AA*AAA**A*AAA*AAAA*AAAA***A***A,.....x.....x..........x.x.........x.........x....x.............x,29.0,Beginner,True,lr
puzzle_366_180,8,A***AA*AAA*AAAA*AAA*AAAA*A*A***A*AAA*A*A****A***A****A***A**AAA*,.....x.....x.....x.............x..x.........x...x.............x.,29.0,Beginner,True,180
puzzle_367_lr,8,****AAAAA*A*A*A*A***AAA*A***AAA**AAA***AA*A*A*A*A***AAA*A**A*AA*,.......x..x.....x............x...x..........x.........x....x....,27.0,Beginner,True,lr
puzzle_368_90,8,A*******AA*A*A*AA***AAAAAA*A*A*AA*A*A*AAAAAA***AA*A*A*AA*******A,x..........x.........x...x............x...x.........x..........x,27.0,Beginner,True,rot90
puzzle_369_180,8,AAAA*AAAA*AAAA**AA*AAAA*A*A*AAAA****A*A*A****A**AA****A****A****,..x..........x...x.............x....x...x.............x....x....,29.0,Beginner,True,180
puzzle_370_180,8,*A**AA*AA**A***A*A**A****AAAA***AAA****AAAA*AA*A*AAA*AA**A**AA*A,.....x.........x.x.........x....x.........x...........x.....x...,29.0,Beginner,True,180
puzzle_371_lr,8,A*AAAAAA*AAA****AA*AA**A*AA*****A**AAAAA**A**AA*A***AAAA*A******,.....x.....x...........x..x.....x.............x.....x....x......,27.0,Beginner,True,lr
puzzle_372_180,8,***A**A**AA*AA*A*AA******AA****A*AAAA**AAAAAA**A*A**A**AA*AA*AAA,...x.........x...x.............x..x.....x...........x.........x.,27.0,Beginner,True,180
puzzle_373_lr,8,*******AA*A*AAAAAAAA*AAA**A***A*AA*AAA*A****A****A*A****AAAAAAA*,.......x.....x....x...........x.x...........x....x.........x....,27.0,Beginner,True,lr
puzzle_374_180,8,A************A*AA**AAAA*AAAAA***AAA*****A****AA**A*AAAAAAAAAAAA*,x..............x.....x.....x.....x............x.....x.....x.....,29.0,Beginner,True,180
puzzle_375_lr,8,**AAAA*****A****AAA*AA*AA*AA**A**A**AA*A***A**A*AAA*AAAAAA****AA,.....x.....x....x.........x.........x.........x..x.............x,27.0,Beginner,True,lr
puzzle_376_180,8,AAAA*AAA*AA**A**AA*AAA*A*A*A*AAA***A*A*A*A***A**AA*AA**A***A****,......x...x.........x....x.............x.....x..x..........x....,27.0,Beginner,True,180
puzzle_377_180,8,*AAAA*******A***A***AA*****AAA**AA***AAAAA**AAA*AAA*AAAAAAA****A,..x.........x...x..........x..........x..x...........x.........x,29.0,Beginner,True,180
puzzle_378_lr,8,A*AA*AA*AAA*AAAAAA*A*AA**AA*AA**A**A**AA**A*A**A***A*****A**A**A,.....x....x...........x.....x...x..............x...x.....x......,27.0,Beginner,True,lr
puzzle_379_lr,8,A**A*AA***A*A*AA**AA**AA*A**AA*AA*A*A*A**A**AA*AA*AA**A***A*A*AA,.....x.........x...x.....x............x.....x...x.........x.....,28.0,Beginner,True,lr
puzzle_380_180,8,AA*AAAA****A*AAAA*AAAAA****A***A*AAA*AAAA*****A****A*AAAA****A**,.x............x.....x..........x..x.....x..........x.........x..,29.0,Beginner,True,180
puzzle_381_90,8,*******AAAA*A**AAA*AAA*AA***A*AAAA*A***AA*AAA*AAA**A*AAAA*******,.......x..x.........x.........x..x.........x.........x..x.......,26.0,Beginner,True,rot90
puzzle_382_lr,8,A*AAAAAA*AA*AAAA***A*AA***AAAAAAAA******AAA*A**AA**A*****A******,.....x....x...........x.....x...x..............x...x.....x......,27.0,Beginner,True,lr
puzzle_383_lr,8,*AAAA*A*A*AAAAA**AAAA***AAAAAA*A******A*A****AAA*A*****AA****A*A,..x.........x....x.........x..........x.x..............x.....x..,29.0,Beginner,True,lr
puzzle_384_lr,8,*A**AA*AA***AAA**A**AA*A**AA**AAAAAA****AAAA****AAA*A***AAAA****,.......x.....x...x............x....x....x...........x.....x.....,27.0,Beginner,True,lr
puzzle_385_lr,8,*AAAAAAA*AAAAAA*AA*AAAAA***A*A**AAA*A*AA**A*****A******AA*******,....x....x...........x.....x..........x...x............xx.......,27.0,Beginner,True,lr
puzzle_386_180,8,A*A*A*A*A*A**A****A*****A*A*A*AA**A*A*A*AAAAA*AAAA*AA*A*A*A*A*A*,x............x....x............x....x....x.........x..........x.,27.0,Beginner,True,180
puzzle_387_lr,8,*A*A*A*A*A*A*A*AA***AAA**A**AA*AA*AA**A**A**AA*A****AAAA****AAAA,.x.........x....x............x....x............x....x.........x.,27.0,Beginner,True,lr
puzzle_388_180,8,A*AAAA***A**A*****A*****A*AA*A*A*A*A**A*AAAAA*AAAAA*AA*AAA****A*,x...........x.....x..........x.....x...........x.x............x.,29.0,Beginner,True,180
puzzle_389_lr,8,A***AA*****A*A*A******A**A*AAAAAA*A*****AAAAAA*AAAA*A*A**AAA**AA,x..........x..........x.....x.....x..........x...x.............x,27.0,Beginner,True,lr
puzzle_390_lr,8,A*AAAAA****AAAAA****A*****A*AA*AAA*A**A*AAAA*AAAAAA******A*****A,...x..........x.....x.....x.....x............x...x.............x,27.0,Beginner,True,lr
puzzle_391_180,8,***AA****AAA****AAAA***A*AAAA*A*A*A****A*AAA****AAAA***AAAA**AAA,....x....x.........x..........x.x.........x............x.....x..,27.0,Beginner,True,180
puzzle_392_180,8,AAAA***A*AA**A******A*A*A***AAAA****AAA*A*A*AAAAAA*AA**A*AAA****,...x.....x............x.x............x.........x....x.....x.....,29.0,Beginner,True,180
puzzle_393_lr,8,A**A*AA*A**A*AA***AA**AA***A*AAA****AAAA**A*A*AAAAA*A***A*A*A*A*,...x....x.........x..........x.........x....x....x............x.,27.0,Beginner,True,lr
puzzle_394_180,8,A**AA*A*A*AAA*AAAAAA***AA*A*AAA*A***A*A**AAA******A***A*A*A**AA*,....x..........x.x...........x..x..........x..........x...x.....,27.0,Beginner,True,180
puzzle_395_lr,8,A**A*AA*A**A*AA**A**AA*A****AAAA****AAAA*A**AA*A**A*A*AA*A*A*A*A,x..........x.....x............x.....x..........x..x..........x..,27.0,Beginner,True,lr
puzzle_396_180,8,*AAA**A***A*A**A*A*A**AA*AA*AAAA****A**A**AA*A*A*AA*A*AAA*AA***A,..x.........x....x...........x.........x...x..........x.x.......,28.0,Beginner,True,180
puzzle_397_lr,8,*A******AAA*A*A*AAAA*AA****A****AAA*AAAA****A**A***A*A*AA*AAAAAA,.x..........x.........x....x....x..............x.....x....x.....,29.0,Beginner,True,lr
puzzle_398_lr,8,AAAAAA*A*A*AA*A*A*A*AAAA***A***AAAA*AAA**A*A****A*A**A*A******A*,.x..........x.....x............x.....x.....x....x.............x.,29.0,Beginner,True,lr
puzzle_399_lr,8,AAA*A****A*A*A*AAAA*A******A*AAA*A**AA*AA***AAA*AA**AA***A**AA*A,..x..........x..x..........x.....x............x.....x..........x,29.0,Beginner,True,lr
puzzle_400_90,8,****A**AA***AAAAA**AAAAA***A**AAAA**A***AAAAA**AAAAA***AA**A****,.......x.....x.....x..........x..x..........x.....x.....x.......,29.0,Beginner,True,rot90
puzzle_401_180,8,A**********A*A**A**AAA*A****AA**AA**AAAA*A***AA*AA*A*AAAAAAAAAA*,x..........x...........x....x.........x..x...........x....x.....,30.0,Beginner,True,180
puzzle_402_180,8,*A***A*AAA**AAAA******AA****A***AAA*AAAA**AAAAAA****AA***A*AAA*A,.......x.x............x.....x...x.........x..........x.....x....,30.0,Beginner,True,180
puzzle_403_180,8,A**A*AA*****A*A*******AA*AA*A***AAA*A**A**AAAAAAA*A*AAAAA**A*AA*,x...........x.........x..x.............x..x..........x.....x....,30.0,Beginner,True,180
puzzle_404_180,8,AAAAAA*AA*AA***A*A***AA**A***AAA***AAA*AA**AAA*A*AAA**A**A******,....x.....x..........x.........x...x....x.............x..x......,30.0,Beginner,True,180
puzzle_405_lr,8,**A*AA*A*A*AAA**A**AAAAAA*A*AAAA*A*A*****AA*****A*A***AAAA*A**A*,..x.........x..........x.....x.....x.....x............x.x.......,30.0,Beginner,True,lr
puzzle_406_lr,8,*******A**AA****AAA****AAA*A******A*AAAA***AAAA*AA**AAAAAAAAAAA*,.......x..x.....x..........x..........x.....x....x...........x..,30.0,Beginner,True,lr
puzzle_407_90,8,**A*AAAA*****AAA*****AA**AAA*AAAAAA*AAA**AA*****AAA*****AAAA*A**,....x..........x.....x...x............x...x.....x..........x....,30.0,Beginner,True,rot90
puzzle_408_90,8,AAAAAA**AAAA*****AA******AAA*A****A*AAA******AA*****AAAA**AAAAAA,x..........x.....x...........x....x...........x.....x..........x,30.0,Beginner,True,rot90
puzzle_409_90,8,A***A***A**AAAAAA***AAAA****AA*AA*AA****AAAA***AAAAAA**A***A***A,....x.........x.x............x....x............x.x.........x....,30.0,Beginner,True,rot90
puzzle_410_90,8,AA*A****AAAA****AAAAA**AAA*A********A*AAA**AAAAA****AAAA****A*AA,x.........x.........x....x............x....x.........x.........x,30.0,Beginner,True,rot90
puzzle_411_180,8,AAAA**AAA*AA*AA***A*AAA***AA*AA*A**A**AAA***A*AAA**A**A***AA****,.x............x...x..........x.........x....x...x..........x....,31.0,Beginner,True,180
puzzle_412_lr,8,AAAAAAA***AAA*AA**AA***A*A*A**AAA*A*AA**AA**AAA*AA***A*********A,..x...........x....x.....x..........x...x............x.........x,31.0,Beginner,True,lr
puzzle_413_lr,8,*A*A*A*AA***AAA**AA*A**A**AA**AAAAA*A***AAAA****AAA*A***AAAA****,.......x.....x...x............x.....x.....x.....x..........x....,31.0,Beginner,True,lr
puzzle_414_90,8,*AAAAAAA*A*A*****AAA**A**AA*A******A*AA**A**AAA*****A*A*AAAAAAA*,.......x...x..........x...x..........x...x..........x...x.......,31.0,Beginner,True,rot90
puzzle_415_90,8,A*****A**A**AA*AA**AAAAAA***A*AAAA*A***AAAAAA**AA*AA**A**A*****A,x............x.....x..........x..x..........x.....x............x,31.0,Beginner,True,rot90
puzzle_416_90,8,*AAAAAAA*AAA*A****AA*****AA*A******A*AA*****AA****A*AAA*AAAAAAA*,.......x.....x.....x.....x............x.....x.....x.....x.......,31.0,Beginner,True,rot90
puzzle_417_90,8,A*******A*AA**AAAAAAA**AAA*A***AA***A*AAA**AAAAAAA**AA*A*******A,x.........x.........x....x............x....x.........x.........x,31.0,Beginner,True,rot90
puzzle_418_90,8,AAAAAAA***AA**A**AAAA****A*A********A*A****AAAA**A**AA***AAAAAAA,x.........x.........x....x............x....x.........x.........x,31.0,Beginner,True,rot90
puzzle_419_90,8,*******AAA**A**AAA**AAAAA**A*AAAAAA*A**AAAAA**AAA**A**AAA*******,.......x....x....x...........x....x...........x....x....x.......,31.0,Beginner,True,rot90
puzzle_420_180,8,A**A**AA****AAA****A*A**AAAAA**A*AA*****AA*A*AAAA***AAAA**AA*AA*,x............x.....x...........x.x............x.....x.....x.....,32.0,Beginner,True,180
puzzle_421_180,8,*A**A***A*A**AAAAA**A*AAA*A**A**AA*AA*A***A*AA*****AA*A*AAA*AA*A,.x............x.....x.....x.....x............x.....x...........x,32.0,Beginner,True,180
puzzle_422_180,8,*AAAA*A***AAAAAA**A***A**AA**AAA***AA**AA*AAA*AA******AAA*A****A,.x..........x.....x..........x.........x...x..........x.x.......,32.0,Beginner,True,180
puzzle_423_180,8,AA***AAAA**A**AAAA***A*A*A******AAAAAA*A*A*AAA****AA*AA****AAA**,......x.x..............x.x.........x.........x....x.........x...,32.0,Beginner,True,180
puzzle_424_180,8,**AA****A*AAA**A*AAA*A*A***AA***AAA**AAA*A*A***A*AA***A*AAAA**AA,..x.........x..........x...x.........x...x............x.x.......,32.0,Beginner,True,180
puzzle_425_180,8,*A**AAAA*A****AAAAAA*A*A*AAA*A*A*A*A***A*A*A******AAAA*A****AA*A,....x.........x.x.........x............x.x.........x.........x..,32.0,Beginner,True,180
puzzle_426_180,8,****AAA******AAAAA*AA*A*AAA*AA**AA**A***A*A**A*****AAAAAA***AAAA,.....x.........x...x.....x..........x.....x...........x.x.......,32.0,Beginner,True,180
puzzle_427_180,8,*AA*A**A*A**A*A*A*AAA**AAAAAA*A*A*A******AA***A*A*A*AA*A*AA*A**A,....x....x.........x..........x.x.........x..........x.........x,32.0,Beginner,True,180
puzzle_428_lr,8,*A***AA*A*A***AA*A********AA*AA*AA**A**AA*AAAAAA*A*AAA**A*AAA**A,.....x.........x.x.........x....x.............x.....x.....x.....,32.0,Beginner,True,lr
puzzle_429_lr,8,******A*AA**A*AAA***AA******AA**AAAA**AA*AAA**AA**AA*A**AAAAAA*A,......x.....x...x............x....x............x...x.....x......,32.0,Beginner,True,lr
puzzle_430_lr,8,**A*A*AAA***AAA****A*AAA****AAAA***A*AAAA*A*A*A**A**AA*AA*AA**A*,..x.....x..........x.........x.........x....x....x............x.,32.0,Beginner,True,lr
puzzle_431_lr,8,****AAA*AAA**AAA*A********A*AAAAAA*A****A*AAAAAA***AA***AAAA***A,.....x.........x.x............x....x....x...........x.....x.....,32.0,Beginner,True,lr
puzzle_432_lr,8,A***AAA**A*A*A*AAAAA****AAA*A***AA**AA**AA**AA**AA*A*A***AAA***A,......x....x....x.........x.........x....x...........x.........x,32.0,Beginner,True,lr
puzzle_433_lr,8,***A*AAA****AAAAA***AAA*AA**AA**AA*A*A***AAA***A*A*A*A*A*A**AA*A,...x..........x.....x...x............x....x............x.x......,32.0,Beginner,True,lr
puzzle_434_lr,8,A**AA**A**A*****A**A**AA*A******A*AAAAAA*AA*AA**AA*AAAAA*AA**AA*,....x.....x............x.x.........x.........x..x.............x.,32.0,Beginner,True,lr
puzzle_435_lr,8,A*AA**A*A*A*A*A*A**A*AA***A*A*AA***A*AAAA*AA**A*A*AA**A*AA*A*A**,..x.........x...x..............x.....x.....x..........x..x......,32.0,Beginner,True,lr
puzzle_436_lr,8,*AA*AAAAA**AAAA*A**A*A*AAAA*AAAA***A*****AA*A*A**AA****AA**A****,.x..........x..........x.....x.....x..........x...x.....x.......,32.0,Beginner,True,lr
puzzle_437_lr,8,*AAA***AAAAA****A*AA**A*****AAAAA***AAA*AAA*A*****A*A*AA*AAA***A,.......x.x.........x.........x..x...........x.........x...x.....,32.0,Beginner,True,lr
puzzle_438_lr,8,A*AAAA*AA**A**A*AAA******A*A****A*A*AAAA***AAAAA*AA*AA*A*A****A*,..x...........x.x..........x.........x.........x....x....x......,32.0,Beginner,True,lr
puzzle_439_90,8,A***A*A*****AAAAA**AAAAA***A**AAAA**A***AAAAA**AAAAA*****A*A***A,x............x.....x..........x..x..........x.....x............x,32.0,Beginner,True,rot90
puzzle_440_180,8,*A**A****A*A**A*****AA**AA**AA**AA**AA**AA**AAAAA*AA*A*AAAA*AA*A,.x.........x.........x..x...........x.........x...x............x,33.0,Beginner,True,180
puzzle_441_180,8,*A*AAAAA***AA****A*A*A*AA*AAAAAA******A**A*A*A*AAAA**AAA*****A*A,.x..........x..........x..x...........x....x....x............x..,33.0,Beginner,True,180
puzzle_442_180,8,A**A*A****AAA*A**A*A*A**A**AAAAA*****AA*AA*A*A*AA*A***AAAA*A*AA*,x...........x....x.........x.........x.........x..x...........x.,33.0,Beginner,True,180
puzzle_443_lr,8,***A*AAA**AA**AAA*AA**A*****AAAAA*A*A*A**AAA***AA*A*A*A*A**A*AA*,.....x....x.....x..............x....x....x............x....x....,33.0,Beginner,True,lr
puzzle_444_lr,8,AAAAAA*AAAA*****AAAA**A*AAA****A***AAAA*****AA*A***AAAAA******A*,..x.....x..........x.....x...........x.........x....x.........x.,33.0,Beginner,True,lr
puzzle_445_90,8,AAAA****AAA*****AAA*****AAAA*AA**AA*AAAA*****AAA*****AAA****AAAA,...x....x.........x...........x..x...........x.........x....x...,33.0,Beginner,True,rot90
puzzle_446_90,8,*AAA***AAAAAA***AAAAA***A**A********A**A***AAAAA***AAAAAA***AAA*,.x..........x.....x.....x..............x.....x.....x..........x.,33.0,Beginner,True,rot90
puzzle_447_90,8,*AAAAAAA**A*A*A**A***A****A*AAA**AAA*A****A***A**A*A*A**AAAAAAA*,.......x....x....x...........x....x...........x....x....x.......,33.0,Beginner,True,rot90
puzzle_448_90,8,A*******AA*A*A*AA*A***AAAAAA*A*AA*A*AAAAAA***A*AA*A*A*AA*******A,x..........x..........x...x..........x...x..........x..........x,33.0,Beginner,True,rot90
puzzle_449_90,8,A*******AAA*A**AAA***A*AA*A*AAAAAAAA*A*AA*A***AAA**A*AAA*******A,x...........x....x...........x....x...........x....x...........x,33.0,Beginner,True,rot90
puzzle_450_90,8,AAAA*AA**AAA*****AAA****AAAA********AAAA****AAA*****AAA**AA*AAAA,.....x...x.........x....x..............x....x.........x...x.....,33.0,Beginner,True,rot90
puzzle_451_90,8,*AAAAAAA***A*AA***A***A**AAA*A****A*AAA**A***A***AA*A***AAAAAAA*,.......x...x..........x...x..........x...x..........x...x.......,33.0,Beginner,True,rot90
puzzle_452_180,8,*A******AA*AA**A*AA**AAA****AAAA****AAAA***AA**A*AA**A**AAAAAA*A,.x.............x..x.........x.........x....x.........x..x.......,34.0,Beginner,True,180
puzzle_453_180,8,***A*A*A*AAAA***AA*A*A*AAAAA*A*A*A*A*****A*A*A**AAA****A*A*A*AAA,.......x....x...x..........x.....x...........x....x...........x.,34.0,Beginner,True,180
puzzle_454_180,8,****A**A**AAA*A***A**A*A**A*****AAAAA*AA*A*AA*AAA*A***AA*AA*AAAA,.......x...x.........x....x.....x...........x.........x..x......,34.0,Beginner,True,180
puzzle_455_180,8,*AAAA**AA*AAA**A*A*AAAAA**A*AAA*A***A*AA*****A*A*AA***A**AA****A,.x.........x..........x.....x...x............x....x............x,34.0,Beginner,True,180
puzzle_456_180,8,AAAAA*A*****A**A*AAAAAA*A*A*AA*A*A**A*A*A******A*AA*AAAAA*A*****,...x...........x.x..........x.........x.x............x....x.....,34.0,Beginner,True,180
puzzle_457_180,8,*AA*AAAAAA***AAA****AAAA*A*A**AA**AA*A*A****AAAA***AAA******A**A,..x.....x............x...x.........x..........x.....x..........x,34.0,Beginner,True,180
puzzle_458_180,8,*AA***A***A***AA****AAAAA***AA**AA**AAA*****AAAA**AAA*AAA*AAA**A,......x...x............x....x....x...........x.....x....x.......,34.0,Beginner,True,180
puzzle_459_lr,8,***AA*A**AAAAAAA**AA***A*AAAA*A*A****A*AAA**AAA*A*******AAA**A*A,....x.........x....x.....x.............x.....x..x.........x.....,34.0,Beginner,True,lr
puzzle_460_lr,8,***A*AAA****AAAAA**A*AA**A*A*A*A****AAAA**AA**AA*AAA***A*AAA***A,......x.....x...x..........x.........x....x............x.x......,34.0,Beginner,True,lr
puzzle_461_lr,8,AAAA*****A*A*A*AA***AAA*A**A*AA**AAA***A*A*A*A*A**AA**AA*A*A*A*A,x..............x....x.........x...x..........x.....x.....x......,34.0,Beginner,True,lr
puzzle_462_lr,8,*AA*A**AA**A*AA**A*A*A*AAAA*A***AAAA*****AA*A**A*A*A*A*A*AA*A**A,....x.........x....x....x.........x............x.....x...x......,34.0,Beginner,True,lr
puzzle_463_lr,8,A*AA*******AAA*A******A*AA*A*AAA**A*A***AAAAAA*AAAA***A**A**AAAA,x..........x..........x..x..........x..........x..x..........x..,34.0,Beginner,True,lr
puzzle_464_lr,8,AAAA******A*A*AA**A*A*AAAAA*A***AA*A*A**A*A*A*A*AA**AA**A*A*A*A*,...x...........x....x....x...........x....x.....x.............x.,34.0,Beginner,True,lr
puzzle_465_lr,8,AAA*A***A***AAA*****AAAA****AAAA****AAAAAA**AA***AA*A**A**AA**AA,..x.....x.............x.....x..........x.....x...x.........x....,34.0,Beginner,True,lr
puzzle_466_90,8,****A**AA***AAAAA***AAAA***A*AAAAAA*A***AAAA***AAAAA***AA**A****,....x.........x.x............x....x............x.x.........x....,34.0,Beginner,True,rot90
puzzle_467_180,8,AAAAA*A*AAAAA**AAAA*AA*A**A*AAAA****A*AA*A**A****AA*****A*A*****,......x....x.....x...........x.........x....x.....x.....x.......,35.0,Beginner,True,180
puzzle_468_180,8,*AA*A***A****A***AA*A*A*AAA*****AAAAA***A*A*A**AAA*AAAA*AAA*A**A,....x...x.............x..x.........x...........x.....x....x.....,36.0,Beginner,True,180
puzzle_469_180,8,*AAAA****AAA*A*A****AA*A****AAAA****AAAA*A**AAAA*A*A***AAAA****A,..x..........x.........x....x.........x..x.........x....x.......,36.0,Beginner,True,180
puzzle_470_180,8,*AA*A*A*A*AAAA***A******A*A*AAA*A***A*A*AAAAAA*AAA****A*A*A*A**A,..x..........x...x..........x.........x....x....x..............x,36.0,Beginner,True,180
puzzle_471_lr,8,AAA***A*A***A*AA*****AA********AAAAAAAA*AAAAA**A*AAA*A*****AAA*A,......x.x............x.........x..x.........x....x.........x....,36.0,Beginner,True,lr
puzzle_472_lr,8,****AAAA****AAAAA***AAA*AA**AA***A**AA*AA*AA**A*A**A*AA**A*A*A*A,.......x....x.........x..x...........x....x.....x..........x....,36.0,Beginner,True,lr
puzzle_473_lr,8,*A*A***AA*A*AAAA***A*A*AA*A*AAAA*A*A****AAA*A*A**A*A****A*A*AAA*,.......x..x..........x..x..........x..........x..x..........x...,36.0,Beginner,True,lr
puzzle_474_180,8,AA**AAA*AA**AA*AAA*AA*AAA*A**AA*A**AA*A***A**A***A**AA**A***AA**,.x.............x...x..........x.....x.....x..........x..x.......,37.0,Beginner,True,180
puzzle_475_90,8,A*****A*****AAAAA**AAAAAA**A**AAAA**A**AAAAAA**AAAAA*****A*****A,x............x.....x..........x..x..........x.....x............x,37.0,Beginner,True,rot90
puzzle_476_lr,8,AAAAA*A*AAAAA**A*AAA****AA*A******A*AAAAA***AAAA*****AA******A*A,..x.........x....x.........x..........x.x............x.........x,38.0,Beginner,True,lr
puzzle_477_90,8,AAAA*A**AAAA*****AA*****AAA*AA****AA*AAA*****AA*****AAAA**A*AAAA,x..........x.....x...........x....x...........x.....x..........x,38.0,Beginner,True,rot90
puzzle_478_lr,8,AAAA*AA**A*A***AAAAAA**AAAAA*A*A****A*A******AA*A*A*AAA*****A**A,.....x...x.........x....x...........x.........x...x............x,39.0,Beginner,True,lr
puzzle_479_lr,8,*A***AA*AA**AAA********A**A*A**AAA*A*AA*AAAAAAA***AA***AA*AAA**A,......x.....x..........x..x..........x...x.........x....x.......,39.0,Beginner,True,lr
puzzle_480_lr,8,*****AA*AAAA*A**A*AAA*AA*A*AAAAAA*A******A***A******A*AAAAAAA**A,......x....x....x...........x.....x..........x.........x.x......,39.0,Beginner,True,lr
puzzle_481_lr,8,**AA*******AA***A**A*AA******A*AAAAAA*A**AA*A**AAAA**AAAAA**AAAA,..x.........x...x............x.....x...........x.x............x.,39.0,Beginner,True,lr
puzzle_482_90,8,AAAAAA**AAAA*****AA******AA*AA****AA*AA******AA*****AAAA**AAAAAA,x..........x.....x...........x....x...........x.....x..........x,39.0,Beginner,True,rot90
puzzle_483_180,8,AAA*AAAA*A*A*AA*A*AAAA*AAAAAA***AAA******A****A*A**A*A*A****A***,..x..........x.........x...x.....x............x.x...........x...,40.0,Beginner,True,180
puzzle_484_lr,8,***AAAAAA***AAAAA*A*A*A*AAA*AAAA***A*****A*A*A*A*AAA****AAA*****,.......x....x.........x..x.........x.........x....x.....x.......,40.0,Beginner,True,lr
puzzle_485_lr,8,**AA**AA*AA*A**A*A*A*A*AA***AAA*AA**AA**AAAA****AAAA****AAAA****,......x.....x..........x.....x...x.........x....x.........x.....,40.0,Beginner,True,lr
puzzle_486_90,8,A***AAA****AAAAA***AAAAA***A***AA***A***AAAAA***AAAAA****AAA***A,......x....x.........x.........xx.........x.........x....x......,40.0,Beginner,True,rot90
puzzle_487_lr,8,**AAA*A*AAAA****AAAA**AAAAAA*A*A****A*A*****AA******AAAAAA***A*A,..x.....x..........x.....x............x.....x..........x.....x..,41.0,Beginner,True,lr
puzzle_488_lr,8,****AAAA****AAAA*A**AA*A**AA**AA*AAA***AAAA*A*****AA**AA*AAA***A,.....x.........x....x.........x...x.....x..........x.....x......,41.0,Beginner,True,lr
puzzle_489_90,8,***A***AAAAA***AAAAA***AAAA*A******A*AAAA***AAAAA***AAAAA***A***,...x.....x.............x..x..........x..x.............x.....x...,41.0,Beginner,True,rot90
puzzle_490_90,8,**AAAAAA*A**AA*A*****AA***A*AAA**AAA*A***AA*****A*AA**A*AAAAAA**,.......x....x.........x...x..........x...x.........x....x.......,42.0,Beginner,True,rot90
puzzle_491_90,8,****AAAA*****AAA*****AAA*AAA*AAAAAA*AAA*AAA*****AAA*****AAAA****,....x..........x.....x...x............x...x.....x..........x....,42.0,Beginner,True,rot90
puzzle_492_180,8,******AA*AA**AAAAA*A*AAA*AAA**A*A*AA***A***A*A*****AA**A**AAAAAA,......x..x...........x....x.....x..........x...........x....x...,43.0,Beginner,True,180
puzzle_493_180,8,*AA****AAAAAA**A*A*AA*AA****AAAA****AAAA**A**A*A*AA******AAAA**A,..x.....x.............x.....x..........x.....x...x.........x....,43.0,Beginner,True,180
puzzle_494_lr,8,A*AA**A**AAA***AAAAA****AAAA****AA*A*A**A*A*A*A**A**AA*AAAA*A***,......x..x.........x....x............x....x............x....x...,43.0,Beginner,True,lr
puzzle_495_lr,8,*A**AA*AAA*A*A**AAAA****AAAA****A***AAA****A*AAA****AAAAA**A*AA*,.x.........x....x.........x..........x.........x....x.........x.,43.0,Beginner,True,lr
puzzle_496_90,8,A***A***A***AAAAA***AAAA****AAAAAAAA****AAAA***AAAAA***A***A***A,....x.........x.x............x....x............x.x.........x....,43.0,Beginner,True,rot90
puzzle_497_lr,8,**A*A*AA**A*A*AAAAAA****AAAA****AAA*A***A*AA**A*A***AAA*AA**AA**,..x............x...x.....x..........x.........x.x............x..,44.0,Beginner,True,lr
puzzle_498_lr,8,A*AAAAAA***AAAA**A*AAA**AA*AAAA***A****AA*A***AAAAA****A*A******,....x.........x....x.........x....x.....x..............x.x......,45.0,Beginner,True,lr
puzzle_499_lr,8,**A*A*AAAAAA****AA*A*A******AAAAA***AAA*****AAAA****AAAA*A*A*A*A,..x.....x..........x..........x.....x..........x.....x...x......,50.0,Beginner,True,lr
puzzle_500_90,8,******AA***A*AAAA*AAA*AAAA*A***AA***A*AAAA*AAA*AAAA*A***AA******,.......x.....x.....x.....x............x.....x.....x.....x.......,50.0,Beginner,True,rot90
puzzle_501_180,8,A***A*A****A*A**A***A*A*AAA*AAAA****A***A*A*AAA*AA*A*AAAA*A*AAA*,x..........x..........x..x..........x.....x............x.....x..,44.0,Hard,True,180
puzzle_502_180,8,*AAAAAAA**A**A****AA*A*AAA*AA*AA**A**A***A*A**AAAA*AA*AA*******A,.x...........x.....x....x.........x...........x.....x..........x,44.0,Hard,True,180
puzzle_503_180,8,*AAAAAA*AA***A**A******AAA*AAAA*A****A***AAAAAA*AA*AAA**A******A,......x..x.............x...x.........x....x.........x...x.......,44.0,Hard,True,180
puzzle_504_180,8,AA*AAAA*A****A**A**AAA****A**AA*A**AA*AAAA***AA*AA*AAAA*A****A**,......x.x...........x.....x............x.x.........x.........x..,44.0,Hard,True,180
puzzle_505_180,8,AA*AAA*AAA*AA*AA*AAA***AAA*AA**A*AA**A***AAA***A**A**A***A***A**,....x.........x....x....x.........x............x.....x...x......,44.0,Hard,True,180
puzzle_506_lr,8,A****A**A***A*A*AA*AAAAA**A***A*AA*AAA*A**A******AAA*A*A*AAAA*AA,.....x..x..........x..........x.....x.....x............x.x......,44.0,Hard,True,lr
puzzle_507_lr,8,A***AAA*AA*A*A**AAAA****AA*A*A***A**AA*A*A**AA*AA***AAA**A*A*A*A,....x...x.........x..........x.........x.x............x....x....,44.0,Hard,True,lr
puzzle_508_lr,8,A*A*A*A**A*A*A*A*A**AA*A***A*AAA*A**AA*A*A**AA*AA*AA**A**A**AA*A,x..........x.....x............x.....x..........x..x..........x..,44.0,Hard,True,lr
puzzle_509_180,8,*A**A**A****A****AAA***AAAA**AAA***AA****AAA***AAAA*AAAA*AA*AA*A,.x..........x.....x...........x....x...........xx............x..,45.0,Hard,True,180
puzzle_510_180,8,*AAA*A*A*A*****AA*A*A*A**A*A*A*A*A*A*A*AA*A*A*A**AAAAA*A*A*A***A,..x............xx............x.....x..........x.....x....x......,45.0,Hard,True,180
puzzle_511_180,8,*A***A*A*AAA*AAA*A*A*AA**A*AAA*A*A***A*AA**A*A*A***A***A*A*AAA*A,.....x....x...........x.....x..........xx..........x.....x......,45.0,Hard,True,180
puzzle_512_180,8,**AAAA*A*A*A***A*A****A***AA*A*A*A*A**AAA*AAAA*A*AAA*A*A*A****AA,....x..........x.x...........x.....x....x.........x...........x.,45.0,Hard,True,180
puzzle_513_180,8,AA**AA*AAA*AAA*AA*AA**A*AA**AA*A*A**AA**A*AA**A**A***A***A**AA**,.......x...x..........x.x...........x.....x..........x...x......,45.0,Hard,True,180
puzzle_514_lr,8,*A*A*A*A****AAAAAA*A*A**AA*A*A**AA*A*A******AAAAAA*A*A**AAAA****,.......x....x....x...........x.....x..........x.x.........x.....,45.0,Hard,True,lr
puzzle_515_180,8,A*AAAAA****A*****AA**A**A*AAAAA*A*****A*AA*AA**AAAAA*AAAA*****A*,.....x.....x.....x..........x...x..............x..x...........x.,49.0,Hard,True,180
puzzle_516_180,8,AA******AAAA*AA**A**AA*AAA******AAAAAA***A**AA*AA**A****AAAAAA**,.x............x.....x...x.........x............x...x.........x..,49.0,Hard,True,180
puzzle_517_180,8,A*AAAA*A**AA**AA*A******AA*A**AA**AA*A**AAAAAA*A**AA**AA*A****A*,....x..........x.x.........x.........x..x.........x...........x.,49.0,Hard,True,180
puzzle_518_180,8,A*A*A*AAAAAA*AAA*A****AAA*****AA**AAAAA***AAAA*A***A******A*A*A*,....x....x.............xx.........x..........x.....x..........x.,49.0,Hard,True,180
puzzle_519_180,8,AAA*AAA*A***A***A**A*AA*A*A**AAA***AA*A*A**A*AA*AAA*AAA*A***A***,..x.....x............x.........x...x..........x..x..........x...,49.0,Hard,True,180
puzzle_520_180,8,*AAAAAAAAAA***A*A*AA*AAA***A**A*A*AA*AAA***A**A*A*AAA**********A,....x....x...........x.....x....x.............x...x............x,49.0,Hard,True,180
puzzle_521_lr,8,*A*AAA**A*A*A**AAA******AAAA*AAA****A*****AAAAAA*A*A*AA*A*A***AA,...x...........x.x............x.....x.....x..........x..x.......,49.0,Hard,True,lr
puzzle_522_lr,8,*A*A*A*A*A*A*A*AA***AAA**A*A*A*AA**A*AA**A*A*A*A*AAA***AA*AA**A*,...x.....x..........x..........xx............x....x...........x.,49.0,Hard,True,lr
puzzle_523_lr,8,A***AAA**A**AA*A****AAAA*AA*A**A***A*AAA*AA*A**A****AAAA*AA*A**A,x...........x.........x..x.........x...........x.....x....x.....,49.0,Hard,True,lr
puzzle_524_lr,8,AAAAAA*A*A***AAAA**AAAAA****A*A*AAAA*A*A*AA*****A*AAA*********A*,..x..........x..x...........x..........x.x.........x..........x.,49.0,Hard,True,lr
puzzle_525_lr,8,A*AA**A*AAAA****A**A*AA*A***AAA*A**A*AA*AAAA****AA*A*A*****A*AAA,...x.....x............x.....x...x.........x..........x.........x,49.0,Hard,True,lr
puzzle_526_lr,8,*AA*A**AAA*A*A***AA*A**A*AA*A**A*A**AA*A****AAAAA*A*A*A*A***AAA*,.x.........x...........x..x.........x.........x.x............x..,49.0,Hard,True,lr
puzzle_527_lr,8,A*AAAA*AAA**A*A*AA*AA*A*AAAAAA*A******A***A**A*A**AA*A*A*A****A*,.......x....x...x..........x..........x...x..........x...x......,49.0,Hard,True,lr
puzzle_528_lr,8,*A*A*AAAA*A*AA**A***AAA*AA*AAAAA**A******AAA***A*A*A**AAA*A*A***,...x.........x..x.............x...x............x.x..........x...,49.0,Hard,True,lr
puzzle_529_180,8,******A*A*AA*AA**AA*****AA**A*A*A*A*AA**AAAAA**AA**A**A*A*AAAAAA,......x....x.....x..........x.....x............xx............x..,50.0,Hard,True,180
puzzle_530_180,8,**A******A***A**A**A**A*******A*A*AAAAAAA*AA*AA*AA*AAA*AAAAAA*AA,..x..........x.....x..........x.....x...x..............x.x......,50.0,Hard,True,180
puzzle_531_180,8,*A*******A***AAAAA**AA*A*A*A***A*AAA*A*A*A**AA*****AAA*AAAAAAA*A,.x............x.....x..........x..x..........x.....x....x.......,50.0,Hard,True,180
puzzle_532_180,8,**A****A*AAAA**AAAAAAAA***A**A*A*A*AA*AAA********AA****A*AAAA*AA,.......x....x....x...........x.....x....x.........x...........x.,50.0,Hard,True,180
puzzle_533_180,8,**A*A***A*A*A*A***A*A*A*A**A*A*A*A*A*AA*A*A*A*AAA*A*A*A*AAA*A*AA,..x.....x.............x....x.........x.........x....x....x......,50.0,Hard,True,180
puzzle_534_180,8,AAA*AA*AAAA*AA***A**A**A*A*A*AAA***A*A*A*AA*AA*AAA**A****A**A***,..x..........x...x............x....x...........xx...........x...,50.0,Hard,True,180
puzzle_535_180,8,**A*A*A*A*AA*AAA**AA****A*AA*AAA***A**A*AAAA**AA***A**A*A*A*A*AA,....x..........x..x..........x.....x.....x............x.x.......,50.0,Hard,True,180
puzzle_536_180,8,*A*AA***A*A*A*A*AAA**AAAA*A***A*A*AAA*A****AA***A*A*A*A*AAA**A*A,.x..........x..........x..x...........x....x....x............x..,50.0,Hard,True,180
puzzle_537_lr,8,AA**AA*****A*AAA*A*A*A*A**A*A*AA***A*AAA***A*AAA*AA*A**A***A*AAA,x..........x.....x..........x..........x.....x....x...........x.,50.0,Hard,True,lr
puzzle_538_lr,8,**A*A*AA*A*A*A*AA*A*A*A**AAA***A*A**AA*A***A*AAA***A*AAA**A*A*AA,..x..........x..x..............x.x.........x..........x.....x...,50.0,Hard,True,lr
puzzle_539_lr,8,AAA*A*****A*A*AA*AA*A**A*AA*A**A**AA**AA*AA*A**AA***AAA*****AAAA,..x...........x.....x....x.........x...........xx............x..,50.0,Hard,True,lr
puzzle_540_lr,8,*AA****A*AAAAA**AAAA*AA*****A***AAAA*AAA****A**AA*****AAA**AAAA*,.x.........x..........x.....x.....x............xx............x..,50.0,Hard,True,lr
puzzle_541_180,8,*******AA****AA**A*A*A**AA*AAAA*A****A**AA*A*A*AA**AAAA**AAAAAAA,.......x.....x...x..........x...x..........x..........x...x.....,51.0,Hard,True,180
puzzle_542_180,8,*A*A**AA*A***A**A*AAAAAA*AAA*AAA***A***A******A*AA*AAA*A**AA*A*A,.x...........x..x..............x...x..........x.....x.....x.....,51.0,Hard,True,180
puzzle_543_180,8,*A******A***AAA*AA*AAA***A**A*A*A*A*AA*AAA***A**A***AAA*AAAAAA*A,.x...........x.....x..........x...x.....x...........x..........x,51.0,Hard,True,180
puzzle_544_180,8,*A*A*A*A*AAAA******A***A*A*****A*AAAAA*A*AAA*AAAAAA****A*A*A*A*A,.....x....x............x.x..........x.........x.x..........x....,51.0,Hard,True,180
puzzle_545_180,8,*A***A*AA*A*A*AA*A**AA*AAA*AAAAA*****A***A**AA*A**A*A*A**A*AAA*A,.......x..x.........x...x............x...x............x....x....,51.0,Hard,True,180
puzzle_546_180,8,***A****A*A**A*A*AAA*AA**A*A*AAA***A*A*AA**A***A*A*AA*A*AAAA*AAA,...x....x.............x..x...........x.........x....x.....x.....,51.0,Hard,True,180
puzzle_547_180,8,AA**AA*A*A**A**AA*AA*AAA*A**A***AAA*AA*A***A**A**AA*AA*A*A**AA**,x..............x...x.....x..........x.........x...x..........x..,51.0,Hard,True,180
puzzle_548_180,8,*AAAAAA*A***AA*A****A*A*A******A*AAAAAA*A*A*AAAA*A**AAA*A******A,..x.........x.........x.x..........x.........x...x.............x,51.0,Hard,True,180
puzzle_549_180,8,**A******AA*A**AA**A*AAA*AA*AAAA****A**A***A*AA**AA*A**AAAAAA*AA,..x.........x...x............x.........x...x.....x............x.,51.0,Hard,True,180
puzzle_550_lr,8,**AA***A*AAA*A*AA*****A**AAAAA*AA*****A**AAAAA*AA***A*A*AA**AAA*,.......x.....x..x..........x..........x...x.........x....x......,51.0,Hard,True,lr
puzzle_551_lr,8,*AAA*AA**AAAAA*A****A****A*AAA*AA*A***A*AAAA*AAAA*****A*A***A**A,.....x....x.........x....x............x....x....x..............x,51.0,Hard,True,lr
puzzle_552_lr,8,*A**AA*AA**A*AA*****AAAAAA*A*A**A*A*A*A*AA*A*A**A**A*AA**A*A*A*A,.x............x.....x...x.........x..........x.....x...........x,51.0,Hard,True,lr
puzzle_553_lr,8,AA**AA**AA*A*A**AAA*A***AA*A*A****A*A*AAAA**AA**AA*A*A******AAAA,....x...x.........x..........x.........x.x.........x..........x.,51.0,Hard,True,lr
puzzle_554_lr,8,AAAAAA*AA******A*A*AAA**A******A*AAAAAA*A*A***AA*AAAAAA*******A*,.x.............x...x....x............x....x.........x.........x.,51.0,Hard,True,lr
puzzle_555_lr,8,A*A*AAAAAA*****AA***AAAA*****A**AAAAA*AA*AAA******AAAAA**A*A****,....x....x.............x.....x..x.........x...........x....x....,51.0,Hard,True,lr
puzzle_556_lr,8,AAA*AAA**A********AA***AA*A*A*AA*A*A*A**AA**AAA*A*AAAAAA***A***A,....x....x.............x..x..........x..x.............x....x....,51.0,Hard,True,lr
puzzle_557_lr,8,AA**AA****A*A*AAA*A*A*A*A*AA**A*A*A*A*A**A*A*A*AA*A*A*A*A*A*A*A*,.....x.........xx..........x..........x..x..........x.....x.....,51.0,Hard,True,lr
puzzle_558_lr,8,AA*AAA***AAA**AA**A******A*AA*A*A*A**A*AAA*AAAAAA***AA****A***AA,.x............x...x.........x...x..........x.........x.........x,51.0,Hard,True,lr
puzzle_559_180,8,***A*A****A*AAA*A**AA*AA******A*A*AAAAAA**A**AA*A***A*AAAA*A*AAA,...x.........x..x.............x.....x.....x............x.x......,52.0,Hard,True,180
puzzle_560_180,8,*A***A**A*AAAA*A***A***A***A*A*A*A*A*AAA*AAA*AAA*A****A*AA*AAA*A,.x..........x..........x...x.........x....x...........x.x.......,52.0,Hard,True,180
puzzle_561_180,8,AAAAA*AAA*AAAA*AA*A*A*A*AA*A**A*A*AA*A**A*A*A*A**A****A***A*****,...x...........x....x....x...........x..x.............x...x.....,52.0,Hard,True,180
puzzle_562_180,8,*****AA**A**A**A***A*A*A*****A*A*A*AAAAA*A*A*AAA*AA*AA*AA**AAAAA,.....x...x.........x...........x....x.........x...x.....x.......,52.0,Hard,True,180
puzzle_563_180,8,**A*AA*AA*AA**A*A**A****A**A**A*A*AA*AA*AAAA*AA*A*AA**A**A**A*AA,.......x..x.....x..........x.........x...x............x.....x...,52.0,Hard,True,180
puzzle_564_180,8,*AAAA**AAAAAAAA***A*A******AA**A*AA**AAAAAA*A*AAA********AA****A,...x.........x....x.........x....x............x.x..............x,52.0,Hard,True,180
puzzle_565_lr,8,*A*A**AA****A***A**AAA*A*A****A*A*AAAA*A*AA***A*AAAA*AAAA*A*AA**,.......x....x...x.............x....x.....x...........x....x.....,52.0,Hard,True,lr
puzzle_566_lr,8,*A*****AA*AAA*A**AAA****A*AAAAA**A*****AA***AAAA*A***A*AA*AAAAA*,.x............x...x.........x..........xx............x.....x....,52.0,Hard,True,lr
puzzle_567_lr,8,A***AAA*A**A*AA**A*A*A*AA**A*AA**AAA***AAA*A*A***A*A*A*AA**A*AA*,....x.........x..x...........x....x.....x..............x...x....,52.0,Hard,True,lr
puzzle_568_lr,8,AAA*A**A*A*A*A**AA****A*AAA*AAAA***A******AAAA*AA*A*A*AA***A*AA*,....x....x............x.x..........x...........x..x..........x..,53.0,Hard,True,lr
puzzle_569_180,8,AA****A*AAA**AAAAA***AA*A*AAAAA*A*****A*A**AAA*****AA***A*AAAA**,.x.............x.....x.....x..........x.x...........x.....x.....,54.0,Hard,True,180
puzzle_570_180,8,AA*****A**AA******AAAAA*A*AAAAAA******A*A*****AAAAAA**AA*AAAAA**,.x.........x.........x....x...........x.x..............x....x...,54.0,Hard,True,180
puzzle_571_180,8,A**AAAAAA*A*AAAA*A**A*AA*AAAA*AA**A****A**A*AA*A****A*A******AA*,x............x...x.........x...........x..x.........x.........x.,54.0,Hard,True,180
puzzle_572_180,8,*A*A*AA*A*A*A****AAAAA******A***AAA*AAAAAA*****AAAA*A*A*A**A*A*A,.....x..x.........x.........x..........x.x............x....x....,54.0,Hard,True,180
puzzle_573_180,8,A***A*A*****A***A*AAAAA*AAAA**AA**AA****A*****A*AAA*AAAAA*A*AAA*,x...........x.....x............x...x..........x..x...........x..,54.0,Hard,True,180
puzzle_574_lr,8,***A*AAAA**A*AA*****AAAAA**A*AA***AA**AAA*AA**A**A*A*A*AAA*A*A**,...x..........x.....x...x..............x..x..........x...x......,54.0,Hard,True,lr
puzzle_575_lr,8,A******A*AAAAAA*A**AA***A*AA***A*A**AAA**AA**AAAA******A*AAAAAA*,x.............x.....x.....x..........x...x.............x...x....,54.0,Hard,True,lr
puzzle_576_lr,8,AA*A*********A*A*AA**AAAAAAAA*AA*****A**A**AA***AAAAA*A***A*AAAA,.x.............x..x.....x............x.....x..........x.....x...,54.0,Hard,True,lr
puzzle_577_lr,8,AA*****AA****A*A**A**A*AAAAAA*AA*****A**AA*AA*A**AAAA*A***AAAAA*,.x.............x..x.....x............x.....x..........x.....x...,54.0,Hard,True,lr
puzzle_578_180,8,AA*AA*AAAAAA*AAA*A**AA*A*A*AA**A*AA**A*A*A**AA*A***A******A**A**,x.............x..x..........x.....x............x...x.........x..,55.0,Hard,True,180
puzzle_579_180,8,A***AAAA****A*A*AAAAAA**AA*AAA*A*A***A**AA******A*A*AAAA****AAA*,.......x....x....x.........x.........x..x.........x...........x.,55.0,Hard,True,180
puzzle_580_180,8,*A**A***AA*AAAAAA***A**A**A****A*AAAA*AA*AA*AAA******A**AAA*AA*A,....x.........x.x..............x...x.....x...........x....x.....,55.0,Hard,True,180
puzzle_581_lr,8,*AAA***A**A*A*AA*A**AA*A**A*A*AAAAAA*****AAA***A**A*A*AAA*A*A*A*,.x.............x.....x....x.....x..........x..........x.....x...,55.0,Hard,True,lr
puzzle_582_lr,8,****AAAAA***AAA**AA*A**A***A*AAA*AA*A**AAAA*A****AA*A**A**A*A*AA,.....x..x..............x...x.....x..........x.....x...........x.,55.0,Hard,True,lr
puzzle_583_lr,8,AA**AAAAA********AAA****AAA*AA*A***A**A*A***AAAA*AAAAAAA**AA****,.....x..x..........x.....x............x.....x..........x..x.....,55.0,Hard,True,lr
puzzle_584_180,8,AAAA*AAA****AAA*A**A*AA*A******A*AAAAAA*A**A*AA*A***AAAA***A****,.x..........x.........x.x.........x..........x.........x...x....,56.0,Hard,True,180
puzzle_585_180,8,*****A**AA*A*A**A**A*****AA**A**AA*AA**AAAAA*AA*AA*A*A**AA*AAAAA,.....x.....x....x.........x.........x.........x..x.............x,56.0,Hard,True,180
puzzle_586_180,8,*AA*A**AAA***AAA**A******A**A**A*AA*AA*AAAAAA*AA***AAA***AA*A**A,....x.........x...x............x.....x..x..........x.....x......,56.0,Hard,True,180
puzzle_587_180,8,AAAAAAA*A***AAA*AAA*A*AAAA*AA*A*A*A**A****A*A***A***AAA*A*******,.x..........x..........x...x.........x....x...........x.x.......,56.0,Hard,True,180
puzzle_588_180,8,*A*A*AAA**AAA**A*AAAA**A*AA***A*A*AAA**A*AA****A*AA***AA***A*A*A,.....x....x.........x.........x.x..............x.x.........x....,56.0,Hard,True,180
puzzle_589_180,8,*AAA*AAAAA*A*A**AA*A******A**A*A*A*AA*AAAAAA*A**AA*A*A*****A***A,......x....x....x.........x.........x....x...........x.........x,56.0,Hard,True,180
puzzle_590_180,8,*AA**AAA*A****AA*A****A**A*****A*AAAAA*AA*AAAA*A**AAAA*A***AA**A,..x...........x..x.............x....x...x............x.....x....,56.0,Hard,True,180
puzzle_591_lr,8,*A**AA*A*A*A*A*AAAA*A****A*A*A*A***A*AAA*A*A*A*AA***AAA*A***AAA*,....x..........x..x..........x.....x.....x............x.x.......,56.0,Hard,True,lr
puzzle_592_lr,8,AA**AAAA*A***AA*AA*AAAAA*A*A****A*A*AAAA**A*****A*AAA**A**AA****,x.............x.....x....x...........x....x............x...x....,56.0,Hard,True,lr
puzzle_593_lr,8,*A*A*A*A***A*AAA***A*AAA*A*A*A*AAA*A*A**A*A*A*A**A**AA*A*A*A*A*A,.x............x....x.........x..x.........x.........x..........x,56.0,Hard,True,lr
puzzle_594_lr,8,AA*AA*A*A**AAA*A***AA**AAAAAAAA********AAAA**AA**AA***A***A**A*A,....x...x..........x.........x.........x.x............x...x.....,56.0,Hard,True,lr
puzzle_595_lr,8,A*A*A***AAAA*AAA*AA*AAA*A******A*AAAAAA*A**A***A****A****A*A*AAA,..x..........x...x.............x...x....x...........x.........x.,56.0,Hard,True,lr
puzzle_596_lr,8,*AA*A**AAAAA*****A*A*A*A**A*A*AA*A*A*A*A*A*A*A*AAA**AA***AA*A**A,....x...x..........x..........x..x.............x.....x....x.....,56.0,Hard,True,lr
puzzle_597_lr,8,*A*A*A*AAAAA*****AAA***AA**A*AA*A*A*A*A*A**A*AA*A**A*AA**A*A*A*A,.....x....x............xx...........x.........x....x.....x......,56.0,Hard,True,lr
puzzle_598_lr,8,AAAA*A*A*AA**AA*AAAAA*AA*****AA*AAAAA**A*****A**A**AA**A****A*A*,.......x.x.........x..........x...x..........x..x...........x...,56.0,Hard,True,lr
puzzle_599_180,8,*AA**AAAAA*A*AAA**AAA******A*AAA***A*AAAAAA***AA***A*A*****AA**A,..x.....x...........x.........x....x.....x...........x.........x,57.0,Hard,True,180
puzzle_600_180,8,****AA***A*A*AAA*AA****A**A*****AAAAA*AA*AAAA**A***A*A*AAA**AAAA,....x....x.............x..x...........x....x.........x..x.......,57.0,Hard,True,180
puzzle_601_180,8,*AAAAAA*AAAAA*AAA*A****A***AAAA*A****AAA*AAAA*A***A*****A******A,.....x...x.............x...x..........x.....x.....x.....x.......,57.0,Hard,True,180
puzzle_602_180,8,AAAAA*AA**AAA*AAA*AA*AA*A*A*A**A*AA*A*A*A**A**A***A***AA**A*****,.x.........x.........x.........x....x...x.............x...x.....,57.0,Hard,True,180
puzzle_603_180,8,A***AAA**A***A**AAAA*A*AA***A*AA**A*AAA**A*A****AA*AAA*AA***AAA*,x............x....x............x....x....x.........x..........x.,57.0,Hard,True,180
puzzle_604_180,8,A**A*****AAAAAAA**AA****A****A*A*A*AAAA*AAAA**AA*******AAAAA*AA*,...x..........x...x.....x...........x....x.............x.....x..,57.0,Hard,True,180
puzzle_605_180,8,AAAAA**A*AA*A**AAA***AA***A**A*A*A*AA*AAA**AAA***AA*A**A*AA*****,...x...........x.....x....x...........x.x...........x....x......,57.0,Hard,True,180
puzzle_606_180,8,****A***A*AA**AAAA**A**A****AAA*A***AAAA*AA*AA****AA**A*AAA*AAAA,....x.....x.....x............x.........x.x.........x..........x.,57.0,Hard,True,180
puzzle_607_180,8,**A******A***A*A*AAA*AAA**AA*A**AA*A**AA***A***A*A*AAA*AAAAAA*AA,..x..........x...x.........x....x..............x....x.........x.,57.0,Hard,True,180
puzzle_608_180,8,A*AA*AAA*****AA**AAA*AAA**A**AA*A**AA*AA***A***AA**AAAAA***A**A*,..x..........x...x............x.....x..........xx..........x....,57.0,Hard,True,180
puzzle_609_180,8,A*A*A***A****A**AA*A****A*AAAA*A*A****A*AAAA*A**AA*AAAA*AAA*A*A*,..x..........x..x..............x.x.........x..........x.....x...,57.0,Hard,True,180
puzzle_610_lr,8,**AAA*AAA*AAA*AA*****A*A*A***AA*A*AAA**AAAAAA*A**A***A**AA***A**,......x....x...........x.x..........x.....x..........x..x.......,57.0,Hard,True,lr
puzzle_611_lr,8,AAA*A***AAAA****AAAA*****AA*A**A*AA*A**A*A**AA*A*A**AA*A****AAAA,....x...x..........x...........x..x..........x...x............x.,57.0,Hard,True,lr
puzzle_612_lr,8,*A*A*A*AAAAA*****A*A*A*A****AAAA*AAA***A*AAA***AA***AAA**A*A*A*A,.....x..x..........x..........x...x............x....x....x......,57.0,Hard,True,lr
puzzle_613_lr,8,A*AA*AA*AA*AAA******A***A*AA*A*A*A**A*A*AAAA*AAA**A***AA*A**A**A,.....x..x...........x.....x...........x....x...........x.x......,57.0,Hard,True,lr
puzzle_614_lr,8,**AA**AA*AA*A**AAAAA*****AA*A**AAA**AA****A*A*AA**AA**AAAAAA****,......x.....x...x.........x..........x.........x...x.....x......,57.0,Hard,True,lr
puzzle_615_180,8,AA*A*A******AAA**A*A****A****A**AA*AAAA*AAAA*A*AA***AAAAAA*A*A**,.x............x....x....x...........x.....x............x.....x..,58.0,Hard,True,180
puzzle_616_180,8,****A**A*AA*A*****AAAA****A*AA*A*A**A*AAAA****AAAAA*A**A*AA*AAAA,....x....x.........x.........x.........xx.........x...........x.,58.0,Hard,True,180
puzzle_617_180,8,AAAAAA**A****AAA*A***A*AA****A*A*A*AAAA**A*AAA*A***AAAA*AA******,..x...........x..x...........x.....x...........x....x...x.......,58.0,Hard,True,180
puzzle_618_180,8,****AAAA****A**A*A*A***A**A*AA**AA**A*AA*AAA*A*A*AA*AAAA****AAAA,......x.....x..........x..x.....x..........x.....x...........x..,58.0,Hard,True,180
puzzle_619_180,8,***A*AA*A**A*A**AAA*A*A*AA*A*AA*A**A*A**A*A*A***AA*A*AA*A**A*AAA,...x.........x....x...........x.x...........x....x.............x,58.0,Hard,True,180
puzzle_620_180,8,*A*A**A**AA*A*****A****A*AAAA*AA**A****A*AAAA*AAAAA*A**AA*AA*A*A,...x.....x.............x....x.....x...........x.x............x..,58.0,Hard,True,180
puzzle_621_180,8,A*A*AA*AAA***A**AA****A*AAAA*A**AA*A****A*AAAA**AA*AAA***A**A*A*,.......x.....x...x.........x....x.........x.........x.........x.,58.0,Hard,True,180
puzzle_622_180,8,AA*AA*A***AA****A**A**A****A*A**AA*A*AAAA*AA*AA*AAAA**AAA*A**A**,....x.....x...........x....x.....x...........x.........xx.......,58.0,Hard,True,180
puzzle_623_180,8,A*AAAAAAA*A*A**A*AAA**AA**A*A*AA**A*A*AA**AA***A*AA*A*A*******A*,.....x..x.........x.........x..........x...x.....x............x.,58.0,Hard,True,180
puzzle_624_180,8,AA*A*AAA*A**A**A**AAAA*A*A**A**A*AA*AA*A*A****AA*AA*AA*A***A*A**,x..............x...x.....x..........x.........x...x..........x..,58.0,Hard,True,180
puzzle_625_180,8,A******A*AAAAA*A****AA*A****AAAA****AAAA*A**AAAA*A*****A*AAAAAA*,x.........x..........x.........x....x.........x..x.........x....,58.0,Hard,True,180
puzzle_626_lr,8,A******A**A*****AA*A***A*AA****AA**AAAA***A*AAA*AA*AAAAA*AAAAAA*,x.........x............x.x..........x.........x....x.........x..,58.0,Hard,True,lr
puzzle_627_lr,8,****AA***A*A****A*A*AAAA*A***A**A*AAA*AA*A*A****A*A*AAAAAAAA**AA,....x....x.............x.....x..x..........x..........x...x.....,58.0,Hard,True,lr
puzzle_628_lr,8,**A**A**A*A******AAAAAAA**AA*A*AAA**A*A*A********A*AAAAAAA*AA*AA,.....x....x............x...x..........x.x...........x....x......,58.0,Hard,True,lr
puzzle_629_lr,8,*A*A*****AA****A*A***A**A*A*AAAA*A*A****A*AAA*AAA**AAAA*A*A*AAAA,.x.............x.....x..x..........x..........x.....x.....x.....,58.0,Hard,True,lr
puzzle_630_lr,8,AAA*****A*A*****AAAA*A*AA*****A**AAAAA*A****A*A**A*AAAAA***AAAAA,..x.....x..........x..........x..x..........x..........x.....x..,58.0,Hard,True,lr
puzzle_631_lr,8,A*AAAAAAAA***A*A*A**A***A*A**A*A*A*AA*A*A*AA*AAA**AAA*A**A******,.....x.........x....x.....x...........x.x..........x.....x......,58.0,Hard,True,lr
puzzle_632_lr,8,*A**AA*AAA**AA**A*A*A*A*AA*A*A**AAAA****AAAA****AAAA*****A**AA*A,.......x....x.........x..x.........x....x.........x..........x..,58.0,Hard,True,lr
puzzle_633_lr,8,A*AA**A**AAA***A*AA*A**AA*A*A*A**A*A*A*AA*A*A*A*AAAA******A*A*AA,......x..x..........x.....x..........x..x..........x...........x,58.0,Hard,True,lr
puzzle_634_lr,8,AA*A*A**A**A*AA*AAAA****AA*A*A**A**A*AA*****AAAAA**A*AA**AA*A**A,.x............x...x..........x.....x...........xx...........x...,58.0,Hard,True,lr
puzzle_635_180,8,A****AA*A*A*A**A*AAAA*AA**A****A*AAAA*AA**A****A*AA*A*A*A**AAAA*,.....x..x.............x...x.........x..........x.x.........x....,59.0,Hard,True,180
puzzle_636_180,8,***A***A*A***A***AA******AAA*A*A*A*A***AAAAAA**AAA*AAA*A*AAA*AAA,...x.........x....x............x.x..........x...x.............x.,59.0,Hard,True,180
puzzle_637_180,8,**A**AA*******AAA**A***AA*AAA*A*A*A***A**AAA*AA***AAAAAAA**AA*AA,..x............xx...........x.........x..x...........x.....x....,59.0,Hard,True,180
puzzle_638_180,8,*AAAA*A*AAAA*A***A*A*A***AAAAAA*A******AAA*A*A*AAA*A****A*A****A,......x....x.....x..........x..........x.....x..x.........x.....,59.0,Hard,True,180
puzzle_639_180,8,AAA***AA***A**AA*AAA*AAAAAAA****AAAA*******A***A**AA*AAA**AAA***,.x.............x.....x....x.....x..........x..........x.....x...,59.0,Hard,True,180
puzzle_640_lr,8,*AA*A**A****AAAAAA**AA**A*A*A*A*AAA*A****AAA***AAAA*A***A*A*A*A*,....x..........x.....x....x.....x..........x.....x............x.,59.0,Hard,True,lr
puzzle_641_lr,8,**AAAAA**A*A*A*AAAAAA*AA**A****AAA*AAAA******A**A*A*A*A*AA*****A,......x..x..........x..........x...x.........x....x.....x.......,59.0,Hard,True,lr
puzzle_642_lr,8,*AAA*AA*****A*****AAA*A*AA*AAA*A**A***A*AA***A*AAAAA*AAAA***A**A,.x..........x.........x.x.........x..........x.....x...........x,59.0,Hard,True,lr
puzzle_643_lr,8,AAAAAAA*A***A***AA*AA*A***A**A**AA*AA*AA**A**A*A*AAA*AAA*******A,.x..........x.........x...x.....x............x.....x...........x,59.0,Hard,True,lr
puzzle_644_180,8,A**AAAAAA*AAAA*AAA*A*A**AA*A****AAAA*A**AA*A*A***A****A******AA*,....x..........x...x....x.........x..........x...x............x.,60.0,Hard,True,180
puzzle_645_180,8,AAAAAA**AA******AAA*AA*A**AAAAAA******AA*A**A***AAAAAA**AA******,.....x...x.............x...x..........x.....x.....x.....x.......,60.0,Hard,True,180
puzzle_646_180,8,**A**A**A**AA*A****AA*****AAA*A*A*A***AAAAA**AAAA*A**AA*AA*AA*AA,.....x..x...........x.....x............x.x............x....x....,60.0,Hard,True,180
puzzle_647_180,8,*A**A***A*AAAAA**AA*****AAAAA**A*AA*****AAAAA**AA*****A*AAA*AA*A,....x.........x...x............x.x.........x....x............x..,60.0,Hard,True,180
puzzle_648_lr,8,**AAAAAA*A**AA*A*A*A*AA*AAA*AAAA***A****A*A*A**AA*AA**A*AA******,......x.....x....x...........x.....x...........x..x.....x.......,60.0,Hard,True,lr
puzzle_649_180,8,*AA*AA*A***AA*****AA***A*A***AAA***AAA*A*AAA**AAAAA**AAA*A**A**A,.x..........x.....x..........x.....x..........x.x..............x,61.0,Hard,True,180
puzzle_650_180,8,AA**AAA*A*AA*AAAA*****A*****AA**AA**AAAAA*AAAAA****A**A*A***AA**,.x.........x....x............x.........x..x...........x.....x...,61.0,Hard,True,180
puzzle_651_180,8,AA*AAAAA***AAA*A*AAA****AAA*AA**AA**A***AAAA***A*A***AAA*****A**,......x....x.....x..........x...x.........x............x.....x..,61.0,Hard,True,180
puzzle_652_180,8,**A****A*AAAA*AA*AAA*AAAA*A*AA**AA**A*A****A***A**A****A*AAAA*AA,..x...........x..x...........x..x..........x...........x....x...,61.0,Hard,True,180
puzzle_653_180,8,***A*AA***A***AA*AA*A*AAA*****AA**AAAAA***A*A**A**AAA*AAA**A*AAA,...x..........x..x.............x.....x....x.........x...x.......,61.0,Hard,True,180
puzzle_654_180,8,AAAA*AAAA*****AAAA***AAA**AAA**A*AA***AA***AAA****AAAAA****A****,..x.....x............x.........x.x..........x.........x....x....,61.0,Hard,True,180
puzzle_655_180,8,A*A****A**A****AA*A*A*A*A**AAAAA*****AA*A*A*A*A**AAAA*AA*AAAA*A*,.......x..x...........x....x.........x..x...........x....x......,61.0,Hard,True,180
puzzle_656_lr,8,**A****AA*A*****AA*****AAAAAA*AA*****A****AAAAA**A*AAAAAAA*AAAA*,..x.....x..............x.x...........x.....x..........x.....x...,61.0,Hard,True,lr
puzzle_657_lr,8,*AA*AAAAAAA*A*A******A***A*AA*AAA*A**A**AAAAA*AA***A*A*AA**A****,....x....x...........x.........x..x...........x....x....x.......,61.0,Hard,True,lr
puzzle_658_lr,8,*******A**AAAA*AA**AA****AAAAAAAA********AA**AAAAA****A*AAAAAAA*,.......x..x.........x.........x.x............x...x.........x....,61.0,Hard,True,lr
puzzle_659_lr,8,AAA**AAA***A**A*AAA**AAA*AAAA*A*A****A*A***AA***AAA*AA*A***AA***,.x............x.x.........x..........x.....x...........x....x...,61.0,Hard,True,lr
puzzle_660_180,8,*****AA*A***A**A*A*****AA****AA*A**AAAA**AAAAA*A*AA*AAA*A**AAAAA,......x.....x....x...........x.....x...........x..x.....x.......,62.0,Hard,True,180
puzzle_661_180,8,AAAAAAA*A**A*AAAA****AA*A*AA****AAAA**A*A**AAAA****A*AA*A*******,..x............x.....x.....x.....x..........x.........x.x.......,62.0,Hard,True,180
puzzle_662_180,8,**AA*AAA******AAA*A**AAAAAA*A**A*AA*A******AA*A***AAAAAA***A**AA,..x...........x.x...........x....x.........x.........x.........x,62.0,Hard,True,180
puzzle_663_lr,8,AAAA****AA**AA*****A*AAAA*A*A*A*AAA*A***AAA*A***A*A*A*A*A***AAA*,...x.........x.........x..x.........x....x............x.x.......,62.0,Hard,True,lr
puzzle_664_lr,8,AA**AA****AA**AA**A*A*AA****AAAAAAA*A****AAA***A**A*A*AA**AA**AA,.x.........x...........x.....x..x.........x.........x.........x.,62.0,Hard,True,lr
puzzle_665_lr,8,*A*AAA**A***AA**AA*AAA*AA********AAAAAAA**A***A**AAA**AAA*A***AA,.x...........x.....x....x...........x.........x...x............x,62.0,Hard,True,lr
puzzle_666_lr,8,**AA****AAAAA*AA*A*A*A*AAA********AAAAAAA*A*A*A******A**AA**AAAA,..x...........x....x.....x..........x...x............x.........x,62.0,Hard,True,lr
puzzle_667_180,8,**A****AAAA*A**A*******A***AA**A*AA**AAA*AAAAAAA*AA*A****AAAA*AA,..x.....x..............x...x.........x...x..........x.........x.,63.0,Hard,True,180
puzzle_668_180,8,*A**AA*AA**AA*A**AAAAAAA**A*AAAA****A*AA*******AA*A**AA**A**AA*A,.x.........x..........x...x.........x..........xx............x..,63.0,Hard,True,180
puzzle_669_180,8,AAA*AA*AAA****A*****A*****A**A**AA*AA*AAAAA*AAAAA*AAAA***A**A***,x.............x.....x.....x............x.....x.....x.....x......,63.0,Hard,True,180
puzzle_670_180,8,*AA*AAA**A**A***AA********A*A**A*AA*A*AAAAAAAA**AAA*AA*AA***A**A,.x..........x...x.........x...........x....x.........x.........x,63.0,Hard,True,180
puzzle_671_180,8,*A*A***A**A***AA*AA***A****A****AAAA*AAAA*AAA**A**AAA*AA*AAA*A*A,.......x..x...........x....x.........x..x...........x....x......,63.0,Hard,True,180
puzzle_672_180,8,AAAA*AAAAAAAAA*AA*****A******AA*A**AAAAAA*AAAAA**A*********A****,......x...x.....x............x.........x....x....x.........x....,63.0,Hard,True,180
puzzle_673_180,8,***A**A****AA**AA****AA**A*A*AA*A**A*A*AA**AAAA**AA**AAAA*AA*AAA,......x....x.........x...x.............x....x.....x.....x.......,63.0,Hard,True,180
puzzle_674_180,8,A*A*AA**AAAAAAA****A**A*A*A*AA**AA**A*A*A*AA*AAAA*******AA**A*A*,..x...........x....x.........x...x.............xx...........x...,63.0,Hard,True,180
puzzle_675_180,8,*AAA*A***AAAAAAAAAAA*AAA*AAAAA*A*A*****A***A***********AAA*A***A,.....x....x...........x.....x....x.........x...........xx.......,63.0,Hard,True,180
puzzle_676_180,8,A*AAA**A*A*AAA***A**A****A**AA**AA**AA*AAAA*AA*AAA***A*A*AA***A*,...x.........x...x..........x..........x..x.....x.............x.,63.0,Hard,True,180
puzzle_677_lr,8,AA*A*A**AA**AA***A**AA*AAA*A*A******AAAAAA*A*A****A*A*AA*A*A*A*A,.x..........x..........x...x..........x.x.........x..........x..,63.0,Hard,True,lr
puzzle_678_lr,8,A*AA**A*AA*A*A****AA**AA*AAA***A*AAA***A**AA**AA*AA*A**A***A*AAA,x............x.....x.....x.............x..x.........x.........x.,63.0,Hard,True,lr
puzzle_679_lr,8,A*AAAA**AAA*A*A**A***A**A*AAA*AA*A***A**A*AAA*AA***A*A*A*A****AA,..x.........x....x.............x.....x..x..........x..........x.,63.0,Hard,True,lr
puzzle_680_lr,8,AA*A*********A*******AAAA*A*A*AA*A*A*A**AAAAA***AAAAA*AA**A*AAAA,x............x.........x....x....x.........x..........x...x.....,63.0,Hard,True,lr
puzzle_681_lr,8,AAAA*A**AA*A*A***AAA*A**AAAAA*AA*****A**A***A*AA**A*A*AA****A*AA,..x.....x..........x.....x...........x.........x....x.........x.,63.0,Hard,True,lr
puzzle_682_lr,8,*A*******AAAAA*AA*AAAAA**A*AAA*AA*A***A**A*****AA*****A*A*AAAAAA,.x.........x..........x.....x.....x............xx............x..,63.0,Hard,True,lr
puzzle_683_lr,8,A*******AA**AAA*****A*A*****A*AAAAAA*A**AAAA*A*A**AA***A*AAAAAAA,x.............x.....x..........x..x..........x.....x.....x......,63.0,Hard,True,lr
puzzle_684_lr,8,**AA**AAA*AA**A*AA*A*A**A***AAA*A***AAA*A***AAA*AA*A*A**AA**AA**,.......x..x..........x..x...........x.........x....x.....x......,63.0,Hard,True,lr
puzzle_685_lr,8,*AAA***AAAAA****AAAA****AAA*A****A*A*A*A**AA**AAA*A*A*A**A*A*A*A,.......x...x....x...........x....x............x...x..........x..,63.0,Hard,True,lr
puzzle_686_lr,8,*A**A**AAAAAAAA**A**AA**A**AAAA**AA****AA*AA**AA*******AA*AA*AA*,....x.........x..x...........x....x.....x..............x...x....,63.0,Hard,True,lr
puzzle_687_lr,8,*AA*A**AAA*A*A**A***AAA*AA*A*A**AAAA****AAAA****A**A*AA*A***AAA*,.......x.x...........x.....x....x.........x...........x.....x...,63.0,Hard,True,lr
puzzle_688_lr,8,**A*A*AA*A**AA*A*A**AA*A****AAAA*A**AA*AA**A*AA**AA*A**AAAAA****,..x..........x...x............x.....x...x..............x...x....,63.0,Hard,True,lr
puzzle_689_lr,8,*AA***AAAAAAA*AA*A***A*AA*A*A*AA*A*A*A**A*AAA*A******A**A**AAA**,......x...x............x....x....x.........x.........x..x.......,63.0,Hard,True,lr
puzzle_690_lr,8,****AAAA*A*A*A*A*A*A*A*AAAA*A****A*A*A*A**A*A*AA*AAA***A*AAA***A,....x....x...........x..x..........x..........x...x............x,63.0,Hard,True,lr
puzzle_691_180,8,*A*AA*A**AA*AA*A*A**AAAA**A****A*AAAA*AA****AA*A*A**A**AA*A**A*A,...x.....x...........x....x...........x.....x..........xx.......,64.0,Hard,True,180
puzzle_692_180,8,AAA*AAA*A*A*A*AA***AAAAAAAA*A*AA**A*A********AAA**A*A*A*A***A***,.....x.........x...x.....x..........x.........x...x.....x.......,64.0,Hard,True,180
puzzle_693_180,8,*AA*A**A*AAA*AA**AA*A*AA**A*AAA*A***A*AA**A*A**AA**A***A*AA*A**A,....x.........x...x..........x..x..............x...x.....x......,64.0,Hard,True,180
puzzle_694_180,8,****A***AAA****A*AA*AA*A*AA*A*AA**A*A**A*A**A**A*AAAA***AAA*AAAA,....x...x............x....x............x.x.........x..........x.,64.0,Hard,True,180
puzzle_695_lr,8,AAA*A****AAA***AA*A*A*A****A*AAAAA**AA**AA**AA**AA**AA**A*A*A*A*,..x............xx..........x.........x...x..........x.........x.,64.0,Hard,True,lr
puzzle_696_lr,8,A*AAA***AAAA*A*AAAAA*****A**A***A*AA*AAA****AAAA****A*A**A***AAA,..x.....x..........x.....x...........x.........x....x.........x.,64.0,Hard,True,lr
puzzle_697_lr,8,AAA*AA*AA*****A**AAAAAAA**AA*AA*AA**A**AA********AAAAA*A***A**A*,.x............x.....x.....x............xx............x.....x....,64.0,Hard,True,lr
puzzle_698_lr,8,A*A*A*A***AA**AAA*A*A*A**A**AA*AA***AAA*AA**AA****A*A*AAAAA*A***,......x....x....x..............x.....x...x..........x.....x.....,64.0,Hard,True,lr
puzzle_699_lr,8,*AAA***A**A*****AA**A**A*AAA*AA*A***A**A**AA*AA*AA*AAAAAA***AAA*,.......x..x.........x.........x.x..........x.....x...........x..,64.0,Hard,True,lr
puzzle_700_lr,8,AAA*A***A*AA**A**AA*A**AA*AA**A*****AAAA***A*AAA****AAAA****AAAA,.x............x...x.....x............x.....x...........x....x...,64.0,Hard,True,lr
puzzle_701_lr,8,*A*A*A*A***A*AAA****AAAA***A*AAA***A*AAA**AA**AAA*AA**A*AA*A*A**,.x............x.....x..........x.....x....x.....x..........x....,64.0,Hard,True,lr
puzzle_702_180,8,*A*AAAA*A*********A*AA*A*A*AAAAA*****A*A*A**A*AAAAAAAAA*A****A*A,......x.x.........x.........x..........x.x.........x.........x..,65.0,Hard,True,180
puzzle_703_180,8,A**AAA**AAAA*AA**A**A***A*AA*A**AA*A**A*AAA*AA*AA**A****AA***AA*,.....x...x..........x.....x.....x..............x...x..........x.,65.0,Hard,True,180
puzzle_704_180,8,A*A****A*A****A**AA***AAAAA***A*A*AAA*****AAA**AA*AAAA*A*AAAA*A*,.......x.x............x.x...........x.....x..........x.....x....,65.0,Hard,True,180
puzzle_705_180,8,*****A*A**A*A*A**A*****A*AAA*A*A*A*A***A*AAAAA*AA*A*A*AA*A*AAAAA,.....x....x............x...x.....x..........x...x.............x.,65.0,Hard,True,180
puzzle_706_lr,8,A*AAA*AA*AAAAA*AA*AAA*A**A*AA**AA*A**AA**A***A*AA*****A**A***A**,...x.....x............x.....x.....x............xx............x..,65.0,Hard,True,lr
puzzle_707_lr,8,****A*A**A*AAAA*AAA*A**AAAAA*A*A****A*A****A*AA*A*A****AAAAA*A*A,....x....x.............x..x...........x....x....x............x..,65.0,Hard,True,lr
puzzle_708_lr,8,A*AA**A*AAAA******AA**AA*A**AA*AA***AAA*AA**AA**AA**AA***A**AA*A,...x....x.........x.........x.........x..x...........x.........x,65.0,Hard,True,lr
puzzle_709_lr,8,*AA*A**AAAAA****AAA*A***AAAA****AAA*A******A*AAA*A**AA*AA***AAA*,.......x...x....x.........x.........x.........x..x...........x..,65.0,Hard,True,lr
puzzle_710_lr,8,*AAAAA**A*AA*AAA****A*A*A*AA*AAA*A**A***AAAA*A*A*A**A***A*****AA,.....x....x...........x....x.....x.............x....x...x.......,65.0,Hard,True,lr
puzzle_711_180,8,A***AA*AA*A*A*****AA****AAAA****AAAA****AAAA**AAAAA*A*A**A**AAA*,.......x....x.....x.....x..........x..........x..x...........x..,66.0,Hard,True,180
puzzle_712_180,8,**AA***AAA**A*A*******AA**AA*AAA***A**AA**AAAAAAA*A*AA***AAA**AA,..x.....x..............x.....x.....x..........x.....x....x......,66.0,Hard,True,180
puzzle_713_180,8,AA*A**AAAAAA*AA*A*A*AAAAAA*A*AA*A**A*A******A*A*A**A******AA*A**,.......x..x.........x....x.........x..........x.x............x..,66.0,Hard,True,180
puzzle_714_lr,8,AAA*AAA*****A***A*A**A*A*A*A****A*A*AAAA*A*AA*A*AAAA*AAA***A***A,..x.........x...x..........x..........x..x...........x.........x,66.0,Hard,True,lr
puzzle_715_180,8,*A*A*A**A**AAAAA*A*AAA*A******AA**AAAAAA*A***A*A*****AA*AA*A*A*A,...x....x...........x.........x...x............x.....x...x......,67.0,Hard,True,180
puzzle_716_180,8,***AAA*****AA****AA*AAAAA*A**AAA***AA*A*****A**AAAA**AAAAA***AAA,.....x.....x.....x............x.....x..........x..x.....x.......,67.0,Hard,True,180
puzzle_717_180,8,*A*A**A***AA**A*A*AAAA*AA*AAAA**AA****A**A****A*A*AA**AAA*AA*A*A,.x.........x...........x....x...x.............x...x..........x..,67.0,Hard,True,180
puzzle_718_180,8,*AAAA*AA*AAAAA*AA******A*AAA***A*AAA***A*AAAAAA**A*****A**A****A,......x.....x...x..........x.....x...........x.........x..x.....,67.0,Hard,True,180
puzzle_719_180,8,AA*AAA**A*AA***AAAAAAA*AAA*AA**A*AA**A***A*******AAA**A*AA***A**,....x.....x............x...x.........x...x............x.x.......,67.0,Hard,True,180
puzzle_720_180,8,A**AAA*AA*******AAAAAA**A*AA**A*A*AA**A*AA******AAAAAAA**A***AA*,.......xx...........x.....x...........x..x.........x.........x..,67.0,Hard,True,180
puzzle_721_180,8,AA**A*AA*****A*A*****AAAAAA*A**A*AA*A******AAAAA*A*AAAAA**A*AA**,x............x.........x....x....x.........x..........x...x.....,67.0,Hard,True,180
puzzle_722_lr,8,*****A*AAA**A*AAA****A**AAAAA*A******A*A*AAAA*AA**AA*A**AAAAA*A*,.......x....x...x.........x..........x...x.........x..........x.,67.0,Hard,True,lr
puzzle_723_lr,8,*AAA***A**A*A*AA****AAAA****AAAAA*A*A*A***A*A*AA**AA**AA*AA*A**A,..x.........x..........x.....x..x.............x....x.....x......,67.0,Hard,True,lr
puzzle_724_180,8,***AAA***A**A****A**A**A*A**AAAA****AA*A*AA*AA*AAAA*AA*AAA***AAA,...x.....x..........x..........x.....x....x.....x.............x.,68.0,Hard,True,180
puzzle_725_180,8,AAAAAA*AAAA****AA*****AA*A****A*A*AAAA*A**AAAAA**AAAA****A******,....x..........xx.............x...x..........x.....x.....x......,68.0,Hard,True,180
puzzle_726_180,8,*******AA**A*AA****AA*A*****AA*A*A**AAAAA*A**AAAA**A*AA**AAAAAAA,.......x...x..........x.....x....x...........x..x.........x.....,68.0,Hard,True,180
puzzle_727_180,8,AAAA**A*AA*A*A*AA**A*A***AAAA**A*AA****AAA*A*AA**A*A*A**A*AA****,......x....x....x...........x..........x.x...........x....x.....,68.0,Hard,True,180
puzzle_728_180,8,**AAAAAA***A*AA*****A**AA*A*AA**AA**A*A**AA*AAAAA**A*AAA******AA,..x..........x.........xx...........x....x.........x..........x.,68.0,Hard,True,180
puzzle_729_180,8,**A*A***A**AA*AA*****AA*A**A**AA**AA*AA*A**AAAAA**A**AA*AAA*A*AA,..x.........x.........x.x..........x...........x.....x...x......,68.0,Hard,True,180
puzzle_730_lr,8,AAA*A****A*A*A*AAAA*A****A*A*A*AA*A*A*A*AA**AA**A***AAA*AA**AA**,..x............x.x.........x..........x.....x...x............x..,68.0,Hard,True,lr
puzzle_731_lr,8,AA**AA**AAA*A***AAAA****AAAA****AA*A*A***AAA***AA***AAA*A**A*AA*,.....x....x.....x..........x.....x.............x....x.........x.,68.0,Hard,True,lr
puzzle_732_lr,8,A*******A**AAA*AA**AA**AAAAAAA********AA*AA**AA**AA***A**AAAAAAA,x............x.....x.....x.............x..x...........x.....x...,68.0,Hard,True,lr
puzzle_733_lr,8,*AA*A**A*A**AA*AA*A*A*A*AAA*A****A*A*A*AAAA*A***A***AAA*AA**AA**,.......x.....x....x.....x..........x.....x............x.....x...,68.0,Hard,True,lr
puzzle_734_180,8,**A*A*AAAA*AA***AAA****A*AA*****AAAAA**A*AAAA***AAA**A****A*A*AA,......x....x....x.........x.........x....x...........x.........x,69.0,Hard,True,180
puzzle_735_180,8,A*AAAAA**AAAAAA**AA*AAA*AA*AAAA*A****A**A***A**AA******AA*****A*,..x.........x....x.........x.........x.........xx.............x.,69.0,Hard,True,180
puzzle_736_180,8,*AAAAAAA*A**AA*AAA*A**AA*A****AA**AAAA*A**AA*A***A**AA*A*******A,..x.........x...x.............x....x.........x...x.............x,69.0,Hard,True,180
puzzle_737_180,8,*******A*A***A**AA***A*AA***A**A*AA*AAA**A*AAA**AA*AAA*A*AAAAAAA,.......x.....x...x..........x.........x....x....x.........x.....,69.0,Hard,True,180
puzzle_738_180,8,**AAAAA*A*****AA**A**AA**A*AA*A*A*A**A*AA**AA*AA**AAAAA*A*****AA,...x....x............x...x.............x....x.....x...........x.,69.0,Hard,True,180
puzzle_739_180,8,AAA*A***AAA**AAAA*****A*A*AAA**A*AA***A*A*AAAAA****AA***AAA*A***,....x.........x.x..............x..x..........x.....x.....x......,69.0,Hard,True,180
puzzle_740_lr,8,**AA*A***AA****AAAAA**AA*AAA***AA***AAA*****AA**A**AAAA*AA**A*AA,.....x....x............x...x....x...........x.........x..x......,69.0,Hard,True,lr
puzzle_741_lr,8,*A***AA***A**AAA*AA***A*AAAAA*AA*****A**A**AAA*AAA*AA***A*AAA**A,.x............x...x............x.....x.....x....x...........x...,69.0,Hard,True,lr
puzzle_742_lr,8,A*A***AA*A***A**AAA*AAAA*A****A*A*AAAA*A***A****A*AAA*AA*A*AAA**,..x..........x...x............x.x..........x...........x....x...,69.0,Hard,True,lr
puzzle_743_180,8,AAAAAA*A**AA*A**A***AA**AA*AAA**AA***A**AA**AAA*AA*A**AA*A******,.......x..x..........x.....x....x...........x.........x..x......,70.0,Hard,True,180
puzzle_744_180,8,A*AAA*A**A*AAAAA***A*AA******A*A*A*AAAAAA**A*AAA*****A*AA*A***A*,......x..x.........x...........x....x...x............x....x.....,70.0,Hard,True,180
puzzle_745_180,8,A**A**AA*AAA*AAA*AAAA*AAAAAA*A**AA*A******A****A***A***A**AA*AA*,......x..x..........x.....x.....x..............x...x.........x..,70.0,Hard,True,180
puzzle_746_180,8,A******A**AAAAA***A*A*A*A****AAA***AAAA*A*A*A*AAA*****AA*AAAAAA*,.......x....x.....x..........x.....x....x.............x..x......,70.0,Hard,True,180
puzzle_747_180,8,****AAA****A**AA*AAA*AAAAAAA****AAAA*******A***A**AA*AAAA***AAAA,....x.........x..x.........x....x..............x..x..........x..,70.0,Hard,True,180
puzzle_748_180,8,A*AA*A*AAAA***AAA*A***A**AA*****AAAAA**AA*AAA*A***AAA****A*A**A*,.....x.........xx.........x.........x.........x....x.....x......,70.0,Hard,True,180
puzzle_749_180,8,******A**A*A**AA**A**AAA***AA*AA**A**AAA***AA*AA**AA*A*AA*AAAAAA,......x..x...........x.....x...........x....x.....x.....x.......,70.0,Hard,True,180
puzzle_750_180,8,**A**AAAA*A**AAA*AA***AA*A*A*AAA***A*A*A**AAA**A***AA*A****AA*AA,..x.....x..............x.x...........x.....x..........x.....x...,70.0,Hard,True,180
puzzle_751_180,8,AAAA*AAAA*A*A*A**A**A*A*A**A*AA*A**A*AA*A*A*AA*AA*A*A*A****A****,.......x....x....x...........x..x.........x...........x....x....,70.0,Hard,True,180
puzzle_752_180,8,****A*A*A***AA**AA****A*A*AAA***AAA***A*A*AAAA**AA**AAA*A*A*AAAA,......x.....x....x.........x....x.........x..........x.........x,70.0,Hard,True,180
puzzle_753_lr,8,AAAA****AAAA****AAA*A***A**A*AA*A***AAA*AA**AA****AA**AAAA**AA**,...x....x.........x...........x.....x....x.............x.....x..,70.0,Hard,True,lr
puzzle_754_lr,8,A*AA**A*AAAA*****AAA***A**AA**AA*A**AA*A****AAAA*A**AA*A**AA**AA,x..........x.....x............x.....x..........x.....x....x.....,70.0,Hard,True,lr
puzzle_755_lr,8,AAAAAA*A*AAA***AAAA***A*AAAA**AA****AA*****AAA*AA***AAA*******A*,.x.........x....x.........x..........x.........x....x.........x.,70.0,Hard,True,lr
puzzle_756_lr,8,AAA**AA**A*A*A**AAA*A*AA***A*A**AAA*A*AA***A*A**A*A*A*AA***AA**A,......x..x.............x...x....x............x....x.........x...,70.0,Hard,True,lr
puzzle_757_lr,8,AA**AA****AA**AA***A*AAAA**A*AA*AAAA****AAAA****A*AA**A****A*AAA,....x.....x............x.....x...x.........x....x.............x.,70.0,Hard,True,lr
puzzle_758_lr,8,A*AAAAAAA**A*A****AAA***AAAAA*A******A*AAA***AAA*AA*A*AA*A******,...x.........x....x.........x..........xx.............x..x......,70.0,Hard,True,lr
puzzle_759_lr,8,A***AAA**A*A*A*AAA**AA**AAAA****AAAA****AA*A*A**AA**AA***A**AA*A,......x..x..........x.....x.....x..........x.........x.........x,70.0,Hard,True,lr
puzzle_760_lr,8,A**A*AA**A*A*A*AA*AA**A****A*AAAA*A*A*A*A*AA**A**A*A*A*A***A*AAA,x............x....x............x....x.........x..x.........x....,70.0,Hard,True,lr
puzzle_761_180,8,A**A******A**A*****A*AA*A**AAAA*A****AA*A**A*AAAAA*AA*AAAAAA*AA*,x.........x...........x....x.........x.........x....x....x......,71.0,Hard,True,180
puzzle_762_180,8,AAAAAA**AA*AA**AA*A*A**AAAAAAA*A*A*******AA*A*A**AA**A**AA******,.....x.....x...........x....x....x............x...x.....x.......,71.0,Hard,True,180
puzzle_763_180,8,A********A**AA****AAA***A**AAA**AA***AA*AAA***AAAA**AA*AAAAAAAA*,x............x....x.........x.........x..x.............x...x....,71.0,Hard,True,180
puzzle_764_lr,8,A******A**A*A****A*A*A*A**A*A***AA*A*AAAA*A*A*A*AA*A*AAA*AAAAAA*,x.........x............x....x....x............x....x.........x..,71.0,Hard,True,lr
puzzle_765_180,8,A*A*AA***AAAA*AAA*AAAA*A*A*AA*AA**A**A*A*A****A***A****AAA**A*A*,..x...........x.x..........x.........x...x.............x....x...,72.0,Hard,True,180
puzzle_766_180,8,*A****A*A**AAA*AAA*A*AA*AA**AAA*A***AA**A**A*A***A***AA*A*AAAA*A,.x.............x...x..........x.....x...x............x....x.....,72.0,Hard,True,180
puzzle_767_lr,8,**A*A*AAAAA*A***AAA*A***A*A*A*A***A*A*AA***A*AAA**A*A*AA*A*A*A*A,......x..x..........x...x.........x..........x.........x...x....,72.0,Hard,True,lr
puzzle_768_lr,8,A*AA**A**AA*A**A*AAA***A*A**AA*A****AAAAAA**AA***A**AA*A****AAAA,..x............x...x.....x...........x..x...........x.........x.,72.0,Hard,True,lr
puzzle_769_180,8,*AA*A**A*A*AAAA*A*A*A*AAAAAAAA*A*A********A*A*A*A****A*A*AA*A**A,..x..........x.........x...x.....x............x.x...........x...,73.0,Hard,True,180
puzzle_770_180,8,*AAA*AAA**AA*****AAA***A**A*AA**AA**A*AA*AAA***AAAAA**AA***A***A,.....x.....x.....x..........x.........x...x.....x..............x,73.0,Hard,True,180
puzzle_771_lr,8,A***AAA**A*A*A*A*AA*A**AA*A*A*A*****AAAA****AAAA**AA**AA**AA**AA,x..........x.....x..........x..........x.....x....x...........x.,73.0,Hard,True,lr
puzzle_772_lr,8,AAAA****A**A*AA*AAA*A***A*A*A*A*****AAAA**A*A*AA**A*A*AA**A*A*AA,.x.........x....x.........x..........x.........x....x.........x.,73.0,Hard,True,lr
puzzle_773_lr,8,*AAA*AAA****A**AAAAA*AA***A*****AA*AAAAA****A**AAAAA*AA*A***A***,.x..........x.........x...x..........x.........x...x....x.......,73.0,Hard,True,lr
puzzle_774_180,8,A*A*A*A**A*AA*AAA*A***AAAAA*****AAAAA*****AAA*A***A**A*AA*A*A*A*,......x....x...........x.x..........x.....x..........x..x.......,74.0,Hard,True,180
puzzle_775_lr,8,AA*AAA**AAA*****AA**AA**AAAAA*AA*****A****AA**AA***AAAAA**A***AA,x.........x.........x....x...........x.........x...x..........x.,74.0,Hard,True,lr
puzzle_776_lr,8,AA*A*A**AAAA*****A*A*A*A****AAAAA*A*A*A**A*A*A*A*AAA***A*AAA***A,.....x..x..........x..........x.....x....x.............x..x.....,74.0,Hard,True,lr
puzzle_777_180,8,***A**A**AAA**AA*A*A**A*A*AAAA*A*A****A*A*AA*A*A**AA***AA*AA*AAA,...x...........x.x..........x.........x.x.........x..........x..,75.0,Hard,True,180
puzzle_778_180,8,*A****AA***A*A*A***AAAAAAA***AA*A**AAA*******AAA*A*A*AAA**AAAA*A,.x.........x..........x.x...........x..........x.....x....x.....,75.0,Hard,True,180
puzzle_779_180,8,**A*A******AAAA****AAA*A**A*AAA*A***A*AA*A***AAAA****AAAAAA*A*AA,..x..........x.....x..........x.....x....x.............xx.......,75.0,Hard,True,180
puzzle_780_180,8,*****A**AAA*****AA**A*A*AA**AAAA****AA**A*A*AA**AAAAA***AA*AAAAA,.....x....x...........x..x..........x...x..........x...........x,75.0,Hard,True,180
puzzle_781_180,8,****A*****AAAAAA*A*A*AAA*AAAA*AA**A****A***A*A*A******AAAAA*AAAA,....x.....x..........x...x.............x...x..........x.x.......,75.0,Hard,True,180
puzzle_782_180,8,A********AAAA**AA*AAA*AA**A*AAAA****A*AA**A***A**AA****AAAAAAAA*,x..........x...........x..x.........x.........x..x...........x..,75.0,Hard,True,180
puzzle_783_180,8,*A*A*****AA*AA*A*A*A**A**AA****A*AAAA**AA*AA*A*A*A**A**AAAAA*A*A,...x.....x............x...x.........x...x..............x.....x..,75.0,Hard,True,180
puzzle_784_180,8,***AA*AA*A**AAAAA**A*AAAAA**AAAA****AA*****A*AA*****AA*A**A**AAA,....x....x............x.x............x.....x...........x..x.....,75.0,Hard,True,180
puzzle_785_lr,8,*A*A*A*A*AA*A**AA***AAA**A*A*A*A****AAAA***A*AAA*AAA***A*AA*A**A,.....x....x.....x..............x....x.........x....x.....x......,75.0,Hard,True,lr
puzzle_786_lr,8,AAAA****AAAA*****AAA***A**AA**AA****AAAA***A*AAAAA**AA****AA**AA,x..........x.....x............x.....x..........x.....x....x.....,75.0,Hard,True,lr
puzzle_787_lr,8,AA**AA**AA**AA**AAA*A****AAA***AA*A*A*A**AAA***AA***AAA*A***AAA*,.x...........x....x............xx..........x..........x.....x...,75.0,Hard,True,lr
puzzle_788_lr,8,A*******AA*A**AAA***A*AAAA*A*AAA**A*A****AAA*A****A*AA***AAAAAAA,x..........x..........x..x..........x.....x..........x.........x,75.0,Hard,True,lr
puzzle_789_lr,8,A***AAA*AA*A*A**AAAA****AAAA*****A**AA*AA***AAA*A**A*AA**A**AA*A,.....x.....x....x.........x............x....x.........x..x......,75.0,Hard,True,lr
puzzle_790_lr,8,****A*AA****A*AA***A**AA****AA**AAAA**AAAAA*AA**AAAA*A**AAAA*A**,......x.....x..........x.....x....x.....x..........x.....x......,75.0,Hard,True,lr
puzzle_791_lr,8,A*AAAAA***AAAAAA*A*AA*AA**A**A**AA*AA*AAA*A**A**AA*******A*****A,...x..........x.....x.....x.....x............x...x.............x,75.0,Hard,True,lr
puzzle_792_180,8,**AA***AA*A****AA*******A***A*AA**A*AAA*AAAAAAA**AAAA*A**AAA**AA,...x...........xx...........x.....x..........x...x............x.,76.0,Hard,True,180
puzzle_793_180,8,*AAAA*A*AAAA*AA*AAA*AA**AAAAA*AA**A*****AA**A***A**A****A*A****A,...x.........x...x............x...x.........x...x..............x,76.0,Hard,True,180
puzzle_794_180,8,*A*A**A**A****AA*A*A*A*A****AAAA****AAAA*A*A*A*A**AAAA*AA*AA*A*A,...x..........x..x..........x..........x.....x....x.....x.......,76.0,Hard,True,180
puzzle_795_lr,8,*A*A**A**AAAAA***A*AA*****A*****AA*AAAAAA*A**AAAA*****AAA*A*AA*A,...x.....x..........x.....x...........x.x..............x.....x..,76.0,Hard,True,lr
puzzle_796_lr,8,AAA*AAAA***A*AA**A**AAAA**AA*A*AAA**A*A*A*AA****AAA*A**A***A****,....x.........x..x...........x..x.........x............x...x....,76.0,Hard,True,lr
puzzle_797_lr,8,AAA*A***AAAA****AAAA******A*A*AAAA**AA******AAAAA***AAA*AA**AA**,..x.....x..........x..........x.....x..........x.....x...x......,76.0,Hard,True,lr
puzzle_798_180,8,*A**AAAAAA**A*A*A*A**A**AA*AA*AA**A**A**AA*AA*A*A*A*AA******AA*A,.x............x...x............x.....x.....x....x...........x...,77.0,Hard,True,180
puzzle_799_180,8,***AAAAA**A*AAAAAAA*AAA**AAAAA**AA*****AA***A*******A*AA*****AAA,......x...x.....x..........x.....x..........x..........x.....x..,77.0,Hard,True,180
puzzle_800_lr,8,****AAAA****AAAA**A*A*AA*A*A*A*A*AAA***AAAAA****AAA*A***AAAA****,......x.....x..........x.....x...x.........x....x.........x.....,77.0,Hard,True,lr
puzzle_801_lr,8,**A*****A**A*****A*A***A*A**A**AA*AA*AA*A*A*AAA**AA*AAAAAA*AAAAA,..x.....x..........x.....x............x.....x..........x.....x..,77.0,Hard,True,lr
puzzle_802_lr,8,A*A***A*AA*A*AA*******A*A*A**AA**A*AA**AAAAAAA*A**A*A**A*A*AAA*A,x..........x..........x...x.........x....x.............x.....x..,77.0,Hard,True,lr
puzzle_803_180,8,*AAAA*AAA*AAA*AA**A*A***A***AA**AA**AAA*AAA*A*AA**A***A***A****A,...x...........x....x...x............x...x............x...x.....,78.0,Hard,True,180
puzzle_804_lr,8,AAAA*****A*A*A*A*A**AA*A***A*AAA***A*AAAA**A*AA**AAA***A**AA**AA,...x.....x..........x..........x.....x..x.........x...........x.,78.0,Hard,True,lr
puzzle_805_lr,8,A***AA**A*A*AAAA*****A*AA*A*AAAA*A*A****AAAAA*A**A*A*****AAA**AA,....x.....x..........x..x..........x..........x..x.............x,79.0,Hard,True,lr
puzzle_806_lr,8,A*A*A*A*AAA*A***A*A*A*A**A*A*A*AA*A*A*A*AA*A*A***AA*A**AA*A*A*A*,....x....x............x....x....x............x.........x..x.....,79.0,Hard,True,lr
puzzle_807_lr,8,***AAAAA***AAAAAA*A*AAA***AA*AAAAA**A****A*A***AAAA*****AAA*****,.....x.........x....x.........x..x.........x....x.........x.....,79.0,Hard,True,lr
puzzle_808_180,8,*A*AAA*A**AAA****A*A*A*A**AAA*AA**A***AA*A*A*A*AAAA***AA*A***A*A,.x..........x..........x..x...........x....x....x............x..,80.0,Hard,True,180
puzzle_809_180,8,A*A*A*******A*AAAAAA*A*AAAAAA***AAA******A*A******A*AAAAAAA*A*A*,....x..........x.....x....x.....x..........x..........x..x......,80.0,Hard,True,180
puzzle_810_lr,8,A*A*A*A*AAAA****AAAA****AA*A*A***A**AA*AAA*A*A**AA**AA***A*A*A*A,......x...x.....x..........x.........x...x..........x..........x,80.0,Hard,True,lr
puzzle_811_lr,8,A***AAAAAA****AA*A**AAAA*****A**AAAAA*AAA*AA******AAAA***AAA****,......x..x.............x.....x.....x....x...........x.....x.....,80.0,Hard,True,lr
puzzle_812_lr,8,**AAAAAA*AAAAAA*****AA***A*AAAAAA*A*****AAAA**AAA******AAA******,.....x....x.........x.........x.x..........x...........x.x......,80.0,Hard,True,lr
puzzle_813_lr,8,*AA*A**AAAAA****A*AA**A**AA*A**A**A*A*AA*A**AA*A****AAAA**A*A*AA,.......x...x....x...........x.........x..x...........x....x.....,81.0,Hard,True,lr
puzzle_814_lr,8,AA*AAA*AA*AAAA*A**AA*A******A*A*AAAA*A*AAA**A*AA*A****A***A***A*,...x.........x....x.........x...x..............x.x............x.,81.0,Hard,True,lr
puzzle_815_180,8,*A**AAAAAAAAAA*****AAAA***AA*AAA***A**AAA****AAAAA**********AA*A,.x.........x..........x...x............x.....x..x...........x...,82.0,Hard,True,180
puzzle_816_180,8,*AA*AAAA**A***AAAA***AAAAAA*****AAAAA******AAA****AAA*AA****A**A,.x.............x.....x....x.....x..........x..........x.....x...,82.0,Hard,True,180
puzzle_817_lr,8,AA*A*A***AAA***AA***AAA*A**A*AA*A*A*A*A*AAAA****AAAA****A**A*AA*,.x.............x....x.........x...x.....x..........x.........x..,82.0,Hard,True,lr
puzzle_818_lr,8,AA****A**AA***AA*A*******A*A*A*AA*A*A*A*A*AAAAAAA**AAA****AAAA*A,x.............x..x.............x....x.....x..........x.....x....,82.0,Hard,True,lr
puzzle_819_lr,8,A*AA**A*****AAAA***A*AAA***A*AAAAAA*A***AAAA****AAA*A***AAA*A***,......x.....x..........x.....x...x.........x....x.........x.....,82.0,Hard,True,lr
puzzle_820_lr,8,A*AA**A*AA*A*A***A*A*A*AAAA*A***AA*A*A**AAA*A*****AA**AA**AA**AA,......x..x...........x....x.....x...........x..........x...x....,82.0,Hard,True,lr
puzzle_821_lr,8,AA*A****AAAA***AAAA****A*A*A***AA*A*AAA****AAAA*****AAA***A*AAAA,x.........x............x.x...........x.....x..........x.....x...,82.0,Hard,True,lr
puzzle_822_180,8,A*AAA**AAA********A*A***A**A****AAAA*AA*AAA*A*AAAAAAAA***AA***A*,...x.....x..........x...x............x.........x..x...........x.,83.0,Hard,True,180
puzzle_823_lr,8,**AAAAAAA**AAAA*AA*AAA*A*A*AAAAAA*A*******A***A**AA****AAA******,....x.........x....x.........x..x.........x............x.x......,83.0,Hard,True,lr
puzzle_824_lr,8,**AA**AA*AAA***AAAAA****AAAA********AAAAA*AA**A*AA*A*A***AA*A**A,......x..x.........x....x...........x.....x..........x.........x,83.0,Hard,True,lr
puzzle_825_lr,8,AAAA****AAAA****AAA*A***AA*A*A***A*A*A*AA**A*AA*A*A*A*A**AAA***A,...x....x.........x..........x...x............x.....x..........x,84.0,Hard,True,lr
puzzle_826_lr,8,*AAA***AAAAA*****AAA***AAA*A*A*****A*AAA***A*AAA****AAAA**AA**AA,..x.....x..........x.....x...........x.........x....x.........x.,85.0,Hard,True,lr
puzzle_827_lr,8,AAAA****AAAA****AAA*A******A*AAA****AAAAA**A*AA**A*A*A*AAA*A*A**,...x....x.........x............x....x.........x..x...........x..,86.0,Hard,True,lr
puzzle_828_lr,8,**AA**AAAA*A*A****A*A*AAAA*A*A**AA*A*A***AAA***AAA*A*A*****A*AAA,..x.....x...........x....x...........x.........x...x..........x.,86.0,Hard,True,lr
puzzle_829_lr,8,AA**AA**A***AAA*****AAAA**AA**AAAAA*A***AAAA****AAA*A*****A*A*AA,.x...........x.........x...x....x.........x.........x.........x.,87.0,Hard,True,lr
puzzle_830_lr,8,**AA**AAAA**AA**A***AAA*****AAAA*AAA***AAAA*A***AAAA****AAA*A***,......x..x...........x.........x...x....x.........x.........x...,88.0,Hard,True,lr
puzzle_831_lr,8,AA**AA**AAAA****AAA*A***AA*A*A******AAAA****AAAAA**A*AA**A*A*A*A,.....x....x.....x..........x...........x....x.........x..x......,88.0,Hard,True,lr
puzzle_832_lr,8,*AAA***A**AA**AAA***AAA*****AAAA****AAAA****AAAA**A*A*AA*AAA***A,.x.........x....x............x.........x....x.........x...x.....,89.0,Hard,True,lr
puzzle_833_lr,8,*AAAA*A*AAAA**AAAAA*****AAAA**AA****AA*****AAAAA****AA**A****A*A,..x...........x..x.........x.........x.........x....x...x.......,89.0,Hard,True,lr
puzzle_834_lr,8,**AA**AA**A*A*AAA***AAA*****AAAAA*AA**A*AAA*A***AAAA****A*A*A*A*,...x...........xx............x....x.........x....x............x.,89.0,Hard,True,lr
puzzle_835_lr,8,*AAA*AAA**AA**AA*AAAA*****A*A***AA*A*AAAA****AAAAA**AA**A***A***,...x..........x...x.........x....x.............x.....x..x.......,90.0,Hard,True,lr
puzzle_836_180,8,*******A*A*A***AAAAAA***A****A**AA*AAAA*AAA******AAA*A*A*AAAAAAA,.......x.x..........x...x.............x...x..........x.....x....,91.0,Hard,True,180
puzzle_837_lr,8,AA**AA**A*A*A*A**A*A*A*AA*A*A*A*****AAAA****AAAAA**A*AA*A*A*A*A*,.x............x....x....x...........x..........x.....x....x.....,92.0,Hard,True,lr
puzzle_838_lr,8,A*****AA*****AAA***AAAAA*AA**AAAA**AA***AAA*****AAAAA****AAAAA**,.......x.....x.....x..........x.x.........x.........x....x......,92.0,Hard,True,lr
puzzle_839_lr,8,A*AAAAA****AAA**A*AAAA*A*AAAAAA*A******A*A****A*AAA***AA*A*****A,...x.........x....x.........x...x.............x..x.............x,92.0,Hard,True,lr
puzzle_840_lr,8,AAA*AAAAA**A*AA**A****AAA**A***A*AA*AAA*A*AAAA***AA*A**A***A****,..x..........x.........xx.............x.....x....x.........x....,93.0,Hard,True,lr
puzzle_841_lr,8,*****A*A****A**AAA*AAAA*A***AA***AAA**AA**A****AAAAA*AA*AAAAA*A*,.....x.........x.x..........x.........x...x.....x..........x....,93.0,Hard,True,lr
puzzle_842_180,8,AAAA*A**AAA*A**AAA**A**A*AA*AAA*A***A**A*AA*AA***AA*A***AA*A****,..x............x....x.........x.x............x...x.........x....,94.0,Hard,True,180
puzzle_843_180,8,A*AAAAAAAA**AAA*A*A*A****A*A**A*A*AA*A*AAAA*A*A*A***AA********A*,..x..........x..x..........x...........x.x..........x.........x.,95.0,Hard,True,180
puzzle_844_180,8,*A*AAAAAA****A**A***AAAA*AAAAA**AA*****A****AAA*AA*AAAA******A*A,...x....x.............x...x............x....x....x...........x..,95.0,Hard,True,180
puzzle_845_lr,8,*AAA***AAAAA*****AAA***AAAA*A*****AA**AA****AAAA***A*AAA***A*AAA,..x.....x..........x.....x............x.....x..........x.....x..,95.0,Hard,True,lr
puzzle_846_lr,8,A*A*AA******AAAA*****AAAAA**AAAA**AA****AAAAA***AAAA*****A*A**AA,....x..........x.....x...x.........x....x.........x...........x.,96.0,Hard,True,lr
puzzle_847_180,8,A*AA*AAA**A***AA***AA*A*****AA**AA**AAAAA*A**AAA**AAA*AA***A**A*,x.........x...........x.....x....x...........x.........x...x....,98.0,Hard,True,180
puzzle_848_180,8,**A***A*AAA**A**A**AAAA*A*AAAAA*A*****A*A****AA*AA*AA***A*AAA*AA,......x..x..........x.....x.....x............x.....x...........x,98.0,Hard,True,180
puzzle_849_180,8,**A**A**AA*AAAAAA****AA*AA***AA*A**AAA**A**AAAA******A**AA*AA*AA,..x.........x.........x..x.........x....x............x.........x,99.0,Hard,True,180
puzzle_850_lr,8,*AAA***AA*A*A*A***A*A*AAAAA*A***AA**AA**A***AAA*A***AAA***A*A*AA,...x..........x...x.........x....x...........x..x..............x,99.0,Hard,True,lr
puzzle_851_180,8,A*******A*AA*AA****AA*A*A*A**AAA***AA*A*A*A**AAAA**A**A*AAAAAAA*,x............x.....x...........x....x.....x...........x..x......,100.0,Hard,True,180
puzzle_852_180,8,****AA*AA*AA****AAAA****A**A****AAAA*AA*AAAA****AAAA**A**A**AAAA,.......x..x.....x..........x.........x...x............x.....x...,100.0,Hard,True,180
puzzle_853_lr,8,AA*AAAA*AAA*AA*AAA*AAA*AA*A*A****A*A*AAA**A***A****A**A***A****A,.....x....x.....x...........x....x............x....x...........x,100.0,Hard,True,lr
puzzle_854_180,8,A******A*A*A*AAAAA*A*AA**A*****A*AAAAA*AA**A*A*****A*A*A*AAAAAA*,.......x...x..........x..x..........x...x............x....x.....,101.0,Hard,True,180
puzzle_855_lr,8,**A*A***AAAA**A*AAAA*A*AA*****A**AAAAA*A****A*A*****AA*AAA*A*AAA,..x.....x..........x..........x..x..........x..........x.....x..,101.0,Hard,True,lr
puzzle_856_lr,8,**A*A****AAAAA**AAAAA***A*AA*A***A**A*AA*****AAAA*****AAAA*A*AAA,..x.........x....x.........x...........x.....x..x.............x.,102.0,Hard,True,lr
puzzle_857_lr,8,A****A**A*****A**A***A**AAAA*AAA****A***A*AAA*AA*AAAAA*A*AAAA*AA,x.............x..x.............x....x.....x..........x.....x....,103.0,Hard,True,lr
puzzle_858_180,8,*A*****AA*A****A*AA*****AA*AA*AA**A**A**AAAAA**A*AAAA*A**AAAAA*A,.x.............x..x.....x............x.....x..........x.....x...,104.0,Hard,True,180
puzzle_859_180,8,*AA*A*A*A*AAA*A*A**AA***A*A*A***AAA*A*A*AAA**AA*A*A***A*A*A*A**A,......x....x....x...........x....x...........x....x............x,104.0,Hard,True,180
puzzle_860_180,8,***A***AA*AA**A*A****AA***AAAAAA******AAA**AAAA*A*AA**A**AAA*AAA,...x....x............x....x............x....x.........x..x......,105.0,Hard,True,180
puzzle_861_180,8,A*A********A**AAA***A*A*A**AAAAA*****AA*A*A*AAA***AA*AAAAAAAA*A*,..x...........x.....x..........x.....x..x..........x.....x......,105.0,Hard,True,180
puzzle_862_lr,8,*A**AA*A*AAA***A**A*A*AAAA**AA****A*A*AA***A*AAA****AAAA****AAAA,.x.........x..........x.x.........x..........x.........x....x...,105.0,Hard,True,lr
puzzle_863_lr,8,A******AA******A*AA**AAAAA***A****AAA*AAA**AA****AAAAAA**AAAAAA*,x..............x.x...........x....x.........x.........x....x....,105.0,Hard,True,lr
puzzle_864_180,8,**A***A****A**AAA*A***A*AAA*A**A*AA*A***A*AAA*A***AA*AAAA*AAA*AA,..x...........x.x...........x....x.........x.........x.........x,106.0,Hard,True,180
puzzle_865_180,8,*****AA*A*AA***A*A*A*AAA*****AAA***AAAAA***A*A*A*AAA**A*A**AAAAA,.....x.....x.....x............x.....x..........x..x.....x.......,106.0,Hard,True,180
puzzle_866_lr,8,AA*AAAA*****A*AA*****A*AA***A*AA*AAA*A**AAAAA*A*AAAA*A****A****A,......x.....x..........xx..........x.....x...........x....x.....,106.0,Hard,True,lr
puzzle_867_180,8,**A**A*A*A*A*A**A****AA**A*A*AA*A**A*A*AA**AAAA*AA*A*A*A*A*AA*AA,..x..........x..x..........x...........x....x....x............x.,107.0,Hard,True,180
puzzle_868_180,8,A******AAAAAAAA*A***A*AAA*AA*AAA***A**A***A*AAA*A********AAAAAA*,.......x.x..........x.........x....x.........x..x.........x.....,107.0,Hard,True,180
puzzle_869_180,8,AA**AAAA**A***AA*A**AAAAA*A*AA*A*A**A*A*****AA*A**AAA*AA****AA**,x.........x...........x.....x....x.............x...x.........x..,107.0,Hard,True,180
puzzle_870_lr,8,A***AAA*AA*A*A**A*A*A*A*A**A*AA**AA*A**AA**A*AA*A***AAA****A*AAA,....x...x.........x...........x..x.........x.........x.........x,107.0,Hard,True,lr
puzzle_871_lr,8,*A****AA*****A*AAA**AAA**A*****AA*AAAAA***AA***AAAAAA*A*A*AAAA**,.x...........x..x..............x....x.....x...........x....x....,107.0,Hard,True,lr
puzzle_872_lr,8,**AA*A****A*A****AAA*A**AAAAAA*A******A*A***A*AAAA*A*AAAAA**A*AA,..x.........x....x.........x..........x.x............x.........x,107.0,Hard,True,lr
puzzle_873_180,8,****A*A*A**A****AAAAAA**AA**AAA*A***AA**AA******AAAA*AA*A*A*AAAA,......x....x.........x...x..........x...x.........x............x,108.0,Hard,True,180
puzzle_874_lr,8,AA**A***A**A****A***A*A********AAAAAAAA**AAA*A*A*AA*AAAA**AA*AAA,.x.........x....x..............x.....x....x.........x.........x.,109.0,Hard,True,lr
puzzle_875_lr,8,AA*A******AA****AAAA***AA**A***A*AA*AAA*****AAA*AA**AAAA**A*AAAA,x.........x............x...x..........x.....x....x...........x..,110.0,Hard,True,lr
puzzle_876_lr,8,AAAA****AA*A*A**AA**AA**A**A*AA****A*AAAAA*A*A******AAAAAAAA****,..x.....x...........x.........x....x.........x.........x.x......,110.0,Hard,True,lr
puzzle_877_lr,8,*******AAA**A*A*AAA****AAA*A******A*AAAA***AAAA***AA*A*AAAAAAAA*,.......x....x.....x.....x.............x....x.........x...x......,110.0,Hard,True,lr
puzzle_878_180,8,*AA*****AAAA*A***AAAAAA*A**A*A*A*A*A*AA*A******AAA*A****AAAAA**A,..x.....x.............x....x.........x.........x.x..........x...,111.0,Hard,True,180
puzzle_879_180,8,AA*A**AAAAAA*A**AAA*A**AAA*A*AAA***A*A***AA*A***AA*A******AA*A**,......x..x..........x..........x.....x....x.....x..........x....,111.0,Hard,True,180
puzzle_880_lr,8,*A*A*A*A***A*AAA****AAAA****AAAA*A*A*A*A*AA*A**AAAA*A*******AAAA,.x.........x..........x.....x..........x..x.....x............x..,111.0,Hard,True,lr
puzzle_881_lr,8,*AAA***A**A*A*AA****AAAA****AAAAA***AAA*A**A*AA*A*A*A*A*AA**AA**,..x.........x..........x.....x..x..........x..........x..x......,111.0,Hard,True,lr
puzzle_882_lr,8,*AA****A*A*A***A**A******AAA**A*A***AA*AAA*AAAAAA*A*AAA*A**AAAA*,.x.............x..x...........x.....x...x............x.....x....,111.0,Hard,True,lr
puzzle_883_lr,8,*A**AA*A**A*A*AA**AA**AA**A*A*AAA**A*AA**AA*A**A*AAA***A*AA*A**A,.....x....x...........x.....x...x..............x...x.....x......,111.0,Hard,True,lr
puzzle_884_lr,8,AA*A**A**A**AA*A****AAA*A*AAAAAA*A******AAAA***AA*AA**A***A*AA*A,x...........x.........x....x.....x.............x..x..........x..,111.0,Hard,True,lr
puzzle_885_lr,8,AAAA******AA**AAAA*A*A**A*A*A*A*AAAA****AAAA****AAA*A***A*A*A*A*,..x............x.....x..x..........x.....x..........x.........x.,111.0,Hard,True,lr
puzzle_886_lr,8,**A****AA*AA**AA**A*******AA**A*AA**AA*AAA*AAAAA*A**AA**AA*AAAA*,.......xx.........x...........x.....x....x...........x.....x....,111.0,Hard,True,lr
puzzle_887_180,8,AAA*AAAA*AAA*AAAA***AA*AAAA*****AAAAA****A**AAA****A***A****A***,......x...x..........x..x..........x.....x.............x....x...,112.0,Hard,True,180
puzzle_888_180,8,AAAA*AA****AA*****AAAA***A**A***AAA*AA*AAA****AAAAA**AAAA**A****,......x....x.........x...x..........x..........x..x.....x.......,112.0,Hard,True,180
puzzle_889_180,8,AA*****AA****A******A**A*****AA*A**AAAAA*AA*AAAAAA*AAAA**AAAAA**,.......xx...........x.........x....x.....x...........x....x.....,112.0,Hard,True,180
puzzle_890_lr,8,A***AAA*A***AAA*AAAA****A*AA**A***A*A*AAA*AA**A**AAA***AA*A*A*A*,x............x...x.........x..........x...x............x....x...,112.0,Hard,True,lr
puzzle_891_lr,8,**A*A*AA*A*A*A*A****AAAA*A**AA*AA***AAA****A*AAA*AA*A**A****AAAA,..x..........x.........x....x...x..........x.....x............x.,112.0,Hard,True,lr
puzzle_892_lr,8,**AA*AA*AA*A*****AA*A****A*A****A*A*AAAAA**A*AAA**A*AAAAAA**A**A,..x.....x...........x....x............x....x.........x.........x,112.0,Hard,True,lr
puzzle_893_lr,8,AA*AAAAA****AA***A*AAA***AA*A**AA**A*AA*A*A***AAAAAA**AA**A*****,...x.........x...x..........x.........x.x..............x..x.....,112.0,Hard,True,lr
puzzle_894_lr,8,*AA*A**A*A**AA*AA*A*A*A*AAAA****AAAA*****AA*A**AA*A*A*A*AAAA****,.......x.....x..x..........x.....x..........x.........x...x.....,112.0,Hard,True,lr
puzzle_895_lr,8,*A*AAA*AA*AAA****AAAAA***AAAAAAAA*******A*****AA*A***AAAA*A***A*,....x.....x..........x.....x....x..............x.x............x.,112.0,Hard,True,lr
puzzle_896_lr,8,*A*AAAA**A*AAAAA****AAA*AA*AAAA***A****AAAAA***AA*A*****A*A****A,.....x...x............x.....x..........x...x....x.........x.....,112.0,Hard,True,lr
puzzle_897_180,8,AAAAA*A*AA*A*A*AAA*AA*AA*A***A**AA*AAA*A**A**A***A*A*A**A*A*****,......x....x...........x.x..........x.....x..........x..x.......,113.0,Hard,True,180
puzzle_898_180,8,A*****A*A***A***A**A*****A**A***AAA*AA*AAAAA*AA*AAA*AAA*A*AAAAA*,......x.x..........x.....x.............x.....x....x.........x...,113.0,Hard,True,180
puzzle_899_180,8,AA*****AAA*AA*AAAAA**AA********A*AAAAAAAA**AA*****A**A***AAAAA**,.x............x...x............x....x...x............x.....x....,113.0,Hard,True,180
puzzle_900_180,8,***A*AA*****A**AA****AAA*A*A*AA*A**A*A*A***AAAA**AA*AAAAA**A*AAA,......x.....x..........x.x.........x.........x....x.....x.......,113.0,Hard,True,180
puzzle_901_180,8,*A*A**AA*AA*A*AAA*AA*AAA******AA**AAAAAA***A**A***A*A**A**AA*A*A,.x..........x...x..............x...x..........x...x..........x..,113.0,Hard,True,180
puzzle_902_180,8,***A********A*AA*AA**AAAA**A*AAA***A*AA****AA**A**A*AAAAAAAA*AAA,...x..........x...x.....x............x.........x....x....x......,114.0,Hard,True,180
puzzle_903_180,8,***A***A**A*A**A***AA*A******AA*A**AAAAAA*A**AAA*AA*A*AA*AAA*AAA,.......x..x.........x.........x.x............x...x.........x....,114.0,Hard,True,180
puzzle_904_180,8,**AA*****A*A*A**A*****A*A****A**AA*AAAA*A*AAAAA*AA*A*A*AAAAA**AA,...x.....x............x.x...........x.....x..........x.........x,114.0,Hard,True,180
puzzle_905_180,8,AAA*A*A*AA*A*****A**A*A*******A*A*AAAAAAA*A*AA*AAAAA*A**A*A*A***,x..........x.....x............x.....x..........x.....x....x.....,114.0,Hard,True,180
puzzle_906_180,8,*A**AAAAA****A**AA**A*A**AAA***A*AAA***AA*A*AA**AA*AAAA*****AA*A,.x...........x..x..........x...........x..x...........x.....x...,114.0,Hard,True,180
puzzle_907_180,8,A*A*****AA*A*A*AA*AAA*A**AAA**A*A*AA***AA*A***A**A*A*A**AAAAA*A*,..x............x....x.........x....x....x............x...x......,115.0,Hard,True,180
puzzle_908_180,8,*A****AAAA*AAAA*AA******AAA**A**AA*AA***AAAAAA**A****A****AAAA*A,......x....x....x.........x.........x....x...........x.........x,115.0,Hard,True,180
puzzle_909_lr,8,**AA***AAAA*****AAAA***AAA****AA**AAAA******AAA****AAAAAAA**AAA*,..x.....x..............x.x..........x.........x....x.........x..,115.0,Hard,True,lr
puzzle_910_lr,8,*A*A*A*A*AA*A**A*A*A*A*A**A*A*AA*A*A*A*A*A**AA*A****AAAAA*AA**A*,...x.....x...........x....x............x....x.........x.x.......,115.0,Hard,True,lr
puzzle_911_lr,8,*A*A*A*A**A*A*AA*A*A*A*A*AA*A**A*A*A*A*AA**A*AA**AAA***A**AA**AA,.x..........x..........x..x..........x..x..........x..........x.,115.0,Hard,True,lr
puzzle_912_lr,8,AA*****A*A****AAAAA***AA*AA*****A**AAAAA***AAA**A*AAAA****AAAAA*,.......x.x............x...x..........x.....x....x...........x...,115.0,Hard,True,lr
puzzle_913_lr,8,****AAAA****AAAAAAA*A****AA*A**A*A*A*A*A**A*A*AAA***AAA*AAA*A***,.....x.........x....x....x.........x..........x.x.........x.....,115.0,Hard,True,lr
puzzle_914_180,8,**AAAAAA*AA***A**AA*A**A*****AAA***AAAAA*AA*A**AA*AAA**A******AA,...x.....x..........x..........x.....x....x.....x.............x.,116.0,Hard,True,180
puzzle_915_180,8,AA**A*AA*******A**AAA*AA*A*AA*AA**A**A*A**A***AA*AAAAAAA**A*AA**,x..............x...x.....x...........x....x...........x.....x...,116.0,Hard,True,180
puzzle_916_lr,8,****AAAAA*A*A*A**AAA***AA*AA**A*AAA*A****A**AA*A****AAAAA***AAA*,.....x....x............x...x.....x..........x.........x.x.......,116.0,Hard,True,lr
puzzle_917_lr,8,****AAAA**A*A*AA*AAA***A*A*A*A*A*AA*A**A*A**AA*A****AAAAA*AA**A*,.....x....x............x...x.....x..........x.........x.x.......,116.0,Hard,True,lr
puzzle_918_lr,8,AAAA****AAAA****A*AA**A****A*AAAA*AA**A*A***AAA*****AAAAA**A*AA*,.x.........x....x.............x...x.........x..........x.....x..,116.0,Hard,True,lr
puzzle_919_180,8,AA*AAA***AAAAAA*AAAA*A***AAA***A*AAA***AAA*A****A******AAA***A**,....x.........x...x............x.x.........x....x............x..,117.0,Hard,True,180
puzzle_920_180,8,*AA**A*AAAA************A****AAAA****AAAA*AAAAAAAAAAAA****A*AA**A,.....x...x.............x....x.........x...x.....x..........x....,117.0,Hard,True,180
puzzle_921_180,8,****AA**A**AA*A***AAA**AAAAAAAA*A********AA***AAA*A**AA*AA**AAAA,.....x.....x...........x....x...x.........x...........x..x......,117.0,Hard,True,180
puzzle_922_lr,8,*AAA**AAA*AAA******AA*****AAAA*AAA****A*AAA**AAA*A***AAAA***AA**,...x....x...........x.....x...........x..x.............x.....x..,117.0,Hard,True,lr
puzzle_923_180,8,*A**A*A*A*AAAA**A***A***A*A*****AAAAA*A*AAA*AAA*AA****A*A*A*AA*A,......x...x.........x...x..........x.........x...x.............x,118.0,Hard,True,180
puzzle_924_180,8,A*A*AA**AAAAAA*A*A*AAA****A*AA**AA**A*AAAA***A*A*A******AA**A*A*,x..........x.........x....x.........x..........x.x............x.,118.0,Hard,True,180
puzzle_925_lr,8,*AAA*AAAA**A**AAA*A**AAAAA**AAAA**AA*****A*AA****AA*AA**A***A***,.....x.........x..x...........x....x.....x..........x...x.......,118.0,Hard,True,lr
puzzle_926_lr,8,A*A*A*A*AAAA****AAA*A***A**A*AA*A*AA**A*A*A*A*A*A**A*AA**A**AA*A,......x....x.....x...........x....x.........x...x..............x,118.0,Hard,True,lr
puzzle_927_lr,8,A*AA**A*A***AAA*A*A*A*A*A***AAA*AAA*A***AAAA****A*A*A*A*****AAAA,......x.....x.....x..........x...x.........x....x..............x,119.0,Hard,True,lr
puzzle_928_lr,8,AA*A*A**AAAA*****A*A*A*AA*A*A*A*A*AA**A**A*A*A*AAAAA*****AAA***A,.....x...x.............x....x.........x....x....x.........x.....,119.0,Hard,True,lr
puzzle_929_lr,8,AA*****A*A*AAA*AA*AAAAAA*A*A*A**A*A*A*AA*A******A*A***A***AAAAA*,x...........x.....x..........x.........x.x............x....x....,119.0,Hard,True,lr
puzzle_930_lr,8,A**A*AA**AAA***AAA*A*A**A*A*A*A**AA*A**AAAAA****AAAA****AAAA****,.....x.........x.x............x.....x.....x.....x..........x....,121.0,Hard,True,lr
puzzle_931_lr,8,A*A**A***A**A***A*AA*A*****A****AAA*AAAA*A**A*AAA*AA*AAA*A*AA*AA,..x.........x...x..........x..........x..x...........x.........x,122.0,Hard,True,lr
puzzle_932_lr,8,A**AA*AAA*A***AAAA**A*AAAAA*A*AA***A*A****AA*A***A*AAA***AA**A**,...x..........x.x..............x.....x....x.........x....x......,122.0,Hard,True,lr
puzzle_933_lr,8,AA*AA*AAA*AA*AAA*AA*AAAAA****AAA*AAAA***A**A*****A**A*****A**A**,.......x.....x...x............x....x....x...........x.....x.....,122.0,Hard,True,lr
puzzle_934_lr,8,****AAAA*A*A*A*AA*AA**A*****AAAA***A*AAA*A**AA*AAAAA******A*A*AA,......x..x.........x.........x.........x....x...x.........x.....,122.0,Hard,True,lr
puzzle_935_lr,8,AAA****AA*****A*A******A*A****A*A*AAAA*A*AAAAAA**AAAAA*A***AAAA*,..x.....x..............x.x..........x.........x....x.........x..,123.0,Hard,True,lr
puzzle_936_lr,8,*AA*A**AAAA*A******A*AAAAA**AA**A***AAA*A*A*A*A**A**AA*AAAA*A***,.......x.x.........x.........x..x.............x.....x.....x.....,123.0,Hard,True,lr
puzzle_937_lr,8,AA**AA*AA***AAAA**A*AAAAA*A*AAAA*A*A****AA*A*****AAA******AA**A*,.x..........x..........x.....x.....x....x.........x...........x.,123.0,Hard,True,lr
puzzle_938_180,8,*****AAAA*****A*A**A*A***AAAA*AA**A****AAA*A*AA*A*AAAAA****AAAAA,......x.x..........x.....x.............x.....x....x.........x...,124.0,Hard,True,180
puzzle_939_180,8,*****A**A**AA***A***AA**A*AA****AAAA**A*AA**AAA*AAA**AA*AA*AAAAA,.....x.....x....x.........x...........x.....x....x.............x,124.0,Hard,True,180
puzzle_940_lr,8,A*AA**A*AAA*A****AAA***A*AA*A**A**A*A*AA****AAAA****AAAAA*AA**A*,......x.x..........x.....x..........x..........x.....x....x.....,124.0,Hard,True,lr
puzzle_941_lr,8,*AA*A**AA*AA**A**AAA***A*AAA***A**A*A*AA*A*A*A*A***A*AAA****AAAA,....x...x..............x..x...........x..x.........x.........x..,125.0,Hard,True,lr
puzzle_942_180,8,A*AA***AA****A**AA****A*AA***A**AA*AAA**A*AAAA**AA*AAAA**AAA**A*,.......xx.............x..x..........x.....x..........x.....x....,126.0,Hard,True,180
puzzle_943_180,8,A*AA***A**A***AA*AA**AAAA***AAAA****AAA****AA**A**AAA*AA*AAA**A*,...x..........x...x.....x............x.........x....x....x......,126.0,Hard,True,180
puzzle_944_lr,8,A*****A**A*****AA****AAA*****AA*AAAAA**A*AAAA***A*AAAAA**AAAAA*A,......x..x.............x.....x....x.........x...x..........x....,126.0,Hard,True,lr
puzzle_945_lr,8,*A*A*A*AA*AA**A***A*A*AA**A*A*AA***A*AAA****AAAA****AAAAA***AAA*,.x.........x..........x...x..........x.........x....x...x.......,126.0,Hard,True,lr
puzzle_946_lr,8,*AAA***AAAAA****AAAA****AAAA*****A**AA*AA**A*AA*AA**AA**A***AAA*,.......x...x....x.........x.........x.........x..x...........x..,126.0,Hard,True,lr
puzzle_947_lr,8,A*A*A*A*AA*A*A**A***AAA**A**AA*A**AA**AA****AAAAA***AAA*A***AAA*,..x.....x............x...x.........x...........x....x.........x.,126.0,Hard,True,lr
puzzle_948_180,8,AAAA**AA**A*A*AA***A*A*A*AAA**AA**AA***A*A*A*AAA**A*A*AA**AA****,x..............x.....x...x.........x..........x.....x.....x.....,127.0,Hard,True,180
puzzle_949_lr,8,AA*AA*AAA*AAAA*A*A*AA***AAAAAA********AAA*A**AAA*A****A***A**A**,...x.........x...x..........x..........xx.............x...x.....,127.0,Hard,True,lr
puzzle_950_lr,8,A*AA*AA*AAA*A*A*AAAA*A*AAAA*A**A***A*AA*****A*A****A*A*A*A**A**A,...x....x............x....x...........x.....x..........x.x......,127.0,Hard,True,lr
puzzle_951_180,8,AA*AA*A******A*AAA*A*AAAAA*AA*AA**A**A*****A*A***A*AAAAAA*A**A**,....x..........x.x............x...x..........x.....x....x.......,131.0,Hard,True,180
puzzle_952_lr,8,***AA**A**A******AAAAAAAA*A*A**A*A*A*AA*A*******AA*AAAAAAAA**AA*,....x.....x..........x.........x...x....x.............x..x......,131.0,Hard,True,lr
puzzle_953_180,8,*AAAAAAA**A**AA***AAA*AA***A*A**AA*A*AAA**A***AAA**AA*AA*******A,.x............x....x.........x..x.........x.........x..........x,138.0,Hard,True,180
puzzle_954_lr,8,AA*A*A***AAA***A**A*A*AA****AAAA****AAAA*A**AA*AAAA*A****A*A*A*A,x.........x...........x.....x..........x.....x...x.........x....,139.0,Hard,True,lr
puzzle_955_lr,8,*A*AA*AA*AA*A*AAA**A***AAAAAA*AA*****A***AA*AAA*A**A*A**A*A**A**,......x.....x..........x..x..........x...x.........x....x.......,139.0,Hard,True,lr
puzzle_956_180,8,A**AAA*A*******A**AAA*AA*A*AA*AA**A**A*A**A***AA*AAAAAAA*A***AA*,x..............x...x.....x...........x....x.........x.........x.,141.0,Hard,True,180
puzzle_957_180,8,AA*A*A*AAAA*AAA*AAAA**A***A*****AAAAA*AAA*AA****A***A****A*A*A**,.x..........x.........x...x............x...x....x............x..,142.0,Hard,True,180
puzzle_958_180,8,A**AA*AA**A**A**A*AAAAA*A***AA**AA**AAA*A*****A*AA*AA*AA**A**AA*,.......x..x.....x...........x....x............x....x.........x..,142.0,Hard,True,180
puzzle_959_lr,8,*AAA***AA*AA**A*A***AAA*A***AAA*AAA*A***AAAA*****AA*A**A**A*A*AA,..x...........x.x............x...x.........x...........x....x...,142.0,Hard,True,lr
puzzle_960_180,8,***AA*AAAA*AAAAA***A*A**A*AA*A*A*A*A**A*AA*A*AAA*****A****A**AAA,....x..........x...x....x.............x..x...........x....x.....,143.0,Hard,True,180
puzzle_961_lr,8,AAAA*****AA*A**A*A*A*A*AAAA*A****A**AA*A****AAAA****AAAA***A*AAA,x.........x..........x...x.............x....x.........x....x....,143.0,Hard,True,lr
puzzle_962_lr,8,AAA*A****A*A*A*AA**A*AA*AAA*A***A*AA**A**A**AA*AAAAA****AAA*A***,....x..........x.....x....x...........x..x.........x....x.......,143.0,Hard,True,lr
puzzle_963_lr,8,****A*AA***A*A***AAAAA**A*AAAAAA*A******A*****AAAAA*A*AAAAAA*A**,.......x.....x....x.........x....x............x.x..........x....,146.0,Hard,True,lr
puzzle_964_180,8,*A*****AA****A***A**A***AA*****A*AAAAA**AAA*AA*AAA*AAAA**AAAAA*A,.......xx...........x....x...........x....x...........x....x....,147.0,Hard,True,180
puzzle_965_lr,8,***A**AA*AAAA**AAAAA*****AA*****A**AAAAA****AAAAA****AA*AAA*AA**,......x....x....x.........x.........x..........x.....x...x......,147.0,Hard,True,lr
puzzle_966_180,8,AA*****AA*****AAAAAAAA*AAA*AAAAA*****A***A********AAAAA**AAAAA**,x.............x....x...........x.....x...x..........x.....x.....,148.0,Hard,True,180
puzzle_967_lr,8,A*A*A*A***AA**AAAAAA****AAA*A****AAA***A**A*A*AAA***AAA***A*A*AA,......x....x....x...........x....x.............x.....x....x.....,148.0,Hard,True,lr
puzzle_968_lr,8,AAAA*****AAA***AA*AA**A**A*A*A*A*AA*A**A*A*A*A*A**A*A*AAAA*A*A**,x..........x..........x..x..........x..........x..x..........x..,151.0,Hard,True,lr
puzzle_969_180,8,***AA*****AA***A*A*A**A*AAAAAA*A*A******A*AA*A*A*AAA**AAAAA**AAA,....x.....x...........x....x.....x...........x.........xx.......,154.0,Hard,True,180
puzzle_970_180,8,*AAAA*A*AA****AAAAAA*AA*AAAA****AAAA****A**A******AAAA**A*A****A,....x....x............x...x.....x..........x.........x.........x,154.0,Hard,True,180
puzzle_971_180,8,*A*AAA*AA*AAAAA**AAAAA*A**A*AA*A*A**A*AA*A*****AA*****A**A***A*A,...x..........x...x.........x....x.............xx............x..,154.0,Hard,True,180
puzzle_972_lr,8,*******A*AAAAAAA****AAA***AA*AAAAA**A***AAAA***AA*******AAAAAAA*,.......x..x.........x.........x..x.........x....x............x..,155.0,Hard,True,lr
puzzle_973_lr,8,**AA**AAA*A*A*A*A***AAA*****AAAA*AAA***AA*A*A*A*A**A*AA*A*A*A*A*,...x....x............x.........x.x..........x.........x...x.....,155.0,Hard,True,lr
puzzle_974_180,8,A*********A*A*AAAA*AAA*AAAA*AA**AA**A****A***A****A*A*AAAAAAAAA*,x..............x.....x....x.........x....x............x....x....,156.0,Hard,True,180
puzzle_975_180,8,*******AAA****A***A*A**A*A**AA**AA**AA*A*AA*A*AAA*AAAA***AAAAAAA,.......xx.........x.........x....x............x....x.........x..,156.0,Hard,True,180
puzzle_976_180,8,A***A**AAA*****AA********A*AA*A*A*A**A*AAAAAAAA**AAAAA***AA*AAA*,....x..........xx.............x...x..........x.....x.....x......,156.0,Hard,True,180
puzzle_977_lr,8,AAAA****AA*A*A**AAA*A***AA*A*A**A*AA**A****A*AAA***A*AAA**AA**AA,..x.....x...........x....x............x....x.........x.........x,157.0,Hard,True,lr
puzzle_978_180,8,**A****AA**A*******A*AA******AA*A**AAAAAA**A*AAAAAAA*AA**AAAA*AA,..x.....x..........x..........x.....x..........x.....x...x......,160.0,Hard,True,180
puzzle_979_lr,8,A**A*AA*AAA*A****A**AA*A****AAAA****AAAAA*A*A*A**A*A*A*AA***AAA*,...x.....x.............x....x.........x...x..........x..x.......,160.0,Hard,True,lr
puzzle_980_180,8,*A**A**AA*A**A**AAAAA*A*AAAA****AAAA****A*A*****AA*AA*A**AA*AA*A,.......x.....x...x.........x....x.........x...........x.....x...,161.0,Hard,True,180
puzzle_981_180,8,AAAAA*AA*AA**AAAA*****AA*A****A*A*AAAA*A**AAAAA****AA**A**A*****,x............x.........x.x.........x..........x.....x.....x.....,161.0,Hard,True,180
puzzle_982_180,8,A*A*AAAA*A*A*AAA**A***AA*AA*****AAAAA**A**AAA*AA***A*A*A****A*A*,.....x...x............x...x.....x..........x...........x....x...,165.0,Hard,True,180
puzzle_983_180,8,AA*AAAA*A*AAAAA****AAA****AA*AA*A**A**AAAA***AAAA*****A*A****A**,....x.....x..........x.....x...........x.x............x.x.......,166.0,Hard,True,180
puzzle_984_180,8,***AAA**AA******AA**A**A*****AAA***AAAAA*AA*AA**AAAAAA**AA***AAA,...x.....x..........x..........x.....x....x.....x.............x.,167.0,Hard,True,180
puzzle_985_180,8,A*AAAAAA*A*AA****AAA*A*AAAAAA**A*AA******A*A***AAAA**A*A******A*,.....x.....x.....x..........x.....x............xx.............x.,167.0,Hard,True,180
puzzle_986_180,8,AA*AAA*AA*A*A******A*A****A*AA**AA**A*AAAA*A*AAAAAA*A*A**A***A**,....x...x............x....x............x...x..........x..x......,170.0,Hard,True,180
puzzle_987_180,8,*AAAAAAA*A*AAAA*A****A**AA**A***AAA*AA**AA*AAAA*A****A*A*******A,..x...........x.x...........x....x.........x.........x.........x,172.0,Hard,True,180
puzzle_988_180,8,*AAAA*AAA*AA*AAA***AA*AAA*****A*A*AAAAA***A**AAA***A**A***A****A,.x............x.....x...x.........x..........x.....x...........x,187.0,Hard,True,180
puzzle_989_180,8,*****A**AA**A**AA*****AAA******A*AAAAAA***AAAAA**AA*AA**AA*AAAAA,.....x...x.............xx..........x..........x...x.........x...,189.0,Hard,True,180
puzzle_990_lr,8,*AAA***A*AA*A**AAA**AA***A*A*A*A**A*A*AA*AAA***A*AA*A**A**A*A*AA,..x.........x...x............x.........x...x.....x............x.,190.0,Hard,True,lr
puzzle_991_180,8,AA**A****A*A****A*A*A***A*AA*AAA***A**A*AAA*A*A*AAAA*A*AAAA*AA**,.x.........x....x.........x...........x.....x..........x.....x..,198.0,Hard,True,180
puzzle_992_lr,8,AA**AA***AA*A**AAAAA****AAAA****AA**AA**A**A*AA*A***AAA****A*AAA,.....x....x.....x..........x.....x............x.....x..........x,198.0,Hard,True,lr
puzzle_993_lr,8,******A**AAAAA*AAAAAAAA***A*A***AA*A*AAA*******AA*****A*AAAAAA*A,......x..x..........x.....x..........x.........xx..........x....,199.0,Hard,True,lr
puzzle_994_180,8,*AAA*AA*A***A**AA**A****AAAA****AAAA****AAAA*AA**AA*AAA*A**A***A,......x.....x...x..........x.....x...........x....x............x,201.0,Hard,True,180
puzzle_995_lr,8,AAA*A***AAAA*****AA*A**A**AA**AAA*A*A*A*A**A*AA*****AAAA****AAAA,x..........x.....x............x...x..........x.........x....x...,207.0,Hard,True,lr
puzzle_996_lr,8,*A*AAA**AAAAA*****AAA******AAA*AAAA***A*AA***AAA*****AAAA*A***AA,...x....x.........x.........x.........x..x...........x.........x,208.0,Hard,True,lr
puzzle_997_lr,8,AAAAA****AAA**A**AAA***A*AAAAAAAA*******A***AAA*A***AA*A*****AAA,..x...........x..x.........x....x...........x..........x.....x..,217.0,Hard,True,lr
puzzle_998_lr,8,***A****AAAA*AAAA**A***A*A*A**A*A*A*AA*A*AA*AAA*****A***AAA*AAAA,...x....x..............x.x...........x....x.........x.........x.,228.0,Hard,True,lr
puzzle_999_180,8,AAA******AA**A*****AAAA*A*A*A***AAA*A*A*A****AAAAA*AA**AAAAAA***,x.........x...........x.....x....x...........x.........x...x....,238.0,Hard,True,180
puzzle_1000_180,8,*AAAAAAAA*AAAAA****A*AAAA*A**A*A*A*AA*A****A*AAAA*****A********A,.x.........x.........x....x.........x.........x.x..............x,282.0,Hard,True,180
puzzle_1001_90,8,AAAA*A**A*A*A*A**A***A**A*A*AAA**AAA*A*A**A***A**A*A*A*A**A*AAAA,x...........x....x...........x....x...........x....x...........x,526.0,Grandmaster,True,rot90
puzzle_1002_90,8,*AAAA*AA*A***A**A*A*A*A**A*A*AA**AA*A*A**A*A*A*A**A***A*AA*AAAA*,...x.........x..x.............x..x.............x..x.........x...,621.0,Grandmaster,True,rot90
puzzle_1003_180,8,**AA**A*AAAA*AA***AA*A**A***A*A*A*A*AAA*AA*A**AAA**A****A*AA**AA,......x...x..........x..x...........x....x.........x...........x,2272.0,Grandmaster,True,180
puzzle_1004_180,8,*AAAAAA*A*A*AA**AA*A*A*AAAA*AAA*A***A****A*A*A**AA**A*A*A******A,...x.........x.........x..x.........x....x............x.x.......,2462.0,Grandmaster,True,180
puzzle_1005_lr,8,AA**AA**A***AAA*AA*A*A***AA*A**AAA*A*A******AAAA*A*A*A*A**A*A*AA,.x..........x...x.........x..........x.........x...x..........x.,3044.0,Grandmaster,True,lr
puzzle_1006_lr,8,A***AAA**A*A*A*A****AAAA****AAAA**AA**AA*AAA***A**A*A*AAAAAA****,.....x...x..........x.........x....x...........x..x.....x.......,3151.0,Grandmaster,True,lr
