name,N,board_1,solution,score,tier,is_solved
puzzle_1,9,A****A*A**A*A*A****A***AAA*AA*AA******A***AAAA***A**A**AA**AA*A****A**AAA*A*A**A*,.....x.x..x.x..........x.x..x.x...........x.xx...x......x...x......x...xx.x......,30,Beginner,True
puzzle_2,9,A**A*AA*A*AAA****A****AAAA***A*****AA*A**AA****A*AAAA*A***A*AA**AAAAAAAA*A**A*AAA,...x.x....x......x....x.x....x.....xx.....x....x.x....x......x....x.x....x.....x.,30,Beginner,True
puzzle_3,9,AA*AA****A****A*A*AA*A**A**A*AAAA*A*AAAAA**AA***A**A*AA**AA*A***AA*A*AA*AA**A**AA,.x.x..........x.x..x.x..........x.x.x.x............x.xx...x......x...x......x...x,30,Beginner,True
puzzle_4,9,AA*AA****A****A*A*AA*A**A**A*AAAA*A*AAAAA**AA***A**A*AA**AA*A***AA*A*AA*AA*AA**AA,.x.x..........x.x..x.x..........x.x.x.x............x.xx...x......x...x......x...x,30,Beginner,True
puzzle_5,9,A**AAAA**A*A**AAA******AAA**AAA*****AA***A**A*A*AA******A*A*A*AAAAAA***AA****A*A*,....x.x..x.x...........x.x..x.x..........x..x.x.x...........x.x..x.x....x......x.,31,Beginner,True
puzzle_6,9,*A**AAAAA*AA**AA*A*AA*AA***AA***A*A***A**A*AAA*****AA*A**AAA*AA*A*AA**AA*AAA**A*A,.x..x..........x.x..x.x....x......x...x..x...x......x....x.x....x......x...x..x..,31,Beginner,True
puzzle_7,9,*A*****A**A*AAAA**A*A**A**A*AA*A***AAA*A**AA***AAA***A*AA***A*A*AAA*A*A*A****A*A*,.x.....x....x.x...x.......x..x.x....x.....x....x.x..........x.x.x.x..........x.x.,31,Beginner,True
puzzle_8,9,**AA*AAA*AAAA*A*A******A*A**A*A****AA*A***A*AA*AA****AA***A*AA*AAA*AA**A**AAA****,.....x.x..x.x..........x.x..x.x...........x.xx.x..........x.x..x.......x..x.x....,31,Beginner,True
puzzle_9,9,A**A**A*A*****AAA*A*AAA**A*A****A*AA*A*A*A***AA***AAAAAA**AA**AA***AAAAAA*AAA****,x..x..........x.x.x.x...........x.x..x.x...........x.x.x..x..........x.x..x.x....,31,Beginner,True
puzzle_10,9,A*A**AAA*AA**AA*A*A**AAA**A*A******AAA*A**A***A*A***AA***AA*AA*A*AA**AA*A*AAA**A*,..x..x...x......x....x.x....x......x...x..x...x......x....x.x..x.x..........x..x.,31,Beginner,True
puzzle_11,9,*AAA**A*AAA***AA*AAAAAA****AA******A**A*A*AA*AAAA*AA**A**A*AAAA*A*A*****AAAA*A*A*,.x.x...........x.x..x.x....x.......x....x.x..x.x...........x.x..x.x..........x.x.,31,Beginner,True
puzzle_12,9,A*AA*AAA*AA*A*AAAAA**AA*A*AAAAA**A*A****A*A**A*AA***A***AAA**AAA*A*A***A**A**A*AA,...x.x....x......x...x..x...x......x....x.x..x.x..........x..x.x.x...........x.x.,31,Beginner,True
puzzle_13,9,AAA*A**AAAAAA*AA*A**A*****AA***A*A*AA***AA**AAA*A*A*A**A*A***A*A**A*AA*AAA**A*AA*,..x.x....x.....x....x.....x....x.x..x.......x...x.x....x.....x....x.x....x.....x.,31,Beginner,True
puzzle_14,9,*AAAAAA**A*A*********AAA*AA*AAA*AA***AA***A*AAAAAA*******AAA*A*A*A****A**A**A**A*,....x.x..x.x...........x..x.x.x...........x.x.x.x..........x.x.x.x..........x..x.,32,Beginner,True
puzzle_15,9,AAAAA**AA****AA*A*A*A**A*A**AA*AAA****A*A*A*AA***AAA***AAAAA*AAAAAAAA****A*AA**A*,x..x..........x.x.x.x..........x.x....x.....x....x.x...x......x...x.x....x.....x.,32,Beginner,True
puzzle_16,9,AAAA*AAAA****A***A**A*A*A**AA**AA*****AAA***AA*A**AAAA*AAA*A*AA*AA**A*A**AAA***AA,.x....x......x...x..x...x..x...x......x.....xx....x......x...x..x...x......x...x.,32,Beginner,True
puzzle_17,9,AAAA*AAAA****A***A**A*A*A**AA**AA*****AAAA**AA*A**AAAA*AAA*A*AA*AA**A*A**AAA***AA,.x....x......x...x..x...x..x...x......x.....xx....x......x...x..x...x......x...x.,32,Beginner,True
puzzle_18,9,A**A*A**AA**A**AAAA*A*AAAAAA***A*A*A*AAAA****A**AAAAA*A*A**A***A*A**AAAAAA**AAA*A,...x.x...x......x...x.x..........x.x.x.x..........x.x.x.x............x.x.x..x....,32,Beginner,True
puzzle_19,9,****AAAA*A*AA***AA*****AAA**AAAAAA*A*A***AAAAAAA*AA**AA*A**AA**A*AA*A**AAA***AA**,....x..x.x.x...........x.x..x.x...........x.x..x.x....x.....x.....x....x.x...x...,32,Beginner,True
puzzle_20,9,*A*AA*A*A***AAA*A**A*****AA***A*A***A*****AA**AAAA****A****AA*A**A*A***AA*****A**,.x......x...x.x....x.....x....x.x...x......x...x.x..........x.x..x.x....x.....x..,32,Beginner,True
puzzle_21,9,**AAA****A*A*A**AA*A*A*AA*A*A*A**AA**A*A*AAAAA*****AAA*AAA**A**AAAAAA*AA*A****AA*,..x.x....x......x....x.x....x.....x....x.x...x.......x..x...x......x...x.x....x..,32,Beginner,True
puzzle_22,9,****AA**AAAA*********AAAAAA*A*A***A***AA*AAAA*A*AA**********AAA**A*A**A*A*A***A*A,....x...xx.x...........x.x..x.x..........x.x..x.x...........x.x..x.x....x.....x..,33,Beginner,True
puzzle_23,9,*A*AA**A*AAAAAA****AAAAA*AAA***AAA*A**A*A*A*A*AA*AAA**A*A**A*A*****AA*A*AAAAA**AA,.x.....x....x.x....x......x....x.x....x.....x....x.x..x.x...........x.x.x..x.....,33,Beginner,True
puzzle_24,9,*A**AAAAAA*A*A***AA****AAA**AAA**AA******A*A**AAA**A**A**A**A*AA***AA*****A****AA,....x.x..x.x...........x.x..x.x..........x.x..x.x...........x.xx...x......x.....x,33,Beginner,True
puzzle_25,9,*A**A*A*AAA**A****A*AA**AA**A**A***AAAA***A******AA*AA*AAA*A*A****A*A*A**A*A****A,......x.xx...x......x...x......x...xx.x...........x.x..x.x..........x.x..x.x.....,33,Beginner,True
puzzle_26,9,*A**AAAAAA*AA*******AA*AAAA*A*AAA*AA******AAA*A*A*AA****AA*A**AA*A**AAA*AAA*AAA*A,....x..x.x.x...........x.x..x.x...........x.x.x.x..........x..xx.x..........x.x..,33,Beginner,True
puzzle_27,9,****AAA**A**AA*AAA*AA*A***AA*A**AA*AA*AA**A*AA****A*A**A*A******A*A*AAAA*AAA*AA**,....x.x..x.......x..x.x..........x.xx.x...........x.x..x.x..........x.x..x.x.....,33,Beginner,True
puzzle_28,9,*AA*AA***A*****AA**AAA**AAAA***A*AAA*AAA****AAA*A*A**A*AA**A*A**AAAAA**AAA**A**AA,..x.x....x.....x....x.....x....x.x...x......x...x.x....x.....x....x.x...x......x.,33,Beginner,True
puzzle_29,9,A*AA*A***AA****A*AA***A*A**A*A*****A***AA**A*A*A*AA****A*A*A*AA*A*A***A*A*****AAA,...x.x....x......x....x.x..x.x..........x..x.x.x...........x.x..x.x...........x.x,33,Beginner,True
puzzle_30,9,*A**A****A**AAAA*A**AAA**AAA****AAA**AAA*A*AAA**A***AA**AA*AA***A*A**A*A***A*AA**,.x..x..........x.x..x.x....x......x...x..x...x......x....x.x....x......x...x..x..,34,Beginner,True
puzzle_31,9,**AA*AA**A***A***A**A*A**A*AA****AA****A*A*A**A*AA**A**AAA*AA***AA*AA*AAA***A*A**,..x...x..x.......x..x.x....x......x....x.x....x.....x....x.x....x......x....x.x..,34,Beginner,True
puzzle_32,9,A**A*AAA**AAA*A*A*AA***A*A**A*AAAAA***A***AAAA*A*A***A**A*****A****AAA**A*AA*A*AA,.....x.x..x.x..........x.x..x.x...........x.xx...x......x.....x....x.x..x.x......,34,Beginner,True
puzzle_33,9,*A**AA*A*AAA*****A*A**AA*AA*A*A*A**AAA*AAA**AAA*A*A****AA**AA*AAAA****AA**A*A*A**,....x..x.x.x...........x.x..x.x..........x..x.x.x...........x.xx.x..........x.x..,34,Beginner,True
puzzle_34,9,*A**A*AA*A*A****A****AAAAA*AAAAAAA***AA***A*A*AAA*AA*****AAA*AAA*A*******AAAAAA**,....x..x.x.x...........x.x..x.x...........x.x.x.x..........x..xx.x..........x.x..,34,Beginner,True
puzzle_35,9,*A*A***A*A**A*AA**AA*A*A*A*A**A*AA**A**AA**AA**AA**A**AAA*A****AAAA**A*AA***A**AA,.x.....x....x.x....x.....x....x.x...x.......x..x...x..x...x......x...x......x...x,34,Beginner,True
puzzle_36,9,****A*A**A*A********A**A*A**AAA******A***A*AAAA*AAA*******A*A*A*AA*A*A**A*AA**AA*,....x.x..x.x...........x.x..x.x..........x..x.x.x...........x.x..x.x....x......x.,34,Beginner,True
puzzle_37,9,*A*A*AA**AA****AA***AA*AAA*AAAAA**A***A*AA**A**A**AA*A*AAA****A*A*A**A*A*A**A*A**,...x.x...x......x...x..x...x......x...x.x..........x.x.x.x...........x.x.x..x....,34,Beginner,True
puzzle_38,9,AA****AA***AAAA***A***AAA*AAAAA*A***AA*A*A**A*AAA*A*****AAAAAA*AAA*********AAAA**,x......x...x.x..........x.x.x.x..........x..x.x.x..........x.x.x.x..........x.x..,34,Beginner,True
puzzle_39,9,*AAA*A****A*A*AAA**A*A***AA*AA*AA*A*AAA***A**A***A*A*AA*****A****AAA****AA*A*AA*A,.x.x..........x.x..x.x..........x.x.x.x..........x...xx.....x....x.x..........x.x,35,Beginner,True
puzzle_40,9,AA*A*AA*A**AAA****A*****A**A***A*A*AAAA***A***AA*AA*A**A*A***AA*A*A*AAA**AAA*A**A,......x.x..x.x....x.....x......x...xx.x...........x.x..x.x..........x.x..x.x.....,35,Beginner,True
puzzle_41,9,*A*A*A***A***A**A***A*A*A***AA*AAAAAAAA**A****A*AA*A*A*A*A**AAA**AAAA****AA*AA*A*,...x.x...x......x...x.x..........x.xx.x..........x.x...x......x...x.x....x.....x.,35,Beginner,True
puzzle_42,9,AA***AAA***A*A****AA**A*AAA*A*A*******AA*AAA**A*AA**A*A**A*AAA*AAAA*A*AA**A*AA**A,x.....x....x.x..........x.x.x.x..........x.x..x.x..........x.x.x.x..........x...x,35,Beginner,True
puzzle_43,9,**A**A*A**A*A*AA**A****A*A**A*AA*A*****A**A*AAAA*A******A*AAA*A*AA***A**A***AA*A*,.....x.x..x.x..........x.x..x.x...........x.xx.x..........x...x..x...x..x...x....,35,Beginner,True
puzzle_44,9,AAA*A**A***A***A*A*A*A*A***A**A**A*A**A*A**AAA*AA***AA*A*A*AAAAA***AAAA**AA**A***,.x..x..........x.x.x.x...........x.x..x.x....x......x....x.x...x......x...x..x...,35,Beginner,True
puzzle_45,9,*AAA**A*AAA*A**********A*A**A*AA*******A*AAA*AAAA********AA*A*AAAA***A***AA*A****,......x.x.x.x..........x.x..x.x..........x.x.x.x..........x...xx.....x....x.x....,35,Beginner,True
puzzle_46,9,*AAA*A*AAAA*A**AA**A***AAA**A*A*A**A*A****A*AA*A********A*AAA*A**A*A***AA*A*AAA**,.....x.x..x.x..........x.x..x.x...........x.xx.x..........x.x....x.....xx...x....,35,Beginner,True
puzzle_47,9,A**A*AAAA*AAA*A*A*AA***A*A**A*AAAAA***A*A*AAAA*A*A***A**A****AA****AAA**A*AA*AAAA,.....x.x..x.x..........x.x..x.x...........x.xx...x......x.....x....x.x..x.x......,36,Beginner,True
puzzle_48,9,***A*A*A**A**AA**A**A*A*A**AAAAA*AA****A**AAAA*A*AA*A*AAA**A*A****AAAA***A*AA*AA*,...x.x....x......x....x.x..x.x............x.x..x.x....x......x....x.x....x.....x.,36,Beginner,True
puzzle_49,9,**AA**AAAA*A*A****A*AA*A**AA*AAA*********AAAA*A*A**A*****A*AAA*AA*A*A**AA*AA*A*A*,..x...x..x...x......x.....xx...x..........x.x.x.x..........x.x..x.x..........x.x.,36,Beginner,True
puzzle_50,9,*A*A*******AAAA*AAAAA****A*A***AA*AA*A*A*AA**AA**AAA*AA*AAA*A*****A*AA*A*AAAAA***,.x.x..........x.x.x.x...........x.x..x.x...........x.xx...x..........x.x..x.x....,36,Beginner,True
puzzle_51,9,*****A*A*AA*AAAA***A****AAAAA*AA**AA**AA*A*A*A*AAA**AA**A*AAA*AA*AA*A******AAAAA*,.....x.x..x.x...........x.x.x.x..........x.x.x.x..........x...xx.x..........x.x..,36,Beginner,True
puzzle_52,9,AAAA*AA*A**AAA****A*****A**A***A*A*AAAA*A*A***AAAAA*A**A*A***AA*A*A*AAA*AAAA*A**A,......x.x..x.x....x.....x......x...xx.x...........x.x..x.x..........x.x..x.x.....,36,Beginner,True
puzzle_53,9,*AA*A*AAAA*A***A*****A*A*A*A*A**A**AAA**A*A**AA***AA*AAAAA*A*A**AAAA***A***A**AA*,....x..x.x.x...........x.x.x.x..........x.x...x......x...x.x....x......x...x..x..,36,Beginner,True
puzzle_54,9,*AA*A**A*A*A**A*A*A*AA***A**A***A**A*A*A*A**A*A**A*A*AA***A**AAA*A*AAAA**AA*AA**A,..x....x.x....x......x...x..x...x......x....x.x....x......x...xx.....x....x.x....,36,Beginner,True
puzzle_55,9,A**AAAA**A*A**AAA******AAA**AAA*****AA***A**A*A*AA*A****A*A*A*AAAAAA***AA****A*A*,....x.x..x.x...........x.x..x.x..........x..x.x.x...........x.x..x.x....x......x.,37,Beginner,True
puzzle_56,9,AA**A**AAA**AAAAA**A*A**AA*A**A*A*AAA****AAA*AAA*A**AAAAA**AAA**AA*****A***AA*AA*,.x......x...x.x....x.....x....x.x...x......x...x.x....x.....x....x.....x....x.x..,37,Beginner,True
puzzle_57,9,****A*A**A*A*****A*A*AA*AA*AAA***A*A***A*AA*A*A*AA****A****AAA**A*A*A*A**AA**A**A,....x.x..x.x..........x..x.x.x............x.x.x.x..........x.x..x.x..........x..x,37,Beginner,True
puzzle_58,9,AA******A*A*AAA***AA**A**AA**AAAA***A*A**A*A*A*A*A***A**AAA*A*A**AAA*AA*A*AAA*A*A,.x......x...x.x....x.....x....x.x...x......x...x.x..........x.x..x.x....x.....x..,37,Beginner,True
puzzle_59,9,**A*AA**A**A**AAA*A***A**AAAA****A*A*A*A**A**AA**AA*A*AAAA********AAA*A**A*A**AAA,....x...x..x...x..x...x..........x.x.x.x..........x.x.x.x...........x.x..x.x.....,37,Beginner,True
puzzle_60,9,*A*AAAA**A***AAAA*AA*A**AAA**A***AAAA***A**A***AA*AA**AA**AA**AA*A***A*AA**A*A*AA,.x.x..........x.x..x.x...........x.xx...x......x...x......x...xx.x...........x.x.,37,Beginner,True
puzzle_61,9,*A*A******A***A*AA*A*AAA**AAA***A*A*A*A***A****A*A*AA***A*A***AA**AA*A**AA***A*AA,.x.x..........x.x..x.x..........x.x.x.x..........x.x....x.....x....x.x..x.......x,37,Beginner,True
puzzle_62,9,AA***A*AAA**AAAA****A*A**AA**A*A*AA*A*A***A**AA***A*A**A*AAA**A*A***A*AA*A*A****A,x.......x....x.x....x.....x....x.x..x.x...........x.x..x.x..........x.x..x.x.....,37,Beginner,True
puzzle_63,9,AAA*A**AA****A*AAAA*A*A*A**AA****A*AA**AA******A*AA*AAAAA*****A**A*AA*AA*A*A*AAA*,.x..x..........x.x..x.x..........x.xx..x..........x.x.x.x...........x.x..x.x.....,37,Beginner,True
puzzle_64,9,**AAAA*AA*AAA**A*A*AAA*****A****AAA*A**A***AA**A*AA*A*A*A*A*AA*A*A*AAAAA*A*A****A,..x.x..........x.x.x.x..........x.x.x..x..........x.x.x.x..........x.x...x......x,38,Beginner,True
puzzle_65,9,*A*A******AAAA*AAA**AAA****A***A*AA*AA**A***AA*A***AAAAA**AAAA**A*A*AAA***AA*A*A*,.x.x...........x.x..x.x....x.....x......x...xx.x...........x.x..x.x..........x.x.,38,Beginner,True
puzzle_66,9,***A*A***A*****AA***A*AA**AAA****A*AA*A****A*A**A*A*AAAAAAA*****A**AAA*A*A**A*A**,...x.x...x......x...x.x..........x.xx.x...........x.x..x.x...........x.x.x..x....,38,Beginner,True
puzzle_67,9,*****A*A*AA*AAAA***A****AAAAA*AA**AA**AA*AAA*A*AAA**AA**A*AAA*AA*AA*A******AAAAA*,.....x.x..x.x...........x.x.x.x..........x.x.x.x..........x...xx.x..........x.x..,38,Beginner,True
puzzle_68,9,A*A**AA*A**A*A**A*******AAA*A*AA******AA*AAAA*A*A**AAA***AAAAAAAAA******A***AA**A,x.....x....x.x..........x.x.x.x..........x.x..x.x..........x.x.x.x..........x...x,38,Beginner,True
puzzle_69,9,******AAA*AAA*AAAA**A**AAA*AAA**AA**AA*AA*A*AAAA*A*A*A*AAA*AA**AAAAA**A***A*A***A,......x.x.x.x..........x.x.x.x..........x.x...x......x...x.x...x......x...x.x....,38,Beginner,True
puzzle_70,9,A***A*AA**AA*AA*AA*AAAAAA*A*AAAA**A*A**A*A*A*AA****AA***A*A**A*AAA*A***A**AAAAA*A,....x.x...x......x...x.x....x.....x....x.x...x......x...x.x....x.......x..x...x..,38,Beginner,True
puzzle_71,9,**A***A*AA***AA**A*AAA***AA****A*A*A*AAAA***A**AA*A**A*AA***AAA**AAAA*A*AA*AAA*AA,..x...x..x...x......x.....x....x.x...x......x...x.x....x.....x....x.x...x......x.,38,Beginner,True
puzzle_72,9,**A****A*AAA*AAA***AAA***A**A**AA***AA*A*A**A*A*A*AA****A*A*AAAA*A*AA*A*****A*AA*,..x....x.x....x......x...x..x...x......x....x.x....x......x...xx.x..........x.x..,39,Beginner,True
puzzle_73,9,AAA***A*A*A*A*AA*A****AA*A**AAA***AA**A**AAA*A*A****A*****AAA**AAAA****A***AAA*AA,......x.x.x.x..........x.x..x.x..........x.x.x.x..........x.x..x.x..........x...x,39,Beginner,True
puzzle_74,9,AA*AAA***A**A*AAAA**AAA*****A***AA*A*AAA**AA*AAA**AAA**A*AA****A*AA*A*A*AAA***AAA,x...x..........x.x..x.x..........x.x.x.x..........x.x..x.x..........x.x.x.x......,39,Beginner,True
puzzle_75,9,**A*A****A*****A*A*AA*AA*A*A*A***AAAA*AA*A*******AA*A**AAA****A*A*A*A*A*AA*A**AA*,..x.x..........x.x.x..x..........x.xx.x...........x.x..x.x..........x.x.x..x.....,39,Beginner,True
puzzle_76,9,**A**A*A*AA*A*AA**A****A*A**A*AA*A***A*A**A*AAAA*A******A*AAA*AAAA***A**A***AA*A*,.....x.x..x.x..........x.x..x.x...........x.xx.x..........x...x..x...x..x...x....,39,Beginner,True
puzzle_77,9,AA*AAA*A*AAAAAA***AA**AA*AAA*A**AAA*****A**A*AAA*A*AAAA*AAA*A*AAA*A**A*A***A*AAAA,.....x.x..x.x..........x..xx.x..........x..x.x.x..........x.x...x......x...x..x..,39,Beginner,True
puzzle_78,9,*A**AAAA**A*A*A*A*AAA*AA*AAAAAAAA**A******AAAAAA*AA*A*A**AAAA**AAA***A*****AAA*A*,.....x.x..x.x..........x..x.x.x...........x.xx.x..........x.x..x.x..........x..x.,39,Beginner,True
puzzle_79,9,****AAA**A**AA*AAA*AA*A***AA*AA*AAAAA*AA*AA*AA*AA*A*A**A*A*AA***A*A*AAAA*AAA*AA**,....x.x..x.......x..x.x..........x.xx.x...........x.x..x.x..........x.x..x.x.....,39,Beginner,True
puzzle_80,9,AAA***AAA*A*A*AA*A****AA*A**AAA***AA**A**AAA*A*A****A*****AAA**AAAA****A***AAA*AA,......x.x.x.x..........x.x..x.x..........x.x.x.x..........x.x..x.x..........x...x,40,Beginner,True
puzzle_81,9,***AAA*AAAAAA****A****AAA**A*A****A***A**AAA**AAA**AAA****AA*A**A*A*AA*AAAA***AAA,....x...xx.x..........x.x..x.x...........x.x..x.x..........x.x..x.x...........x.x,40,Beginner,True
puzzle_82,9,**A*A*****AAAA*AAAA*A******A*A*AAA*A*AA*A***A***A*AAA**AAA**AAA***A*AA**A**A**AAA,..x.x..........x.xx.x..........x.x...x......x...x.x....x.....x....x.x...x......x.,40,Beginner,True
puzzle_83,9,**A*A***A***A**AAA*A*A*A*AA**A***AAAA***A*A*AA*AAA**AAAAAAAAAAA*A*A*A*A**A*A*AA*A,..x.x..........x.x.x.x...........x.xx...x......x....x.x....x......x...x..x...x...,40,Beginner,True
puzzle_84,9,AA***AAAA***A*A*A**A*A****AA**A*AAAAA****A*AAAAA*AA**A*AA**AA*A*AAAA****A*A***A**,.x.....x....x.x....x......x...x.x...x......x...x.x..........x.x..x.x....x.....x..,40,Beginner,True
puzzle_85,9,AAAA*AAA**A**A*A*A*AAA***AAA**AAAAAAA**A**AAA*AAA*A*AAAAA**A*AA*AAA*AAAA*AA****A*,x.x..........x.x....x.....x....x.x..x.......x...x.x....x.....x....x.x....x.....x.,40,Beginner,True
puzzle_86,9,*A***AAA*AA*A*AA*A*A**A*A*AAA*AA**A****A*AAA*A*A*AA****A**AAA****AAAAA*AA***A*A**,.....x.x..x.x...........x.x.x.x..........x.x.x.x..........x.x....x.....xx...x....,40,Beginner,True
puzzle_87,9,*A*A*A**AAAAA**A*******A*A**A*AA**AA**AA*AAAAAA**AAAA*AAA*A*AAAA**AA****AAAA***A*,.....x..x.x.x..........x.x..x.x...........x.xx...x......x...x..x...x......x....x.,40,Beginner,True
puzzle_88,9,AAAA***A*A*AA*A*AAA*A*A**A*AA**AA*AA*AAA*A******AA*AAA**AAA**A*A*AAAAA****A*AA**A,.x.x..........x.x.x.x...........x.x..x.x...........x.x..x.x....x.....x......x...x,40,Beginner,True
puzzle_89,9,**AA***A*AA*AA*****AA*A*A***AA*A**AA*AA**AA*****AAA**A*A***AAA***AA***A*A****A**A,..x....x.x...x......x...x......x...x.x....x.....x....x.x...x......x...x.x....x...,41,Beginner,True
puzzle_90,9,A***A*AAA*A*A***A**AAA*A*AAA*A*AA******AA**A*A*A**A**AA**AA*A**AA****A*AA*AA*A***,......x.x.x.x..........x.x.x.x..........x..x.x.x..........x.x...x......x...x.x...,41,Beginner,True
puzzle_91,9,***A**A**AA******AA***A*A****A*****AA***AA**A*AA*A**A*A**A*A**A**AA*A*A**A***AAA*,...x..x...x......x....x.x....x.....xx...x......x....x.x....x......x...x..x...x...,41,Beginner,True
puzzle_92,9,AA**A******A***A*A*A*AAA***A*****A*A**A*A*AA*AA***A*A****A*A***AA*****A**AAA*AA*A,.x..x..........x.x.x.x...........x.x..x.x....x......x....x.x...x......x...x..x...,41,Beginner,True
puzzle_93,9,****A*A**A*A***AAA*A***AA*A*A*A*A*A**A*A**AAA**A*AA***AAA***AA**AAAAA****A**A**A*,....x.x..x.x...........x..x.x.x...........x.x..x.x....x......x....x.x....x.....x.,41,Beginner,True
puzzle_94,9,***AAA*AAAAAA*A**A****AAA**A*AA***A**AA**AAA**AAA**AAA****AA*A**A*A*AAAAAAA***AAA,....x...xx.x..........x.x..x.x...........x.x..x.x..........x.x..x.x...........x.x,41,Beginner,True
puzzle_95,9,A****A*AA*A*A******A****AAA*AA*AA***A*A*A*A******A***AA*A*A**AAA****AAA*AA*A*A*A*,.....x.x..x.x...........x.x..x.x....x.....x......x...xx.x...........x.x..x.x.....,41,Beginner,True
puzzle_96,9,*AAA**AA***A***AAA*AA*A*AA*A*****AAA**AAAA*A*AA**A*AA****A*AA*A*A*A*A**A*A**A*A*A,.x.x...........x.x..x.x....x......x...x..x...x......x....x.x....x......x....x.x..,41,Beginner,True
puzzle_97,9,A***A*AAA*A*A***A**A*A*A*AAA*A*AA******AA**A*A*A**A**AA**AA*A**AA****A*AA*AA*A***,......x.x.x.x..........x.x.x.x..........x..x.x.x..........x.x...x......x...x.x...,42,Beginner,True
puzzle_98,9,*A**A**A****A*A*A**A*A**A*A**AA*A***AA**AA*A**AA*A*A*AA***A*A*A**A*AA*A*A**AA*A**,.x.....x....x.x....x......x...x.x...x......x...x.x..........x.x..x.x....x.....x..,42,Beginner,True
puzzle_99,9,A****A*A*AA*AA**A*A**AAA*A**A*A*A*AA**A***A*A*AA*A*A*AAA*AA*A**A*AAAA**AAA*A***AA,.....x.x..x.x..........x.x..x.x...........x.x..x.x....x.....x....x.x....x.......x,42,Beginner,True
puzzle_100,9,AA*AA******AA*AAAA*AAAAA****A**AA*A**AAAAA**AAAAA*A*AAAAAAA***AAA**AA*AAAAAAAAAAA,x...x..........x.x.x.x..........x.x..x.x..........x.x.x.x..........x...x..x...x..,42,Beginner,True
puzzle_101,9,AAAA***AA*AA**AAA*AAAA*A*AAA*A**AAAA**AAAA**AAA**AA***A*A*A*AA*****A***AAAAA*AAAA,...x...x..x...x......x...x.x....x.....x.....xx...x......x...x......x...x.x....x..,42,Beginner,True
puzzle_102,9,****A**A*A*A*********A*A*AAAAA*A**AA****A*A***A***AA*AA**A*AA***A****A*A***AAA*A*,....x..x.x.x...........x.x.x.x..........x.x...x......x...x..x...x......x...x.x...,42,Beginner,True
puzzle_103,9,***AAAAA*AAAA**AAA*A***A*A**AAAA*A****AAA*A*AAAA**A**A***AAAAAA*AA*AAA*A*A*A*A*A*,....x..x.x.x...........x.x..x.x...........x.xx.x..........x.x...x......x...x.x...,42,Beginner,True
puzzle_104,9,*A*A*A*A**AA*AAA*A***AAAAAAAAA**A**A**AAA*A*A*AAAA*A*A*A***A*A*AAAA*AAAA***AAAAA*,...x.x....x......x....x.x..x.x............x.x.x.x..........x.x.x.x..........x..x.,42,Beginner,True
puzzle_105,9,**A*A*A**A*****A*AAA*AA*****AAA*A*A*AAAAAA*******A*AAAA*A*A***A***A*A**AAA**A**AA,..x.x..........x.x.x.x..........x.x.x.x..........x.x..x.......x...x.x....x.....x.,43,Beginner,True
puzzle_106,9,**A*A*A*AA*****A*AAA*AA*****AAA*A*A*AAAAAA*******A*AAAA*A*A***A***A*A**AAA**A**AA,..x.x..........x.x.x.x..........x.x.x.x..........x.x..x.......x...x.x....x.....x.,43,Beginner,True
puzzle_107,9,A***AA**AAAA*********AAAAAA*A*A**AAA*AAA*AAAA*A*AA**********AAA**A*A**A*A*A**AA*A,....x...xx.x...........x.x..x.x..........x.x..x.x...........x.x..x.x....x.....x..,43,Beginner,True
puzzle_108,9,**AAA**AAA*A**A**A*****A*A*AA*A**A***A**AA*A*A*AAA**A**A**A*AA*AAAAA**AA***AA*A**,....x...xx.x...........x.x..x.x..........x.x.x.x..........x.x...x......x...x..x..,43,Beginner,True
puzzle_109,9,*A***AAA*****AA**AAAA*A*AAA*AAAA**AAAAAA*AA***A**AA*A**A*A*******A**AAAAA**A*A*A*,.x....x......x...x..x...x......x...xx.x...........x.x..x.x..........x.x.x..x.....,43,Beginner,True
puzzle_110,9,A****A*AA*A*A******AA*A*AAA*AA*AA***A*A*A*A******A***AA*A*A**AAA****AAA*AA*AAA*A*,.....x.x..x.x...........x.x..x.x....x.....x......x...xx.x...........x.x..x.x.....,43,Beginner,True
puzzle_111,9,****A**A*A*A*********AAA*AAAAA*A**AA****A*A***A***AA*AA**A*AA***A****A*A***AAA*A*,....x..x.x.x...........x.x.x.x..........x.x...x......x...x..x...x......x...x.x...,43,Beginner,True
puzzle_112,9,**AA*A*A*A*AA****A****AAAA***A**AA*AA*AAA***A**A***A*A*A*A********AAA*A**A*A**A**,.....x.x.x.x..........x.x....x.....xx...x..........x.x.x.x..........x.x..x.x.....,43,Beginner,True
puzzle_113,9,A*AAA****A*A*A*A****AA****A*AAA*AA*AA***A**AAA*AAAA***AA*AAAAA**AAA*A***A**A*AAA*,..x.x....x.....x.....x....x.x....x......x...xx.x...........x.x..x.x..........x.x.,43,Beginner,True
puzzle_114,9,AA**A**AA***A*A**AA*A*A***A****A*AAAAAAA*A****AAA*A*A*AA*AA****A*****A*A**A*A*A**,.x.....x....x.x...x.......x....x.x..x.x...........x.x..x.x...........x.x..x.x....,44,Beginner,True
puzzle_115,9,A*AA****AA***A**A*A**A*AA*A*A*A*A**A*****A*AA*AAA*A*AAA****A*AAA*A*A*A*A**A*AAA*A,..x.....xx...x..........x.x.x.x..........x.x..x.x..........x.x.x.x..........x.x..,44,Beginner,True
puzzle_116,9,A*AA****AA***A**A*A**A*AA*A*AAA*A**A*****A*AA*AAA*A*AAA****A*AAA*A*A*A*A**A*AAA*A,..x.....xx...x..........x.x.x.x..........x.x..x.x..........x.x.x.x..........x.x..,44,Beginner,True
puzzle_117,9,*AA*A*****A**A*A*AAAA*A*A****AA*A*A*A****A*AA***AA**A**A***AAA***AAA*AAA*A****A**,..x.x..........x.xx...x......x....x.x....x......x...x..x...x......x....x.x....x..,44,Beginner,True
puzzle_118,9,******A*AA*A*A****A**A*AAAA**AA*A**A*A*A*A*AA*AAAAAAA*A*A*****A*A***A*A*AA*AAA*A*,......x.x..x.x....x......x....x.x....x......x....x.x..x.x...........x.x..x.x.....,44,Beginner,True
puzzle_119,9,*A**A*A**A*A***AAA*A***AA*A*A*AAA*A**A*A*AAAA**A*AA***AAA**AAA**AAAAA****A**A**A*,....x.x..x.x...........x..x.x.x...........x.x..x.x....x......x....x.x....x.....x.,44,Beginner,True
puzzle_120,9,A**AA*A****AAAAA*A*A**AAA**A*A*AA******A*AAA*AA*AA**AA*A**A*A*AAA*A*AA*A*A***AAA*,x...x......x.....x....x.x..x.x...........x.x..x.x...........x.x.x.x..........x.x.,44,Beginner,True
puzzle_121,9,***AA*A**A*AAA*****A*A*A*A**A*A**A**A**A*A*A*AA*A****A*****AAAAAAA****A*AAA*AAA*A,....x.x..x.x...........x.x..x.x..........x.x..x.x...........x.xx.x..........x...x,44,Beginner,True
puzzle_122,9,AA**A**AA***A*A**AA*A*A***AA***A*AAAAAAAAA****AAA*A*A*AA*AA****A*****A*A**A*A*A*A,.x.....x....x.x...x.......x....x.x..x.x...........x.x..x.x...........x.x..x.x....,45,Beginner,True
puzzle_123,9,*A*A*A*A****AA*AA*AA***A*AAA**A*A*AAA***AAAAA*AA*A*******AA*A*AA*A*AAAA*AA*****A*,.x...x......x...x..x...x......x....xx.....x....x.x..........x.x..x.x....x......x.,45,Beginner,True
puzzle_124,9,*A*A*A*A****AA*AA*AA***AAAAA**A*A*AAA***AAAAA*AA*A*******AA*A*AA*A*AAAA*AA*****A*,.x...x......x...x..x...x......x....xx.....x....x.x..........x.x..x.x....x......x.,45,Beginner,True
puzzle_125,9,**AAAA*AAA*A**AA*AA****A**A*AAA*AAA*A****A*AA*A*A**********AA*AA*A**A**A*A*AAAAA*,....x..x.x.x...........x..x.x.x..........x.x..x.x...........x.xx.x..........x.x..,45,Beginner,True
puzzle_126,9,*AA*A*****A*AA*A*AAAA*A*A****AAAA*A*A**A*A*AA***AA**A**A***AAA***AAA*AAA*A****A**,..x.x..........x.xx...x......x....x.x....x......x...x..x...x......x....x.x....x..,45,Beginner,True
puzzle_127,9,*AAAAA**A*AA*AAA*A*A*A***A*A***AA*A**A*A*AAAA*AA**AAAAAAAAAA*A***A****A*A****A*A*,..x.x..........x.x.x.x..........x.x..x.x...........x.xx...x......x....x.x....x...,45,Beginner,True
puzzle_128,9,AAA***AAA*A*A*AAAA****AA*A**AAA**AAA*AA**AAA*AAAA***A*****AAA**AAAA*A**A***AAA*AA,......x.x.x.x..........x.x..x.x..........x.x.x.x..........x.x..x.x..........x...x,45,Beginner,True
puzzle_129,9,*A*A*A**AAAAA**A*******A*A**A*AA**A***A***AAAAA**A*AA*AAA*A*AAAA**AA*****AA****A*,.....x..x.x.x..........x.x..x.x...........x.xx...x......x...x..x...x......x....x.,45,Beginner,True
puzzle_130,9,*A*A*A*A**AA*AA****A*A***AAAA*A*A**AAAAAA***A****A*AA*A*A*AA****AAAA*A*A*A*****AA,...x...x..x...x......x...x.x....x.....x.....x....x.x..x.x..........x.x...x......x,46,Beginner,True
puzzle_131,9,*A*A*A*A**AA*AA****A*A***AAAA*A*A**AAAA*A***A****A*AA*A*A**A****AAAA*A*A*A*****AA,...x...x..x...x......x...x.x....x.....x.....x....x.x..x.x..........x.x...x......x,46,Beginner,True
puzzle_132,9,*AA*A*AAAA*A***A*****A*A*A*A*A**A**AAA**A*A**AA***AA*AAAAA*A*A**AAAA***A***A**AAA,....x..x.x.x...........x.x.x.x..........x.x...x......x...x.x....x......x...x..x..,46,Beginner,True
puzzle_133,9,A**AAAAA*A*AAA*AA**A***A*A**A*AA***AAAAA*A*A*AAAA**AA**A*AAAA*A*A****A***A*A****A,....x.x..x.x...........x.x..x.x..........x.x.x.x..........x...x.x....x.....x....x,46,Beginner,True
puzzle_134,9,*A*A**A**AAA**A*AAAAA**AAA**AA*A*A***AAA****A****A*A***AA****AAA****A**A*A*A*A*A*,.x.x..........x.x.x.x..........x.x...x......x....x.x....x.....xx....x......x...x.,46,Beginner,True
puzzle_135,9,A**A*A*AAA*A*A*A*AAA**AA**A**AA*AA**A***A**A***A***AAAAA*A**AAAA***AAAA**A*AAAA**,.....x.x.x.x..........x...x..x...x..x...x..........x.x.x.x..........x.x..x.x.....,46,Beginner,True
puzzle_136,9,**AA**AAAA*A*A****A*AA*A**AAAAAA*********AAAA*A*A**AA****A*AAA*AA*A*A**AA*AA*A*A*,..x...x..x...x......x.....xx...x..........x.x.x.x..........x.x..x.x..........x.x.,46,Beginner,True
puzzle_137,9,*A*A****A*A*AAA*AA*A*AAA**AAA*A*A*A*A*A***A**AAA*A*AA***AAAA*AAA**AAAAAAAA***A*AA,.x.x..........x.x..x.x..........x.x.x.x..........x.x....x.....x....x.x..x.......x,46,Beginner,True
puzzle_138,9,AA*AAAA**A*AA**A*AA**A****A*AAAAAAAAAA*A*A*AA*****A*A*A*AA*****A**A**A*A*AAAAA*A*,.x..x..........x.xx..x..........x.x..x.x..........x.x.x.x............x.x..x.x....,46,Beginner,True
puzzle_139,9,AAAA***A*A*AA*A*AAA*A*AA*A*AA**AA*AA*AAA*A******AA*AAA**AAA**A*A*AAAAA****A*AA**A,.x.x..........x.x.x.x...........x.x..x.x...........x.x..x.x....x.....x......x...x,47,Beginner,True
puzzle_140,9,A****A*AA**AAA**A*AAA**AA*AA*A**A****AAAAAA***AA**A*AAA**A*A*A**AAA*AAA****AAA**A,x......x...x.x..........x.xx.x..........x.x...x......x...x.x....x.....x....x.x...,47,Beginner,True
puzzle_141,9,**AAA***AAAAA*A*A**A*A*A*A*AA**AAAA****A*A*A*A***AAAAAA*AA**AAA**A*AAA*A*A*A**A**,..x.x....x......x....x.x....x.....x....x.x...x.......x..x...x......x...x.x....x..,47,Beginner,True
puzzle_142,9,*A*AAA***A*A****AAAAA*A*A***A****A*A*A**A***A**A*A*A*AA*A***AA**A*AAA*AA*A*A*****,...x.x...x......x...x.x..........x.x.x..x..........x.xx.x...........x.x..x.x.....,47,Beginner,True
puzzle_143,9,AA****AA****A*A**AA****AAA*A**A*AAA**AA*AA**A****A*A*AA*AA**AA*A**AAAAA*A*A*AAAAA,.x.....x....x.x...x......x....x.x....x......x....x.x..x.x..........x.x....x.....x,47,Beginner,True
puzzle_144,9,**AA*AAA*AA*AA****A*A**AAAA*AAA***A**A***A*AA*AAA*A**AA**A*A**AA*AA****A**A*AAA**,..x....x.x...x..........x.x.x.x..........x.x..x.x..........x..xx.x..........x.x..,47,Beginner,True
puzzle_145,9,A*A*AAA**A*AA****AA**A*A**A*AAA*A**A*A***A*AA*AAA***A*A*A**AAAAAA*AA******AA*AAA*,....x.x..x.x...........x..x.x.x..........x.x..x.x...........x.xx...x......x....x.,47,Beginner,True
puzzle_146,9,*AAAA*A******AA*A*AAA***********AAA**A*AA**A*AA*A**A*A*AAAAA**A**AA*AAAAA**AA*A**,.x.x..........x.x.x.x...........x.x..x.x...........x.x..x.x..........x.xx...x....,47,Beginner,True
puzzle_147,9,AA**A**AAA**A*A***A*A*A*A*AAAA*A***A***AAAAAA*A*A*AAA****AAA*AAA*A*****AA*A*A*A**,.x.....x....x.x...x.......x..x.x..........x.x.x.x..........x.x.x.x..........x.x..,48,Beginner,True
puzzle_148,9,*A*A**A**AAA**A*AAAAA**AAA**AA*A*A***AAA****A****A*A***AA****AAA*A*AA**A*A*A*A*A*,.x.x..........x.x.x.x..........x.x...x......x....x.x....x.....xx....x......x...x.,48,Beginner,True
puzzle_149,9,A*A*A*AAA*A****AAAAAAA*****A****A*AA*A*A*A**A**A**A*A**A*A*A*A*****AAA*A**A*AA***,x...x..........x.xx.x...........x.x..x.x..........x.x..x.x...........x.x..x.x....,48,Beginner,True
puzzle_150,9,AA****AA***AAA**********A*AA*AAA***AA***A**A**A*A*AA***AA**A*AAA**A*A***AA***A**A,x.....x....x.x..........x.x..x.x....x......x....x.x....x.....x....x.x....x......x,48,Beginner,True
puzzle_151,9,A**AA****AA***AA*A*A*AA*AAAAA***A*A**A*AAAA****A**A*A*AAA****A*****A*AA***A*A**AA,x...x..........x.x.x.x..........x.x..x.x..........x.x.x.x..........x.x....x.....x,48,Beginner,True
puzzle_152,9,*A*A*AAA***A*AA*AAAAA*****A**A*AA*AAA**AA*A**AA****A*AA*A*A*A******A*AAAAAA*A**AA,.x.x..........x.x.x.x...........x.x.x..x...........x.x..x.x..........x.x.x..x....,48,Beginner,True
puzzle_153,9,*A*AAAAA*AAAA**A*AAA*AA*AAAAAA**AAAAA**AA*AA*AAAAA*A*A*A*AAA*AA*AAA*A*AA*A***A***,....x..x.x.x..........x.x....x.....xx.....x.....x....x.x...x......x...x..x...x...,48,Beginner,True
puzzle_154,9,AA*A*A*A*AAA*AAA**A**AAAAAA*A*A**A****AAAAAA*A*A*****AA**AAAA*A*AAA*AAAAA**A*A*A*,x......x...x.x..........x.x.x.x..........x.x.x.x..........x.x...x......x...x.x...,48,Beginner,True
puzzle_155,9,****AA*A*AA*A*****A*****A*AAAA*A*******AA*A***AA*****A*A*A*A***A**A***A***A*A*AA*,.....x.x..x.x...........x.xx.x..........x.x...x......x...x.x...x......x...x.x....,49,Beginner,True
puzzle_156,9,AA*****A*A*A*AAAA****AA*AAA*AA*A****A***AAAAAA**A*A*AAAA***AAAA***AA*AA**A*A*A*A*,x......x...x.x..........x.x..x.x....x.....x.....x....x.x...x......x...x..x...x...,49,Beginner,True
puzzle_157,9,AA**AAA**A**A**A*A*A*A*******A**A*AA*AAAAA*A**A**AAA*A*AA*A*AA*AAA*AAAAA**A*AAA**,x...x..........x.x.x.x..........x.x..x.x...........x.x..x.x....x......x...x..x...,49,Beginner,True
puzzle_158,9,***A*A**AAAA*AA**AA**AA*A**A*A****AAAA****A*AAA*A*A**A****AAAAAA*AAA**A***A*A**A*,...x.x....x......x....x.x..x.x............x.x.x.x..........x.x.x.x..........x..x.,49,Beginner,True
puzzle_159,9,A**A*A***A**AA*AAA**A*AA**AAA****A*AA*A**A*AAA**A*A*AAAAAAA*****A**AAA*A*A**AAA**,...x.x...x......x...x.x..........x.xx.x...........x.x..x.x...........x.x.x..x....,49,Beginner,True
puzzle_160,9,**AA**AAAA***A********A*A*A*A*A**AA*****AA*AA*AAAA**AAA*AA*AAAAA*AA**AAA*A**AA**A,..x...x..x...x..........x.x.x.x..........x.x..x.x..........x.x.x.x..........x...x,49,Beginner,True
puzzle_161,9,***AAAA**AAA********AAAAAA**AAA*A***AA*A*A**AAAAA*AA**A***AAA*A**AAAA***AA****AA*,....x.x..x.x...........x.x..x.x..........x..x.x.x...........x.x..x.x....x......x.,49,Beginner,True
puzzle_162,9,**AAA*A*AAAAA*A*A**A*A*A*A*AA**AAAA****A*A*A*A**AAAAAAA*AA**AAAA*A*AAA*A*A*A**A**,..x.x....x......x....x.x....x.....x....x.x...x.......x..x...x......x...x.x....x..,49,Beginner,True
puzzle_163,9,AAA*A**AA*AAAAA**AA**AA**AA**A*AAAAA*AA***A*AAAA******A***A*AA*AA*A*AAAA*AAA*A***,.x.....x....x.x...x......x...x.x..........x.xx.x..........x.x...x......x...x.x...,49,Beginner,True
puzzle_164,9,AAA*A****AAAA*AA*AAA**AAA*A*****AA*AAAA*A*A**A*AA***A****A*A*A**A**A**A***AA*A*A*,x.x............x.x.x..x..........x.x..x.x....x......x....x.x....x.....x....x.x...,50,Beginner,True
puzzle_165,9,***AA*AAA*A**A*AAAA**AA**AAA*AA***A**A**A*A*AA*A*AAAA*****AAAA*AAAA**********AAA*,...x....x.x....x......x...xx.x..........x.x..x.x...........x.x..x.x..........x.x.,50,Beginner,True
puzzle_166,9,AA***A**AA*AA***A*A*AA*A***A*A****AAAA*AA*****A*A*AA*A*AAA***A******AA*AAAA*A*A*A,.x...x......x...x.x....x.....x....x.x...x..........x.x.x.x...........x.x..x.x....,50,Beginner,True
puzzle_167,9,A**A***AA*A***AA*A***A*AA*AAA****A*A****AA*AAA*AA*A*AA*A***AAA*A*AA*****A*A*A*AAA,...x...x..x...x......x....x.x....x......x...xx.x...........x.x.x.x..........x.x..,50,Beginner,True
puzzle_168,9,**AA**AAA*AA*A**AAA*AAA****A****AAA*AA*A**AA***AA*A*A*AA*AA***A****A*AAAA*A*AAA*A,..x...x......x...xx.x...........x.x..x.x..........x.x..x.x...........x.xx...x....,50,Beginner,True
puzzle_169,9,AA*A**AAA*A*A**A*AAA***AAA**AAAA********AAAA*A*AA**AA***A*A***AA****AAAA**AAAAAA*,......x.x.x.x..........x.x..x.x..........x.x.x.x..........x...xx.....x....x.x....,50,Beginner,True
puzzle_170,9,*AAA**A*AAA*AA*AA*A*A*A***A*AA**A*AA*AAA***AA***A*A*AA*A*AA****A*AA**AAAA*A*A****,..x.....x....x.x..x.x...........x.x..x.x..........x.x..x.x...........x.xx...x....,50,Beginner,True
puzzle_171,9,**AAA******A**AA*AA**A**A*A*****A*AA*A*A*A**A*A**AAAAAAAAAA*AAA***AAAAA**A**A**AA,..x.x..........x.xx..x..........x.x..x.x..........x.x.x.x..........x.x...x......x,50,Beginner,True
puzzle_172,9,AAA*AA***AAA*A**A*AA**AA**A*A****A*AA*A*A**A**AAA**A*A*AAAA*********AAAA*AAA*****,x....x.....x....x.x...x..........x.x..x.x..........x.x.x.x..........x.x..x.x.....,51,Beginner,True
puzzle_173,9,****AAA**AA**A*A*AA*AA*A*A**AA**A*A*AAAAAA*A*AAA*****A**A**AAA*AA*AAAAAA*AA****A*,....x.x...x......x...x.x....x.....x....x.x...x.......x..x...x..x...x......x....x.,51,Beginner,True
puzzle_174,9,AAAA*AAAAA***A*****AA*A*A*A***AA**AAA**AAAA**AAAA**A*AAA*AAAAAA*AAA**AA*AA*A*AAAA,..x....x.x...x......x...x......x...xx.....x.....x....x.x...x......x...x..x...x...,51,Beginner,True
puzzle_175,9,A****AA***AA*A**A***A*AAAAAAAAA***A*****AAAAA*A*A*A***AAAA*A*A*A*AA***A*A*A*AA*A*,x.....x....x.x..........x.x.x.x..........x..x.x.x..........x.x.x.x..........x..x.,51,Beginner,True
puzzle_176,9,*AAA*A***A****AAAAAAAA***A**A**A***A*AAAAAA**A**AA***A*A****A*A*A*A*AAA*AA***AAA*,.x.x..........x.x.x.x..........x...x..x...x..x...x..........x.x.x.x..........x.x.,51,Beginner,True
puzzle_177,9,*AA*A*AA*AA***AA*AA**AAA****A**A*AA*AA*AAA**AA***A*AA***AAAA***A****AAA*A*A*AA*AA,....x.x...x......x...x.x....x.....x....x.x...x......x...x.x....x.....x....x.....x,51,Beginner,True
puzzle_178,9,AAAA*A*AAA*****AAA*AA*AA**AA**A**A**AAA*AAAAA****AAA**AA*A***AA***A*AAAAAA**AA*AA,...x.x...x......x...x.x....x.....x....x.....x....x.x...x......x...x.x....x.....x.,51,Beginner,True
puzzle_179,9,*A*AAAA***A*A****AA*A*AAA**A*AA**********A*AA*A*A***AA***A*AA*A**AAA**AAA******A*,...x.x....x......x....x.x..x.x...........x.x..x.x...........x.x..x.x....x......x.,51,Beginner,True
puzzle_180,9,**A**A**A*A*AA*A***A*AAAAA*AAA*A****A***A**A*AAAAAAA*A*A**A*A***AAA***AAA**A**A*A,.....x..x.x.x..........x.x.x.x..........x..x.x.x..........x.x...x......x...x..x..,52,Beginner,True
puzzle_181,9,***A**AA*AA*AA**AAA**AAA**AAAAA***AAA**AAAAAAAAA**A***A**AAA*AAA*AA****A*AA**A*A*,...x..x...x......x...x.x....x......x....x.x..x.x..........x..x.x.x...........x.x.,52,Beginner,True
puzzle_182,9,A*A*A*A***A**A*A*AAAAA*AAAA*A**AAAAAAAAA*AA**A*AA**AA*AAAAAA**AA*AA**A*AAAAA***A*,....x.x...x......x...x.x....x.....x....x.x...x......x...x.x..........x.xx.x......,52,Beginner,True
puzzle_183,9,*****AAA**A*A*A*A*A***AAAA*AAAA*AA**A*AAAAA*AA*A*A**A*AA****AA*AAA***A*AAAA*AA***,.....x.x..x.x..........x.x..x.x...........x.x..x.x....x.....x....x.....xx...x....,52,Beginner,True
puzzle_184,9,AAA*AA***AAA***AAAAA****AA*A*A*A**A*A*AAAAA*AAAAA*AA**A***AAAA**A*A*A*A******AAA*,x...x......x.....xx.....x....x.x..........x.x.x.x..........x.x..x.x..........x.x.,52,Beginner,True
puzzle_185,9,*AAAAA******A*AA*AA*AAA*A**AA**AAA*A*AAA*AA**AA**AA*AAAAA****A***AAAA*AA*A*A*A***,..x.x..........x.xx...x..........x.x.x.x..........x.x.x.x...........x.x..x.x.....,52,Beginner,True
puzzle_186,9,A*AAAA***AA*AA**A***AA*A*AA*A*****A**A*AAAAA*AAA***A*A**A*A*AA*AA**AA*AAA*AAA*A**,..x.x....x......x....x.x....x.....x....x.x....x......x....x.x..x.......x..x...x..,52,Beginner,True
puzzle_187,9,A*AAA*A**AA**AA*AA**A*A*AA*AAA*A*AAA*AAAAAAA**A*****A***AA*A*AAAA*AA**A*A*AAAA***,..x...x..x.......x....x.x...x......x...x.x....x.....x....x.x...x......x...x.x....,52,Beginner,True
puzzle_188,9,A*AAA*AAA*A**A*A*A*A****A**A**AAAAAAAAA*A**AAA*A**AAA**AAAAAA**A**A*AAA*A*AAAA**A,..x...x......x...x.x....x......x...xx.x...........x.x..x.x..........x.x.x..x.....,52,Beginner,True
puzzle_189,9,A*A*A*AA*A*A*A**AA**A**A**AA**AA*AA*A***AAA*A*A*AA***A**A*AAAA**AAA*AA*AA**A*A*A*,..x...x..x...x......x.....xx...x..........x.x.x.x..........x.x..x.x..........x.x.,53,Beginner,True
puzzle_190,9,**AAAA**AA*A*A*AA***AA*A*A**A*A*A**A*****A*AAAA*AAA*A***A***A*AA***A*A****A**AA*A,....x...xx.x...........x.x..x.x..........x.x..x.x...........x.xx...x......x...x..,53,Beginner,True
puzzle_191,9,AAAA*****A**A**A*A*AA*A***AAA**A*A*A*A**A*AA*AAA*AA*A****AAA*A**A*A**A****A**AAAA,.x.x...........x.x..x.x....x.......x....x.x..x.x...........x.x..x.x..........x.x.,53,Beginner,True
puzzle_192,9,*A*AA*AA*A*A**AAA*A**AAAAA*AAAAAAA**AAA***A*A*AAA*AA*****AAA*AAA*A**A****AAAAAA**,....x..x.x.x...........x.x..x.x...........x.x.x.x..........x..xx.x..........x.x..,53,Beginner,True
puzzle_193,9,**A**A*A**AAAAAAA*****AAA*AA*A*A**AAAA**AAAAAAAA*A***AA*A*AAA*A*A*AAA*A*AA***A*AA,.....x.x..x.x...........x.x..x.x....x.....x....x.x....x.......x...x.x....x.....x.,53,Beginner,True
puzzle_194,9,***AA**AAAA****AA*****A*AAAA*A****A**A**AAA**AAA*AAA*AA****AAA**A*AAAA*AAA**AAAA*,...x....x.x....x......x...xx.x..........x.x..x.x...........x.x..x.x..........x.x.,53,Beginner,True
puzzle_195,9,***AAAAAAA*A*AA*AAA*AAAA*A*A*A*A******AAAAAAAAAAA*AAA**A***A**A*AAAAA**AA*AA*AA*A,....x.x..x.x..........x..x.x.x...........x.x..x.x..........x..x.x.x...........x.x,53,Beginner,True
puzzle_196,9,**AAA***A**A***A**A***A**A*A*A**AAAAA*AA****A*A*AAA**AAA*AAAAA***AA*A*A*AAA*A**A*,....x...x..x...x..x...x......x...x..x.......x...x.x....x.....x....x.x....x.....x.,53,Beginner,True
puzzle_197,9,*A*AAAA*A***AAA*A**A*****AA***A*A***A*A***AA**AAAA****AA***AA*A**A*AA**AA*****AA*,.x......x...x.x....x.....x....x.x...x......x...x.x..........x.x..x.x....x.....x..,54,Beginner,True
puzzle_198,9,*A*AAAA*A***AAA*A**A*****AA***A*A***A*A***AA**AAAA****AA**AAA*A**A*AA*AAA*****AA*,.x......x...x.x....x.....x....x.x...x......x...x.x..........x.x..x.x....x.....x..,54,Beginner,True
puzzle_199,9,*AA**AAAAA*A****A***A*AA*A*A****AA*****AAAAAA*A*A**AA**A*AA**AA*AA*AA***A*AAA**A*,..x..x...x......x...x.x....x.....x......x...x.x....x.....x....x.x...x......x...x.,54,Beginner,True
puzzle_200,9,*A*A******A*AAAAAA*A*AAA***AA*A**A*AA***AA**A*AA****A*A**A*AAA*A*A****AA****A*A*A,.x.x..........x.x..x.x...........x.xx...x......x....x.x....x.....x.....x....x.x..,54,Beginner,True
puzzle_201,9,**A***A*A*AAA*A*A*****AA*AAA*AAA**AAA*AAA*A***AA*AA*AA*AAA*AA**A*AA*A*A**AA*AA*AA,......x.x.x.x..........x.x.x.x..........x.x...x......x...x.x...x......x...x.x....,54,Beginner,True
puzzle_202,9,A*AA*AA*AA***A*A****A***A*AAA*AAA*A******A*AA*A*A*A**A**AA*A*A*A*A*A*AA***AAAA**A,..x...x..x...x..........x.x.x.x..........x.x..x.x..........x.x.x.x..........x...x,54,Beginner,True
puzzle_203,9,AAAA*AA**AAA**AA*AA***AAAAAAAAA**A***A****AAA**AAA****A*AA***AA**AA*A***AA**A*AA*,...x.x....x......x....x.x..x.x............x.x..x.x....x......x....x.x....x.....x.,54,Beginner,True
puzzle_204,9,*AA*A**A*A***A***A*AAA**A****A*A*A*AA****AA*A*A*A**A*A*A**AA**A***AAA*A**A***A*A*,..x....x.x...x......x...x......x...xx.....x.....x....x.x...x......x...x..x...x...,54,Beginner,True
puzzle_205,9,AAA***AAA***A*A***A*AA*A*AAA*AA*A****A*****AA**AAAAA*A*AA*A**AA*A**AAA**A*AAAAAAA,.x.....x....x.x...x......x....x.x....x......x....x.x....x.....x....x.x..x.x......,55,Beginner,True
puzzle_206,9,AA*AAAA*****A**AAA**A*A*A**A****AA***AA***AAAA*A**A*A**A*A***AA*A**AA****AAAAA*A*,.x..x..........x.x..x.x....x.....x....x.....xx....x......x...x..x...x......x...x.,55,Beginner,True
puzzle_207,9,A***A*AAA*A*A**AA**AAA*A*AAA*A*AA******AA**A*A*A**A**AA**AA*A**AA*A**A*AA*AA*AA**,......x.x.x.x..........x.x.x.x..........x..x.x.x..........x.x...x......x...x.x...,55,Beginner,True
puzzle_208,9,AA***AAA**A*A*AAA**A****A*AA**AA***A**AAAAA******A***AAAAA***A******AAAA*AAA*A***,.....x.x..x.x...........x.xx...x......x...x......x...xx.x...........x.x..x.x.....,55,Beginner,True
puzzle_209,9,A**AA*A****A*AA*A*A***AAA*A*AA*AAA*AAAA*AA*A***AA*A*A*AA*A**AAA***A*A*A**AA*A**A*,x.....x....x.x..........x.x..x.x....x......x....x.x....x......x...x.x....x.....x.,55,Beginner,True
puzzle_210,9,AAA***AAA***A*A***A*AA*A*AAA*AA*AAA**A*****AA**AAAAA*A*AA*A**AA*AAAAAA**A*AAAAAAA,.x.....x....x.x...x......x....x.x....x......x....x.x....x.....x....x.x..x.x......,55,Beginner,True
puzzle_211,9,A*AA*AAAA****AAA***AA****AAA*A*A***A**A*A*AAA*A*AAAAA*AA***AAA**AAA*A*A*A**A*AAAA,x.x..........x.x....x.....xx...x..........x.x.x.x..........x.x..x.x..........x.x.,55,Beginner,True
puzzle_212,9,A*AA*AAAA****AAA***AAA***AAA*A*A***A**A*A*AAA*A*AAAAA*AA***AAA**AAA*A*A*A**A*AAAA,x.x..........x.x....x.....xx...x..........x.x.x.x..........x.x..x.x..........x.x.,55,Beginner,True
puzzle_213,9,AAAA*A**A*A*A*AAA**AAA**AAA*AAAAA*A*AAA*A*A**A***A*A*AAA***AAA***AAA****AAAA*AA*A,.x.x..........x.x..x.x..........x.x.x.x..........x...xx.....x....x.x..........x.x,55,Beginner,True
puzzle_214,9,AAA***AAA***A*A***AA*A*AA*A***A*AA*AAA*****A*A*AAAAA**AA**A*AA***AAAA*A*AAAAAAA*A,.x.....x....x.x....x......x...x.x...x......x...x.x....x.....x....x.x..........x.x,56,Beginner,True
puzzle_215,9,AA***AAA**A*A*AAA**A****A*AA**AA***A**AAAAA******A***AAAAA***A*A****AAAA*AAA*A***,.....x.x..x.x...........x.xx...x......x...x......x...xx.x...........x.x..x.x.....,56,Beginner,True
puzzle_216,9,*A***A*A***AAA*AAAAA****AA*A*AAA*AA*AA**A**A***A*A*AA***AAAAA*A*A*AAA*AA*AA*AA*A*,.x...x......x....xx.....x....x.x....x......x...x.x..........x.x.x.x..........x.x.,56,Beginner,True
puzzle_217,9,AAAA***AAA*AAAA*AAAAA***AA*AAAA***AA*A*AAAA*AAA****AAA*A*A*A****A*A*A*AAAA**AAA*A,..x....x.x...x......x...x..x.......x...x.x....x.....x....x.x....x......x....x.x..,56,Beginner,True
puzzle_218,9,*AAA*AAA**AA*AAA*A***AAAAAAAAA**A**A**AAA*A*A*AAAA*A*A*A*A*A*A*AAAA*AAAA***AAAAA*,...x.x....x......x....x.x..x.x............x.x.x.x..........x.x.x.x..........x..x.,56,Beginner,True
puzzle_219,9,AA*AA*AA*****AA*AAA*A*****A**A*A*A**A*AAAAA*AAAA*A*AA**A*AAA*AAAA*A*A**AA***A**AA,.x.x..........x.x.x.x..........x.x....x.....x....x.x...x......x...x.x...x......x.,56,Beginner,True
puzzle_220,9,AAAA*AAA**A*AAA*******AA*AA*AAA*AA*A**AAA*AAA**A*AA**AAAA**AAA*A*A**A**AAA*AAAAA*,.....x.x..x.x..........x.x..x.x...........x.x..x.x....x.....x....x.....xx...x....,56,Beginner,True
puzzle_221,9,***A*A**AA**A**AA***A*A*AA*****AAA*A*AAAAA***AA***A*A*A*AAA**A**AAAA*AA*AA*A****A,...x.x...x......x...x.x..........x.x.x.x..........x.x.x.x..........x.x...x......x,56,Beginner,True
puzzle_222,9,*AA***AA****AAA*A*AA***A**A*AAA*A*AAA******A*A*AAA*A*AA*****A*A****AAA*A*AAAA*A**,.x.....x....x.x....x......x...x.x...x......x...x.x....x.....x......x...x..x...x..,57,Beginner,True
puzzle_223,9,*A***A*AA**AA*AA***A*A***A*A**AAA***A**A***A**AA*A*A*A*A**A*A*A*AA*A****A*A***A**,.x......x...x.x....x.....x....x.x...x......x...x.x..........x.x..x.x....x.....x..,57,Beginner,True
puzzle_224,9,A*AAA**A*A**A**A**AAA****AA***AAAAA*A**AAA*AAA**A*AAA*AAA**AAA**A*A*AAAAAA**AAAAA,..x.x....x.....x....x.....x....x.x..x.......x...x.x....x.....x....x.x....x.....x.,57,Beginner,True
puzzle_225,9,**A**A*A*A*AAA*A*AAAA**AA*AAAAAA***A*A*A*A****AAAA**AA*A*A*A*A**A*A*AAAAA***AAA**,..x....x.x...x......x...x..x.......x...x.x....x.....x....x.x....x......x....x.x..,57,Beginner,True
puzzle_226,9,**AAAA*AA*A*A**A**A**A**A*AAAA*AA*AAAAAA***A*A****A**A**AA*AAAAA*AAA***AA*AAAAA**,....x...x.x....x.....x....x.x...x......x...x.x....x.....x....x.x...x......x...x..,57,Beginner,True
puzzle_227,9,AA*AAAA****A**AAA*A*A**A**AAA*AA*AAA*A***AAAAA**A****AAAAA*AA**A***AAA*A**AAAAA*A,x...x......x....x.x....x......x...x..x...x......x....x.x....x......x...x..x...x..,57,Beginner,True
puzzle_228,9,*AAAA******A**AAA*AA*A**AAA***AA*A*AA***AA**A*AA**AA*A**AAAAA**AAA**A*AA*****A*A*,.x.x..........x.x..x.x...........x.xx...x......x.....x....x.x..x.x...........x.x.,57,Beginner,True
puzzle_229,9,**A**AAA**AAAAAAA*****AAA*AA*A*A**AAAA**AAAAAAAA*A***AA*A*AAA*A*A*AAA*A*AA***A*AA,.....x.x..x.x...........x.x..x.x....x.....x....x.x....x.......x...x.x....x.....x.,57,Beginner,True
puzzle_230,9,AAA*A*A**A*A*****A***AAA*AA*A*A*AAA****AAAAAAAAA*A***AA*A*A*A*AA**A*A***AA**A**AA,....x.x..x.x...........x.x..x.x...........x.x..x.x....x.......x...x.x....x.....x.,58,Beginner,True
puzzle_231,9,A**A*A***A*****AAA**A*AA**AAA****A*AA*A****A*A**A*A*AAAAAAA*****A**AAA*A*A**A*A**,...x.x...x......x...x.x..........x.xx.x...........x.x..x.x...........x.x.x..x....,58,Beginner,True
puzzle_232,9,A*A***A***AA*A*****A**A*AAA*AA*A*A*AA**A***A*A**AAA****A*A***A***AA*AA***A***A*AA,x.....x....x.x..........x.x..x.x....x......x....x.x....x.....x....x.x....x......x,58,Beginner,True
puzzle_233,9,**A*AAA*AAA*A***AA*AA*A*A**A*A***AAA*AAAAA*A**A*****A*AA*A*AA***A**A**AA***AAAA*A,..x...x..x.......x..x.x....x......x....x.x....x.....x....x.x....x......x....x.x..,58,Beginner,True
puzzle_234,9,***AAA**AAAA****AA**A**AA*AAAAAA*A*A****AA*AA*A*A*AAA****A*AAA*AAA*A***A**A*A*AA*,....x...xx.x............x.x.x.x..........x.x..x.x..........x.x.x.x..........x.x..,58,Beginner,True
puzzle_235,9,*A**AA*AAAAA*A*A***AA*AAAAA**A*A*A**AAAA*AAA**AAA**A*A*A*AAAAAAA**AA**A*AAA**AA*A,....x..x.x.x............x.x..x.x....x.....x.....x....x.x...x......x...x..x...x...,58,Beginner,True
puzzle_236,9,*AAAAAAA**AA*AAA*AA**AAAAAAAAA**A**A**AAA*A*A*AAAA*AAA*A*A*A*A*AAAA*AAAAA**AAAAA*,...x.x....x......x....x.x..x.x............x.x.x.x..........x.x.x.x..........x..x.,58,Beginner,True
puzzle_237,9,*AAAAA**AAAAA*AAAA*A*A*A*A*AAA*AAAA*A*A*AAA**A**A**AAAAAAAAA**AA*AAA*AA*AAAAAAAA*,.x..x..........x.x.x.x..........x.x.x.x............x.x..x.x....x......x....x.x...,58,Beginner,True
puzzle_238,9,AA*AAA*A*****AAAAA*AAAAAAAA*AAAAAA*AAAA*A*A*AAAA*AA*A*A*A**A*A*A****A**AAAAAAAA**,.x.x..........x.x..x.x...........x.x..x.x....x......x...x..x...x.......x....x.x..,58,Beginner,True
puzzle_239,9,A*AAA**AAAAAA**A*A***A**A*A*AAAAA**A****AAAA*A*A*A***AAAAAA*A*AAAA**A**AA**A*AA*A,....x..x.x.x............x.x.x.x..........x.x.x.x..........x.x...x......x...x.x...,59,Beginner,True
puzzle_240,9,A*AAA**AAAAAA**A*A***A**A*A*AAAAA**A****AAAA*A*A*A***AAAAAA*A*AAAA**A**AA*AA*AA*A,....x..x.x.x............x.x.x.x..........x.x.x.x..........x.x...x......x...x.x...,59,Beginner,True
puzzle_241,9,A*AAA**AAAAAA**A*A*A*A**A*AAAAAAA**A**A*AAAA*A*A*A***AAAAAA*A*AAAA**AA*AA*AA*AA*A,....x..x.x.x............x.x.x.x..........x.x.x.x..........x.x...x......x...x.x...,59,Beginner,True
puzzle_242,9,****AAA**AA**A*A*AA*AA*A*A**AAA*A*A*AAAAAA*A*AAA*****A*AAA*AAA*AA*AAAAAA*AA****A*,....x.x...x......x...x.x....x.....x....x.x...x.......x..x...x..x...x......x....x.,59,Beginner,True
puzzle_243,9,**AAA*A*AAA*A*AA***AA**A*A*AAAAA***AAA**AA*AAA*A*AA*AAA**AAAA****A*****AAAA*AA*A*,......x.x.x.x..........x.x..x.x..........x.x.x.x..........x.x....x.....xx...x....,59,Beginner,True
puzzle_244,9,****A*A*AAAA**AA******AA*A*AA*A*A***AA***AAA*AA*A**AA*A***A*A*A*AA*AA*AAA*A***AA*,....x...xx.x...........x.x..x.x..........x.x..x.x...........x.x..x.x....x.....x..,59,Beginner,True
puzzle_245,9,*A***A*AA**AA*AA***A*A***A*A**AAA***A**A***A**AA*A*A*A*A**A*AAA*AA*A****A*A***AA*,.x......x...x.x....x.....x....x.x...x......x...x.x..........x.x..x.x....x.....x..,59,Beginner,True
puzzle_246,9,AAA*A*AAAAA**A*AAA***AAA***A*A*AA*AA**A*AA**AA**A**AA*A*A*A****A*A*A*A*AAA*AA*A*A,....x.x...x......x...x.x...x......x...x..x...x......x...x.x..........x.x.x.x.....,59,Beginner,True
puzzle_247,9,A*AA*AA*AAAA**A**AAAAAA*A*AA*A*A***A****AAAA*AAAAAA**A*A*A**A*AAAAA**A*AA*AAA**AA,...x.x....x......x....x.x..x.x...........x.x..x.x...........x.xx.x..........x..x.,60,Beginner,True
puzzle_248,9,A*AAAAA**A*AAA***A**AA*AAAAA****A**AAAAA***A*AAA*AA*AAAA*A**A*A*AAA**A****AAAA*AA,..x...x..x...x......x....x.x....x......x...x..x...x......x....x.x....x......x...x,60,Beginner,True
puzzle_249,9,**AAAAA*AA***AAA*AAAAA*AA**A**A****A*A***AAAAAAAAA*AAAA*A**A*AA**A**AAA*AA*AAAA**,..x...x......x...x.x....x.....x....x.x...x......x...x.x....x.....x....x.x...x....,60,Beginner,True
puzzle_250,9,**AAAA*AA*AAA**A**AA*A**A*AAAA*AAAAAAAAA***A*A***AA**A**AA*AAAAA*AAA***AA*AAAAA**,....x...x.x....x.....x....x.x...x......x...x.x....x.....x....x.x...x......x...x..,60,Beginner,True
puzzle_251,9,A*AAAA***AA**A**A***AA*A*AA*A*****A****AAAAA*AAA***A*A**A*A*AA*AA***A*AAA*AAA*A**,..x.x....x......x....x.x....x.....x....x.x....x......x....x.x..x.......x..x...x..,60,Beginner,True
puzzle_252,9,*A*AAA***A*A**AA*AA*AA*****A*A**A*A*AA*A**AA*****A*AAA*AAAAA***A******AA*A*AAAAA*,.x..x..........x.xx.x...........x.x..x.x...........x.x..x.x....x......x....x.x...,60,Beginner,True
puzzle_253,9,***AA*AAA*A**A*AAAA**AA**AAA*AA***A**A**A*A*AA*A*AAAA*A***AAAA*AAAA**********AAA*,...x....x.x....x......x...xx.x..........x.x..x.x...........x.x..x.x..........x.x.,60,Beginner,True
puzzle_254,9,A****AA**A*A*A*A*A*A***AA*AAA*A********A*AAA**AAAA*****A***A*AAA*A**AAA*A**AA***A,x.....x....x.x..........x.x.x.x..........x.x..x.x..........x.x.x.x..........x...x,60,Beginner,True
puzzle_255,9,**A*A***AA*AAA*AAA***AAA**A*A**AAA*AAAA*A*A**A*AAA*****A****AAA*AAA****AA****A*A*,..x.x....x......x....x.x....x......x....x.x..x.x............x.x.x.x..........x.x.,61,Beginner,True
puzzle_256,9,*AA*A**AA****A*AA*AAA****A***A**A*A**A*AAAA**AA***A*A**A*AA*AAAAA***AA*AA**AA****,..x.....x....x.x..x.x...........x.x..x.x..........x.x..x.x...........x.xx...x....,61,Beginner,True
puzzle_257,9,*A*A****A*****AAAAA*AA*A***A**A*A*AAA*A*AA***AA**A*A**AA*AA*AAAAA*AA*A*A*AA****AA,.x.x..........x.x.x..x..........x.x.x.x..........x.x...x......x....x.x....x.....x,61,Beginner,True
puzzle_258,9,AA***AAA**A*A*AAA**A****A*AA**AA***A**AAAAA***A**A***AAAAA***A*A****AAAA*AAA*A***,.....x.x..x.x...........x.xx...x......x...x......x...xx.x...........x.x..x.x.....,61,Beginner,True
puzzle_259,9,A*AAAA*A**A*AAA*A*AA*****A****A*A****AA***A*A*A**AAAA*A*AAA**AAAA*AA*A***AA****AA,x......x....x.x....x.....x....x.x....x......x....x.x..x.x..........x.x....x.....x,61,Beginner,True
puzzle_260,9,A***AA**A**A*A*AA*A*AAA***AAAA**A***A*A*AA*AAAAAA*A****AAA*AAAA*A*AAA**AA***AA*AA,x...x......x...x......x...xx.x...........x.x..x.x...........x.x.x.x..........x.x.,61,Beginner,True
puzzle_261,9,A*AAAA**A***A*AAA**AAAAAA****A**AAA*AAA*A**AAA**AAAAAA*A****A***A**A*A*AA*AAA*AAA,x..x..........x.x..x.x..........x.x.x.x..........x...x.x....x......x...x..x...x..,61,Beginner,True
puzzle_262,9,AA*A*A**AA*A*A*A*AA**AA**AA**AA*AA***A**A***AAAAA**A**AAA**A*AA*AAAA***A**AAAA*A*,.x.x...........x.xx...x......x...x......x...xx.x...........x.x..x.x..........x.x.,61,Beginner,True
puzzle_263,9,A*AA*AA*AA*AA**AAAA*A*AAAAAAA**A*A*A*AAAA*A**A**AAAAAAA*A**A*A*A*A**AAAAAA**AAA*A,...x.x...x......x...x.x..........x.x.x.x..........x.x.x.x............x.x.x..x....,61,Beginner,True
puzzle_264,9,*AAAAA*A**AAAA***AAAA*AA*AAAAAA**A***A**A***A**AA*AA**A**AA**AAA*A*A*A*AAA*A*A**A,.....x.x..x.x..........x.x.x.x..........x...x..x...x..x...x..........x.x.x.x.....,62,Beginner,True
puzzle_265,9,AA*A*A**A**A**A*A*AAAA******A*A**A*AA***AA****AAAA*AA*A*A**AAAAA*AAAAA*AA**AAAAAA,.x.x..........x.x..x.x...........x.xx...x......x....x.x....x.....x.....x....x.x..,62,Beginner,True
puzzle_266,9,AAA**A*****A**AAAAAA*AAA**A*A***AAA**AAA**AA****A**A*A*A*AA*A*AA*A*A*AAA**AAAAA*A,x.x...........x.x.x..x..........x.x..x.x...........x.x.x..x..........x.x..x.x....,62,Beginner,True
puzzle_267,9,AA*AAA*AAAA*A**AAAA*AAAAA**A*AA**AAA*A**A**A*A*A*A*A**A*AA*AA*AAA*A***A*A***AAAAA,...x.x....x......x....x.x..x.x..........x..x.x.x............x.x.x.x..........x.x.,62,Beginner,True
puzzle_268,9,*AA****AAA**A*A*AA*A***A*AAA*AAAA*AAAAAA****A*AA**AAA*AAA*AAAAAAA***AAA*AAAAAA***,.x.....x....x.x....x.....x....x.x...x.......x..x...x......x...xx.....x....x.x....,62,Beginner,True
puzzle_269,9,AAA**A**AA*AA***A*AAAA*A***AAA*AA*AAAA*AA****AA*A*AA*A*AAA**AA****A*AA*AAAA*A*A*A,.x...x......x...x.x....x.....x....x.x...x..........x.x.x.x...........x.x..x.x....,62,Beginner,True
puzzle_270,9,A**A**AAA*A***AA*A***A*AAAAAA*AAAAAA****AA*AAA*AA*A*AA*AA**AAA*A*AA*A***A*A*A*AAA,...x...x..x...x......x....x.x....x......x...xx.x...........x.x.x.x..........x.x..,62,Beginner,True
puzzle_271,9,*A*AAA***A***AAA*AAAA*A*A**AAA*AAA*AA*A***AA*AA*A*AAAA*A*A**AAAA***AA*A*AAAAA*A**,.x..x..........x.x..x.x..........x.xx.x...........x.x..x.x..........x.x.x..x.....,62,Beginner,True
puzzle_272,9,A*AAAA**AA**A*AAA**AAAAAA**A*A**AAA*AAAAA**AAA**AAAAAA*A****A***A**A*A*AA*AAAAAAA,x..x..........x.x..x.x..........x.x.x.x..........x...x.x....x......x...x..x...x..,63,Beginner,True
puzzle_273,9,****A**AAA*A**AA*****AAA*A*A*A*****A*AA*A*A**AA*A***AA***A*A****A*****AAA*AA*AAA*,....x..x.x.x...........x.x.x.x..........x.x...x......x...x.x....x......x...x..x..,63,Beginner,True
puzzle_274,9,**A*A******A***AAAA**AAAAAAA*AA*AAA*A*A**AA*AA*AA*AA**AA*AAA*A*A**AAA**A*A***A*A*,..x.x..........x.xx...x......x...x..x.......x...x.x....x.....x....x.x....x.....x.,63,Beginner,True
puzzle_275,9,A**A*A*A*A*A**A*AA*A**A***A*AA**AA*AA*A*A******A**AA*A*A*AA***A****AA*A**A*A*A**A,.....x.x.x.x..........x...x..x...x..x...x..........x.x.x.x..........x.x..x.x.....,63,Beginner,True
puzzle_276,9,A*A*A**A*****A**AA*AA*AAA*AA***AA*A*A*A***AAAAA*AA*****A*A*AAA**A*AAA***A**AAA*A*,x.x..........x...x..x...x..x...x..........x.x.x.x..........x.x..x.x..........x.x.,63,Beginner,True
puzzle_277,9,AAA*AA*AAAAAA*AAAA**A*A***AA***A*A*AA***AA**AAA*A*A*A**A*A**AAAA**AAAA*AAA**A*AAA,..x.x....x.....x....x.....x....x.x..x.......x...x.x....x.....x....x.x....x.....x.,63,Beginner,True
puzzle_278,9,AA****AA***AAAA**AA***AAA*AAAAAAAA**AA*A*A**A*AAA*AA***AAAAAAA*AAA***A**A**AAAA*A,x......x...x.x..........x.x.x.x..........x..x.x.x..........x.x.x.x..........x.x..,63,Beginner,True
puzzle_279,9,AAAA***AAA**A*A**A**AAA**AA*A**AAA**A*AAA*A*A*A**AAA****A*AA**AA***AAA**A*AAA*AA*,..x....x.x....x......x...x..x...x......x....x.x....x......x...xx.....x....x.x....,63,Beginner,True
puzzle_280,9,*AA***AAA***A*A***AA*A*A**A***A*AA*AAA*****A*A*AAAAA**AA****AA***AAA**A*AAAAAAA*A,.x.....x....x.x....x......x...x.x...x......x...x.x....x.....x....x.x..........x.x,64,Beginner,True
puzzle_281,9,**AA*AA*AA*A**A*AA**A*AA**AA**A**A*A*A**AA****A*AA*A*AAAAA*AAA**AA**A*A*AAA*A***A,...x.x...x......x...x.x..........x.x.x..x..........x.x.x.x..........x.x.x.x......,64,Beginner,True
puzzle_282,9,A*AA*AA*A**AAAAAA*A*AA***A***A*A****AA**AAA*A**AAA*AAAAA*A*AAAA**AAA**AA*A*AAA***,......x.x..x.x....x......x...x.x....x.....x.....x....x.x...x......x...x..x...x...,64,Beginner,True
puzzle_283,9,**AA***A**A**AA******AA*AAAA****AA*A**A****AA*AAAAAA*A*A***A**AA*AAAAA**A*A*AA***,...x...x..x...x......x...x.x....x.....x.....x....x.x...x......x....x.x..x.x......,64,Beginner,True
puzzle_284,9,*A**A*A*AAA**A****A*AAA*AA**A*AA***AAAA***A******AA*AA*AAA*A*A****AAA*A**A*AAA**A,......x.xx...x......x...x......x...xx.x...........x.x..x.x..........x.x..x.x.....,64,Beginner,True
puzzle_285,9,AA**AAAA*A*AA*A******AA*A**A*A*****AA**AA****AA****AAA*A*A*A*A*AAAA*AAAA*AAA***A*,.....x.x.x.x..........x.x....x.....xx...x..........x.x.x.x..........x.x..x.x.....,64,Beginner,True
puzzle_286,9,A*AAAAAA**A*****AA***A*A***AA*A*A*AA*AA*A*A**A*A*****A***AAA*A*A*A**AA******A**AA,...x..x...x......x...x.x....x......x....x.x..x.x...........x.x.x.x..........x..x.,64,Beginner,True
puzzle_287,9,AA**A******AA**A*A*A*AAA***A*****A*A**A*A*AA*AA*AAA*AA***A*A***AA****AA**AAAAAA*A,.x..x..........x.x.x.x...........x.x..x.x....x......x....x.x...x......x...x..x...,64,Beginner,True
puzzle_288,9,*AA*A*A*A****AA*AA*A*A*AA****AAAA**AAA***A**A**AAAA*AAA*A**A*****A*AA*AAA*AAA*A**,..x...x......x...x.x....x.....x....x.x...x......x...x.x....x.....x....x.x...x....,64,Beginner,True
puzzle_289,9,*AA***AAA***A*A***AA*A*A**A***A*AA*AAA*****A*A*AAAAA**AA**A*AA***AAA**A*AAAAAAA*A,.x.....x....x.x....x......x...x.x...x......x...x.x....x.....x....x.x..........x.x,65,Beginner,True
puzzle_290,9,A**A*AA*AAA*A*AAA***A*A***A**AA**AA*A**AAAA***AA*AA*A*AAAAAA*AAA*AA***A**A**AA***,...x....x.x....x......x...x..x...x..x...x......x....x.x....x......x...x..x...x...,65,Beginner,True
puzzle_291,9,****A**AAA*A*AA****AA*A*A***AAA****A***AAAA**AAA***A*A***A*A*AAA*AA***A*A*AA*AA**,....x..x.x.x..........x.x...x......x...x..x...x......x...x.x...x......x...x..x...,65,Beginner,True
puzzle_292,9,*A**A**AAAAA*A*A***AA*AAAAA**A*A*A**A*AA*AAA**AAA**A*A*A*AAAAAAA**AA**A*AA***AA*A,....x..x.x.x............x.x..x.x....x.....x.....x....x.x...x......x...x..x...x...,65,Beginner,True
puzzle_293,9,*A*AA*AAAA*A*AAAAAA**AAAA*A*A*AA**AA***AA*A*A*AAA*AAAA*****AAA*AAAA*AAA*AAAAA*A**,....x..x.x.x...........x..x.x.x...........x.x.x.x..........x.x.x.x..........x.x..,65,Beginner,True
puzzle_294,9,AAAA**AA**A*AAA*A*AAAAAA*A*A****AAAAAAA***A**A*AAA*A**AA**A**AA**A*AAA*A*A****A*A,.x.x..........x.x..x.x..........x.x.x.x..........x.x..x.......x..x.x..........x.x,65,Beginner,True
puzzle_295,9,A**AAA*A*A*AAAAAAAA****A*AAA*AAAA*A*A***A*A***A*AA***AA**AAA***AA*AA*AAA*AAAAAA**,....x..x.x.x...........x.x.x.x..........x.x...x......x...x.x....x......x...x..x..,65,Beginner,True
puzzle_296,9,*AA**A*A*AAAA***A**A*AA**AAAAAA**A*AAA*AAAAAAAA*A*AAAA*A*A****A*****A*AAAAAAA*AA*,.....x.x.x.x..........x...x..x...x..x...x..........x.x.x.x..........x.x..x.x.....,65,Beginner,True
puzzle_297,9,A*AA***AAA*AAAA*AAAAA***AA*AAA****AA*A*AAAA**AA****AAA*A*A*A****A*A****AA***AAA*A,..x....x.x...x......x...x..x.......x...x.x....x.....x....x.x....x......x....x.x..,66,Beginner,True
puzzle_298,9,A*AAA**AAAA*A*A*A****A*A*A*AAA****AAAAAAAA*A*AAA**AAAA*AA***AAAAA*AAAA*AAA***AAAA,..x.x....x......x....x.x....x.....x....x.x...x.......x..x...x......x...x.x....x..,66,Beginner,True
puzzle_299,9,AAAAA**A**A**AAA*A**AA*AA*AA*A*AAA**A**AA**AAA**A*AA***AAA**AAA*A*A*A*A**A*A***A*,x.x..........x.x....x.....x....x.x..x.......x...x.x....x.....x....x.x....x.....x.,66,Beginner,True
puzzle_300,9,*AAA**A*AAA*AA*AA*A*A*A***A*AA*AA*AA*AAA***AA***A*A*AA*A*AA****A*AA*AAAAA*A*AA***,..x.....x....x.x..x.x...........x.x..x.x..........x.x..x.x...........x.xx...x....,66,Beginner,True
puzzle_301,9,*AAA**A*AAA*AA*AA*A*A*A***A*AA*AA*AA*AAAA**AA***A*A*AA*A*AA****A*AA*AAAAA*A*AA*A*,..x.....x....x.x..x.x...........x.x..x.x..........x.x..x.x...........x.xx...x....,66,Beginner,True
puzzle_302,9,AAA**AA*A***A**AA*AA**AA*****AAA*AA*A***AAA**A*A**AA*A**AAA**AAA*A***A*AAA*AAA**A,.x...x......x...x.x....x.....x....x.x...x..........x.x..x.x..........x.x.x.x.....,66,Beginner,True
puzzle_303,9,A*AA**AAA*AA**A******AAA*AA*AA*AAA****AAA***AA*AA**A*AAA**AAA**A*A***A*AA**AAA*AA,...x...x..x...x......x....x.x....x......x...xx.x..........x.x..x.x...........x.x.,66,Beginner,True
puzzle_304,9,***A*AAAA*A*AAAA*AA**A**A*A*AAA***AA**AAAAA**AAAA*****AA**AA*AAA*AAA****A*A**AAA*,...x.x....x......x...x..x...x......x....x.x..x.x..........x..x.x.x...........x.x.,66,Beginner,True
puzzle_305,9,A*AAA**AAA**A*A*A****A*A*A*AAA****AAA*AAAA*A*AA****AAA*AA***AAAAA*AAAA*AAA***AA*A,..x.x....x......x....x.x....x.....x....x.x...x.......x..x...x......x...x.x....x..,67,Beginner,True
puzzle_306,9,AAA*A****AAAA*AA*AAA**AAA*AA****AA*AAAAAAAA**A*AA***A****AAA*A**A**A**A***AA*AAA*,x.x............x.x.x..x..........x.x..x.x....x......x....x.x....x.....x....x.x...,67,Beginner,True
puzzle_307,9,*A*AA***A*AA***AAAA*AA**AAA*A***AA**AAAA*A*A*A***AA*****AA*AAAAA*A*A**A**AAAA*A*A,....x...x.x....x.....x....x.x...x......x...x.x....x.....x....x.x...x......x...x..,67,Beginner,True
puzzle_308,9,A*AA*A*AAAA*AA**A****AAA****A******AAAAAA*A*AAAAAA*A**AAAAA*AA*A*A**AAAAAA*A**A*A,...x.x....x.....x....x.x....x......x....x.x..x.x..........x..x.x.x............x.x,67,Beginner,True
puzzle_309,9,AA***A*AAA**AAAAAA**AAAA*AAAAA*A*AA*A*A**AA**AA*A*A*AA*AAAAA**A*A*AAA*AA*A*A****A,x.......x....x.x....x.....x....x.x..x.x...........x.x..x.x..........x.x..x.x.....,67,Beginner,True
puzzle_310,9,*A**A*A*AAA**A****AAAAA*AA**A*AA*A*AAAA***A*A****AA*AA*AAA*A*A****AAA*AAAA*AAA**A,......x.xx...x......x...x......x...xx.x...........x.x..x.x..........x.x..x.x.....,67,Beginner,True
puzzle_311,9,A**AAA***AA****AAAA*AA**A**A*A*AAAAAAA*AA*****AAA*A*A**AAA*AA**A**AA*AAA*AA*A*A**,x...x..........x.xx.x...........x.x..x.x..........x.x..x.x...........x.x..x.x....,67,Beginner,True
puzzle_312,9,A***AA*A*AAA***AA*AAA**AA*A**AA***A**A*A*AA*A***AA***AAA*A*AA***A**A***AA*A*AAAA*,x...x......x....x.x....x......x...x..x...x......x....x.x....x......x...x..x...x..,67,Beginner,True
puzzle_313,9,*A*AA***A*AA***AAAA*AA**AAA*A***AA**A*AA*A*A*A***AA*****AA*A*AAA*A*A**A**AAAA*A*A,....x...x.x....x.....x....x.x...x......x...x.x....x.....x....x.x...x......x...x..,67,Beginner,True
puzzle_314,9,AA*AA*AA**A*A*AA*A**AA*AAA*AA*AA*AA***A*AAA*AAA**AAAAAAA*AA*****A*A*AAA*A*A***A**,....x.x...x......x...x.x...x......x...x.x..........x.x.x.x..........x.x.x.x......,68,Beginner,True
puzzle_315,9,*AAAAA*AA***A*AA*A**AAA*AAAA*A*A*A**A*AA**A*AA*A**AAA*A**A*A*A**A***AAAAAA*A**AAA,.x..x..........x.x..x.x....x.....x....x.....xx....x......x...x..x...x......x...x.,68,Beginner,True
puzzle_316,9,***AA*A**A*AAA*****A*A*A*A**AAA**A**A**A*A*A*AA*A****A*****AAAAAAA****A*AAA*AAA*A,....x.x..x.x...........x.x..x.x..........x.x..x.x...........x.xx.x..........x...x,68,Beginner,True
puzzle_317,9,AA*A**AAA**AA*AA***A***A*A****AAA**A*A***A**AA*A*A*AA*AAA*A**A*****A*AA*AAA***A*A,x......x....x.x....x.....x....x.x....x......x....x.x..x.x..........x.x....x.....x,68,Beginner,True
puzzle_318,9,*A****AA*AAAAAA*AA*AAA*AAA*A*****AAA*A*AAAAAA*A*A*AAA**A*A*AA*AA*A*A**AA**AAAA***,.x....x......x...x..x...x..x.......x...x.x....x.....x....x.x...x......x...x.x....,68,Beginner,True
puzzle_319,9,AAA**A*AAA*A*AAA*A*AAAA**AAAAAA***A***AAA*A**AAAAAAAAAAA*AA*AAAAAAAAAAAAAAAA*AAA*,.....x.x.x.x..........x..x.x.x..........x.x...x......x...x..x...x......x...x.x...,68,Beginner,True
puzzle_320,9,A*AAAA**AA*AA*AAA**AAAAAAA*A*A*AAAA*AAAAA**AAA*AAAAAAA*A***AAA**A**AAAAAA*AAAAAAA,x..x..........x.x..x.x..........x.x.x.x..........x...x.x....x......x...x..x...x..,68,Beginner,True
puzzle_321,9,A*AAAA*AAA***AAA*AA***AAA****A*A*AAAAA*A*****A*AA*AAAAAAAA*A**A***A*A*A**AAA***AA,..x.x..........x.xx...x..........x.x.x.x..........x.x.x.x...........x.x..x.x.....,68,Beginner,True
puzzle_322,9,A*AA**AA****AAAAA**AA*A**AA***AAAAA*A*A**A*AAA***AA****A*A***AA*A***AA**AA*AA**A*,x.x..........x.x...x......x....x.x....x.....xx....x......x...x..x...x......x...x.,69,Beginner,True
puzzle_323,9,AA**AA*AA*AA*AAAAA**AAAA**AA*AA*A***AA*AAAAAAAA*AAAAAA**A**A*AA*A*A****A****AA*AA,x...x......x...x......x...xx.x............x.x.x.x..........x.x..x.x..........x.x.,69,Beginner,True
puzzle_324,9,AA**AA*AA*AA*AAAAA**AAAA**AA*AAAA***AA*AAAAAAAA*AAAAAA**A**A*AA*A*A****A****AA*AA,x...x......x...x......x...xx.x............x.x.x.x..........x.x..x.x..........x.x.,69,Beginner,True
puzzle_325,9,*AA***A*A****A*AA*AAA*A**A*A*A*A*AA**A***A**A***AAA**A*A***A*A***AA*AA**AA*A**AAA,..x.....x....x.x..x.x..........x.x...x......x...x.x....x.....x....x.x...x......x.,69,Beginner,True
puzzle_326,9,AAA*AAA*AAAAA***A******AAAAAA*A****AA**A*A*A**AAA**AA**A*A*A*A*A*AAA*******AA*A**,....x...xx.x............x.x.x.x..........x.x..x.x..........x.x.x.x..........x.x..,69,Beginner,True
puzzle_327,9,AA*AAA**A***AAA*A**AAA*A*A*****AA*AAAAA***A*A*A*AA*A*AA*AAA*AA*AA**A*****A**A*A*A,.x.x..........x.x..x.x..........x.x.x.x..........x...x..x...x..x...x..........x.x,69,Beginner,True
puzzle_328,9,*A*A*AAAA**AA*A*AAAAAAAA**A**AAAAAAA*AA*AAAA*AA*****AA*A**AAAAAA*AA*AAAAAAA**AAA*,.x.x..........x.x..x.x...........x.x..x.x....x.......x....x.x..x.x...........x.x.,69,Beginner,True
puzzle_329,9,AAAA*A*A*AA*A*AA**AA*AAAAAAAAAAAAA***AAAA*AA*AA*****AAAAAAA**A*AAAA*AA*A*AAA**AAA,.....x.x..x.x..........x.x.x.x..........x.x..x.......x..x.x..........x.x.x.x.....,69,Beginner,True
puzzle_330,9,**AAAAAAAAA*AA**A**A*A*A**A*A*AAA***A**A*AA*AAAAAA**A*AAA*A*AAAA*A*AA**A*A**A*A**,.....x.x..x.x..........x..x.x.x...........x.xx.x..........x..x.x.x..........x.x..,70,Beginner,True
puzzle_331,9,A***AA*AA*A*AAA**A*AAA*AAAAAAAA*A***A*A*AA*AAAAA*AA**AA*AAA***A**A*A*AA*AA*AAA**A,.....x.x..x.x...........x.x.x.x..........x.x.x.x..........x...x..x...x..x...x....,70,Beginner,True
puzzle_332,9,*A**AA*A*A*AA****AAA***AAA*AA*AAA*****A***AAAA*A*A*A*A***AA*A*A*A*A**A*A*A*A*A*AA,....x..x.x.x...........x.x..x.x...........x.xx.x..........x.x...x......x...x.x...,70,Beginner,True
puzzle_333,9,AAA**AAA*AAA***AAA**A*A**A*A**A**AAA**AAAAA*A*A******A*AAAA*A***AAA**AAAA***A*AAA,..x..x...x......x...x.x....x......x....x.x....x......x...x..x...x......x....x.x..,70,Beginner,True
puzzle_334,9,AAA**AAA*AAA***AAA**A*A**A*A**A**AAA**AAAAA*A*A******A*AAAA*A**AAAA**AAAA***A*AAA,..x..x...x......x...x.x....x......x....x.x....x......x...x..x...x......x....x.x..,70,Beginner,True
puzzle_335,9,AAA**AAA*AAA***AAA**A*A**A*A**A**AAA**AAAAAAA*A*****AA*AAAA*A**AAAA**AAAA*A*A*AAA,..x..x...x......x...x.x....x......x....x.x....x......x...x..x...x......x....x.x..,70,Beginner,True
puzzle_336,9,A****A*A*AA*AAA*A*AA*AAAAA*AA*A*A*AA**AAA*A*A*AA*A*AAAAA*AAAA**AAAAAA**AAA*A***AA,.....x.x..x.x..........x.x..x.x...........x.x..x.x....x.....x....x.x....x.......x,70,Beginner,True
puzzle_337,9,*AAA****AAA*AAA*AA*AAAAA*AAAA*A*A*AAAAA*AAA*AAAA*A*AA***AAAA*AAA*AAAAAAAAA*A*A*AA,.x.x..........x.x..x.x..........x.x.x.x..........x.x....x.....x....x.x..x.......x,70,Beginner,True
puzzle_338,9,*AA***AAA**AAAAA*AAA**A**AA*A*AAAAAA*AAA*AA*A*A*AA*AAAAAAAAA**A*AAAA*AAA**A****AA,.x.....x....x.x...x......x....x.x....x......x....x.x..x.x..........x.x....x.....x,70,Beginner,True
puzzle_339,9,AAAA**AA**A***AA*A*A*AA*A****AA****AAAAAAA****AA**A*A*AA**AA*A****AA*AA**A**AAA*A,...x..x...x......x....x.x....x.....xx...x......x....x.x....x......x...x..x...x...,71,Beginner,True
puzzle_340,9,A*AAAA*A**A*AAA*AAAA*****A****A*A*AA*AAAA*A*AAA**AAAA*AAAAA**AAAA*AA*A***AA****AA,x......x....x.x....x.....x....x.x....x......x....x.x..x.x..........x.x....x.....x,71,Beginner,True
puzzle_341,9,*A*A**A*AAAA**A**A*AA*AAA*AAAA*****AAAAAAA*AA*AAA*AAAA**AAAA***A*A***AAA**AAA***A,......x.xx.x..........x.x...x......x...x.x....x.....x....x.x...x......x...x.x....,71,Beginner,True
puzzle_342,9,*A**A**A**AAAAA***AAA**AAA***A*AA*A**A*A*AAAA*A*AAA*A**A*A*AA*AA*AA**AAA*AA*A*A**,.x.....x....x.x...x......x...x.x..........x.x.x.x..........x..xx.x..........x.x..,71,Beginner,True
puzzle_343,9,AA*AA***A***AAAAA*A*A*A*AA*A**AA*AA*AAA*A**AAAA**A**A*A***A*A*AAA*AAAA*AAA*AAAAA*,.x.x..........x.x.x.x..........x.x....x.....xx...x..........x.x.x.x..........x.x.,71,Beginner,True
puzzle_344,9,A**A**A****AAA*A*A*AA*AAA*AAAAAAA**AA*A*A**AA*AAA*A*AAAA*A*A**A*A**AA*A**AAA*****,x.....x......x...x..x...x......x...xx.x...........x.x..x.x..........x.x..x.x.....,71,Beginner,True
puzzle_345,9,**AAA*A*AAAAA*A*A*AA**AA*A**A*A*A**AAAA**AAA*A*AA*AAAA****A*AAAA*AA***A*AA*AAAAA*,......x.x.x.x..........x.x..x.x..........x.x.x.x..........x...xx.x..........x.x..,71,Beginner,True
puzzle_346,9,A*AA*AAA*AAAAAA****AA*A**AAAAAAA*****A*A**A*A*A*AA**AAA***AA*A*AA*A**AA*A****AA*A,..x...x..x...x......x....x.x...x..........x.x.x.x..........x.x..x.x..........x..x,71,Beginner,True
puzzle_347,9,***AAAA**AAA**AAAA**AAA********A*A*A*AAAA*AAA*A****AAAAAA**A**A**A**AAA*AA*A*A*A*,...x.x...x......x...x.x..........x.x.x..x..........x.xx.x...........x.x..x.x.....,72,Beginner,True
puzzle_348,9,A**AAAA*A*AAA*A*****AAAAAA**AAA**A*AAA**A*AAAAAAAAA**A**A****A*A*A*A**A*AAA*AAA*A,.....x..x.x.x..........x.x..x.x...........x.xx...x......x....x.x...x......x...x..,72,Beginner,True
puzzle_349,9,**A*A***AA*AAA*AAA***AAA**A*AA*AAA*AAAA*A*A**A*AAA**A*AA****AAA*AAA****AA****A*A*,..x.x....x......x....x.x....x......x....x.x..x.x............x.x.x.x..........x.x.,72,Beginner,True
puzzle_350,9,*A*AA*A**A***AA*AAAAA*A*AAAA*A*A*A*AAA*A****A**AAAA***A*A**AAA**AA*A*AA*A*A***AAA,.x.x..........x.x.x.x..........x.x...x......x...x.x...x......x...x.x..........x.x,72,Beginner,True
puzzle_351,9,A****AA**A**A***AA*A***AAA**AAA*A*AA*A****A*A**A*A*A*A**A***A*AAA*AA*****AAAA**A*,x....x......x...x..x...x......x....x.x....x......x...x..x...x..x...x......x....x.,72,Beginner,True
puzzle_352,9,*A*A**A**A*A**A*A*A*AA*A*AA*A**AAAAAAA*A**A********A*AAAA*A******A*A*AA*A***A*AAA,.x.x..........x.x.x.x...........x.x..x.x...........x.xx...x......x...x......x...x,72,Beginner,True
puzzle_353,9,**A*AA**AAAAA*AA**A**AAAAA*A*AA*A*AA*A**AAAA**AAA*AA********AAA*A*AA******A*AAAA*,....x...xx.x..........x.x..x.x...........x.x..x.x...........x.x.x.x..........x.x.,72,Beginner,True
puzzle_354,9,*AAA**A*A*AAAAAAAAA*AAA****AAA*A*A*AAAAAA**AAA**AA*AAAA*AAA*A*A*A*AAA*A*AA*A***AA,.x.x..........x.x.x.x..........x.x....x.....x....x.x..x.......x...x.x....x.....x.,72,Beginner,True
puzzle_355,9,AAAAAA**AA*AAAAA*AAAAA**A*A*AAAAAAA****AAA**AA*AA*A*A****A*AAAA*A*A**A**A**A*A*AA,..x.x....x.....x.....x....x.x....x......x...xx.x...........x.x..x.x..........x.x.,73,Beginner,True
puzzle_356,9,AA*AA*AA**AAA*A*A**AAAAA******A*A*AAAAAAA**AA**A***AAAAA**AA*****A*AAA***A**AA**A,.x.x..........x.x..x.x..........x.x.x.x............x.xx...x......x...x......x...x,73,Beginner,True
puzzle_357,9,*A***A*AA**AA*A****AAA*A*AA***AA*AAAA*A*A*****A**A*A*A**A*AA**AA*****AA*A**A*AA**,.x.....x....x.x....x......x....x.x..x.x............x.x..x.x....x......x....x.x...,73,Beginner,True
puzzle_358,9,*A*AA***A**A*A*AAAA*AAA*A******A*AAAA*A**A*A***A*AA*A**AAA****A**AAAA*AA*A*A*AAA*,....x...x..x...x..x...x..........x.xx.x...........x.x..x.x..........x.x..x.x.....,73,Beginner,True
puzzle_359,9,*AAAAAAAAA*A**A***AAAAA**AAA***AAAA**AAAAA******AA*A*A*A*A*AA*AAA*AAAAAA*AAA*****,.....x.x.x.x..........x...xx.....x....x.x..........x.x.x.x..........x.x..x.x.....,73,Beginner,True
puzzle_360,9,AAAA*A***A*AAAA*A*A*A**A**AAA****AA***AAAAA*******AAAA*A*AA**AA****AAA*A*AAA****A,...x.x...x......x...x..x...x......x...x.x..........x.x.x..x..........x.x.x.x.....,73,Beginner,True
puzzle_361,9,**AAA*AAAA*A*A****A*AA*A**AAAAAA*********AAAA*AAA**AAA***A*AAA*AA*A*A**AA*AA*A*AA,..x...x..x...x......x.....xx...x..........x.x.x.x..........x.x..x.x..........x.x.,73,Beginner,True
puzzle_362,9,AAAA*A*AAAA*A*A**A***A*AAA**AAA**AAA*****AAAAAAAAA***AA*AA*A**AAAA*A******AAA*AAA,.....x.x..x.x..........x.x..x.x...........x.xx...x......x.....xx...x......x...x..,73,Beginner,True
puzzle_363,9,AA*AAAA*****A**AAA**A*A*A**AA***AA***AAAA*AAAA*A*AA*AA*A*A***AA*A**AA*A**AAAAA*A*,.x..x..........x.x..x.x....x.....x....x.....xx....x......x...x..x...x......x...x.,73,Beginner,True
puzzle_364,9,*A*AAA*****AAA**AAAA*A*AAAA**AAA*AAAAA**AAA*A**A*A****A*AA***A***AAAAAA*A*AAAAA*A,.x...x......x...x..x...x......x....xx.....x....x.x....x......x...x.x..........x.x,74,Beginner,True
puzzle_365,9,A*AA*AAA**AA*A*A******A*A*AAA*AAA****A***A*AA*AAA****A**A**A*A*A*A*****A****A*A**,x......x...x.x..........x.x.x.x..........x..x.x.x..........x.x.x.x..........x.x..,74,Beginner,True
puzzle_366,9,*AAAAAA*AAA****AA****A*AA**AA*AAA*AA**A*A*AA*A*****A*A*A*AAA*****AA**A*AAA**A****,..x..x...x......x....x.x...x......x...x.x..........x.x.x.x...........x.x.x..x....,74,Beginner,True
puzzle_367,9,*AA*A*A*A****AA*AA*A*A*AA****AAAA**AAA***A**AA*AAAA*AAA*A**A*****A*AA*AAA*AAA*A**,..x...x......x...x.x....x.....x....x.x...x......x...x.x....x.....x....x.x...x....,74,Beginner,True
puzzle_368,9,*A*AAA*AAA*A*AA**A*AAA**AAA****AAAA**AAAAA*AA*AA*A*A**AAAA*AAAAAAA**A*AA*AAA**AAA,...x...x.x....x.....x.....x....x.x...x......x....x.x..x.x...........x.x..x.x.....,74,Beginner,True
puzzle_369,9,**A*AAA*******AA*AA*AAA******A*A*A*AA*A**A********AAAA*A*AAA*****A**A*AAAA*AAAAA*,..x.x..........x.xx...x..........x.xx.x...........x.x..x.x..........x.x..x.x.....,74,Beginner,True
puzzle_370,9,*A**A*A**A*AAAA**AAAA*A*AAAAAAAA**A*A*AA*AA*A*AAAAA****A*A*A**AAA*AA**A***AAAAAAA,....x.x..x.x..........x..x.x.x............x.x.x.x..........x..x.x.x..........x.x.,74,Beginner,True
puzzle_371,9,AAAA***A*AA***AA****A*AAAAA**A*A*A**A*A*A***AA***A*A*A*AAAA*AAAA*AA*A**A*A*A*A*AA,...x...x.x....x.....x.....x....x.x..x.x..........x.x...x......x...x.x....x.....x.,74,Beginner,True
puzzle_372,9,A**A*AA*AAA*A*AAA***A*A***A**AA**AA*A**AAAA***AA*AA*A*AAAAAA*AA**AA***A**A**AA***,...x....x.x....x......x...x..x...x..x...x......x....x.x....x......x...x..x...x...,75,Beginner,True
puzzle_373,9,*AAAA**AAAAAA*A**A*A*AA**AAA**AAA*A***AA**AAA*A**A*A*AA*A*AAA******A*AAA*AA**A**A,...x...x..x...x......x...x.x....x.....x.....x....x.x..x.x..........x.x...x......x,75,Beginner,True
puzzle_374,9,AA**AAAA*A**A*AAAAAA**AA*A**A*AAA**AAAA**AA**A*A*A**A***AAAAA*AAAA*A****AA*A**AA*,.x...x......x...x..x...x......x....xx.....x....x.x..........x.x..x.x....x......x.,75,Beginner,True
puzzle_375,9,AAAAAAAAA*AAAAAAA*AA**A*AA*A*AAAAA**AA*A***A**AAA*AA*AAA*A*AA*A***A*A***AAA***AAA,......x.x..x.x....x.....x....x.x....x......x....x.x....x......x...x.x....x.....x.,75,Beginner,True
puzzle_376,9,AAA*A*AAA***A*A***AA*A*AA*A*AAA*AA*AAA*A***A*A*AAAAA**AA**A*AA**AAAAAAA*AAAAAAAAA,.x.....x....x.x....x......x...x.x...x......x...x.x....x.....x....x.x..........x.x,75,Beginner,True
puzzle_377,9,*AAAAA**A*AA*AAA*A*A*A***A*A***AA*A**A*A*AAAA*AA**AAAAAAAAAA*A***A***AA*A****A*A*,..x.x..........x.x.x.x..........x.x..x.x...........x.xx...x......x....x.x....x...,75,Beginner,True
puzzle_378,9,*AA*AA***AAA***AA****AA*A*AAAAA********A*AAA**A*AA***A*A**AAAA*AAAA**A**AAAA**A*A,..x.x....x.....x......x...xx.x...........x.x..x.x..........x.x..x.x...........x.x,75,Beginner,True
puzzle_379,9,AA*A***AA*AAAA*AAAA*AAA*AAAAA***A*A**AAAAA******AAAAAA**A*A*AA*A**A**AA****A*A**A,.x......x....x.x..x.x...........x.x..x.x...........x.x..x.x....x......x....x.x...,75,Beginner,True
puzzle_380,9,*A***A*A****AAA*AA*A**AA**AAA*A**A*AA****AA*A**A*A*A*A*AAA**A**A***A***A*AAAA**A*,.x...x......x...x..x...x......x....xx.....x......x...x..x...x..x...x......x....x.,76,Beginner,True
puzzle_381,9,A***AAA*A*A*A*A**A*A*A*A***AA****AAA*A*AAAA*AAAA****AAAAA***AA*A*AAAA*AAA*AA***AA,....x.x...x......x...x.x....x.....x....x.x...x.......x..x...x..x...x......x....x.,76,Beginner,True
puzzle_382,9,*A*AA****AA**AA*AAAAA*A*****AA*A**AAAAA*AAA*A**A*AAA*A*****AA*AAA*A*A*A****A*AAA*,.x.x..........x.x.x.x..........x...xx.....x....x.x..........x.x.x.x..........x.x.,76,Beginner,True
puzzle_383,9,AA*AAAAA*A*A****A*****A*AAAA*A**AAAAAAA**A*A**A*A*A**AA***AA*A*AAAA*A*A***AAA*A*A,....x.x..x.x..........x...xx.x...........x.x..x.x..........x.x..x.x...........x.x,76,Beginner,True
puzzle_384,9,*AAAAA**A*AA*AAA*A*A*A***AAA***AA*A**A*A*AAAA*AA**AAAAAAAAAA*A***A***AAAA****A*A*,..x.x..........x.x.x.x..........x.x..x.x...........x.xx...x......x....x.x....x...,76,Beginner,True
puzzle_385,9,A*A*AA*AAA*A*****AA**A*AAA**AAA**A*A**AAA*A*AA*A*AA**AAA*AAA*A**A*AA*A**A****AAAA,..x.x....x.......x...x..x...x......x....x.x..x.x...........x.x..x.x..........x.x.,76,Beginner,True
puzzle_386,9,*AA*A*AA*A*A**AA*A***AA*AAA*AA*A**A*A*****AA**A*A*A**AAAAAA***AAA*A*A*AA*AAA*AAA*,....x.x..x.x............x.x..x.x....x......x....x.x....x......x...x.x....x.....x.,76,Beginner,True
puzzle_387,9,AA*A*A*AA**AAAAAA*AAAA*AA*AA*A**A****AAAAAA***AA*AAAAAAAAA*A*A**AAA*AAA****AAA**A,x......x...x.x..........x.xx.x..........x.x...x......x...x.x....x.....x....x.x...,76,Beginner,True
puzzle_388,9,AA*A*A**A****AAAA**A*AA*AAA**AA*AA*AAAA*AA**A*AA**AA*A*A**A***AA*A**AAAAA*AA*A*AA,.x.x..........x.x..x.x...........x.xx...x......x...x......x...xx.x...........x.x.,76,Beginner,True
puzzle_389,9,**AAAAAA*******A*AAA*AAA*****AA*AAA*A*A***AAA**AAAAAAA*AAAAA****AAA**A*A*AA*AA*A*,..x.x..........x.xx..x..........x.x.x.x...........x.x..x.x...........x.x.x..x....,77,Beginner,True
puzzle_390,9,AA*AAA***A**A*AAAA**AAA*A***AA**AAAA*AAAA*AA*AAA*AAAA**A*AA****AAAA*A*A*AAA**AAAA,x...x..........x.x..x.x..........x.x.x.x..........x.x..x.x..........x.x.x.x......,77,Beginner,True
puzzle_391,9,AA****A*AAAA***A***AAAAAA*AAA*AA*AAAAA*A*A**AAA*AAAAAAAAAA*A*AAA*AAAA*A**AA*A*AA*,......x.xx.x..........x.x...x......x...x.x....x.....x....x.x...x......x...x.x....,77,Beginner,True
puzzle_392,9,*AAA*AAA*AA*AAAA**A****AAA**A*AA*A***AAA**A*AAAA*A*****AA*AAA*AAAA*A*A**A***AA*A*,.....x.x..x.x..........x.x..x.x...........x.xx.x..........x...x..x...x..x...x....,77,Beginner,True
puzzle_393,9,*A*AAA**A***AAA*A**AAA*A*A*****AA*AAAAA***A*A*A*AA*A*AA*AAA*AA*AA**A*****A**A*A*A,.x.x..........x.x..x.x..........x.x.x.x..........x...x..x...x..x...x..........x.x,77,Beginner,True
puzzle_394,9,*A*AAAAA*AAAA**A*AAA*AA*AAAAAA**AAAAA**AA*AA*AAAAA*A*A*A*AAA*AA*AAA*A*AA*A***AA**,....x..x.x.x..........x.x....x.....xx.....x.....x....x.x...x......x...x..x...x...,77,Beginner,True
puzzle_395,9,*A*AAAA****A*A***AA*****AAA**A*AA**AA****AAAA***AAA**AAAAA***AA*A*AAA*A**A***A**A,....x.x....x.....xx.....x....x.x....x......x....x.x....x.....x....x.x....x......x,77,Beginner,True
puzzle_396,9,**A*A*A**AAA*****A**A**A*A**AAA****A*A*AAA*AAAA*AAA**AA***A*A*A*AA*A*A**A*AAAAAA*,....x.x..x.x...........x.x..x.x..........x..x.x.x...........x.x..x.x....x......x.,77,Beginner,True
puzzle_397,9,*A**AAAA*A**AAA**AAA*AAA*A*A*AA*AA*AA*A**AA*AA*AA*AAA*A**AAAAAA**A***AAA**A*A****,.x.....x....x.x....x.....x....x.x...x.......x..x...x..x...x..........x.x..x.x....,78,Beginner,True
puzzle_398,9,AAAA**A***A*A*AAA*AA*AA****AA**AAAAA**A*AAA*AAAAAA*AA***AA*AAA**A*A*AA*AAA*AA*AA*,x.x...........x.x..x.x...........x.x..x.x....x......x....x.x....x......x....x.x..,78,Beginner,True
puzzle_399,9,*A*AA***A**A*A*AAAA*AAA*A******A*AAAA*A**A*A***A*AA*A**AAA****A**AAAA*AA*AAA*AAA*,....x...x..x...x..x...x..........x.xx.x...........x.x..x.x..........x.x..x.x.....,78,Beginner,True
puzzle_400,9,AAA**AAA*A*AA*AAAA*A**AAAAAAA*****AA*AA*AAAA***AAAAAAAAAAAAA*AAA*AA*AAAAAA*A*AAAA,.....x.x.x.x..........x.x..x.......x..x.x..........x.x.x.x..........x.x..x.x.....,78,Beginner,True
puzzle_401,9,*A*AA***A**A***AAAA*AAA*A******A*AAAA*A**A*A***A*AA*A**A*A****A**AA*A*AA*A*A*AAA*,....x...x..x...x..x...x..........x.xx.x...........x.x..x.x..........x.x..x.x.....,78,Beginner,True
puzzle_402,9,*A*AA*AAAA*****A****AAAA**AAA*AA*A*AAAAAA**AAA***AAAAA*A*A**AA***AA*A*AAA*A*AAA**,....x...xx.....x....x.x..........x.x.x.x..........x.x..x.x..........x.x.x.x......,78,Beginner,True
puzzle_403,9,AAAA*AAAAA**AAAAAA*AAA*****A*A*AA*AAAAA**A*A**A**AAA*A**A*A**AAA***AAA*A**AA**A*A,.x.x..........x.x..x.x..........x.x.x.x..........x.x....x.....xx...x..........x.x,78,Beginner,True
puzzle_404,9,A*A*AAA***AAA*A*AA*A*A**AA*A***AAAAAAAAAA**AAAA*AA*A*A**AAAA**AA*****A***A*AA*AAA,x.x...........x.x..x.x..........x.x..x.x...........x.x..x.x....x.....x......x...x,78,Beginner,True
puzzle_405,9,*A****AAA*A*A*A**AAA*AA**AA***A*A**A*A*AA**AA*AAAA*A*AA*A****AA****AA**A*AAAA*A**,.x.....x....x.x...x......x....x.x....x......x....x.x..x.x..........x...x..x...x..,79,Beginner,True
puzzle_406,9,*A****AAA*A*A*A**AAA*AA**AA***A*A**A*A*AA**AA*AAAA*A*AAAA****AA****AA**A*AAAA*A**,.x.....x....x.x...x......x....x.x....x......x....x.x..x.x..........x...x..x...x..,79,Beginner,True
puzzle_407,9,AA*AA*AA***A*****AAAAA*AA*AA*AAAAAAAA*A**AAAAA*AAAA*A*AAAA*AAA**AAAAAA*AAAA*AAA*A,....x.x....x.....xx.....x....x.x....x......x....x.x....x.....x....x.x....x......x,79,Beginner,True
puzzle_408,9,A**A**A****A*A**A*AAA*A*AA***A*A***A**AAA*A*AAA*AAAAA*AA***A*AAAAAA*A*AAAA**AA*A*,x.....x....x.x....x......x...x.x..........x.x.x.x..........x..x.x.x..........x.x.,79,Beginner,True
puzzle_409,9,*AA***AAA*A*A*A**AAAAAA**AA*A*A*A**A*A*AA**AA*AAAA*A*AAAA*A**AA**A*AA*AA*AAAA*A*A,.x.....x....x.x...x......x....x.x....x......x....x.x..x.x..........x...x..x...x..,79,Beginner,True
puzzle_410,9,A***A*AAA*A*AAAAA**AAA*AAAAA*A*AA*A***AAA**A*A*A**A**AA**AA*A**AA*A**A*AA*AA*AAA*,......x.x.x.x..........x.x.x.x..........x..x.x.x..........x.x...x......x...x.x...,79,Beginner,True
puzzle_411,9,AAA*A**A*AAA******A*AAAAAA*AA*A**A*AAAA***AAAA*A*A*A****AAAAAAA*A*AA**AA***AAAA*A,....x..x.x.x...........x.x..x.x...........x.xx.x..........x.x...x......x...x.x...,79,Beginner,True
puzzle_412,9,*AAA*AAAAAAAAAA*A*AAAA*AA*A**A*A*AA***AAAA**AA**AA*AA*AAAAA****A*A**A*AA***A*A*AA,.x.....x....x.x....x......x....x.x....x.....xx.....x....x.x....x......x....x.x...,79,Beginner,True
puzzle_413,9,*AAA*AA*AA*A**A*AAA*A*AA**AA**A**A*A*A**AAA***A*AA*A*AAAAA*AAA**AAAAA*A*AAA*A***A,...x.x...x......x...x.x..........x.x.x..x..........x.x.x.x..........x.x.x.x......,79,Beginner,True
puzzle_414,9,*A*AAAAA*A***AAAA*AA*A**AAA**A**AAAAA***A**A***AA*AA**AA**AA**AA*A*A*A*AA**A*A*AA,.x.x..........x.x..x.x...........x.xx...x......x...x......x...xx.x...........x.x.,80,Beginner,True
puzzle_415,9,A*AAA**A*A**AAA*A**A*A*AAA**A*AAAA*A*AA***A*A*AAAAAA*AA*AA**A*AA*****A****A*A***A,x......x....x.x....x.....x....x.x....x......x....x.x....x.....xx.....x....x.x....,80,Beginner,True
puzzle_416,9,*AAA*AA*AAAAA*A*AAA*A*AA**AA*A**AAAA**A*AA****A***AA*AAA**AAA**A***A*A*AAA*A**A**,...x.x...x......x...x..x...x......x...x.x..........x.x.x..x..........x.x.x.x.....,80,Beginner,True
puzzle_417,9,*A*AA*AAA***A*AA*AAAA*A**AAA*A*A*A*AA*AAA**AAA***A*A***AAAA**A*AA*A*A*A***AA*AA**,.x.....x....x.x....x......x....x.x....x.....xx.....x....x.x....x......x....x.x...,80,Beginner,True
puzzle_418,9,AAAA*A*A*AA***A*AAAAAA***A***A*AAAAAA*A*A***AAA*A**A*AA*AAA***A**A*AAAAAA*A**AA**,.x.x..........x.x..x.x...........x.x..x.x..........x.xx...x......x....x.x....x...,80,Beginner,True
puzzle_419,9,*A***AAAA**AAA*AAAA***AAAAA**A*AA*A*AAA**AAAA***AA***A*AA*AAAAA***AAAAA*AAAA*AA**,......x.x..x.x....x......x...x.x....x.....x.....x....x.x...x......x...x..x...x...,80,Beginner,True
puzzle_420,9,AAA***AA*A**A*A*A*AA**AAAAAA**A*A*A*AA**AA*A*A*A*AAAA*AA**A*AAAAA*AA*A****A*AAAA*,.x.....x....x.x....x......x...x.x...x......x...x.x..........x.xx...x......x...x..,80,Beginner,True
puzzle_421,9,AA*AA*A*AAA*AAAA**AAAAAAA*AA*A*AAAAA*AAAA***A*A*AAA*AAAAAA*AA**AAAA*AAAAAAA***A**,....x...xx.....x....x.x..........x.x.x.x..........x.x..x.x..........x.x.x.x......,80,Beginner,True
puzzle_422,9,*AAA*AA*AAAAA*A*AAAAA*AA**AA*A*AAAAA**A*AA****A***AA*AAA**AAAA*A*AAA*A*AAA*A**A**,...x.x...x......x...x..x...x......x...x.x..........x.x.x..x..........x.x.x.x.....,81,Beginner,True
puzzle_423,9,A*AA*AAA*AA*A**A*AA**AA*A**A*A**A**A**AAA**A*A*A*AA*A**AAA*AAAA*A*A*AAA*A***A*AAA,...x.x....x......x....x.x..x.x..........x..x.x.x...........x.x..x.x...........x.x,81,Beginner,True
puzzle_424,9,*A****AAA*A**AAA*A*AA*A*AA*A*A*AA**AA*AAA**AAAA****AAAAA*AAAAA**A**AA*AA*A*AAAAA*,.x....x......x...x..x...x..x.......x..x.x....x......x....x.x....x.....x....x.x...,81,Beginner,True
puzzle_425,9,AA*A*A*AAAAAA**AA*AAAAA*A*AAA*AA*A*AAAAA**A*A*A*****AA*A*AAA*A*AAAAA*AA***AAA*A*A,.....x.x.x.x..........x.x...x......x...x..x...x......x...x.x...x......x...x.x....,81,Beginner,True
puzzle_426,9,AAA*AAA****A***A*A*AAAA**AA**A*A*AAAAAA*****A*AAA*AAAA*AAAAA*AAAA**AAAA**A*AA****,x...x..........x.x..x.x..........x.xx.x...........x.x..x.x..........x.x..x.x.....,81,Beginner,True
puzzle_427,9,*A**A**A**AAAAA***AAA**AAA*A*A*AA*A**A*A*AAAAAA*AAA*A*AA*AAAA*AA*AA**AAA*AA*A*A**,.x.....x....x.x...x......x...x.x..........x.x.x.x..........x..xx.x..........x.x..,81,Beginner,True
puzzle_428,9,AA*A***A**A*A*A**AA*AA**AAAAAAA*AAAA*A*A***AAA**AAAA*AAAA**AAA****AA*AA*A*A*AA**A,.x.....x....x.x...x......x....x.x....x......x....x.x..x.x..........x.x....x.....x,81,Beginner,True
puzzle_429,9,AA*A***A**A*A*A**AA*AA**AAAAAAA*AAAA*A*A***AAA*AAAAA*AAAA**AAA****AA*AA*A*A*AA**A,.x.....x....x.x...x......x....x.x....x......x....x.x..x.x..........x.x....x.....x,81,Beginner,True
puzzle_430,9,*A**AA*AA*A***AAAAAAAA*****A**A*AAAA*A*AA*AA***AAAAAAA*AAAA****AAAAA**A*A**A*AAA*,.x..x..........x.xx.x...........x.x..x.x...........x.x..x.x....x......x....x.x...,82,Beginner,True
puzzle_431,9,A**A*A*AA*A*A**A*****A*AAAAA*AA*A*A****AA***A*AAAAAAA*AAAA**A*AA*AAAAA*AAAAAAA**A,.....x.x..x.x..........x.x.x.x..........x...x.x....x.....x....xx.....x....x.x....,82,Beginner,True
puzzle_432,9,*AAA*AAA**AAAAAAAAAAAAA**A***AAA*AAA*AA*****A*AAAAA*A*A***AA*AA*AAAAAA****A***AAA,.x.x..........x.x.x.x..........x.x...x......x...x.x...x......x...x.x..........x.x,82,Beginner,True
puzzle_433,9,A****AA*AAA*A**AAAA***AA*A**A*AA**AA*A*A**A*AAAAAA*****AA*A**AAAAAAAAA**A*AA*AAA*,.....x..x.x.x..........x.x..x.x...........x.xx...x......x....x.x...x......x...x..,82,Beginner,True
puzzle_434,9,A***AA*A*AAA***A****A*AAA*AAAA*A*****A*A**A*A*A*AA*A**A****AAA*AA*A*AA***AAA*A*A*,x...x......x...x......x...xx.x............x.x.x.x..........x.x..x.x..........x.x.,82,Beginner,True
puzzle_435,9,AAAAAAA***A**AAAAAA**A*A*A****AAAAA*A*AA*AA*AAA**AAAAAAAA*A*AAAA**AAAA*A**A*A**A*,.x.x..........x.x.x..x..........x.x.x.x............x.x.x..x..........x.x..x.x....,82,Beginner,True
puzzle_436,9,*A*A*A*A*A**AA*A*AAAA**AAA**AA*A****A***AAAA***A*A*AA*AAAA*AAAAAA*A**AAAAAA**A*A*,.x...x......x....xx.....x....x.x....x......x...x.x..........x.x.x.x..........x.x.,82,Beginner,True
puzzle_437,9,AA*A*A*A*A**AA*A*AAAA**AAA**AA*A****A***AAAA***A*A*AA*AAAA*AAAAAA*A**AAAAAA**A*A*,.x...x......x....xx.....x....x.x....x......x...x.x..........x.x.x.x..........x.x.,82,Beginner,True
puzzle_438,9,AA*A*A*A*A**AA*A*AAAA**AAA**AA*A****A***AAAA***A*A*AA*AAAA*AAAAAA*A**AAAAAA**AAA*,.x...x......x....xx.....x....x.x....x......x...x.x..........x.x.x.x..........x.x.,82,Beginner,True
puzzle_439,9,*A****AAA*A*A*A**AAAAAA**AA***A*A**A*A*AA**AA*AAAA*A*AAAA****AA****AA**A*AAAA*A**,.x.....x....x.x...x......x....x.x....x......x....x.x..x.x..........x...x..x...x..,83,Beginner,True
puzzle_440,9,A**A**A*A*AA**AAAA*AAA**AA*A**AAA*****AAA*AA*AA*AA*AAA**A*A*AA*****AA*AA*A***AA*A,...x....x.x...x......x...x.x....x.....x....x.x...x......x...x......x...x.x....x..,83,Beginner,True
puzzle_441,9,A*AAA**AAA**AAAAA**AAA*AAA**A*AAAA*A*AAA**A*A*AAAAAA*AA*AA*AAAAA*****A***AA*AA*AA,x......x....x.x....x.....x....x.x....x......x....x.x....x.....xx.....x....x.x....,83,Beginner,True
puzzle_442,9,****AA*AA*AAAA***AA*A**A*AAAAA***AA****AAAA*AAA*****AA*AAA*AAAAAAA*A**AA**A*A**AA,.....x.x..x.x..........x.x.x.x..........x.x...x......x...x..x..x.......x..x.x....,83,Beginner,True
puzzle_443,9,AAAA**A**A**A**A*AAAA*A***AAA**A*A*A*A**A*AA*AAAAAA*A****AAA*AA*A*A*AA*A**A**AAAA,.x.x...........x.x..x.x....x.......x....x.x..x.x...........x.x..x.x..........x.x.,83,Beginner,True
puzzle_444,9,**A**AAAA*A*A*AA*A***AAA*AAAAAAAA*A**A**A*AA*AA**A*A*AAAA*A***AA*AA**A*AAAAA**A**,.....x.x..x.x..........x.x.x.x..........x.x..x.......x..x.x..........x.x.x.x.....,83,Beginner,True
puzzle_445,9,AAAA**A**A*AA**A*AAAA*A***AAA**AAA*A*A**A*AA*AAAAAA*A****AAA*AA*A*A*AA*A**A**AAAA,.x.x...........x.x..x.x....x.......x....x.x..x.x...........x.x..x.x..........x.x.,83,Beginner,True
puzzle_446,9,A**AAAA*A*AAA*A**A**AAAAAA**AAA**A*AAA**AAAAAAAAAAA**A*AA****A*A*A*A**A*AAAAAAA*A,.....x..x.x.x..........x.x..x.x...........x.xx...x......x....x.x...x......x...x..,83,Beginner,True
puzzle_447,9,*A****AAA*A*A*A**AAAAAA**AA***A*A**A*A*AA**AA*AAAA*A*AAAA****AA****AA*AA*AAAA*A**,.x.....x....x.x...x......x....x.x....x......x....x.x..x.x..........x...x..x...x..,84,Beginner,True
puzzle_448,9,AA**A*AA***A*****AAAAA*AA*AA*AAAAAA*A*A**AAA*A*AAAA*A**AAA*A*A**AAAAA**AAA**AAA*A,....x.x....x.....xx.....x....x.x....x......x....x.x....x.....x....x.x....x......x,84,Beginner,True
puzzle_449,9,AA*AA*AA***A*****AAAAA*AA*AA*AAAAAA*A*A**AAA*A*AAAA*A**AAA*AAA**AAAAA**AAAA*AAA*A,....x.x....x.....xx.....x....x.x....x......x....x.x....x.....x....x.x....x......x,84,Beginner,True
puzzle_450,9,**AAAA****A*A*AAAA***A*AA**A*A**A*A***AAA*A*AAAAAA*A*AAA**A*A**A***A*A*AAAAA**AA*,...x.x....x.....x....x.x...x......x...x.x..........x.x.x..x..........x.xx.x......,84,Beginner,True
puzzle_451,9,*A*A****A*A*AAAAAAA*A***AA***A*A*A*A*A**A***A*AA***A*AAAA*A*A**A*A****AA*A*AAA*A*,.x.x..........x.x.x.x............x.x.x..x..........x.x..x.x....x......x....x.x...,84,Beginner,True
puzzle_452,9,****AA*AA*AAAA***AA*A**A*AAAAA***AA****AAAA*AAA*****AA*AAA*AAAAAAA*A**AA**A*AA*AA,.....x.x..x.x..........x.x.x.x..........x.x...x......x...x..x..x.......x..x.x....,84,Beginner,True
puzzle_453,9,AAAAAAA**AAA**A*AAAA*AAA*******AAAA*A**AAAA**A***AAAAA*AAAAAA*A*AAA**AAA*A**A**A*,x.x...........x.x..x.x..........x.x.x..x...........x.x..x.x..........x.x.x..x....,84,Beginner,True
puzzle_454,9,*AAAAA*A*AA*AA**A**A*AAA*AAAAA****AA*A**AAA*AA**AA*A*A*AA*A*AA*A*AAA**A*AAA****A*,...x.x....x.....x....x.x....x......x....x.x..x.......x..x...x..x...x......x....x.,84,Beginner,True
puzzle_455,9,AA*A***AA*AAAA*AAAA*AAA*AAAAA***A*A**AAAAA******AAAA*A**A*A*AA*A**A**AA****A*A**A,.x......x....x.x..x.x...........x.x..x.x...........x.x..x.x....x......x....x.x...,85,Beginner,True
puzzle_456,9,A*AAA*AAAAAA****A***A*AA*A*A*A**********A*AAA*A**AA**AAA*A*AA***A*A*AAAAA**A**AA*,....x..x.x.x...........x.x.x.x..........x.x...x......x...x.x....x......x...x..x..,85,Beginner,True
puzzle_457,9,A*AAA*A****A*AA*AAA*A**A***A*AAAA*AAAA***A**A*AAAAA**A*AAAAAA**A***AA*AA*AAAA*A*A,x...x......x....x.x....x......x...x..x...x......x....x.x....x......x...x..x...x..,85,Beginner,True
puzzle_458,9,AAAAAAA*A*A*AAA*AAAA*A*AAA**AA***AA**AAAAAAA*AAA*AAAAAAAAAA*A*AAA*AA**AA*AAAAAA*A,....x.x...x......x...x.x....x.....x....x.x...x......x...x.x....x.......x..x...x..,85,Beginner,True
puzzle_459,9,*AAA*A**A*AAA***AAA**AAA*AA*AAA********A**AAAA*A*AA*AA*AA***AA*A**AA*A**AAA*A*A*A,.....x..x.x.x..........x.x..x.x...........x.xx...x......x....x.x...x......x...x..,85,Beginner,True
puzzle_460,9,A*AAA*AAAAAA****A***A*AA*A*A*A**********A*AAA*A**AA*AAAA*A*AA***A*A*AAAAA**A**AA*,....x..x.x.x...........x.x.x.x..........x.x...x......x...x.x....x......x...x..x..,85,Beginner,True
puzzle_461,9,*A*A*A*AA*A*A*AAA**A***A*AA****AAA**AAAAA*A*AAAA*A*AA*A*A**A**AA**AAA**AA*AA*A*A*,.x.....x....x.x....x......x....x.x..x.x..........x.x....x.....xx....x......x...x.,85,Beginner,True
puzzle_462,9,AAA*AAA*AA*AA*A**AAA*AA**A**AA*A*AA*******A*AAA*A**AA**A*AAA*AAA*A****A*A**AA*AA*,.x......x...x.x...x......x...x.x..........x.x.x.x..........x.x.x.x..........x.x..,85,Beginner,True
puzzle_463,9,*AA**A**AAA*AAA*AAAAA*AA*AAAAAA*AAA***AA*AA*AA***A*A**A*A*AAAAAA***A***AAAAAA**A*,.....x..x.x.x..........x.x..x.x...........x.xx...x......x...x..x...x......x....x.,85,Beginner,True
puzzle_464,9,*AAAAAAAAAAAAA*AAA**AAA****A*A*AAAAA*AA**A*AAAAAAAAAAAA**AA**A*AAAAAA***AAAAA**AA,.x..x..........x.x..x.x....x.....x....x.....xx....x......x...x..x...x......x...x.,86,Beginner,True
puzzle_465,9,*****AAAA*AAA*AAAA*AA**AAA*AAA*AAAA*AA*AA*AAAAAA*A*AAAAAAAAAA**AAAAA**A***A*A*A*A,......x.x.x.x..........x.x.x.x..........x.x...x......x...x.x...x......x...x.x....,86,Beginner,True
puzzle_466,9,*AAAA**AAA*AAAAAAA*AAAAA*AA*A*AAAAAAAAAA*A*AA*A*AAAAAAA*A*A**AA**AA***AA*AAAAAAAA,.x.x..........x.x..x.x..........x.x.x.x............x.xx...x......x.....x....x.x..,86,Beginner,True
puzzle_467,9,*AA*A*A******AA*AAA*A*AAA**AA**AAAAA*AA*A**AAAA**AA****AAAAAAAAAA**AAAA****A**A*A,.x....x......x...x..x...x..x...x......x....x.x....x......x...x..x...x......x....x,86,Beginner,True
puzzle_468,9,**A*A*AA*AA*AA******AAA*AAAAAAAA**AAAA**A*AA****AA**AAAAAAAAAA**AAAA**AAA*A**A***,..x....x.x...x......x...x......x...x.x....x.....x....x.x...x......x...x.x....x...,86,Beginner,True
puzzle_469,9,AA*AAA*A***A*A*AAAAAAAA*AA***A*A*A***AAA*AAAAA*A**AAA*AAAAAA*A**A**AA**AA*AA**AAA,.x..x..........x.xx.x..........x.x....x.....xx....x......x...x..x...x......x...x.,86,Beginner,True
puzzle_470,9,AAAA*AA***A**AA*AAA**A*A*A****A*A*A*A*AA*A**A****AAAAAAAA*A*AAAA**AA*A*A**A*A**A*,.x.x..........x.x.x..x..........x.x.x.x............x.x.x..x..........x.x..x.x....,86,Beginner,True
puzzle_471,9,*AA*AA******A*AAAA*A*A*******A**AAAAA**AAAAA***A*A*AA*A*A**A*A**AAA***A*AA**AA*A*,..x.x..........x.x.x.x...........x.xx...x......x....x.x....x......x...x..x...x...,86,Beginner,True
puzzle_472,9,AAA*AAA*A*AAAAA**A*AAA*AAA*A*AAAA*A*A*A**AAAAA*AAAAAA*AAAA*AA*A**A*****AAA*AA*AA*,.x......x...x.x....x.....x....x.x...x......x...x.x....x.....x....x.....x....x.x..,87,Beginner,True
puzzle_473,9,AAA*AAA*A*AAAAA**AAAAA*AAA*A*AAAA*A*A*A**AAAAA*AAAAAA*AAAA*AA*A**A*****AAA*AA*AA*,.x......x...x.x....x.....x....x.x...x......x...x.x....x.....x....x.....x....x.x..,87,Beginner,True
puzzle_474,9,*AAA**A***A*A***AA***A*AA**AAAAAAAAA*AA*A*A**A*A*****AAAAA*AAA*A*AAAA**AA*AAAAAA*,...x..x...x......x...x.x....x......x....x.x..x.x...........x.x.x.x..........x..x.,87,Beginner,True
puzzle_475,9,*AA**AAA*A**AA*A**AAAAAAAAAA**AAAAA*AAAA*AAAAA**A*AA**A**AA**A*AAAA*AA*A*AA*AAAAA,..x...x..x...x......x.....x....x.x...x......x...x.x...x......x....x.x....x.....x.,87,Beginner,True
puzzle_476,9,*A***A**A*A*AAA*A*AAAA***AA***AAA**AA***AAAAA**A*AA**AA*****AAA**A*A***A*A*AAAA**,.x......x...x.x....x.....x....x.x...x......x...x.x....x.....x....x.....x....x.x..,87,Beginner,True
puzzle_477,9,*A*A**AA****AAA**A*AA***AAA*AAA*AAA*A*A*****A*AA*AAA*AA**AAA*******A*A*A*AA*AA*AA,.x.....x....x.x....x.....x....x.x...x.......x..x...x..x...x..........x.x..x.x....,87,Beginner,True
puzzle_478,9,A*AAAAAA*AAAAAA**AAAAA*AAA*A*A*****A*AA*A*A**AAAAAAAAA***A*AA***AAA***AA*AAA**A**,....x..x.x.x...........x.x.x.x..........x.x...x......x...x.x....x......x...x..x..,87,Beginner,True
puzzle_479,9,**A*A**A*AAA**A**A***AAA*AAAAA*A**AA*A**A*A***A**AAA*AAA*AAAAA**AA***AAA**AAAA*A*,....x..x.x.x...........x.x.x.x..........x.x...x......x...x..x...x......x...x.x...,87,Beginner,True
puzzle_480,9,AAA*AA*A**AAAA*******AAAAAA*AAAA*A*****AAAA*AA***AA*****AAA*AAAAAA****AAAAA*A****,.....x.x..x.x..........x.x..x.x...........x.xx...x......x...x..x.......x..x.x....,88,Beginner,True
puzzle_481,9,A*AAAAAA**AA*A*A**A***A*A*AAA*AAA**A*A*AAA*AA*AAA****A**A**A*A*AAA*****AA*A*A*A**,x......x...x.x..........x.x.x.x..........x..x.x.x..........x.x.x.x..........x.x..,88,Beginner,True
puzzle_482,9,*AA**A*A*A**AAA***AAA***AA**AAA*AAA*A***A*A*AA*AAA*AA****AAA**AA*A*A****AA*AA*AA*,.x.....x....x.x....x.....x....x.x...x.......x..x...x......x...xx.x..........x.x..,88,Beginner,True
puzzle_483,9,*AA**A*A*A**AAA***AAA***AA**AAA*AAA*A***AAA*AA*AAA*AA****AAA**AA*A*A****AA*AA*AA*,.x.....x....x.x....x.....x....x.x...x.......x..x...x......x...xx.x..........x.x..,88,Beginner,True
puzzle_484,9,**AAAAAA****A**A*AAAAAAA*****AA*AAA*A*A***AAA**AAAAAAA*AAAAA**A*AAA**A*A*AA*AA*A*,..x.x..........x.xx..x..........x.x.x.x...........x.x..x.x...........x.x.x..x....,88,Beginner,True
puzzle_485,9,AAA***AAAAAA**AAAAAAAAAAAAAAAA*AAAAA**A*AAAA*A**AA**A*AA*A*AAAAAAA**AAAAAAAA*AAAA,x.x............x.x.x..x..........x.x..x.x....x......x....x.x....x.....x....x.x...,88,Beginner,True
puzzle_486,9,AA***AA*A*A*AAA*A*AAAA***AA***AAA**AA***AAAAA**A*AA**AA*****AAA*AA*A***A*A*AAAA**,.x......x...x.x....x.....x....x.x...x......x...x.x....x.....x....x.....x....x.x..,88,Beginner,True
puzzle_487,9,*A*A***AAAAAA*AA*AA*A*A***A*AA*AAAA*A***A*AAAAAA******AA***AAA*AA*AA*AAA*A*A*A*AA,.x.x...........x.xx...x......x...x......x...xx.x...........x.x..x.x..........x.x.,88,Beginner,True
puzzle_488,9,*A*A***AAAAAA*AA*AAAA*A***A*AA*AAAA*A***A*AAAAAA******AA***AAA*AA*AA*AAA*A*A*A*AA,.x.x...........x.xx...x......x...x......x...xx.x...........x.x..x.x..........x.x.,88,Beginner,True
puzzle_489,9,*A**AA***A**AAAA*A*AAAA*AAAAA***AAA**AAA*A*AAA**AAA*AA**AA*AA***A*A**A*AA*AAAAA**,.x..x..........x.x..x.x....x......x...x..x...x......x....x.x....x......x...x..x..,89,Beginner,True
puzzle_490,9,AAAA****A*A*AAA*A*AA*A*AA*A*AAA*AAAAA*A*AA*AAAAAAAA**A*AA*AAA*AA*AAA*A*AA**A**A**,.x.x..........x.x..x.x..........x.x.x.x..........x...x..x...x......x...xx.....x..,89,Beginner,True
puzzle_491,9,AAAA****A*A*AAA*AAAA*A*AA*A*AAA*AAAAA*A*AA*AAAAAAAA**A*AA*AAA*AA*AAA*A*AA**A**A**,.x.x..........x.x..x.x..........x.x.x.x..........x...x..x...x......x...xx.....x..,89,Beginner,True
puzzle_492,9,AAAAAA****AAAAAAA*AAAA*AAA**AA*A**A*AAAAAA*****A**AAAAA*AAAAAAA*A*AAAAAAA**AA**AA,.x...x......x...x.x....x.....x....x.x...x......x...x......x...x.x....x.....x....x,89,Beginner,True
puzzle_493,9,AA*AAA*AAAAAAAA*A***AAAA**A*A**A*AAA*AAAA***AAA*AA*AA*AAAA*****A*AAAAAAAAAAA*A*AA,...x...x.x....x.....x.....x....x.x...x......x....x.x..x.x...........x.x..x.x.....,89,Beginner,True
puzzle_494,9,AAAA*A*A*AA*A*****A***A*AAAA*AA**A**AAA*A*A*AAA*A*AA*AAAAA*A*A*A***A**AAA*AAAA***,.....x.x..x.x...........x.xx.x..........x.x...x......x...x.x...x......x...x.x....,89,Beginner,True
puzzle_495,9,*A**AAAA**A*AAAAAA*AA**A*AA*A*AAAA**A*AAAAAA*AAAAAAAAAA*A*AAA***AA*AA***AA**A*A*A,.x.....x....x.x....x......x...x.x...x......x...x.x....x.....x....x.x..........x.x,89,Beginner,True
puzzle_496,9,**AAAA*A**A****A*A*AA*AAA*AAAA*A**AAA*AAA*A***AA*A*A**AAAAAAAA*A*AAAA*A*AAAAA**AA,...x.x....x......x....x.x....x.....xx.....x....x.x....x......x....x.x....x.....x.,89,Beginner,True
puzzle_497,9,*A**AA**AAAAAA*A**A*A*A*AAA*AAA*AAAAA*A**A*AAA*AAA****AA**A*A**AAA**A*A*A***AAAAA,.....x..x.x.x...........x.x.x.x..........x.x.x.x..........x.x..x.x..........x..x.,90,Beginner,True
puzzle_498,9,*AAA**AAAAAA**AA*AAAAAA**A*AA*****AA**A*A*AA*AAAAAAA**A**A*AAAA*A*A**A**AAAA*A*A*,.x.x...........x.x..x.x....x.......x....x.x..x.x...........x.x..x.x..........x.x.,90,Beginner,True
puzzle_499,9,*AAAAA***A*AA*AA*AA*AAAAAA*AA**AAA*A*AAAAAA**AAA*AA*AAAAA****A**AAAAA*AA*A*A*A**A,..x.x..........x.xx...x..........x.x.x.x..........x.x.x.x...........x.x..x.x.....,90,Beginner,True
puzzle_500,9,A**A**A**A*AAA*A*A*AAAAAA*AAAAAAA**AA*A*AAAAA*AAA*AAAAAA*A*AA*A*A*AAA*AAAAAA****A,x.....x......x...x..x...x......x...xx.x...........x.x..x.x..........x.x..x.x.....,90,Beginner,True
puzzle_501,9,*A**AA*A*A*AA****AAA*A*AAA*AA*AAA*****AA**AAAA*AAA*A*A***AA*A*A*A*AAAA*A*A*A*A*AA,....x..x.x.x...........x.x..x.x...........x.xx.x..........x.x...x......x...x.x...,90,Beginner,True
puzzle_502,9,AA*AA*A****AA*AAAA*AAAAA**AAA*A*AA*A*AAAA**A***AAAAAA*AAA**********AA*A**AAAAAA**,x...x..........x.x..x.x..........x.x.x.x..........x.x.x.x...........x.x..x.x.....,90,Beginner,True
puzzle_503,9,*A*AAAAA*A***AAAA*AA*AA*AAA**A**AAAAA**AA**A***AA*AA**AA**AA**AA*A*A*A*AA*AA*A*AA,.x.x..........x.x..x.x...........x.xx...x......x...x......x...xx.x...........x.x.,90,Beginner,True
puzzle_504,9,**A*AAAAA*AAAAA**AA****AAAA*AA*AA*AAA**A***A***AAAA***AA****AA**A*AAAAAA*AA**A***,.....x.x..x.x...........x.x..x.x....x......x...x.x....x.....x.....x....x.x...x...,90,Beginner,True
puzzle_505,9,**A**A*A*A**A**AAAA*A*A**AA****AAAAA*AAA*AA*AA*A**A*A**AAAA****AA**AAA*AAA*AA*AAA,..x..x...x......x...x.x..........x.x.x.x..........x.x..x.x...........x.xx...x....,91,Beginner,True
puzzle_506,9,**A**AAA*A*AAA**AAAAA*A***A*A***A*AAA*AA**A****A**AAAAAA*A**A*AA*****AAA*A**A*A**,..x...x......x...xx.x...........x.x.x..x..........x.x..x.x...........x.x.x..x....,91,Beginner,True
puzzle_507,9,A*AAAAAA**AA*A*A******A*A*AAA*AAA**A*A***A*AA*AAA****A**A**A*A*A*A*****A**A*A*A**,x......x...x.x..........x.x.x.x..........x..x.x.x..........x.x.x.x..........x.x..,91,Beginner,True
puzzle_508,9,A*AAAA***A*A*A**AA*A*A*AA*A*A*A*AAA**A*AAAAAAA*****AAA*AAA*AAA*AAAAAA*AA*A****AA*,..x.x....x......x....x.x....x.....x....x.x...x.......x..x...x......x...x.x....x..,91,Beginner,True
puzzle_509,9,**A**A**AA*A*AAA*AA*AAA*AA*A**AAAAAAAA*AA*A*AAA*A*AAA*A**A*A*AA*A*AAA*A******AAA*,..x.....xx...x......x...x..x...x..........x.x.x.x..........x.x..x.x..........x.x.,91,Beginner,True
puzzle_510,9,A****AA*AA*AAA*A*A*A***AA*AAA*A********A*AAAA*AAAA****AA**AA*AAA*A*AAAA*A**AAA**A,x.....x....x.x..........x.x.x.x..........x.x..x.x..........x.x.x.x..........x...x,91,Beginner,True
puzzle_511,9,AAAAAAA*AAA*AA**AAAAAAA*A*AAAA*AAAAA*AAAAAAA**AA***AA*AA*A*AAA**A*AAA*AAAAAAAAA*A,..x...x..x.......x..x.x....x......x....x.x....x.....x....x.x....x......x....x.x..,91,Beginner,True
puzzle_512,9,AAAAAAA*A*A*AAA*AAAA*A*AAA**AA***AA**AAAAAAA*AAAAAAAAAAAAAA*A*AAA*AA**AAAAAAAAA*A,....x.x...x......x...x.x....x.....x....x.x...x......x...x.x....x.......x..x...x..,91,Beginner,True
puzzle_513,9,A**AA*A*AAAAA**A*AAA*A***AAA**A*A*AAAA*AAA****AAAAA*A*A*A***A*******AAAA*AA*AA*A*,x...x..........x.x.x.x..........x.x..x.x..........x.x.x.x............x.x..x.x....,91,Beginner,True
puzzle_514,9,AA***AAA***AAAA*AAA**AA*A*AA***A*AA*AAA**AAAAA***AAA**AAA**AAA**A*A*AAA*AA*AA***A,.x.....x....x.x...x.......x....x.x....x.....x....x.x..x.x...........x.x..x.x.....,92,Beginner,True
puzzle_515,9,A*AAAAAAAAAAAAAAA**A*A*A**A*AAAAA***A*AA*AA*AAAAAA**AAAAA*A*AAAA*AAAA**A*A**A*A**,.....x.x..x.x..........x..x.x.x...........x.xx.x..........x..x.x.x..........x.x..,92,Beginner,True
puzzle_516,9,AAAA***A*AA***AAA*AAAAA*A***A*A**A*AA*AAA*AAAA*A*AAAAA**A*AAAA*AAA*AAAAA****AAA**,.x.x..........x.x..x.x...........x.x..x.x....x......x...x..x...x.......x....x.x..,92,Beginner,True
puzzle_517,9,**AAA**A*AAAAA*AAA****AAAAAAA*A*A**AAA*AA*A*AA*A*A**AAA**AA*A*AAAA*AAA*AA**A*A**A,....x..x.x.x...........x.x..x.x...........x.xx.x..........x.x...x......x...x.x...,92,Beginner,True
puzzle_518,9,*AAAA**A*A***A*AAAAA*AA**AAA**A*A*A*A**AAA*AAA**AAA*AAA*AA**AAAAAAA*AAAA**A*AAAA*,.x..x..........x.x.x.x..........x.x.x..x..........x.x.x.x............x.x..x.x....,92,Beginner,True
puzzle_519,9,*AA*AAA*A*AA***A*A**AAAAAAA*A**AAAAA*A*A*A*AAAA***A*A*A**A*AA**AA**AA*AAAAAA*****,.x..x..........x.x..x.x..........x.x.x.x..........x.x.x..x..........x.x.x.x......,92,Beginner,True
puzzle_520,9,A*A**AAAA*AA*A*AA*A*A**AAA***AAAA***AA*A*A**AA*A*AAA*AAAA*AAAAAA***AA*AA*A*AA*A**,......x.x..x.x....x......x....x.x....x......x....x.x..x.x...........x.x..x.x.....,92,Beginner,True
puzzle_521,9,AAAAA*A**A***AA*A**A*A**AAAAA*A*AAAAA*A***AA*AAA*AAA*AA*A*A*A**A***AAA*A*A*AAA***,x..x..........x.x..x.x..........x.x.x.x............x.x..x.x..........x.x.x..x....,92,Beginner,True
puzzle_522,9,*A**A*A**A*****A*AAA*AAA***AA**A*AAA**A*A**A*A*AA***A***AA*A**AAAA***AA**A*AAAA**,.x..x..........x.x.x.x...........x.x..x.x....x......x...x..x...x......x....x.x...,93,Beginner,True
puzzle_523,9,*AAA*AA*A**A*A*AA*A*A*A****A**AAA*AAAA*A***A*A****AAA**A*A**A**A*****A*A**A*A*A**,.x......x....x.x..x.x...........x.x.x..x..........x.x..x.x...........x.x..x.x....,93,Beginner,True
puzzle_524,9,A**A**AAA*AAA*AAAA*AAA*AAA*A**AAA*****AAA*AA*AA*AA*AAA**A*A*AA*****AA*AA*A***AA*A,...x....x.x...x......x...x.x....x.....x....x.x...x......x...x......x...x.x....x..,93,Beginner,True
puzzle_525,9,A****A*A*AA*AAA*A*AA*AAAAA*AA*A*A*AAA*AAA*A*A*AA*A*AAAAA*AAAA**AAAAAAA*AAA*A***AA,.....x.x..x.x..........x.x..x.x...........x.x..x.x....x.....x....x.x....x.......x,93,Beginner,True
puzzle_526,9,**A*A****A*****A*A*AA*AAAA*A*A***AAAA*AA*A*A*****AA*AA*AAA****A*A*AAA*AAAA*A**AA*,..x.x..........x.x.x..x..........x.xx.x...........x.x..x.x..........x.x.x..x.....,93,Beginner,True
puzzle_527,9,A**AAAA*A*AAA*AA*A**AAAAAA**AAAA*A*AAA**AAAAAAAAAAAA*A*AA****A*AAAAA**A*AAAAAAA*A,.....x..x.x.x..........x.x..x.x...........x.xx...x......x....x.x...x......x...x..,93,Beginner,True
puzzle_528,9,*AA*A*A*AA***AA*AA*A*A*AA****AAAA**AAA***A**AA*AAAA*AAA*A**A*****A*AA*AAA*AAA*A**,..x...x......x...x.x....x.....x....x.x...x......x...x.x....x.....x....x.x...x....,93,Beginner,True
puzzle_529,9,*AAAA*A*AA***AA*AA*A*A*AA****AAAA**AAA***A**AA*AAAA*AAA*A**A*****A*AA*AAA*AAA*A**,..x...x......x...x.x....x.....x....x.x...x......x...x.x....x.....x....x.x...x....,93,Beginner,True
puzzle_530,9,A*A*A***AA****A*A****A*A*A*AAA****AA**AAAA*A*AA****AAA*AA***AAAAA*AAAA*AAA***AA*A,..x.x....x......x....x.x....x.....x....x.x...x.......x..x...x......x...x.x....x..,94,Beginner,True
puzzle_531,9,**AAA*A*AAA*A*AAA**AA**A*A*AAAAA***AAA**AAAAAA*AAAA*AAA**AAAA****A*****AAAA*AA*A*,......x.x.x.x..........x.x..x.x..........x.x.x.x..........x.x....x.....xx...x....,94,Beginner,True
puzzle_532,9,A*A*A*AA*A***A*A*AA*A**AA*AAAAAA***AA*A**AA*A*A*A*A*AAAA**AAAA*AA*A*****A**A*A**A,..x....x.x...x......x...x..x...x..........x.x.x.x..........x.x..x.x..........x..x,94,Beginner,True
puzzle_533,9,A**AAA**AA*A**AAA*A****AAAA*AAA***A*A****AAA*AAAAAAA*AA**A*AA*AAA*AA***AA*AAAAA**,....x...xx.x...........x.x..x.x..........x.x..x.x...........x.xx...x......x...x..,94,Beginner,True
puzzle_534,9,AAAA*A***AAA*AA*AAAAAAAA*AAAAA**AAAAAA**AA***AAA*AAA**A*A*AAA*AA*A**A*A**AAA*A*A*,.x.x..........x.x..x.x...........x.xx...x......x...x......x...xx.x...........x.x.,94,Beginner,True
puzzle_535,9,A**AA**A***A*AAAAAAAAA****A*****A*AAAAA****A*A*A**AA*AA*AAA*AA******AAAA*AAAAA*AA,x..x..........x.x..x.x..........x.x.x.x............x.x..x.x..........x.x.x..x....,94,Beginner,True
puzzle_536,9,*A**AA**AAAAAA*A**A****AAAAAA*AA*****A****AAAA*AA**A*A*AA*AAA*AAAAA*****AA*AAAAA*,.....x..x.x.x..........x.x..x.x...........x.xx.x..........x.x..x.x..........x..x.,94,Beginner,True
puzzle_537,9,*A**AA**AAAAAA*A**A****AAAAAA*AA*****A*A**AAAA*AA**A*A*AA*AAA*AAAAA*****AA*AAAAA*,.....x..x.x.x..........x.x..x.x...........x.xx.x..........x.x..x.x..........x..x.,94,Beginner,True
puzzle_538,9,AA*AAAA**A*A**AAA*A****AAA**AAA****AAA***A*AA*AAAA*A***AA*AAAAAAAAAAAA*AA**A*AAA*,....x.x..x.x...........x.x..x.x..........x..x.x.x...........x.x..x.x....x......x.,94,Beginner,True
puzzle_539,9,**A*A**A*A*A*****A***AAA*AAAAA*A**AA*A**A*A***A***AA*AAA*A*AAA**AA***AAA**AAAA*A*,....x..x.x.x...........x.x.x.x..........x.x...x......x...x..x...x......x...x.x...,95,Beginner,True
puzzle_540,9,*A**A**AAAAA**AA*A*AAAAA**A****AAAA*AAAA**AA*A*A*A*A*A*AAAAAA*AA*A*A*AA*A*A**AA*A,.x..x..........x.x.x.x..........x.x.x..x...........x.x..x.x....x......x...x..x...,95,Beginner,True
puzzle_541,9,A*A*A*AAAAAAA**AAA*AAAA*A***A*****AA**AAAAAAAA**A**AAA**A*AA*A*AAA***AAAAAA**AAA*,....x.x...x......x...x..x...x......x...x.x...x......x...x.x....x......x...x..x...,95,Beginner,True
puzzle_542,9,***AAAAA**AAAAAAA**AAA*AAAA*A**A*AA****AAA*AAAAAA**A**AAAAAAA**AAAAAA*A*AA**AA**A,...x...x..x...x......x....x.x....x......x...x..x...x..x...x......x....x.x....x...,95,Beginner,True
puzzle_543,9,AA*A*A***AA*A**A*A****AAAAA*AA*AA**AA**AAAA***AA*A*A**A*AA*AAAA*AAAAAAAAAAAA*AAA*,...x.x....x......x....x.x....x.....xx.....x....x.x....x......x....x.x....x.....x.,95,Beginner,True
puzzle_544,9,A*A*AAAA*AA*AA***A**AA*AAA*A**AAAAA*A**A***AAAA*AAAA*A***A**A*AAA*AA*A****A*AAA*A,..x...x..x...x......x....x.x....x......x...x..x...x......x....x.x....x......x...x,95,Beginner,True
puzzle_545,9,AAAAAAAA****A**A*AAA**AAAAA*AAAA*A*A**AAAAAA*A*A*AA***A*AA*A*A*AAAAAA*AA*****AAA*,.x.x...........x.xx...x......x.....x....x.x..x.x...........x.x..x.x..........x.x.,95,Beginner,True
puzzle_546,9,**A*AA*****AAAAAAAA*AAA***AA****A*A*AAAAA*AA***A**AAA*AAAAAAAAA**AAA*AAAAA******A,..x.x..........x.xx..x..........x.x..x.x..........x.x.x.x..........x.x...x......x,95,Beginner,True
puzzle_547,9,****A*AAAAA****AAAAAA*AAA*****AA***AA*A*AA*****A**AAA*AAAAAA*******AAAA**A*AA**AA,....x.x..x.......x..x...x......x...xx.x...........x.x..x.x..........x.x..x.x.....,96,Beginner,True
puzzle_548,9,*AA**AAAAA*A*A*A*AA*A*A**AAA*A*AAAAAA*A*AAA*A*AAA**A*A**AA*A***AAAA*A*A*A*AAAAA**,......x.xx.x..........x..x.x.x..........x.x...x......x...x.x....x.....x....x.x...,96,Beginner,True
puzzle_549,9,*A**AAAAA****AA*AAA*A***A**A*A*A*A**A*A****A*AA*A*AAA**AAA***A*AA***A**A**AA****A,.x....x......x...x..x...x..x...x......x....x.x....x......x...x..x...x......x....x,96,Beginner,True
puzzle_550,9,AA*AA*A****AA*AAAA*AAAAA**AAA*A*AAAA*AAAA**A***AAAAAA*AAA**AA******AA*A**AAAAAA*A,x...x..........x.x..x.x..........x.x.x.x..........x.x.x.x...........x.x..x.x.....,96,Beginner,True
puzzle_551,9,*AA*AAAAAAA****A**A*AA*AAAAAAAAAAA*AAAAA**A*A*A*AAAAAA*AAA*AAAAA*AAAAAAAA*AAA*AAA,..x.x....x.....x....x.....x....x.x...x......x...x.x....x.....x....x.x...x......x.,96,Beginner,True
puzzle_552,9,*AAAAAAA*A*A****A*A*****AAAA*AAAAAA*AAA*AA**A***AAA*AA*A**A*AAAAAAAAAAAA*AA*AAAA*,....x.x..x.x............x.x..x.x....x.......x...x.x....x.....x....x.x....x.....x.,96,Beginner,True
puzzle_553,9,*AAAAA*AA*A****A*AAAA*A****AAAA*AA*A*A*A**AAAA**A*A*A**A*AA***A*A*A*AAAAA*A*AAA**,..x.x..........x.xx...x..........x.x.x.x..........x.x..x.x..........x.x.x.x......,96,Beginner,True
puzzle_554,9,AAA*AA**A*AAAAAA****A*A*AAAA*A**A*****A**A*AAAAAAA**A*AA*A*AA*AAA*A**A*A**A**A*AA,x...x......x...x......x...xx.x...........x.x..x.x...........x.x.x.x..........x.x.,96,Beginner,True
puzzle_555,9,A**A*A*AA*A*A**A*****A*AAAAA*AA*A*A****AAA**A*AAAAAAA*AAAA**A*AA*AAAAAAAAAAAAA**A,.....x.x..x.x..........x.x.x.x..........x...x.x....x.....x....xx.....x....x.x....,97,Beginner,True
puzzle_556,9,AA*A*AAAA*AAA**A*AAA*A**A*AAA*AAAA**A*AA*AA******A*AAAAAAA*A*A*A*A**A*AA*A*A*A***,.....x.x..x.x...........x.xx...x......x...x......x...xx.x...........x.x..x.x.....,97,Beginner,True
puzzle_557,9,*AA*AAAA*A*AAA****A*A*****AA*A*AAAAAAA******AAA*A*AAA*A*AA*A*AA*A*AAAA***AA***AAA,..x...x..x...x......x.....x....x.x...x......x...x.x...x......x....x.x....x.....x.,97,Beginner,True
puzzle_558,9,**A*AA*****AAAAAAAA*AAA***AA****A*A*AAAAAAAA***A**AAA*AAAAAAAAA**AAA*AAAAA******A,..x.x..........x.xx..x..........x.x..x.x..........x.x.x.x..........x.x...x......x,97,Beginner,True
puzzle_559,9,**AAAA*A**AA***AAAAA*AAAAA**A**AAAAA*A**A*A*AAAA*A**AA***AAA*AAAAA**A**A**A*A**A*,...x.x....x......x...x..x...x......x....x.x..x.x...........x.x.x.x..........x..x.,97,Beginner,True
puzzle_560,9,*A*A*AA*A*AAA*A*AAAAA**AAA***A*A**A*AA*AA**AAAAA*AAA*A*AA*AA***AAAAAAA*AAAAAA*AAA,.x...x......x...x.x....x.....x....x.x...x..........x.x..x.x..........x.x.x.x.....,97,Beginner,True
puzzle_561,9,*AA*A**AAAAAA*AAA*A**AAA**A**A****AAA*A**AA*AA*AA**AAA*A***A*AA**AA*AAAAAA*A**AAA,....x...x..x...x..x...x......x....x.x....x......x...x..x...x......x....x.x....x..,97,Beginner,True
puzzle_562,9,*AAA*AAA*AA*AAAA**A****AAA**A*AA*A*A*AAA**A*AAAA*A*****AAAAAA*AAAA*A*A**A***AA*A*,.....x.x..x.x..........x.x..x.x...........x.xx.x..........x...x..x...x..x...x....,97,Beginner,True
puzzle_563,9,*A*AAAAAA*AAAA**A**AA**AAAAAAAAA*A*AAA******AAAAAAAAA*AAA*A**AA*AA*AA*AA*A*AAA**A,.....x.x..x.x...........x.x..x.x....x.......x....x.x..x.x...........x.x..x.x.....,97,Beginner,True
puzzle_564,9,*AA*A***AAAAAAAA*A**A*A*A***AAA**AAAAAAA*A*AA*****AAAAA*AAA******A**AAA*A**AAA*AA,.x..x..........x.x..x.x..........x.x.x.x..........x.x.x.x...........x.x.x..x.....,98,Beginner,True
puzzle_565,9,*AA*A***AAAAAAAA*A**A*A*A***AAA**AAAAAAAAA*AA*****AAAAA*AAA******A*AAAAAA**AAA*AA,.x..x..........x.x..x.x..........x.x.x.x..........x.x.x.x...........x.x.x..x.....,98,Beginner,True
puzzle_566,9,A*AAAAA**AA*AA***AA**A*AA*AAAAAAAA**A****A*A**AAA***A*A****AAAAA*A**AAA*A**AAA**A,..x...x..x...x..........x.x.x.x..........x.x..x.x..........x.x.x.x..........x...x,98,Beginner,True
puzzle_567,9,*AAA*A*A*AAAAAA***A**AAAAAAAAAAA**AAA*A**AA*AA*AA**A**AA**AAA*AAAA**A***A***A*A**,.....x.x..x.x..........x.x..x.x...........x.xx.x..........x...xx.x..........x.x..,98,Beginner,True
puzzle_568,9,A*AAAAAA*AAAA*A****AAA**AA*AA*AAA*A*AAAAAA**A*AA*AAAAA**A****AAAAAAA***A**AA**AA*,x......x....x.x....x.....x....x.x....x......x....x.x....x.....xx...x......x...x..,98,Beginner,True
puzzle_569,9,AAA*AAAAAA*AA*AAAA***AA*AA*A*A*A*A*AAA**A**AA*A**A*A***AAA**AAAAA*A*AAA***AA*A*A*,.....x.x.x.x..........x.x..x.x..........x...x.x....x.....x....x.x...x......x...x.,98,Beginner,True
puzzle_570,9,AA*AAA*AAAA*A**AAAAA*AAA**AA*AAAA***AAAA*AAA**AAA***AA**A*AA*A*A*AAAAAAAAAAAAAA**,...x....x.x....x......x...xx.x...........x.x..x.x..........x.x.x.x..........x.x..,98,Beginner,True
puzzle_571,9,AA*A*AA***AA****AA*A*AAAA**AAA***AA*****AAAAA*AAAA*AA*A**AAAA*A*AAAAAA**AAAAA*AA*,...x.x....x......x....x.x..x.x...........x.x..x.x...........x.x..x.x....x......x.,98,Beginner,True
puzzle_572,9,AAA*A****AAA****AA**AAA*AAAA***AA******AA*A*A*AAAA*A*****AAAAAA*AAAA****AAA*AA*A*,..x.x....x.......x..x...x..x...x..........x.x.x.x..........x.x..x.x..........x.x.,99,Beginner,True
puzzle_573,9,*AAAAA*AA******A*AAAAA**A*AAAAA*A*AAA**AAA*A*AA*AAAAAA*A*AAAA*A*A**AAA*A*A*AAAAA*,..x.x..........x.xx.x...........x.x.x..x..........x.x..x.x...........x.x.x..x....,99,Beginner,True
puzzle_574,9,AA*AA*AA*A*A*A*******AAA**AA*AAA*AA*A***AAA*A*AAA*AAA*AAA*A*AA*A**AAA****AA**A*A*,....x.x..x.x..........x...x..x...x..x.......x...x.x....x.....x....x.x....x.....x.,99,Beginner,True
puzzle_575,9,*A*A*A**AA*AAA**A*A*A*A*A*A*AA*AAAAAAAA**A**AAA*AAAA*A*AAA**AAA**AAAA****AA*AA*A*,...x.x...x......x...x.x..........x.xx.x..........x.x...x......x...x.x....x.....x.,99,Beginner,True
puzzle_576,9,*AAAAAA*A***A*AAAA*AA**AAA**A*AAA*AAA**A*AAAAAAAAA*AA*AA****A**A***AAAAA*AA**AA**,.x......x...x.x....x.....x....x.x...x......x...x.x....x.....x......x...x..x...x..,99,Beginner,True
puzzle_577,9,*AA*AA*AAA*AA****AA*AA*A*A**A*A*AA*A*AA*AAAAAAA*AA*A****AAAA**AAAAA*A**A****AAA**,....x..x.x.x...........x.x..x.x...........x.x.x.x..........x..xx.x..........x.x..,99,Beginner,True
puzzle_578,9,*AA*AA*AAA*AA****AA*AA*A*A**A*A*AA*A*AA*AAAAAAA*AA*AA***AAAA**AAAAA*A**A****AAA**,....x..x.x.x...........x.x..x.x...........x.x.x.x..........x..xx.x..........x.x..,99,Beginner,True
puzzle_579,9,AAAAA*A***AA**AAAAAA*AAAA*AA**AAAAAAA*AAA*A*A**AA**AAAAA**AAAA*AA*A*AAA*AA**AAA**,..x.x..........x.x.x.x...........x.xx...x......x....x.x....x......x...x..x...x...,99,Beginner,True
puzzle_580,9,A**A*A*A*AA*A**A*A*A*A*AAAAAAA*A******AA*AA*A**AAAA*AAA*A**A*AAA*A**AAA*AAAA*A*AA,.....x.x..x.x...........x.xx...x......x...x......x...xx.x...........x.x..x.x.....,100,Beginner,True
puzzle_581,9,A**A*AAA*AA*A**A*A*A*A*AAAAAAA*A******AA*AA*A**AAAA*AAA*A**A*AAA*A**AAA*AAAA*A*AA,.....x.x..x.x...........x.xx...x......x...x......x...xx.x...........x.x..x.x.....,100,Beginner,True
puzzle_582,9,*AAAA**A*A***A*A*A*AAA**A**A*A*A*A*AA****AA*AAA*A*AA*A*A**AA**A***AAA*AA*A*A*A*A*,..x....x.x...x......x...x......x...xx.....x.....x....x.x...x......x...x..x...x...,100,Beginner,True
puzzle_583,9,*AA***AAA*A*AAAA***A**AAAA*AA*A*A***AAA*A*AA**AA*A*AA*AAA*AAAA*****A*A*A**AAA*A*A,.x......x...x.x....x.....x....x.x...x......x...x.x....x.....x......x...x..x...x..,100,Beginner,True
puzzle_584,9,AAAA*AA**A*AA**A*AAAA*A***AAA**AAA*A*A*AA*AA*AAAAAA*A***AAAA*AA*A*A*AA*AA*A**AAAA,.x.x...........x.x..x.x....x.......x....x.x..x.x...........x.x..x.x..........x.x.,100,Beginner,True
puzzle_585,9,AAAAAAAAAAAAAAAAAAAA*A*A**A*AAAAA**AAAAA*AA*AAAAAAA*AAAAA*A*AAAA*AAAAA*A*A**A*A**,.....x.x..x.x..........x..x.x.x...........x.xx.x..........x..x.x.x..........x.x..,100,Beginner,True
puzzle_586,9,**AAAAAA*AA***AAAA**AAA*A*AA*A**AA*AAA*A*****AA***A*A*A*AA*A***AA**AAAA*AAA***AAA,...x.x...x......x...x.x..........x.x.x.x..........x.x.x.x..........x.x...x......x,100,Beginner,True
puzzle_587,9,AAAA**A*AAA*AA***AAA*A*AAA*A**A*AAA***AA*A**AAAA****A*AAAAA***A**A*A*A*A*AA*A*A**,...x..x...x......x...x.x...x......x...x..x...x......x...x.x..........x.x.x..x....,100,Beginner,True
puzzle_588,9,A*A*A****AA**A*A*AAA***AAA*AAA*AA*AAAAA*A*AAAAAAAAA*AA*AA*AA*AA*A*AAAA**AA*AAA*A*,x.x..........x...xx.....x....x.x..........x.x.x.x..........x.x..x.x..........x.x.,100,Beginner,True
puzzle_589,9,**AAA*A*A*A**A*AA*AAA**A**AA*A*AAA***AA***AAA***A*A**AA**AA**AAAA*AAA*A*AA****AAA,..x.....x....x.x..x.x..........x.x...x......x...x.x...x......x....x.x....x.....x.,101,Beginner,True
puzzle_590,9,A*A*AAA***AA*A**A*AA*A**AAA*AAAA*A*AAAA***AA*A**A*A***AA**AA**A*A*AAA*AAAAA****AA,x.....x....x.x..........x.x..x.x....x......x....x.x....x......x...x.x....x.....x.,101,Beginner,True
puzzle_591,9,*****AAA*AAA**A*AA**AAAAA***AA**AA*AA**AAA**A*A*AA*A*AAA*A**AAA**A**AAA**AAAA**A*,.....x.x.x.x..........x.x....x.....xx...x..........x.x.x.x..........x.x..x.x.....,101,Beginner,True
puzzle_592,9,AAA*A*A*AAAA*A***A**A*A**A*A*AAAAAAA**AAA*A*AAA*AA***A*AAA*A**A*A***AAAA***AAAAA*,......x.xx.x..........x..x.x.x..........x.x...x......x...x.x....x.....x....x.x...,101,Beginner,True
puzzle_593,9,**AAA****A**A*AAAAA**AAAA*A*AA*AA*AAAAAAA*AA*A*AA*A*A**A*A*AA*AA****AA*AAA*AA*AA*,..x.x..........x.xx..x..........x.x.x.x...........x.x..x.x...........x.x.x..x....,101,Beginner,True
puzzle_594,9,**A*AAAA*AA*AAAA*AAAAA**AA*A**A*AAAA*A***AAA*A**A***A*AAA**A****AAAA**AAA*A*A*AAA,..x...x......x...x.x....x.....x....x.x...x......x...x.x....x.....x....x.x...x....,101,Beginner,True
puzzle_595,9,AA***AAA**A*AAAAA**A****A*AA*AAA***A*AAAAAA***A**A***AAAAA***A*A***AAAAA*AAA*A***,.....x.x..x.x...........x.xx...x......x...x......x...xx.x...........x.x..x.x.....,101,Beginner,True
puzzle_596,9,*AAA*A***A***AAAAAAAAA**AA**A**A***A*AAAAAA**A*AAA***A*A****A*A*A*AAAAA*AA***AAA*,.x.x..........x.x.x.x..........x...x..x...x..x...x..........x.x.x.x..........x.x.,101,Beginner,True
puzzle_597,9,A****AAA**AAAA*A*******AAAA*AAAAA*A*A**A*A*A*AAA*A***AAA****AA***AA****A*A*A*A***,.....x.x..x.x...........x.x..x.x....x......x...x.x....x.....x.....x....x.x...x...,102,Beginner,True
puzzle_598,9,**A*AA*A*A****A*AA**AA*A****AAA*A**A*A*A*AA*A*A*AA*A*AAAA*A*A**A*A***AAA**A**A*A*,..x.x....x......x....x.x....x......x...x..x...x......x....x.x..x.x...........x.x.,102,Beginner,True
puzzle_599,9,*AA*A***AAAAAAAAAA**A*A*A***AAA*AAAAAAAAAAAAAAA***AAAAA*AAA******A*AAAAAA**AAA*AA,.x..x..........x.x..x.x..........x.x.x.x..........x.x.x.x...........x.x.x..x.....,102,Beginner,True
puzzle_600,9,****A*AA*A*AAAA*A***A*A*AAA*AAAAAA**AA*A*A**A*A**AAAA**AAA***AAAAA*AAA*A**A***AA*,....x.x..x.x..........x...x.x....x.....x....x.x...x......x...x.x....x.....x....x.,102,Beginner,True
puzzle_601,9,*AAA*AAAAAAAA****AA*AAA*A*A*A*AA*****AA**AAAAAAAAA*A*****AAAA***AAA****AAAA*A*AA*,.....x.x..x.x...........x.x.x.x..........x.x.x.x..........x.x....x.....xx...x....,102,Beginner,True
puzzle_602,9,A*AA*A*AAAA*AAA*A****AAA****A**A***AAAAAA*A*AAAAAA*AA*AAAAAAAA*A*A**AAAAAA*AA*A*A,...x.x....x.....x....x.x....x......x....x.x..x.x..........x..x.x.x............x.x,102,Beginner,True
puzzle_603,9,*A**AAA**A**A**AAAAA*AAAA**AA**A*AAAAAAAA**A*AAAAA**A**AAAAA*AAAAAA**AA**A*AAAA**,.x..x..........x.x.x.x...........x.x..x.x....x......x...x..x...x......x....x.x...,102,Beginner,True
puzzle_604,9,AAA*AAAA*A*AA*A******AA*A**A*A*****AA**AAA*A*AA****AAA*A*A*A*A*AAAAAAAAAAAAA***A*,.....x.x.x.x..........x.x....x.....xx...x..........x.x.x.x..........x.x..x.x.....,102,Beginner,True
puzzle_605,9,AA**AA*A*AA****A*AA*AAA*AA*A*****AAA**AAAAA***AA****AA*AAA*AA**A*A***A*A**A**AAAA,.x..x..........x.x..x.x....x......x....x.x....x.....x....x.x...x.......x..x...x..,103,Beginner,True
puzzle_606,9,A**AA*AA*A*A****A**A*AAA*AAAA*A**AA*******A*A*AA*A*AA*AA*AA**A*AAAA*A*AAAAAAAAA*A,....x.x..x.x...........x.x..x.x...........x.x..x.x....x......x....x.x....x......x,103,Beginner,True
puzzle_607,9,A*A*A*AAA*AA*A***A*A**AAAAAAAA*A*A*AAAAA**AA*A**AAA*A**A*A***A***AA*AA**AAA**A*AA,x.....x....x.x..........x.x..x.x....x......x....x.x....x.....x....x.x....x......x,103,Beginner,True
puzzle_608,9,*A***AAAAAA*AAAA*A*A*AA*AAAAA*AA**AAA*AA*AAAAAAA*AA**A*A**AAA****AAAAA*AA**AA*A**,.....x.x..x.x...........x.x.x.x..........x.x.x.x..........x.x....x.....xx...x....,103,Beginner,True
puzzle_609,9,AA****AAA*AAAA**AA***A*AA*A*A*A***AA*****A*AAA*AA****AA*A*AAA**AAAA***AA*AAAAAA**,x......x...x.x..........x.x.x.x..........x.x.x.x..........x.x...x......x...x.x...,103,Beginner,True
puzzle_610,9,AAAA*AA***A**A**AA*A*AAA***AA***AA*A**AAAAAAAA*AA****AAAAAA**AAA*AA*AAAAA*AAA*AAA,...x.x....x.....x....x.x....x......x....x.x..x.x..........x..x.x.x............x.x,103,Beginner,True
puzzle_611,9,A*AAA*AA*AAA**AAA**AAAAA*A*AA*AAAA*A**A**AA*AAA*AA****AA*AA*AAAA*A*A*AAA*AA**AA*A,....x..x.x.x...........x.x..x.x..........x..x.x.x...........x.xx...x......x...x..,103,Beginner,True
puzzle_612,9,AAAA*****A*AAAA**A*AAAA*A*AA*A*A*A**A*AAAAA*AAA*A***AAA****A*A*AAAA**AA**AAAAAAA*,x.x..........x...x..x...x..x...x..........x.x.x.x..........x.x..x.x..........x.x.,103,Beginner,True
puzzle_613,9,AA*AA*******A**A*A*AAAAAAA*A****AAA*AAA***A*AA**AAAAA**A*A***AAAAAA*AA*A**AA***A*,.x..x..........x.x..x.x....x.....x....x.....xx....x......x...x..x...x......x...x.,103,Beginner,True
puzzle_614,9,A*A*A*A*AAAAAA**A*AAAAAAA**AAA*A*AAAAA*AA*AAAAAA*AAAA*AAA**AAA*AAAA*AAAA*****AAAA,..x.x....x......x....x.x....x......x....x.x..x.x...........x.x..x.x...........x.x,104,Beginner,True
puzzle_615,9,AA*A*A*A**AAA*A*A*AA*A***A***AAA****A*A*AAAAA*AA*A*AAAA*AA**A*AA**AAA**A*A*A*AA*A,.x.....x....x.x...x......x...x.x..........x.x..x.x....x.....x.....x....x.x...x...,104,Beginner,True
puzzle_616,9,A*AAAA*A****AAA*AA*AA*AAAAAA*A*AA*A*AAA*AAAAAAA*AAA*A**A*AAAAAAAAAAAA*A*AA*AAA*AA,x.x..........x...x..x...x..x...x..........x.x.x.x..........x.x..x.x..........x.x.,104,Beginner,True
puzzle_617,9,*A**A*A**AAA****A*****A*AA*A*AA**A*A*A*AA*AAAAAAA*A*A*A***AAAA**A*AAA***A***AA*AA,....x.x..x.x..........x..x.x.x............x.x.x.x..........x.x..x.x..........x..x,104,Beginner,True
puzzle_618,9,*A***AAAAAA*AAAAAAAA*AA*AAAAAAAA**AAAAAA*AAAAAAA*AAA*A*A**AAA****AAAAA*AA**AA*A**,.....x.x..x.x...........x.x.x.x..........x.x.x.x..........x.x....x.....xx...x....,104,Beginner,True
puzzle_619,9,A****AAA*AA*A***AAAA***AAAA*AAA*A*AAAA****A*A**A*A*A*AA*A**AA*AAA*AA**A*AAAAAA*A*,x....x......x...x..x...x......x....x.x....x......x...x..x...x..x...x......x....x.,104,Beginner,True
puzzle_620,9,A****AAA*AA*A***AAAA***AAAAAAAA*A*AAAAA***A*A**A*A*A*AA*A**AA*AAA*AA**A*AAAAAA*A*,x....x......x...x..x...x......x....x.x....x......x...x..x...x..x...x......x....x.,104,Beginner,True
puzzle_621,9,*A*A*AAA****AAAAAAAAAAAA**AAA**AAAAAA*AA*AA*A**A**AA*AA*AAA**AA***A**AAA**AAA**AA,.x.x..........x.x..x.x..........x.x.x.x............x.xx...x..........x.x..x.x....,104,Beginner,True
puzzle_622,9,A**A*A**AAAA*AAA*AA**AA*A**A*A*A**AAAA*AA*A*AAA*A*A**A****AAAAAAAAAA**AA**AAA**A*,...x.x....x......x....x.x..x.x............x.x.x.x..........x.x.x.x..........x..x.,105,Beginner,True
puzzle_623,9,A*A**A****AAAA**AAAAAAAAAA****AA**AAAA****AA*AAAAA**AA**AAA*A*AAA*AA******A*A*AA*,x....x......x...x..x...x......x....x.x....x......x...x..x...x..x...x......x....x.,105,Beginner,True
puzzle_624,9,*AA**AAAAA*A*A*A*AA*A*A**AAAAA*AAAAAA*A*AAA*A*AAAA*A*AA*AA*A***AAAA*A*A*A*AAAAA**,......x.xx.x..........x..x.x.x..........x.x...x......x...x.x....x.....x....x.x...,105,Beginner,True
puzzle_625,9,A**AA*A****AAAAA*A*A**AAA**AAA*AA**AAAAA*AAAAAAAAA**AA*A*AA*AAAAA*AAAAAA*A***AAAA,x...x......x.....x....x.x..x.x...........x.x..x.x...........x.x.x.x..........x.x.,105,Beginner,True
puzzle_626,9,*AA**AA*AA*AAA**AA*AAAAAA*A*A*AA*A*AAA*A*AAA**AA*AAAA*A*AA******AA*AAAAAAA**AAAA*,..x..x...x......x...x.x..........x.x.x.x..........x.x.x..x...........x.x.x..x....,105,Beginner,True
puzzle_627,9,AAA*AAA*A*A****AAA*A*AAAA*******AA*AAAA*AA***AA*AA**A***AA*A*AAAAAA*A*A**AA**A**A,.x..x..........x.x.x.x...........x.x..x.x....x......x....x.x...x......x...x..x...,105,Beginner,True
puzzle_628,9,AAA**AAA**AA**A*AA*AAAAAAAA*AA**A*A*A*AA*A**A**AA*AAAA*AA*A****AAA***AAA**AAAAAAA,x.x...........x.x..x.x..........x.x.x..x...........x.x.x..x..........x.x..x.x....,105,Beginner,True
puzzle_629,9,*A*A*A*A*A*A*A*AAAAAAAA**A**A*AA*A*A*A*A*A**AAAAA*AAAAA*A*****A**A*A*A***AA*A**AA,...x.x...x......x...x.x..........x.x.x.x..........x.x.x.x..........x.x...x......x,105,Beginner,True
puzzle_630,9,*A*AA*A**AA*A****A***A*AA**A**A*AAA*A*AA*A*A*A*A*AA*A***A*A*AAA*AA***A*A*A*A**A**,....x.x...x......x...x.x...x......x...x..x...x......x...x.x..........x.x.x.x.....,106,Beginner,True
puzzle_631,9,**AA****AAA***A**A*AAA***A*AA*A*AAA*A*A****A*A*A*A*A**A*A***A***A**AA*AA*A**AAAAA,...x....x.x...x......x...x.x....x.....x....x.x...x......x...x......x...x.x....x..,106,Beginner,True
puzzle_632,9,A*A*AAA**A*AA****AAA*A*A**A*AAA*A**A*A***A*AA*AAA***A*A*A**AAAAAA*AA***A**AAAAAA*,....x.x..x.x...........x..x.x.x..........x.x..x.x...........x.xx...x......x....x.,106,Beginner,True
puzzle_633,9,AAAA*AAA**AAAAAAAAA*AA*AAAA*AA*A*A**A*AAAAA***AA*AA**A*A**AAAAAAA*AA*A*AAA*AAAA**,.x.....x....x.x...x......x...x.x....x.....x....x.....x....x.x...x......x...x.x...,106,Beginner,True
puzzle_634,9,AAAA*AAA**AAAAAAAAA*AAAAAAA*AA*A*A**A*AAAAA***AA*AA**A*A**AAAAAAA*AA*A*AAA*AAAA**,.x.....x....x.x...x......x...x.x....x.....x....x.....x....x.x...x......x...x.x...,106,Beginner,True
puzzle_635,9,*A*AA*A*AA*AAA**A*A*A*A*A**A*A*A*A*AAAAAA*AA**AAA*AA*AAA**A**A*AAAAAAA**AA*A*AAAA,......x.x..x.x....x.....x....x.x....x......x....x.x....x.....x....x.x....x......x,106,Beginner,True
puzzle_636,9,*A*AA*A*AA*AAA**A*A*A*A*A**A*A*A*A*AAAAAA*AA**AAA*AA*AAA**A**A*AAAAAAAA*AA*A*AAAA,......x.x..x.x....x.....x....x.x....x......x....x.x....x.....x....x.x....x......x,106,Beginner,True
puzzle_637,9,*AA*AAAAAA*A*A*A*AA*A*A**AAAAA*AAAAAA*A*AAA*A*AAAA*A*AA*AA*A***AAAA*A*A*A*AAAAA**,......x.xx.x..........x..x.x.x..........x.x...x......x...x.x....x.....x....x.x...,106,Beginner,True
puzzle_638,9,**A**A**A*AA*A*A***AAAA*AAAAA*AA*AA*A*A*AAA**AAAAAA*AAAA*AAAAAAAAAA*AAAA*AAAA*AAA,..x.....x....x.x...x......x....x.x..x.x...........x.x.x..x..........x.x..x.x.....,106,Beginner,True
puzzle_639,9,*A*AAAA*AAA*AAA***AAAAA*AA**A*AA*A*AAAA*A*AAA*A*AAA*AAAAAAAA*A**A*AAAAAAAA*AAA*AA,......x.xx...x......x...x......x...xx.x...........x.x..x.x..........x.x..x.x.....,107,Beginner,True
puzzle_640,9,*AAA***A*A*A*AA***AAA*A*A****A*AA**AAAA*AAA*A*A*AAA**AAAAA*AAAA*A*A**AA*A*AAAAA*A,..x....x.x...x......x...x......x...x.x....x.....x....x.x...x......x...x.x....x...,107,Beginner,True
puzzle_641,9,***AA*AAAA*A*A*AA***AAAAA*A**A***A*AA*A**AAAA**AA**AAAAAA*AAA*AAA*AAA*A*AAAAAA***,....x..x.x.x..........x.x....x.....xx.....x.....x....x.x...x......x...x..x...x...,107,Beginner,True
puzzle_642,9,AA*A*A*****AA***A*AA*AAAAAA*A*A**AAAAA*AAAAA*AAAA*AAA*AA*A*AAAA****A*AAA**AAAAA**,x....x.....x....x.x...x..........x.x.x.x..........x.x..x.x...........x.x..x.x....,107,Beginner,True
puzzle_643,9,AA*A*A*****AA***A*AA*AAAAAA*A*A**AAAAA*AAAAA*AAAA*AAA*AA*A*AAAA****A*AAA**AAAAAA*,x....x.....x....x.x...x..........x.x.x.x..........x.x..x.x...........x.x..x.x....,107,Beginner,True
puzzle_644,9,AAAAA*AAAAAAA*AA*A*AA*AA***AAA*A*A*AAA*AA**AA**A*A**A*AAA**AAA**AAA*A*AA*A*A*AA**,.x.x...........x.x..x.x..........x.xx...x......x....x.x....x......x...x..x...x...,107,Beginner,True
puzzle_645,9,*A*AAA*AAAA*AAAAA*AAAAAAAAAAA**AAAAA*A*AAA**A***AAA*AAA**AAAA*AA*AA*AA*A*AAAA****,.x......x....x.x..x.x...........x.x..x.x..........x.x.x..x...........x.x..x.x....,107,Beginner,True
puzzle_646,9,*A**AAAA*AAA*AAAAA***AAAA**AAA*****A*A*AAAAAAAAAAA*AAAA*AAA****AA*A*A*A*A*AAAA*A*,....x.x...x......x...x..x...x......x...x.x...x......x...x.x....x......x...x..x...,107,Beginner,True
puzzle_647,9,AAAAA****A*A*A*AA*AA*A*A**A*A*****AAA*AAAAA**AA**A*A*A**AAA*A*AA*A***AA***AAAA*A*,..x.x....x......x....x.x....x......x...x..x...x......x....x.x..x.x...........x.x.,108,Beginner,True
puzzle_648,9,AAAA***A*A*AAAA*AAAAA*AA*A*AA**AA*AA*AAA*AA**A**AA*AAA**AAA**A*A*AAAAA****A*AA**A,.x.x..........x.x.x.x...........x.x..x.x...........x.x..x.x....x.....x......x...x,108,Beginner,True
puzzle_649,9,***A*A*AAA*A*AA*AAAAAAA**A*A**AA*AA***AAAAA*A**A*A*AA*AAAA*AA*AAAAAAAAA**AAA*AAAA,...x.x...x......x...x.x....x.....x....x.....x....x.x...x......x...x.x....x.....x.,108,Beginner,True
puzzle_650,9,A*AA***AA*A*AAA*A*AA***AAAAA**AAA***AAAAA*A*AA**AA*A**AAA*****AA***A*AA***AAAA*A*,x......x....x.x....x.....x....x.x....x......x....x.x....x.....xx.....x....x.x....,108,Beginner,True
puzzle_651,9,A*AA***AA*A*AAA*A*AA***AAAAA**AAA***AAAAA*AAAA**AA*A**AAA*****AA***A*AA***AAAA*A*,x......x....x.x....x.....x....x.x....x......x....x.x....x.....xx.....x....x.x....,108,Beginner,True
puzzle_652,9,A*AAA**AA*A*AAA*A*AA***AAAAA**AAA***AAAAA*AAAA**AA*A**AAA*****AA***A*AA***AAAA*A*,x......x....x.x....x.....x....x.x....x......x....x.x....x.....xx.....x....x.x....,108,Beginner,True
puzzle_653,9,A*AAAA**AAAA*A***A***A*A*AAAA*A****A**A**AAA*AA*AAA**A*AA*AAA*A**AAA*AAAAAAA*AAA*,....x...xx.x...........x.x..x.x..........x.x..x.x...........x.x..x.x....x.....x..,108,Beginner,True
puzzle_654,9,AA**AAAA**AAAAA***A**AA*AAAA*A***A**A*A*A**AAAAA***AA***A*A*A*A*A*A*A*AAAA*A*AAA*,.....x.x..x.x...........x.xx.x..........x..x.x.x..........x.x...x......x...x.x...,108,Beginner,True
puzzle_655,9,AAAAAA*AA****AA*A*AAA**A*A**AA*AAA****A*A*A*AA***AAA*A*AAAAAAAAAAAAAA****A*AA**A*,x..x..........x.x.x.x..........x.x....x.....x....x.x...x......x...x.x....x.....x.,109,Beginner,True
puzzle_656,9,A**AAAAA***AA****AA*A*AAAAAA*AAA*A***AA*AA*AAAA*A*A*******AAA*AAAAA*A***AAA*AAAAA,x...x......x.....x....x.x..x.x...........x.x..x.x...........x.x.x.x..........x.x.,109,Beginner,True
puzzle_657,9,*A**A***AAAAAA*A*A**AAAAAAAA*AA**A*AAAA**AA*A*AAA****A*A*AAA*AA*AAA*AA****AAAAAA*,....x...xx.x..........x.x..x.x............x.x.x.x..........x.x..x.x..........x.x.,109,Beginner,True
puzzle_658,9,**AAAA*A*A*AA**AA***AAA*A*AAA**A*AAAA*AAAAA***A****AAAAA*A*A**AA*A*A*AA*AAAAA****,.....x.x.x.x..........x.x...x......x...x..x...x......x...x.x...x......x...x.x....,109,Beginner,True
puzzle_659,9,A*A*A*A**AAA*A*AAA**A*AA*A**AAA****AAA*AAAAAAAA*AAA**AA***A*AAA*AAAA*A**A*AAAAAA*,....x.x..x.x...........x.x..x.x..........x..x.x.x...........x.x..x.x....x......x.,109,Beginner,True
puzzle_660,9,AAAAA**A*AAAAAA*AAAAA*AA*AAAA**AAAAAAAAAAAAAAA*AAAAAAA**AAA**A*A*AAAAA**AAA*AA**A,.x.x..........x.x.x.x...........x.x..x.x...........x.x..x.x....x.....x......x...x,109,Beginner,True
puzzle_661,9,**AAAA*A*AA***AAA***AAA*A*AA****AA*AAA*A*****AA***A*A*A*AA*A***AA**AAAA*AA*****AA,...x.x...x......x...x.x..........x.x.x.x..........x.x.x.x..........x.x...x......x,109,Beginner,True
puzzle_662,9,*A*AAAAA*AA****AAAA*AA*AAA*AAAAA**A***A*AA**A**A*AAA*A*AAA***AA*A*AAAAAA*A**A*A**,...x.x...x......x...x..x...x......x...x.x..........x.x.x.x...........x.x.x..x....,109,Beginner,True
puzzle_663,9,A***AAAAAAAAA*A**A*AAAAA*A*AAA*A*AAA*AAAAAAAAA*AAAAAA*AA*AAAAAAAAAAA*AAA***AAA***,......x.x.x.x..........x.x.x.x..........x..x.x.x..........x.x...x......x...x.x...,109,Beginner,True
puzzle_664,9,AA*AAA*AAAAA*AAAAA**AAAA**AA*AAAA***AAAAAAAAAAA*AAAAAA**AAAA*AA*A*A***AA****AA*AA,x...x......x...x......x...xx.x............x.x.x.x..........x.x..x.x..........x.x.,110,Beginner,True
puzzle_665,9,*A*AAA*****AAA*AAAAA*A*AAAA**AAAAAAAAA**AAAAA**A*A****A*AAA**A***AAAAAA*A*AAAAA*A,.x...x......x...x..x...x......x....xx.....x....x.x....x......x...x.x..........x.x,110,Beginner,True
puzzle_666,9,AA*A*AAAA*AAA**A*AAA*A*AA*AAA*AAAAA*A*AA*AAA*****A*AAAAAAA*A*A*AAAA*AAAAAAAA*AAAA,.....x.x..x.x...........x.xx...x......x...x......x...xx.x...........x.x..x.x.....,110,Beginner,True
puzzle_667,9,AA*AAA*AAAAAAAAAAAA**AAAA****AAAAA*AAAAAAAAAAAAAAAA*AAAA*AAAA**AA***A*AAAA*AA****,....x...x..x...x..x...x..........x.xx.x...........x.x..x.x..........x.x..x.x.....,110,Beginner,True
puzzle_668,9,AAA*AAA**AAAA*A**A*AAAAA*A*AAAAAA**A*****A*AAA*AA*****A**AA***A*A**AAAA*A**AA*AAA,....x.x..x.x...........x.x..x.x..........x.x.x.x..........x...x.x....x.....x....x,110,Beginner,True
puzzle_669,9,A*AA**AA****AA*AAAAAAA*A****A**AAAAAA**A*A**AAAA**A*AAAAAA**AAA****AAA*A*AAAAA*A*,..x...x......x...xx.x...........x.x.x..x..........x.x..x.x...........x.x.x..x....,110,Beginner,True
puzzle_670,9,****AAA*A*A**AAAAAAA*A*A**A*AA****A*AAAA*AA**AAAAAAAAAAAAAAA****AAAA*AAAAAA*A*AA*,....x.x...x......x...x.x....x.....x....x.x...x......x...x.x..........x.xx.x......,110,Beginner,True
puzzle_671,9,*A*AAAAAAAA*AA**AAAA**AA*A*AA*AAAA*AAAA*AAAA***AA***AA*AA*A*AA*AAA**A**A*AAAAAAAA,.x...x......x...x..x...x......x....xx.....x....x.....x....x.x..x.x..........x..x.,110,Beginner,True
puzzle_672,9,AAA****AA*AAAAA*AAAA**AA**AA**A*A***AAA***AA**AAAA*A*AAA*A**AAA*AA*A**A*A*A*AAA**,.x.....x....x.x....x......x...x.x...x......x...x.x..........x.x..x.x....x.....x..,111,Beginner,True
puzzle_673,9,AAA****AA*AAAAA*AAAA**AA**AA**AAA***AAA***AA**AAAA*A*AAA*A**AAA*AA*A**A*A*A*AAA**,.x.....x....x.x....x......x...x.x...x......x...x.x..........x.x..x.x....x.....x..,111,Beginner,True
puzzle_674,9,*AA***AAA*A*AAAA**A*AA*A*AAAA*AAAAA*AA******AA*A*AAAAAA*A*****AA*AAA*****AA*AAAA*,.x.....x....x.x...x......x....x.x....x......x....x.x....x.....xx...x......x...x..,111,Beginner,True
puzzle_675,9,AAAA*A*AAA*A**AAA*A*A**A*AA*AAAAA*AA**AA*AA*AAAA*A*****A*A*AAAAAA*A**A*AA*AA*AAAA,.x.x..........x.x.x.x..........x...x..x...x..x...x..........x.x.x.x..........x.x.,111,Beginner,True
puzzle_676,9,*AA*AAAA*AA*A*A*A**AAA*A***A******AA**AAA*****A*A**A*A*A*AA*AA*A**A**AAAAAA*A**AA,..x..x...x......x....x.x...x......x...x.x..........x.x.x.x...........x.x.x..x....,111,Beginner,True
puzzle_677,9,*AA*AAAA*AA*A*A*A**AAA*A***AA*****AA**AAA*****A*A**A*A*A*AA*AA*A**A**AAAAAA*A**AA,..x..x...x......x....x.x...x......x...x.x..........x.x.x.x...........x.x.x..x....,111,Beginner,True
puzzle_678,9,AAAAAAA**AAA**AAAAAA*AAA*A*****AAAA*A**AAAA*AAAA*AAAAA*AAAAAA*AAAAAA*AAA*A**A**AA,x.x...........x.x..x.x..........x.x.x..x...........x.x..x.x..........x.x.x..x....,111,Beginner,True
puzzle_679,9,A**AA*AAA*A***AAAA***A*AAAAAAAAAAAAA****AA*AAA*AAAA*AA*AA**AAA*A*AAAA*A*A*A*A*AAA,...x...x..x...x......x....x.x....x......x...xx.x...........x.x.x.x..........x.x..,111,Beginner,True
puzzle_680,9,AA*A*A***AA*A**A*A****A*AAA*AA*AA**AA**AA*A***AA*A*A**A*AA*AAAA*A*AAAAAAAAAA*A*A*,...x.x....x......x....x.x....x.....xx.....x....x.x....x......x....x.x....x.....x.,112,Beginner,True
puzzle_681,9,A****AAA**AAAA*A*****A*AAAA*AAAAA*A*A**A*A*A*AAA*A***AAA****AA***AA****A*A*A*A***,.....x.x..x.x...........x.x..x.x....x......x...x.x....x.....x.....x....x.x...x...,112,Beginner,True
puzzle_682,9,AA**AAAA*A**A*AAAAAA**AA*A*AA*AAA**AAAA**AA**A*A*A**A***AAAAA*AAAA*A**A*AA*A**AA*,.x...x......x...x..x...x......x....xx.....x....x.x..........x.x..x.x....x......x.,112,Beginner,True
puzzle_683,9,A*AAA*AAAA*AAAAAA**AAA*AAAA*A*AAAA*AAAAA**A*AAAAAAAA*AA*AA*AAAAAA****A***AA*AA*AA,x......x....x.x....x.....x....x.x....x......x....x.x....x.....xx.....x....x.x....,112,Beginner,True
puzzle_684,9,****A*AA*A*AAAA*A***A*A*AAA*AAAAAA**AA*A*AA*A*A**AAAA**AAA***AAAAA*AAA*A**A***AA*,....x.x..x.x..........x...x.x....x.....x....x.x...x......x...x.x....x.....x....x.,112,Beginner,True
puzzle_685,9,AA**AAA*AAA*AAA*AAAAAAA**AA***AAAAAAAAA*AAAAA**A*AA*AAAA**A*AAA*AAAA*A*A*A*AAAAA*,.x......x...x.x....x.....x....x.x...x......x...x.x....x.....x....x.....x....x.x..,112,Beginner,True
puzzle_686,9,*A*A*AAAAAA*A*A*A**A*A*AA*A**A*AAA*AAAA*AAA*A*AA*A**AAAAA*AA***AA**AA*AA*A*AAA***,.....x.x..x.x...........x.x..x.x....x.....x......x...xx.x...........x.x..x.x.....,112,Beginner,True
puzzle_687,9,*AAAA**AAA*A****AAAAA*AAA*AAAAA**A*AA*AAAAAA*AA***AAA***AA*AAA*A*A***A*AAAAAAAA**,....x..x.x.x..........x.x...x......x...x.x....x.....x....x.x...x.......x..x...x..,112,Beginner,True
puzzle_688,9,A*A*A**AAAA*A*A*AAA*AA*A***AAA*A**AA*A*AAAA**AAA**A**A*AA*A*AA*AAA***A***AA**AAA*,..x.x....x......x....x.x....x......x...x..x...x......x....x.x..x.x...........x.x.,112,Beginner,True
puzzle_689,9,AA*AAAAAAAA**AAA*A*AAAA****A*A**A*A**AAA*AA*A**A*AAAAAA*A*A**AAAA*A**AAA*AA**A*A*,x...x..........x.x.x.x..........x.x..x.x...........x.x..x.x....x......x...x..x...,113,Beginner,True
puzzle_690,9,***AAAA**A*AAA*****A*A*A*AAAAAA**AA*A**A*A*AAAAAA***AAA****AAAAAAAA***A*AAAAAAA*A,....x.x..x.x...........x.x..x.x..........x.x..x.x...........x.xx.x..........x...x,113,Beginner,True
puzzle_691,9,AA*AAA*AAAAAAAAAAA*A**AAAAAAAA*******A**A**AAA*AAAAAA***AAAAAA*AA*AAAAAAAAA*AAAAA,...x.x....x......x....x.x..x.x..........x..x.x.x...........x.x..x.x...........x.x,113,Beginner,True
puzzle_692,9,AAAA*AAA***AAA**AA*A**AAA*AAA*AAA**A**A**AAA*AA*A****A***A*A*AAAAA*A***AA*AAAA**A,x.....x....x.x..........x.x.x.x..........x.x..x.x..........x.x.x.x..........x...x,113,Beginner,True
puzzle_693,9,*AAAA*AA*AA*AAAA*AAA**A*AAAAA*A***A**AA**AA*AAAAA**AA*A*A**A*AAAAAAAA**A*AA*A**AA,..x...x..x...x..........x.x.x.x..........x..x.x.x..........x.x.x.x..........x..x.,113,Beginner,True
puzzle_694,9,A***A*AA*A**AAA*AA*AAAAA***A*A**A*A*A*AAAA**A****AAAAAAA*A*AAA*AAA**AAA**AAA**AAA,....x.x..x.......x..x..x...x......x...x.x..........x.x.x.x..........x.x..x.x.....,113,Beginner,True
puzzle_695,9,AA*AA*A**AAAAA*AAAAAAA*AAA*AA**A**AAAAAAAA****AAA**AAAAA*A**A*AA***AAAA*AA*AA**A*,....x.x..x.......x..x..x...x......x...x.x..........x.x.x.x..........x.x..x.x.....,113,Beginner,True
puzzle_696,9,****AAAA*AAAAAA*AAAAAA*A*A*A*A*AA*****AAAAAA**AAAA*A*AAA**AAAAA***A**A*AAAAAAAAA*,.....x.x..x.x..........x.x.x.x..........x.x....x.....xx...x..........x.x.x.x.....,113,Beginner,True
puzzle_697,9,AAA*AA**A**A*A*A**A*A*A*AAAAA**AAAA**AA*AAAA*A*AA*A*AAAAAAAA**AAAA****A***AAAAA**,.x......x....x.x....x.....xx.....x....x.x....x......x....x.x....x.....x....x.x...,114,Beginner,True
puzzle_698,9,A****A*A*AA*AA**A*A**AAA*AAAAAAA****AA**AA*A*AAA**A**A*AAAA*A**AAA**AAAA**AAAAAAA,.....x.x..x.x..........x..xx.x..........x..x.x.x..........x.x...x......x...x..x..,114,Beginner,True
puzzle_699,9,A*A*A*A*AAAAAA**A*AAAAAAA**AAA*A*AAAAA*AA*AAAAAA*AAAA**AA**AAA*AAAA*AAAA*****AAAA,..x.x....x......x....x.x....x......x....x.x..x.x...........x.x..x.x...........x.x,114,Beginner,True
puzzle_700,9,*AAA****AAA*A*A*AAAAAA***AAAA*A*AAAAA*A***AAAAAA*A*AA*A*AA**A*A*A**AA*AA*A*AAAAAA,...x....x.x...x......x...x.x....x.....x....x.x...x......x...x......x...x.x....x..,114,Beginner,True
puzzle_701,9,AAAAAA*A*AA*AA**A*A*A**AA*A*AA*A*AAAAAA*A*A*AAAAA*A*AAAA***AAAAAA*A*A*AAA****AAA*,..x....x.x...x......x...x......x...x.x....x.....x....x.x...x......x...x.x....x...,114,Beginner,True
puzzle_702,9,*A*AAAA***A*A***AA****AAA*AAAA*AAAAAAAAAAA***A******AA**AAAA***AAAAA*AAA*AA*A**A*,...x..x...x......x....x.x...x......x...x.x...x......x...x..x...x......x...x.x....,114,Beginner,True
puzzle_703,9,*AAA**AAAAA*AAAAA*A****A*AAA*A**A**A*AA*A**AAA*A**AAA*A**AAAA*AAA*AAAA*AAA*AAAA*A,......x.x.x.x..........x.x.x.x..........x..x.x.x..........x.x...x......x...x.x...,114,Beginner,True
puzzle_704,9,A*A*AA*AA*AA*AAAA*AAAAAAAAAAAAAAAAA**AAAAAAAAA*A********A*A*A*A*AAAAAA*A*A*AAAA**,x......x...x.x..........x.x.x.x..........x.x.x.x..........x.x...x......x...x.x...,114,Beginner,True
puzzle_705,9,A****AAA**AAAAAA**A**A*AAAA*AAAAA*A*A**A*A*A*AAA*A*A*AAA****AA**AAA****A*A*A*AAA*,.....x.x..x.x...........x.x..x.x....x......x...x.x....x.....x.....x....x.x...x...,115,Beginner,True
puzzle_706,9,*AAA**AAAAAA***AAA*A*AA*A**AAA**A**AAAAAAAA**AA*****A***A*AAAA*AAA*AAAAAAAA*A*A*A,...x..x...x......x....x.x...x......x...x.x...x......x...x..x...x......x...x.x....,115,Beginner,True
puzzle_707,9,*AA*AAAA*AA*A*A*A**AAA*A***AA*****AA**AAA**A**A*A**A*A*A*AA*AA*A**A**AAAAAA*A**AA,..x..x...x......x....x.x...x......x...x.x..........x.x.x.x...........x.x.x..x....,115,Beginner,True
puzzle_708,9,A**A***AA*A*A*AA*A***AAA**AAAA*A*AAA*A**A***AA*A*A********AA*A*A*AA****A**AAAAAAA,...x...x..x...x......x....x.x....x......x...xx.x...........x.x.x.x..........x.x..,115,Beginner,True
puzzle_709,9,AAAAAAAA**AAAA*AAA***AA**AAA*AAAAAAAAAAAAAAAAAAAAAAAAAAA*AAAA*AAAAAAAAAAAAAAAA*A*,x...x......x...x......x...xx.x...........x.x..x.x...........x.x.x.x..........x.x.,115,Beginner,True
puzzle_710,9,*AAA*AAAAAAAAAAAA*AAAA*AA*A**A*A*AA***AAAAA*AA**AA*AA*AAAAA**A*A*A*AA*AA***AAA*AA,.x.....x....x.x....x......x....x.x....x.....xx.....x....x.x....x......x....x.x...,115,Beginner,True
puzzle_711,9,A*AAAAA*A*A*A**AA*AAAA*AAAA*A*AA***AAAA*AAA*A**A*AA**AAAA*A*A**A*A*AA****AAA***A*,x....x......x...x..x...x......x....x.x....x......x...x..x...x..x...x......x....x.,115,Beginner,True
puzzle_712,9,*AA*A*AA*AAAAAA*AAAAA**AAA**A*A*AA*A*****AA*AAAAA*AAAAAA**AAAAAA*A*AA*A*AA*A***AA,....x.x..x.x...........x.x..x.x..........x..x.x.x...........x.x..x.x....x......x.,115,Beginner,True
puzzle_713,9,*AA**A*AA*A*A*AAAA*A*AAA*A*AAA*A*A*A**A*A*A**A*AAAAA*A**A*AAAA**AA*AAAAA*A*A*AAAA,.....x.x..x.x..........x.x.x.x..........x.x..x.......x..x.x..........x.x.x.x.....,115,Beginner,True
puzzle_714,9,A****AAA**AAAAAA**A**A*AAAA*AAAAA*A*AA*A*A*A*AAA*AAA*AAA****AA**AAA****A*A*A*AAA*,.....x.x..x.x...........x.x..x.x....x......x...x.x....x.....x.....x....x.x...x...,116,Beginner,True
puzzle_715,9,*AAAA*AA**A*A*A*AA***A*AAA*AA*****AA*A**AAA**A*A**A*A**AA*AA*A*AAA*AA**AAA**A*AAA,...x..x...x......x...x.x....x......x....x.x..x.x...........x.x.x.x..........x..x.,116,Beginner,True
puzzle_716,9,**AAAAAA*AAAAAAAAAA*A*A*A********A*AAAAAAAAA**AAAAAAAAAAAAAAAAA*AAAA*AA*AA*AA*AAA,...x.x...x......x...x.x..........x.x.x.x..........x.x.x.x..........x.x...x......x,116,Beginner,True
puzzle_717,9,AA**AA*A*AA****A*AA*AAA*AAAA*A**AAAA*AAAAAA***AA****AA*AAA*AA**A*A***A*A**AAAAAAA,.x..x..........x.x..x.x....x......x....x.x....x.....x....x.x...x.......x..x...x..,116,Beginner,True
puzzle_718,9,*AA***A***AAAAAAAAA*A*AAAAA***AA*AAAA****AA*AA**AAA*A**AA*A*AA***AA*A****AA**A*A*,..x...x......x...xx.x..........x.x..x.......x...x.x....x.....x....x.x....x.....x.,116,Beginner,True
puzzle_719,9,AA***A*AAAAA*AAAA*AAA*AAA*A*AAA**AAA*A*AAAAA*AAAAAA**A*AA*A*A***AA**A**AA**A*A***,x......x...x.x..........x.x.x.x..........x.x.x.x..........x.x...x......x...x.x...,116,Beginner,True
puzzle_720,9,AAAAAA*AAA*AAA**AA****AAAA**A*A**A*AA*AA*AAA*AAAAA*A**AA**A*A*AAAA**A*AA*A*A*AAA*,....x...xx.x...........x.x..x.x..........x.x.x.x..........x.x...x......x...x..x..,116,Beginner,True
puzzle_721,9,AAA**A*AAAA**A*AAAA*AAAAA**AA**A*A*A**AA**AAAA**AAA*AA*A*AA**AAAAAA*A**A*AAAA**AA,.x......x....x.x..x.x..........x.x....x.....xx....x......x...x..x...x......x...x.,116,Beginner,True
puzzle_722,9,**A*A*A**AAA**A*A*A**A*A*AA*A*AA**A**A*A*A*AAAA*A*AAAA*AA**AA*A*AA*AAA*A*A***AAAA,..x.x....x......x....x.x....x.....x....x.x...x.......x..x...x......x...x.x....x..,117,Beginner,True
puzzle_723,9,AAAA***A*A*AAAA*AAAAA*AA*A*AA**AA*AAAAAA*AA**A**AA*AAA**AAA**A*A*AAAAA****A*AA**A,.x.x..........x.x.x.x...........x.x..x.x...........x.x..x.x....x.....x......x...x,117,Beginner,True
puzzle_724,9,**AA**AA*AA**AAA*A**AA*AAAAAA*A**A*A*A*AA*A*AAA******A*AAA*AA*A*AAAA**AAAA*AAA*AA,..x....x.x...x......x...x..x.......x....x.x...x......x...x.x....x.....x....x.x...,117,Beginner,True
puzzle_725,9,***AA*AAAA*A*A*AA*A*AAAAA*A**A***A*AA*A**AAAA**AA**AAAAAA*AAA*AAA*AAA*A*AAAAAA***,....x..x.x.x..........x.x....x.....xx.....x.....x....x.x...x......x...x..x...x...,117,Beginner,True
puzzle_726,9,*A*A*AAAAAA*AA*AAAAA*AAAAAAAAAA**AAA***AA**AA**AAA*AAAA*AAA*A*A*A*A**A*A*A*A*AAA*,.....x.x..x.x..........x.x.x.x..........x...x..x...x..x...x..........x.x.x.x.....,117,Beginner,True
puzzle_727,9,AAAAAA*A*AAA*A**A*AA**AA**A*A**AAA*AA*A*A*AA*AAAAA*A*AAAAAA***A**A**AAAA*AAA*A***,x....x.....x....x.x...x..........x.x..x.x..........x.x.x.x..........x.x..x.x.....,117,Beginner,True
puzzle_728,9,A***A*A**AAA**AAAAAA*A******A*AAAAAAAA*A**A*A*AAAAA*AAA*A*AA***A***A*A**A*AA**AAA,x...x..........x.x.x.x..........x.x..x.x..........x.x.x.x..........x.x....x.....x,117,Beginner,True
puzzle_729,9,AAAAAA*A**AAAAAAAAAAAAAAAAAAAAAA**AAA**AAA*A*AA*AAA***A*AAAA**AA*AA*AA*A****AAAA*,x......x...x.x..........x.x.x.x..........x.x..x.x..........x..xx.x..........x.x..,117,Beginner,True
puzzle_730,9,AA**A*AAAAAA*AA**A*AA*AA*A*A*A**A*A**A**AAA**AA*****AA***A*AAA*AA*A*A*AA*AAAA*AA*,....x..x.x.x...........x.x.x.x..........x.x...x......x...x.x....x......x...x..x..,118,Beginner,True
puzzle_731,9,AAAAAAAA**AAAAAA*AA**AA*AAAAA*AAA*AAAAAAAAAAA*AAA***AA**A*AA*A*AAA*A*AAAAAA*A*A**,x......x...x.x..........x.x.x.x..........x..x.x.x..........x.x.x.x..........x.x..,118,Beginner,True
puzzle_732,9,AA**AA*AA*AAAA***AA*A**A*AAAAA**AAA****AAAAAAAA**A**AA*AAA*AAAAAAA*AAAAA*AA*AA*AA,.....x.x..x.x..........x.x.x.x..........x.x...x......x...x..x..x.......x..x.x....,118,Beginner,True
puzzle_733,9,AAAA*A*A*AA*AA**A*A***AA*A*A*AAA**A*****A*AAAA***AA**A**A*A*AA*AA*AAAAAAAA*AAA**A,.....x.x..x.x..........x.x.x.x..........x.x..x.......x..x.x..........x.x.x.x.....,118,Beginner,True
puzzle_734,9,AAAAAAA**A***AAA*AAA*A*A*A***A**AAAAAAA*****A*A*AA*A****AA**A*AA***AA**A***AA**A*,.x..x..........x.x.x.x..........x.x.x.x..........x.x....x.....xx....x......x...x.,118,Beginner,True
puzzle_735,9,A*AA*A*A*AAAAA**AAAAAAAAAAA**AAA**AAAAAAA*AAAAAAAA**AAAAAAA*AAAAAAAA**A*A*A*A*AA*,x....x......x...x..x...x......x....x.x....x......x...x..x...x..x...x......x....x.,118,Beginner,True
puzzle_736,9,A*A*A*AA*AAAAA**A*AAAAA*AAAAAAAA**AAAAAAA*AAA**AAA**AAAAAAAAAAAAAAAA**AAA*AAAA*A*,..x....x.x...x......x...x......x...x.x....x.....x....x.x...x......x...x.x....x...,118,Beginner,True
puzzle_737,9,A**AAAAA**AAA**AAAAA*AA*A*****AAAAAAA*A*AAAAAA*A*AAAA*AA*AAA*AA**A**AA*A**AAA*AAA,x...x..........x.x.x.x..........x.x.x.x...........x.x..x.x...........x.x..x.x....,118,Beginner,True
puzzle_738,9,AAA*AAA**A*AA**A*AAA*AAA*AA*AAAA*A*AAAAAA*A*AAAAAAA*****A*AA*AAAAA**AAA**AAAAA**A,....x.x..x.x...........x.x..x.x...........x.x.x.x..........x.x.x.x..........x...x,118,Beginner,True
puzzle_739,9,AA*AA*AA*A*A*A*******AAA**AA*AAA*AA*A***AAA*A*AAA*AAA*AAA*A*AA*A**AAA*A**AA**A*A*,....x.x..x.x..........x...x..x...x..x.......x...x.x....x.....x....x.x....x.....x.,119,Beginner,True
puzzle_740,9,A*A*A*A**AAA*A*AAA**A*AA*A**AAA***AAAAAAAAAAAAA*AAA**AA**AA*AAA*AAAAAA*AAAAAAAAA*,....x.x..x.x...........x.x..x.x..........x..x.x.x...........x.x..x.x....x......x.,119,Beginner,True
puzzle_741,9,A*A*A*A**AAA*A*AAA**A*AA*A**AAA***AAAAAAAAAAAAA*AAA**AA***A*AAA*AAAA*A*AA*AAAAAA*,....x.x..x.x...........x.x..x.x..........x..x.x.x...........x.x..x.x....x......x.,119,Beginner,True
puzzle_742,9,**A*A*A*AAAA*A*AAA*A*AA*A**AA***AAA*AAAAAAAAAA**AAA*AAAAA*A***AA*A*AAAA**AAAAAAAA,..x.x..........x.x.x.x..........x.x.x..x..........x.x.x.x..........x.x...x......x,119,Beginner,True
puzzle_743,9,AA****AA***AAAAA**A*AA**AAA**AAAA***A****AA**AAAAA***AA*A*AAAAAAA****AAAAA*AAA*A*,.x.....x....x.x...x......x...x.x....x.....x....x.....x....x.x...x......x...x.x...,119,Beginner,True
puzzle_744,9,**AAAAAA*****A*AAAAAAA*AAAAAAAA*AAA*AA*AAAAA**A*A**AAAAA*AAAAAA**AA**AA*AA*A*A***,..x.x..........x.x.x.x..........x.x..x.x...........x.xx...x......x....x.x....x...,119,Beginner,True
puzzle_745,9,AAAAAA*AAAAAAA*A*A***AAAA*A**AAAA*AAAA*A*A**A**AA***A*AAAA*AA*AAAAA***AAAAAAAAAAA,....x..x.x.x..........x.x....x.....xx....x......x...x..x...x......x....x.x....x..,119,Beginner,True
puzzle_746,9,AA*AA*AA*****AAA*AA*AAA*AA*AA****AAA*A*AA*AA**AAAAAAAAA*AA*A****A*A*A*AA*A*A*A**A,x...x..........x.x..x.x..........x.x.x.x..........x.x.x.x...........x.x..x.x.....,119,Beginner,True
puzzle_747,9,*AAAAA**AA****AA**AAAAA*A*A**A*AAA*AAA*AA*AA****A*AAAAA*AAA*******A*AAAAAAAAAAAAA,....x...xx.....x....x.x..........x.x.x.x..........x.x.x.x...........x.x..x.x.....,120,Beginner,True
puzzle_748,9,*AAAAA**AA****AA**AAAAA*A*A**A*AAA*AAA*AA*AA****A*A*AAA*AAA*******A*AAAAAAAAAAAAA,....x...xx.....x....x.x..........x.x.x.x..........x.x.x.x...........x.x..x.x.....,120,Beginner,True
puzzle_749,9,AAAA*AA*AAAAA*AAAAAAAA*A*A*****A*AAAA*AA*AAA*AA*AAAAA*AA*A*AA*A*AAA**A*AAA*A*AAAA,.x.x..........x.x.x.x..........x...x..x...x..x...x..........x.x.x.x..........x.x.,120,Beginner,True
puzzle_750,9,AAA*A*A*AAA****AAAA*A*A***AAAAA***AA*A*A*AAAA*AAAA***AA**AA*A*A*A*A*A*AAAAA**A*AA,..x.x....x.....x......x...xx.x...........x.x..x.x...........x.x.x.x..........x.x.,120,Beginner,True
puzzle_751,9,A*AAAAA*A*A*AAAAA*AAAA*AAAA*A*AAA**AAAA*AAA*A**A*AA**AAAA*A*A**A*A*AA****AAA***A*,x....x......x...x..x...x......x....x.x....x......x...x..x...x..x...x......x....x.,120,Beginner,True
puzzle_752,9,A*AAAAAAA*A***AAAAAAAA****AA****AAAAAA*A*A**A*AA**AAAAAA*A*A*A*****AAA*A**AAAA***,x...x..........x.xx.x...........x.x..x.x..........x.x..x.x...........x.x..x.x....,120,Beginner,True
puzzle_753,9,A*AAAAAAA*A***AAAAAAAA****AAA***AAAAAA*A*A**A*AA**AAAAAA*A*A*A*****AAA*A**AAAA*A*,x...x..........x.xx.x...........x.x..x.x..........x.x..x.x...........x.x..x.x....,120,Beginner,True
puzzle_754,9,***AAAAAA*AAAA*AA*A**AAAA*AAAAAAA**AA*A*A*A**AAA****A*A***AAAAA**A*AAAAAAAA**AAA*,...x.x....x.....x....x.x....x......x....x.x..x.x............x.x..x.x....x......x.,120,Beginner,True
puzzle_755,9,****A*AAAAA****AAAAAA*AAA*****AA***AA*AAAA*****AAAAAA*AAAAAA***A**AAAAA**A*AA*AAA,....x.x..x.......x..x...x......x...xx.x...........x.x..x.x..........x.x..x.x.....,121,Beginner,True
puzzle_756,9,AA****AAAAA*AAA*A*A**AA**AA***A*A**A*AA***AAAA*A*AAAA*AAA**A**A*A**A*AA***AAA*A*A,.x.....x....x.x...x......x....x.x....x......x....x.x..x.x..........x.x....x.....x,121,Beginner,True
puzzle_757,9,*A*AA***AAA*AA*AAAAAA*A***A*AAA**A*****AAAAAAAAAAAAA*A***AAAAAA*AAAA**A*AAA**AAAA,.x.x...........x.xx...x......x...x......x...xx.x...........x.x..x.x..........x.x.,121,Beginner,True
puzzle_758,9,AAAAAAAA*A**A*AA*AAA**A*A**AAA**AAA*A**AAA*AAAAAA*AAAAAA****AA*A*AAAAA***A**A*AA*,..x.x..........x.xx...x......x...x..x.......x...x.x....x.....x....x.x....x.....x.,121,Beginner,True
puzzle_759,9,*A*AA**A*A*AAA*AAAAAA**AAAA*AA*AAAAA*A*AAAAA*****A*AAA*AA*AAAA*A*AA*A*AA**AAAAA**,.x..x..........x.xx.x...........x.x..x.x...........x.x..x.x....x......x....x.x...,121,Beginner,True
puzzle_760,9,AA*AA***AA*A**AAAA****A*AAA**A*AAA*AAAAAAA**A*AAA*A**A*AAAAA*AA**AA*A**A*A**AAAA*,x...x......x...x......x...x..x...x..x.......x...x.x....x.....x....x.x....x.....x.,121,Beginner,True
puzzle_761,9,AAA*AAA*A***AA*A**AAAAA**AAA*AA*A*AA*A*AA**A**A**AAAAA**AAA**AAA*AAA**AA*A*A*AAA*,.x......x....x.x..x.x...........x.x..x.x...........x.x..x.x....x......x....x.x...,121,Beginner,True
puzzle_762,9,AAAAAAA**A*AAA*A*A**AA*AAAAAA***AAA*A*AAAAAA*AAAA**A*AAAA*AAA*AA*A****AA*AAAA**AA,..x...x..x.......x...x.x....x.....x....x.x....x......x....x.x..x.x..........x..x.,121,Beginner,True
puzzle_763,9,A*A**AAAA*AAAA*AA*AAAA*AA****AA*A*A**A*AAA*A***AA*AAAA*AAAAA**A****AAA*AA***AAA*A,..x.....x....x.x..x.x...........x.x..x.x..........x.x..x.x...........x.xx...x....,121,Beginner,True
puzzle_764,9,A****A*AAAAAAAA***AAA*AAAAAAAA*A*AA****AAAAA*A*AAA*AAA**AAAA*AA****AAA*A*AAAAAAAA,.....x.x..x.x..........x.x.x.x..........x.x..x.......x..x.x..........x.x.x.x.....,122,Beginner,True
puzzle_765,9,*A*AAAA**AAAA**AA**AAAAA*AAAAAAA**A*AAA*A**A*AA**A*AAAAA*AAA***A**A**AAA*A**AAA**,...x.x...x......x...x..x...x......x...x.x..........x.x.x.x...........x.x.x..x....,122,Beginner,True
puzzle_766,9,*A**A*AA*A**A*AAAAAA*A**A*A*AA**AAAAA*AA**AA**A***A*AAAAA*A**AAA*AAAA*AA*AA**AAA*,.x..x..........x.x.x.x..........x.x.x..x..........x.x.x.x..........x...x..x...x..,122,Beginner,True
puzzle_767,9,A*AAA*A**A**A*AA*AAA*AAAA*A*AA*A*A****AAAA**AAAA*A*AA*AAAAAAAA*AAAAAAA*AA***AAAA*,..x.x....x.....x.....x....x.x....x......x...xx.x...........x.x..x.x..........x.x.,122,Beginner,True
puzzle_768,9,*A*A*AAAAAA*AAA*A**A*A*AA*A**A*AAA*AAAA*AAA*A*AA*A**AAAAA*AA***AA**AA*AA*A*AAA***,.....x.x..x.x...........x.x..x.x....x.....x......x...xx.x...........x.x..x.x.....,122,Beginner,True
puzzle_769,9,AAAA*AAAAA*AAAAAA**AAA****A*A****A*AAAAAA*AA*AA*A**A******AAA*AAAA*AAA*AA**AAA*A*,.x.x..........x.x..x.x...........x.x..x.x....x.....x......x...xx.x...........x.x.,122,Beginner,True
puzzle_770,9,AA*AAA*AA*AAAA**AA*AAA*AA*AAA******A*A*AA*A*AAA*A**A*A**AA*AAAAAA*AAAA*A**AA**AA*,...x.x....x.....x....x.x....x......x....x.x..x.......x..x...x..x...x......x....x.,122,Beginner,True
puzzle_771,9,A*AA**AA*AA**AAAAAAAA*A*AAAA*AA**AAAAAAAA*AA*AAAA******A*AAA*AAAA*A*AAAA**AAAAA*A,...x..x...x......x....x.x..x.x..........x..x.x.x...........x.x..x.x..........x..x,122,Beginner,True
puzzle_772,9,**AAAA*A**AA**AAAAAA*AAAAA**A**AAAAA*A**AAAAAAAA*A**AA***AAA*AAAAA**A**A**AAA**A*,...x.x....x......x...x..x...x......x....x.x..x.x...........x.x.x.x..........x..x.,123,Beginner,True
puzzle_773,9,*AAA*A*A*A****AAA**AA****AAA*AAAAAAAAA*A*A*AA*A*AAAAA*AAAA*A**A**AAAAAA**AAA*A**A,...x...x.x....x.....x.....x....x.x...x......x....x.x..x.x...........x.x..x.x.....,123,Beginner,True
puzzle_774,9,A*AAAA*AAA*A**AAAA*A**A***A*AA**AA*AAAA*AA**A**AA*AA*A*A*AA*AAA****AAAA*AA*A*A**A,.....x.x.x.x..........x...x..x...x..x...x..........x.x.x.x..........x.x..x.x.....,123,Beginner,True
puzzle_775,9,AAAAAA*A*AA*AA**A*A*A**AA*A*AA*A*AAAAAA***A*AAAAA*A*AAAA***AAAAAA*A***AAA****AAA*,..x....x.x...x......x...x......x...x.x....x.....x....x.x...x......x...x.x....x...,123,Beginner,True
puzzle_776,9,***AA*AAAAAA***AA*AA*AA*AAA*AAAA***AA*AA**AA*A*AA*AA**AAA*A**AA*AAA*AA*AAA*A*AAA*,....x.x..x.x............x.x..x.x....x......x....x.x....x......x...x.x....x.....x.,123,Beginner,True
puzzle_777,9,AAAA*A*A**A*A*A*AAA*AA***A*A*AAA*A**A*AAA*AAAAA**A*AA****AA*AAAAA*AA**AA***AAA*A*,.x.x..........x.x.x.x..........x.x....x.....xx...x..........x.x.x.x..........x.x.,123,Beginner,True
puzzle_778,9,A*AA*AAAAA**AAA*A*AAAAA**AAAA***A*AAAAA***A******A***A*AAAA*A*AAAAAA*AAAAA**AAA**,x..x..........x.x..x.x..........x.x.x.x..........x...x..x...x......x...x.x....x..,123,Beginner,True
puzzle_779,9,AAAAAAA*AAAAAAAA*A*AAA**AA*AA*AAAA*AAA*AA****AAAAAAAAAAAAA*AA*AAAAA*AAAAAAA*AA*AA,..x.x..........x.x.x.x...........x.xx...x......x....x.x....x......x...x..x...x...,123,Beginner,True
puzzle_780,9,AA*AAA*AAAAAA*A*AAAA*A**A**A*AA*AAAAA*AAA**AAA*AAA*A*AAAAAAAA*******AAAAA**AAAA*A,.x.x..........x.x..x.x..........x.x.x.x............x.x..x.x..........x.xx...x....,124,Beginner,True
puzzle_781,9,AAA*AA*A*A*AAAA*AAAA*AAAAA**AAAAA**AA*AAAAA*AA*A**AAAAAA*AA**A***A***AA***AAA*A*A,.x.....x....x.x....x.....x....x.x...x.......x..x...x..x...x......x...x......x...x,124,Beginner,True
puzzle_782,9,A*A*AAAAAA***AA*AA*AAA*AA***AAA*AA*A*A*A*AA*A*A*AAAA*AAAAAAAAAAA*A***AAA**A**AAAA,..x.x....x......x....x.x....x......x...x..x...x......x....x.x..x.x...........x.x.,124,Beginner,True
puzzle_783,9,***A*AA*AAA**AAAA**AAAAAAAAAA**AAA**AAA*AAAAAAA**AAAAAAAA*AAAA**A**AAAAA*AA*A*A*A,...x....x.x...x......x...x.x....x.....x....x.x...x......x...x......x...x.x....x..,124,Beginner,True
puzzle_784,9,***A*AA*AAA**AAAA*AAAAAAAAAAA**AAA**AAA*AAAAAAA**AAAAAAAA*AAAA**A**AAAAA*AA*A*A*A,...x....x.x...x......x...x.x....x.....x....x.x...x......x...x......x...x.x....x..,124,Beginner,True
puzzle_785,9,A*AAAA***A***A**AAAAAA*A*A*AA*A*AA*AAAA*A*A*AA*AA**A**A***A*AAAAA*A***A*AAAA*A*A*,..x.x....x......x....x.x....x......x....x.x..x.x............x.x.x.x..........x.x.,124,Beginner,True
puzzle_786,9,***A*A*AAAA*AAAAA****A*A*A*A*A**AA**AAAA****AA**AAAA***AAAAA**A**A**AAAA*AAAAAAA*,...x...x..x...x......x...x.x....x.....x.....xx.....x....x.x..........x.x.x..x....,124,Beginner,True
puzzle_787,9,AA*AA*A*AAAA*A*A******A*A*AA*A*AAAAAA*AA*AAAAAAAAAA*A**AA**AAAAAAA*AAAAAA*A*A*A**,...x....x.x....x......x...xx.x...........x.x..x.x..........x.x.x.x..........x.x..,124,Beginner,True
puzzle_788,9,AA*AAA*A*AAAAAA***AAA*AAAA****A*A*AAA******AAA**AA*AA***AAAA**AAA***AAA*AAAAA*A*A,.x.....x....x.x....x.....x....x.x...x.......x....x.x....x.....xx.....x....x.x....,124,Beginner,True
puzzle_789,9,*AAA****A*A*AAA*AA*AAAAA*AAAA*A*A*AAAAA*AAA*AAAA*A*AA***AAAA*AAA*AAAAAAAAA***A*AA,.x.x..........x.x..x.x..........x.x.x.x..........x.x....x.....x....x.x..x.......x,125,Beginner,True
puzzle_790,9,A*AAAA*A**A*AAA*AAA**A*A**AA*A*AA*AAAAA*AA*A*A***A*A*A*A**A***AAAA*AAAAAA*AA*A*A*,...x.x....x.....x....x.x...x......x...x.x..........x.x.x..x..........x.xx.x......,125,Beginner,True
puzzle_791,9,A*AAAAAA*AAAA*A****AAA**AA*AAAAAA*A*AAAAAAA*AAAA*AAAAA**A****AAAAAAA***A*AAA**AA*,x......x....x.x....x.....x....x.x....x......x....x.x....x.....xx...x......x...x..,125,Beginner,True
puzzle_792,9,*A*A*AA*AAA**AA*A**A*AAA******AAA*AAAAA*A*AAAA*A**AAAAA*AAAAA***AA*AAA*A***AA***A,.x.x..........x.x..x.x..........x.x.x.x............x.xx...x......x...x......x...x,125,Beginner,True
puzzle_793,9,*A*AA*AAA*AAA**A*A*AA*A*A*A**A***AAAAAA*AA*AAAAAA*A*AAAA*A***AAAA*AAAAA**A*A***AA,.x..x..........x.x..x.x..........x.xx.x...........x.x.x..x..........x.x..x.x.....,125,Beginner,True
puzzle_794,9,A*AAA*A*A*A***AA*AAAA*AA*A*A*AAAAAAAA*AAA*AA*****AAAAA*A*AA****A*AAAA*AAA*A***A**,..x.x..........x.x.x..x..........x.xx..x..........x.x..x.x..........x.x.x.x......,125,Beginner,True
puzzle_795,9,AA*AA***AA*A**AAAA****A*AAA**A*AAA*AAAAAAA**A*AAA*A**A*AAAAA*AA*AAA*A**A*A**AAAA*,x...x......x...x......x...x..x...x..x.......x...x.x....x.....x....x.x....x.....x.,125,Beginner,True
puzzle_796,9,*A*A***AAAAA*AAA***AA*A**AA*AA*AAA*A*A**A**AA*AA*AAA*AA*AAAAA**AAAAAA*A*AA*AA*AA*,...x...x.x....x.....x.....x....x.x...x......x....x.x..x.x...........x.x..x.x.....,125,Beginner,True
puzzle_797,9,*A**AAA*A*A**AAAAA*AAA*AA*AAAAAAA*AAA*A*A**AAAAA*AAAAAAAAA*A*A*AA*AAAA*A*AA*AA***,.x..x..........x.x.x.x..........x.x.x.x...........x.x.x..x...........x.x..x.x....,126,Beginner,True
puzzle_798,9,**AA**AA*AAAAAAAA*AAAAA*A*AAAA*AA***A*AA****A*A*AAA**A*AA*A*AA**A*A*AA***A*A**AA*,..x...x..x...x..........x.x..x.x....x.......x...x.x....x.....x....x.x....x.....x.,126,Beginner,True
puzzle_799,9,AAAAA*AAAAAAAAAA*A*AA*AA***AAA*AAA*AAA*AA**AAA*A*A**A*AAA**AAA*AAAA*A*AA*A*A*AA*A,.x.x...........x.x..x.x..........x.xx...x......x....x.x....x......x...x..x...x...,126,Beginner,True
puzzle_800,9,*AAAA*A**AAAA*AA*AA**AAAA*AA**AAA*AA*A*AAA**AAA**AAAAAAAAAAAAAAAAAAAAAA**A*AAAAAA,..x.x..........x.xx..x..........x.x..x.x..........x.x.x.x..........x.x...x......x,126,Beginner,True
puzzle_801,9,AA*AAAAAAAAAAAAAA*AAAAAAAAAAA**AAAAA*A*AAA**AA**AAA*AAA**AAAA*AAAAA*AA*A*AAAA*A**,.x......x....x.x..x.x...........x.x..x.x..........x.x.x..x...........x.x..x.x....,126,Beginner,True
puzzle_802,9,AA*AA***AA*AA*AAAA****A*AAA**A*AAAAAAAAAAA**A*AAA*A**A*AAAAAAAA*AAA*A**A*A**AAAA*,x...x......x...x......x...x..x...x..x.......x...x.x....x.....x....x.x....x.....x.,126,Beginner,True
puzzle_803,9,**AA**AA*AA**AAA*A**AA*AAA*AA*A**A*A*A*AA*A*AAA******A*AAA*AA*A*AAA***AAAA*AAA*A*,..x....x.x...x......x...x..x.......x....x.x...x......x...x.x....x.....x....x.x...,126,Beginner,True
puzzle_804,9,*AA*A**AAAAAA*AAA*A**AAA**A**A****AAA*A**AA*AA*AA*AAAA*A***AAAA**AA*AAAAAA*A**AAA,....x...x..x...x..x...x......x....x.x....x......x...x..x...x......x....x.x....x..,126,Beginner,True
puzzle_805,9,AAAAAA*AAA*AAAAAAAAAAA*****AA*AA*AA**AAAA***A*A*AA*AAA**AAAAA*AAAAAAA*A*AAAAAA*AA,.x.x..........x.x.x.x..........x.x...x......x....x.x....x.....xx....x......x...x.,127,Beginner,True
puzzle_806,9,**A*AA**AA*AAAAA****AAA**A*A*AAA*AAAAAAAAAAAAAA**AAAAAAAA*AA*AAAAAAAA*AAAAAA***A*,....x...xx.....x....x.x..........x.x.x.x..........x.x.x.x...........x.x..x.x.....,127,Beginner,True
puzzle_807,9,A****AAAAA*AAA*A*A*A***AA*AAA*A********A*AAAA*AAAA****AA**AA*AAA*A*AAAA*A**AAA**A,x.....x....x.x..........x.x.x.x..........x.x..x.x..........x.x.x.x..........x...x,127,Beginner,True
puzzle_808,9,A****AAAAA*AAA*A*A*A**AAA*AAA*A********A*AAAA*AAAA****AA**AA*AAA*A*AAAA*A**AAA**A,x.....x....x.x..........x.x.x.x..........x.x..x.x..........x.x.x.x..........x...x,127,Beginner,True
puzzle_809,9,A*A*AAAA**AA*A**A*AAAA**AAA*AAAA*A*AAAA**AAA*A**AAA**AAA**AA**A*AAAAA*AAAAA****AA,x.....x....x.x..........x.x..x.x....x......x....x.x....x......x...x.x....x.....x.,127,Beginner,True
puzzle_810,9,A***AA***A*AAA*AA***AAAAA*AAAAA**A*AAAA*A*AAAAA*AAAA*****AAA*A**A*AA**AAA*AA*A*A*,x...x......x...x......x...xx.x............x.x.x.x..........x.x..x.x..........x.x.,127,Beginner,True
puzzle_811,9,A*AAAA***A*AAA**AA*A*A*AA*A*A*A*AAA**AAAAAAAAA*****AAA*AAA*AAA*AAAAAA*AA*A****AAA,..x.x....x......x....x.x....x.....x....x.x...x.......x..x...x......x...x.x....x..,127,Beginner,True
puzzle_812,9,*AAAA*A*A*AA***AA*AA*AAA*A*A*A**AAAAA*AAAAA*A*AAAAA**AAA*AAAAAAAAAAAA*AAAAA*AA*A*,....x...x..x...x..x...x......x...x..x.......x...x.x....x.....x....x.x....x.....x.,127,Beginner,True
puzzle_813,9,*A*AAAA*A*A*A*A*AA****AAA*AAAA*AAAAAAAAAAA*A*A*****AAA**AAAAA**AAAAA*AAA*AAAA**A*,...x..x...x......x....x.x...x......x...x.x...x......x...x..x...x......x...x.x....,127,Beginner,True
puzzle_814,9,AAAAA**A*AAAAAA*AAAAA*AA*AAAA**AAAAAAAAAAAAAAA*AAA*AAA**AAA**A*A*AAAAA**AAA*AA**A,.x.x..........x.x.x.x...........x.x..x.x...........x.x..x.x....x.....x......x...x,128,Beginner,True
puzzle_815,9,AA*AA*AA*AAAAA*A*AAA*AA**AAA*A*AA*AAA**A*AAAAA**A*A*A**A***AA*A*A*A**AAA*A*AA*AAA,....x.x....x.....xx...x......x....x.x....x......x...x..x...x......x....x.x....x..,128,Beginner,True
puzzle_816,9,*AAAAA*A**A*AAAAA*A*AAA*A******AA*A*AAAAA***A*AA**AA*AAA*AA*A*A*AAAA**AAA*AAA*AA*,.x.x..........x.x.x.x...........x.x..x.x...........x.xx...x......x.....x....x.x..,128,Beginner,True
puzzle_817,9,*A**AAAA**AAA*A**A*AAAAA*AA*AAA*A**AAAAAAA**A**A*AAA*A****A*AAAA*AA*AAAAAA*AA***A,.x.....x....x.x....x.....x....x.x...x.......x..x...x......x...x..x...x..x...x....,128,Beginner,True
puzzle_818,9,AAAAAAAA**AAA**A*A*AAA**A*A*A*AAAAAAA*AAA*A*AAA*AAAAA**A*AAAAA*A***AAAAAAA**A****,..x.x..........x.x.x.x..........x.x.x.x...........x.x..x.x...........x.xx...x....,128,Beginner,True
puzzle_819,9,A*AAA*A**AA*AAAA*A*A*AAAAAAAA*A*A*****A**AAAAAA*A***AA*A***AAA*A*AAA**A***A*AAA*A,..x...x..x...x..........x.x.x.x..........x.x..x.x..........x.x.x.x..........x...x,128,Beginner,True
puzzle_820,9,**AA**AA*AA*AAAA*A**AAAAAAAAA*A**A*A*A*AAAA*AAA******A*AAA*AA*A*AAAA**AAAAAAAA*AA,..x....x.x...x......x...x..x.......x....x.x...x......x...x.x....x.....x....x.x...,128,Beginner,True
puzzle_821,9,A*AAA*AAA*AA*AA****AAA**AAAA*AAAAA*AAA**AA*A*AAAA*AAAAAAAA*AA*AA**A*A*AA*A*A*A*AA,x.....x....x.x..........x.x..x.x....x......x....x.x....x......x...x.x....x.....x.,128,Beginner,True
puzzle_822,9,A*AAAA*AAAA**AAA*AA**AAAA***AA*AAAAAAA*A*****AAAA*AAAAAAAAAA*AA*A*A*A*AA*AAA**AAA,..x.x..........x.xx...x..........x.x.x.x..........x.x.x.x...........x.x..x.x.....,129,Beginner,True
puzzle_823,9,AAAA***AAA*AAAA*AAAAA*A*AA*AAAAA*AAA*A*AAAAAAAA****AAA*A*A*A****A*A*A*AAAA**AAA*A,..x....x.x...x......x...x..x.......x...x.x....x.....x....x.x....x......x....x.x..,129,Beginner,True
puzzle_824,9,A*AA*A*AA****AAAAA*AAAAA*AAAA*A*A*AAA*AAA*A*AA*A*AAAAAA*AAA*A*AA*A*A***A*AA*A*A*A,x..x..........x.x..x.x..........x.x.x.x..........x...x..x...x......x...x.x....x..,129,Beginner,True
puzzle_825,9,*AAA**AAAAAAAA*AA*AAAAA**AA*A****AAA*AA*A*A*AA**AAAAAAA*AAAA**A*AA*AAAA*AAAAAA***,.x......x....x.x..x.x............x.x..x.x....x......x....x.x....x.....x....x.x...,129,Beginner,True
puzzle_826,9,AAA*A*AA*A*A*AA***A**AA*A**AAA*AAA*AAA*A*AAAAAAAAAA*AAAA*A*AA****AAA**AA*A*AA*AAA,....x..x.x.x..........x.x....x.....xx....x......x...x..x...x......x....x.x....x..,129,Beginner,True
puzzle_827,9,AA*AAA*AAAA***AAA**A*AAAAAAA***AA***AAAA*A*AA*A*AAAAA*AAAAA*AAA***AAAAA*A*AAA*AA*,...x...x..x...x......x...x.x....x.....x.....x....x.x...x......x....x.x..x.x......,129,Beginner,True
puzzle_828,9,AAA*A*AAA***AAAAA*A*AA***A*A**AAAA***AAA*A**A**AA*AAA*AA**AA*AAA**A*A*A*A**AAA*A*,..x.....x....x.x..x.x..........x.x...x......x...x.x....x.....x....x.x...x......x.,129,Beginner,True
puzzle_829,9,*AAAAA**AA****AA**AAAAA*A*A**A*AAA*AAAAAA*AA**A*A*AAAAA*AAA**A****A*AAAAAAAAAAAAA,....x...xx.....x....x.x..........x.x.x.x..........x.x.x.x...........x.x..x.x.....,129,Beginner,True
puzzle_830,9,AAAA*A**AA*AAAA*A*AAA**AA*AAA***AAA***AAAAA**A**A*AAAAAA*AA**AA****AAA*A*AAA**AAA,...x.x...x......x...x..x...x......x...x.x..........x.x.x..x..........x.x.x.x.....,130,Beginner,True
puzzle_831,9,***A*A***AA***AAA**AAAAA**AA**A**AA**AAAAAA**AAAA**AAAAAAAA**A*AAA***AAAAA*A*A*AA,...x.x...x......x...x..x...x......x...x.x..........x.x.x..x..........x.x.x.x.....,130,Beginner,True
puzzle_832,9,***AAA*AAAAAAAAA*AA****A*A*AAAAAA*AAAAAAA*AAAA**AA***A*AA*A**A*AA**A*A****A*A*AA*,.....x..x.x.x..........x.x..x.x...........x.xx...x......x....x.x...x......x...x..,130,Beginner,True
puzzle_833,9,AA*AAA*A*AAAAA*AAAAAAAAAA*AAAAAA**A*AA*AAA*A*A*AAAAAAAA*A*A*AAAAAA*A**A****AA*A**,.....x.x..x.x...........x.x.x.x..........x.x.x.x..........x...xx.x..........x.x..,130,Beginner,True
puzzle_834,9,AA*A*A*A**A**AAA*AA*A*A*A*AAAAAAAAA*A**A**AAAA*AAAA*AAAAA**AAA****AAAA***A*AA*AA*,...x.x....x......x....x.x..x.x............x.x..x.x....x......x....x.x....x.....x.,130,Beginner,True
puzzle_835,9,*AAAAAAAAAAAAAAAAAAA*AAAAAA**AAAAA**AAAAA***AAAA*AAAAA*A*AA****AAA***AAAAAAAAAAA*,.x.....x....x.x...x.......x....x.x..x.x...........x.x..x.x...........x.x..x.x....,130,Beginner,True
puzzle_836,9,AAAAAAAA*AAAAAAAAAAAAAAAAAAA*AAA*AAAAAAAAAA*AA*AA*A***A*AAAAA*AAAAAA*A*AAAAAA***A,.....x.x..x.x..........x.x.x.x..........x.x..x.x..........x...x.x....x.....x....x,130,Beginner,True
puzzle_837,9,A**A*A***AA*AAAAA**AA*AAAAAAA****AA*A*A*AAAAAAA****A*AAAA*AAA*AAAA*AAAAAAAAAAAAAA,...x.x...x......x...x..x...x......x...x.x..........x.x.x..x..........x.x.x.x.....,130,Beginner,True
puzzle_838,9,AAA*AAAAA**AAA*A**AAAAAAAA*AAAAA*A*AA*AAA**AAAA****AAAAAAA*AAA*AAAAAAAAAAAAAAAAAA,.x......x....x.x..x.x............x.x..x.x....x......x....x.x....x.....x....x.x...,130,Beginner,True
puzzle_839,9,AAA*A*AA*A*AA*AA*A***AA*AAA*AA*A**A*AA****AA**A*A*A*AAAAAAA***AAA*AAAAAA*AAA*AAA*,....x.x..x.x............x.x..x.x....x......x....x.x....x......x...x.x....x.....x.,131,Beginner,True
puzzle_840,9,AAAAAA*AAAA*AA**AA*AA*A*AA*AAAAAAA*AAAAAA*AA*A***AAAA*AAA*AAA*A*AA*A*AA**A**AAA*A,...x.x...x......x...x.x..........x.x.x.x..........x.x.x.x..........x.x...x......x,131,Beginner,True
puzzle_841,9,A***AA***A*AAA*AA***AAAAA*AAAAA**A*AAAA*A*AAAAA*AAAA*****AAAAA**A*AA**AAA*AA*A*A*,x...x......x...x......x...xx.x............x.x.x.x..........x.x..x.x..........x.x.,131,Beginner,True
puzzle_842,9,*A*AAAA**A*AAA*****A*A*A*AAAAAA**AA*AA*AAA*AAAAAA***AAA****AAAAAAAA***A*AAAAAAA*A,....x.x..x.x...........x.x..x.x..........x.x..x.x...........x.xx.x..........x...x,131,Beginner,True
puzzle_843,9,*A*AAAA**A*AAA*****A*A*A*AAAAAA**AA*AA*AAA*AAAAAA*A*AAA****AAAAAAAA***A*AAAAAAA*A,....x.x..x.x...........x.x..x.x..........x.x..x.x...........x.xx.x..........x...x,131,Beginner,True
puzzle_844,9,*A**AA***A**AAAA*AAAAA*AAA*AA*AAA*A*A*A*A**AAAA**AA*A*A**A*A*A*A*AA*AA*AAAAAAAAA*,.x..x..........x.x.x.x..........x.x.x.x...........x.x.x..x...........x.x..x.x....,131,Beginner,True
puzzle_845,9,*AAAA*AA**A*AAAAAAAAAA***AAAAAA*AA**AA*A*A*A**AA*A*****AAAAAAAA*AAAAAA*AA*AA*AAAA,.x.....x....x.x....x......x...x.x...x......x...x.x..........x.x..x.x....x.....x..,131,Beginner,True
puzzle_846,9,A**AAA*A*A**A*A*A*AAAAAA*AA**AA*AAA**AAA*AA*AA**AAAA**AAAA***A*A**AAAAA*AAA*AAAAA,x......x....x.x....x.....x....x.x....x......x....x.x..x.x..........x.x....x.....x,131,Beginner,True
puzzle_847,9,A*AAAAAAA*A***AAAAAAAA****AAA*A*AAAAAA*AAA*AA*AAA*AAAAAA*A*A*A*****AAA*A**AAAA*A*,x...x..........x.xx.x...........x.x..x.x..........x.x..x.x...........x.x..x.x....,132,Beginner,True
puzzle_848,9,A***AA***A*AAA*AA***AAAAA*AAAAA**AAAAAA*A*AAAAA*AAAA*****AAAAA**A*AA**AAA*AA*AAA*,x...x......x...x......x...xx.x............x.x.x.x..........x.x..x.x..........x.x.,132,Beginner,True
puzzle_849,9,AAAAA*AAAAA*AA*A*AAA*A***AAAAAA**AA**AAAAAA*AA*A*A*AAA**AAAA*AAAAAA**A****AA*AAA*,..x.x....x.....x.....x....x.x....x......x...xx.x...........x.x..x.x..........x.x.,132,Beginner,True
puzzle_850,9,**AAAAA*AA*A**A*AA**AA*AA**AA*AAA**AAA*A*AAA**AAA***AAAAA*AAAA*A*AAAA**A***AA*AA*,..x..x...x......x....x.x....x......x...x..x...x......x....x.x..x.x..........x..x.,132,Beginner,True
puzzle_851,9,AAAA*AA*AAAAA*A*AA*AAAAA*A**AAA*A*AAAAA*AAA*AA*AAAAAAAA**AAAAAAA*AA*AA*A**A**AAA*,...x..x...x......x...x.x....x......x....x.x..x.x..........x..x.x.x...........x.x.,132,Beginner,True
puzzle_852,9,AAAAA*A*A*AAAA*AAAAA**A*AAA*AA*AAA*****AA*A*AAAAAAA*A*A*AAAAAA*AAAAAAAA**AA*A*AA*,x...x......x...x......x...x.x....x.....x....x.x...x......x...x.x....x.....x....x.,132,Beginner,True
puzzle_853,9,*AAA**A*AAA*A*AAAAAAAA*A*AA*AAAA**AAAAAAAAAAA*AAA*A***AAA*AAAAAAAAA**AA**A**A*AAA,.x......x...x.x...x......x...x.x..........x.x.x.x..........x.x.x.x..........x.x..,132,Beginner,True
puzzle_854,9,A*A****A**AAAA*A**A**AAAAA*A*A*AA*AAA*A*AAAAAAAAA******A**AAAAA*AAAAA*A**AAAAAAA*,x......x...x.x....x.....x....x.x..........x.x.x.x..........x..x.x.x..........x.x.,132,Beginner,True
puzzle_855,9,*A*AA*A**A*A*AAA*AA*AA**AAAA**AAAAAA***A*A*A*AA*AAAAAA*A*A*A*AAAAAAAA*A***AAA*A*A,.x....x......x...x..x...x..x.......x...x.x....x.....x....x.x...x......x...x.x....,133,Beginner,True
puzzle_856,9,AAA*AAAA*A*AA*AAAA*A*AA*******AAA*AA*AAAAA*AA*AA*AA*AAA*A*A**AAAAAAAAAA**AAA**A*A,x...x..........x.x.x.x..........x.x..x.x..........x.x.x.x..........x.x....x.....x,133,Beginner,True
puzzle_857,9,AAA*AAAA*A*AA*AAAA*A*AA*******AAA*AA*AAAAAAAA*AA*AA*AAA*A*A**AAAAAAAAAA**AAA**AAA,x...x..........x.x.x.x..........x.x..x.x..........x.x.x.x..........x.x....x.....x,133,Beginner,True
puzzle_858,9,AAA*AA*A*A*AA*AAAA*A*AA*******AAA*AA*AAAAA*AA*AA*AA*AAA*A*A**AAAAAAAAAA**AAA**A*A,x...x..........x.x.x.x..........x.x..x.x..........x.x.x.x..........x.x....x.....x,133,Beginner,True
puzzle_859,9,*AAAA*AAAAAAA*AA*A****AA*A*AA*AAA*A*AAAAAAAA*AA*AA*AA*AA*AA*A*A*AAAAAAAAAAA**AAA*,....x...xx.x...........x.x..x.x..........x.x..x.x...........x.x..x.x....x.....x..,133,Beginner,True
puzzle_860,9,AAAA*A**AA*AAAA*A*AAA**AA*AAA**AAAAA**AAAAA**AA*A*AAAAAA*AA**AA****AAA*A*AAA**AAA,...x.x...x......x...x..x...x......x...x.x..........x.x.x..x..........x.x.x.x.....,133,Beginner,True
puzzle_861,9,AAAA*A**AA*AAAA*A*AAA**AA*AAAA*AAAAA**AAAAA**AA*A*AAAAAA*AA**AA****AAA*A*AAA**AAA,...x.x...x......x...x..x...x......x...x.x..........x.x.x..x..........x.x.x.x.....,133,Beginner,True
puzzle_862,9,AAAA*A**AA*AAAA*A*AAA**AA*AAAAAAAAAA**AAAAA**AA*A*AAAAAA*AA**AA****AAA*A*AAA**AAA,...x.x...x......x...x..x...x......x...x.x..........x.x.x..x..........x.x.x.x.....,133,Beginner,True
puzzle_863,9,*A*A*AAAA*AAA*AA***AA*AAAA*AA*AAA**AA*AA****AAAA*AA***AAAAA*A*AAAAAAAAA***AA*AAA*,.x.....x....x.x....x.....x....x.x...x.......x..x.x..........x.xx...x......x...x..,133,Beginner,True
puzzle_864,9,AA*A*A*AAAAA*AAA*AA**AA*A*AA*A*A**AAAAAAA*A*AAA*A*A**A****AAAAAAAAAA*AAA**AAA**A*,...x.x....x......x....x.x..x.x............x.x.x.x..........x.x.x.x..........x..x.,134,Beginner,True
puzzle_865,9,AA*A*A*AAAAA*AAA*AA**AA*A*AA*A*A**AAAAAAA*A*AAA*A*A**A****AAAAAAAAAA*AAA*AAAA**A*,...x.x....x......x....x.x..x.x............x.x.x.x..........x.x.x.x..........x..x.,134,Beginner,True
puzzle_866,9,A*AA*A*AA****AAAAA*AAAAA*AAAA*A*A*AAA*AAA*A*AAAA*AAAAAA*AAA*A*AA*A*AA**A*AAAA*A*A,x..x..........x.x..x.x..........x.x.x.x..........x...x..x...x......x...x.x....x..,134,Beginner,True
puzzle_867,9,***A*A***AA***AAAA*AAAAA*AAA**AA*AA*AAAAAAA**AAAA**AAAAAAAAA*A*AAA***AAAAA*A*A*AA,...x.x...x......x...x..x...x......x...x.x..........x.x.x..x..........x.x.x.x.....,134,Beginner,True
puzzle_868,9,A*AA*AAAA**A*AA*AAA*AA*AA***A*AAAAAAAA*AA****A*AA*AAAAAAAA*AA***AA*AAA*AA**AAAAA*,..x...x......x...xx.x...........x.x..x.x..........x.x..x.x...........x.xx...x....,134,Beginner,True
puzzle_869,9,*AA**A*A*A*A*AAA***AAAAA*A*A*AA***A*AA*AA*A***AA**AAAA**AAAAAAAAAA***AAAA**AAA*AA,.....x.x.x.x..........x..x.x.x..........x.x...x......x...x..x...x......x...x.x...,134,Beginner,True
puzzle_870,9,AA*A*AAAAAAAA**AA*AAAAA*A*AAA*AA*A*AAAAA**AAA*A*AA**AAAA*AAAAA*AAAAA*AAA**AAA*A*A,.....x.x.x.x..........x.x...x......x...x..x...x......x...x.x...x......x...x.x....,134,Beginner,True
puzzle_871,9,AAA*A*A*AAAA*****A**AA*A***A***AAAAA**A*AAAA*AAA***AAA*AAAAA****A**AA*A**A*A**A*A,....x.x..x.......x..x..x...x......x...x.x..........x.x.x.x..........x.x..x.x.....,134,Beginner,True
puzzle_872,9,*****AAAAAAAA****AAA*AA*A*AAAAAAAA*AA*AAAA*AA*AAA*AAAAAAAAA**AA****A*AAAA*A***A**,.....x.x..x.x...........x.x..x.x....x......x....x.x....x......x....x.x..x.x......,135,Beginner,True
puzzle_873,9,**AAA*AAAA*AAAAAAA*A*AAAAA*A**AAAAAAAA*A**A*A*****AA*AAA**AA**A*AAAA**A*AAA*AA**A,..x.x..........x.x.x.x..........x.x..x.x...........x.xx...x......x....x.x....x...,135,Beginner,True
puzzle_874,9,***A*A***AAAA***AAA**AAAAA**AA*AA**A**AAAAAA*AAA**AAAA*A*AAAAAAAAA***AAAAA*A*A*AA,...x.x....x......x...x..x...x......x....x.x..x.x..........x..x.x.x...........x.x.,135,Beginner,True
puzzle_875,9,A*AA*AAAAA*A*AA*AAA*AA*AA***A*AAAAAAAA*AA****A*AA*AAAAAAAA*AA***AA*AAAAAA**AAAAA*,..x...x......x...xx.x...........x.x..x.x..........x.x..x.x...........x.xx...x....,135,Beginner,True
puzzle_876,9,AA*AAAAAAAAAAAAAAAAAA*AAAAA*AA*AAAA*A*A*AAAAAAAA**A***AAA**AAAAAA*AA*AAAAAAAAAAAA,.x.x...........x.xx...x......x...x......x...xx.x...........x.x..x.x..........x.x.,135,Beginner,True
puzzle_877,9,AAA*AAAAAA*AA***AAAAAA*A*AAAA*AAA*AAAA**AAA*A*AAA***A***AA**AAAA*AA**AAAAA*AAA*AA,....x.x..x.x...........x.x..x.x..........x..x.x.x...........x.xx.x..........x..x.,135,Beginner,True
puzzle_878,9,*A**AAAA*A*AA*A**AAA**AAAA****A**AAAAA*A*A*A***AAA**AAAAAAA**A**AA*A*AAAAA*AA**AA,.x....x.....x....x.x...x......x...x.x....x.....x....x.x...x......x...x......x...x,135,Beginner,True
puzzle_879,9,*AAAA*AAAAAAA*AA*A****AA*A*AAAAAA*A*AAAAAAAA*AA*AA*AA*AAAAA*A*A*AAAAAAAAAAA**AAA*,....x...xx.x...........x.x..x.x..........x.x..x.x...........x.x..x.x....x.....x..,135,Beginner,True
puzzle_880,9,*A*A*AAA**AAA****AAA****AA*AAA*AAA*AAA*A*A*AA*AAAAA*A*A**A*AAAA*AAAAAA**A****AAA*,.x...x......x....xx.....x....x.x....x......x...x.x..........x.x.x.x..........x.x.,136,Beginner,True
puzzle_881,9,AAAAAAA*AAAAA***A*A****AAAAAAAA*A*AAAA*AAA*AAAAAA*AAA**A*A*A*AAAAAAA*****A*AAAA**,....x...xx.x............x.x.x.x..........x.x..x.x..........x.x.x.x..........x.x..,136,Beginner,True
puzzle_882,9,*AAAAAAA*AA****A*A**A*AAAAAA*A***AA*AA**A**A*AAA*AAA*A*AA***A*AAAAAAA*A*A**A*A*A*,...x.x....x......x....x.x..x.x..........x..x.x.x............x.x.x.x..........x.x.,136,Beginner,True
puzzle_883,9,*AA*AAAA****AA*A*A**A*A*AAAA**AAAA**A*AAA*AAAA**AAA*A*AAAA*AAAA*AAAAA*A*A*AAAAA*A,.x....x......x...x..x...x..x...x......x....x.x....x......x...x..x...x......x....x,136,Beginner,True
puzzle_884,9,*AA*A*A*AA*A*AAAA*AAAAAAA*AA**A*AAAAAAAAAA*AA*A*AAAAAAA*A*A*AAAA*****AA****AAAA*A,.x......x....x.x..x.x...........x.x..x.x...........x.x..x.x....x......x....x.x...,136,Beginner,True
puzzle_885,9,A**A*A*A*AAAAAA*A*AAA***A*AAAA*AAAAAAA**AAAA*A*A*A*AA***A*AAAAAAA****A*AAAAAAAAA*,.....x.x..x.x...........x.xx.x..........x..x.x.x..........x.x...x......x...x.x...,136,Beginner,True
puzzle_886,9,*AAA*AA*AAA**AA*AA*AAAAA***A*AAAA*AAAAA*A*AAAAAA**AAAAA*AAAAA***AA*AAA*A***AA***A,.x.x..........x.x..x.x..........x.x.x.x............x.xx...x......x...x......x...x,136,Beginner,True
puzzle_887,9,*A*AA**AAAAAA*AA*AAAA*A***A*AA*AAAA*A*A*A*AAAAAA******AA***AAA*AA*AA*AAA*A*A*A*AA,.x.x...........x.xx...x......x...x......x...xx.x...........x.x..x.x..........x.x.,136,Beginner,True
puzzle_888,9,*AAAA*A**A*AA*AA*AA**AAAA*A***AAA*AA*A*AAA**AAA**AAAAAAAAAAAAAAAAAAAAAA**A*AAAAAA,..x.x..........x.xx..x..........x.x..x.x..........x.x.x.x..........x.x...x......x,136,Beginner,True
puzzle_889,9,AA*AAAAAAAAAAAAAAA*****AAAA*AA*AA*AAAA**AAAA*AAA*AA*A*A*AAAAA***A*AAAAAAAA*AAAAAA,.....x.x..x.x...........x.x..x.x....x......x...x.x....x.....x.....x....x.x...x...,137,Beginner,True
puzzle_890,9,**A*AA**AA*AAAAA****AAA**A*A**AA*AAAAAAA*AA*AAA**AAAAAAAA*AA*A*A*AAAA*AAAAAA***A*,....x...xx.....x....x.x..........x.x.x.x..........x.x.x.x...........x.x..x.x.....,137,Beginner,True
puzzle_891,9,A*AAAAAAA*A***AAAAAAAAA**AAAA*A*AAAAAA*AAA*AA*AAA*AAAAAA*A*A*A*****AAAAA**AAAA*A*,x...x..........x.xx.x...........x.x..x.x..........x.x..x.x...........x.x..x.x....,137,Beginner,True
puzzle_892,9,*AA**AAAAA*AAAAA*AA******AAA*A*AAA**A*AAAAAAAAAAA**AAAA**AAAA*AA*AA**AAAA*AAAAAA*,.x.....x....x.x...x......x...x.x..........x.x.x.x..........x..xx.x..........x.x..,137,Beginner,True
puzzle_893,9,**A*AA***AA****A*AAAA***AAA*A*A*A*A**AAA*AA**AAA*AA*AAAAAAA*AA**AAA*AAAA*AAAA****,..x.x..........x.xx.x...........x.x..x.x..........x.x.x..x...........x.x.x..x....,137,Beginner,True
puzzle_894,9,A**AA*A*A*AA*AA****AAA**AAAA*AAAAA*AAA**AA*A*AAAA*AAAAAAAA*AA*AA**A*A*A**A*A*A*AA,x.....x....x.x..........x.x..x.x....x......x....x.x....x......x...x.x....x.....x.,137,Beginner,True
puzzle_895,9,*AAAAAA*AAAAA*AAAAAAAAAAAAA*AAAA*AAA*AAAAAAAA***AAAA*A**AAA*A**A*AAAAAAAAA*AAAAAA,.x.x..........x.x.x.x............x.x.x..x..........x.x..x.x....x......x....x.x...,137,Beginner,True
puzzle_896,9,AAA*A*AA*AAAAAAAAA*A*AA****AA*AA*AAA*AAAAAAAA*AAA*A*AAAAAAAA*AAAAAAAAAAAAAA*AAAAA,..x.x..........x.x.x..x..........x.x.x.x..........x.x.x..x..........x.x.x.x......,137,Beginner,True
puzzle_897,9,**AAAA*****A*A*AAAAAAA**AA*A*AA*AAAAAA*AAAAA*A*A**AA*AAAAAA***AA*AAA*AAAAAAAAA*A*,..x.x..........x.x.x.x..........x.x..x.x...........x.xx...x......x....x.x....x...,138,Beginner,True
puzzle_898,9,***AAAAA*AA***AAAA*AAAAA**AAAAAAA**A*AAAA*A*AA*AAAAAAA*AAAA*AA*AAA*A***AAAA*A*A*A,...x.x....x.....x....x.x....x......x....x.x..x.x..........x..x.x.x............x.x,138,Beginner,True
puzzle_899,9,AAAAAAA**A**AAAA*AAA*A*A*A***A*AAAAAAAAA*A**A*A*AA*A**A*AA**A*AA***AA**A***AA**A*,.x..x..........x.x.x.x..........x.x.x.x..........x.x....x.....xx....x......x...x.,138,Beginner,True
puzzle_900,9,AAAA**AA*AAA**AA*A*AAAA*A*A**AA****AAAAAAAAAAAAA**AAA*AA*AAA*A***AAA*AA*AAA*AAAAA,...x..x...x......x....x.x....x.....xx...x......x....x.x....x......x...x..x...x...,138,Beginner,True
puzzle_901,9,*AAA**AAA****AAA*AAA*AA**AAA**A*AAAA**AAAAA**AA**AAAAAAAA**AA*AA*AAAA*A*AAAA*A**A,.x.x...........x.x.x..x..........x.x..x.x....x......x...x..x...x......x....x.x...,138,Beginner,True
puzzle_902,9,*A*A*A**A*A*AAAAAAA*A***AAAAAAAA*AAA*A**A**AA*AA*A*A*AAAAAA*A**A*A****AA*AAAAAAAA,.x.x..........x.x.x.x............x.x.x..x..........x.x..x.x....x......x....x.x...,138,Beginner,True
puzzle_903,9,**AA*AAA*AAAAAAAA*AAAAA*A*AAAA*AA***A*AA****A*A*AAA**A*AA*A*AA**AAA*AA***A*A**AA*,..x...x..x...x..........x.x..x.x....x.......x...x.x....x.....x....x.x....x.....x.,138,Beginner,True
puzzle_904,9,*A*AAAAA*A****A*AA*AAAAA**A****AAAAAAA*A**AA*AAA**A*AAA*AAA****AAA**AA*A*A*AAA***,...x.x...x......x...x.x..........x.x.x.x..........x.x.x.x............x.x.x..x....,138,Beginner,True
puzzle_905,9,A*A**AAA**AAAAAAAAAA**A*A*AAA*AA*AA*AAAAAAAA*AA*AAA*******AA*A*AAAA*AA*A*AAAA*AAA,x.....x....x.x..........x.x.x.x..........x.x..x.x..........x.x.x.x..........x...x,139,Beginner,True
puzzle_906,9,AAAAA*AAAAAAAA**AA***AAA*A*A*AAAAAAAA*AAAAAAA*AAAAAAAA**A*AAAA**AAAA**AA*A*AAA*AA,....x.x..x.x..........x..x.x.x............x.x.x.x..........x.x..x.x..........x..x,139,Beginner,True
puzzle_907,9,AAA**AAA**AA*AAAAAAA**AAAAAAAA****A*A*A*A*AA*AAAAAA*AAA**AAAA*A*AAAA*AA**A*AAAAAA,x......x...x.x..........x.xx.x..........x.x...x......x...x.x....x.....x....x.x...,139,Beginner,True
puzzle_908,9,*AAAAAA*A***A*AAAA*AA**AAA**AAAAAAAAA*AAAAAAAAAAAA*AAAAA****AA*A***AAAAA*AA**AAA*,.x......x...x.x....x.....x....x.x...x......x...x.x....x.....x......x...x..x...x..,139,Beginner,True
puzzle_909,9,*AAA**AAAAA*A*A*AAAAAAAAAAAAAAA*AAAAAA*A******AA*AAAAAA**AAAA*AAA**AAA*AA*AAAA*AA,.x.x..........x.x.x.x...........x.x..x.x...........x.xx...x..........x.x..x.x....,139,Beginner,True
puzzle_910,9,AA**AAAA*A*AAAA*AA**A**AAA*A*A*A*A*AA*AA**A*AAAAAAAAAAA**AA**A*AA*AAA****AAAAA*A*,.x....x......x...x..x...x..x...x......x.....xx....x......x...x..x...x......x...x.,139,Beginner,True
puzzle_911,9,A*AA*AAAAAAA*A**AAAAAAAAAAAAAAAAAAAAA**AA*AAAAAA**AA***AAAA*AA*AAAA******AAAA*AAA,...x.x....x.....x....x.x....x......x....x.x..x.x..........x..x.x.x............x.x,139,Beginner,True
puzzle_912,9,*A*AAAAAAAAAA*AAA*AAAA*AAAAAAA*AAA*AA*A*AAAAA***A*AA*AA*AAAAA*AA*A*AAAAAA***AAAAA,.x.x..........x.x..x.x...........x.x..x.x..........x.xx...x......x....x.x....x...,139,Beginner,True
puzzle_913,9,A*AAAAAAAAAA*A**AAAAAAAAAAAAAAAAAAAAAA*AA*AAAAAA**AA***AAAA*AA*AAAA******AAAA*AAA,...x.x....x.....x....x.x....x......x....x.x..x.x..........x..x.x.x............x.x,139,Beginner,True
puzzle_914,9,*A*A*AAA**AAA****AAA****AA*AAAAAAA*AAA*A*A*AA*AAAAA*A*A**A*AAAA*AAAAAA**A****AAA*,.x...x......x....xx.....x....x.x....x......x...x.x..........x.x.x.x..........x.x.,140,Beginner,True
puzzle_915,9,AA**A****A***AAAAA*AAAAAAA*AAAAAAAA*A*AAA*A*A*A*AAAAAA*AAA**A*A*AAA**A*AAAAAAAAA*,x...x..........x.x.x.x..........x.x.x.x...........x.x..x.x...........x.x..x.x....,140,Beginner,True
puzzle_916,9,AA*AAA*AAAAAAAAAAAAA*AA*AAA*AAAA*AA*AAAAA*A*A******AAA*AAA**AAAAAA*AA*AAAAAA*AAA*,.....x.x.x.x..........x...x..x...x..x...x..........x.x.x.x..........x.x..x.x.....,140,Beginner,True
puzzle_917,9,AAAAAA*AAAAAAAAAAAAAAAA*AAA*AAAA*AA*AAAAA*A*A******AAA*AAA**AAAAAA*AA*AAAAAAAAAA*,.....x.x.x.x..........x...x..x...x..x...x..........x.x.x.x..........x.x..x.x.....,140,Beginner,True
puzzle_918,9,AAAA**A****AAAAA*AAA*AA*A*AA*AA*AA*AAAA***AAAA*AAAAAA**A*AA*AAA*AAAAA******AAA*A*,x.x..........x.x...x......x...x.x...x......x...x.x..........x.x.x.x..........x.x.,140,Beginner,True
puzzle_919,9,*AAAA*A******AAA*AAAAAAAA***A*A*AAAA*AA**AAAAAAAA*AAAAAA*AAA*A*A*A*A*AA*A*AAAA***,..x...x......x...x.x....x.....x....x.x...x......x...x.x....x.....x....x.x...x....,140,Beginner,True
puzzle_920,9,**A**AAAAA*AAAAA**A*A*AA*AAA*AA*AA*AAAA***AAA*AAAAAA*AAAAAAAAA****AAAAA**A*AAA***,......x.x..x.x....x......x....x.x....x......x....x.x..x.x...........x.x..x.x.....,140,Beginner,True
puzzle_921,9,AAA*AA**AAAAAAAAAAAA*A*AAAA*AAA**AA**AAA**A*A*AA*AA***A*AAA*A*AA*A*AA**AA*AA*A*A*,.....x..x.x.x..........x.x..x.x...........x.x..x.x....x.....x....x.x....x......x.,140,Beginner,True
puzzle_922,9,A*AAA*AAAAAA*A**A*A*AAAA*A*A*AA********AA*AAA*A*AAA*AAAA*A*AA**AA*A*AAAAA**A**AA*,....x..x.x.x...........x.x.x.x..........x.x...x......x...x.x....x......x...x..x..,141,Beginner,True
puzzle_923,9,AAA*AAA*A*A**A*AAA*A*AAAA*A*****AA*AAAA*AA*A*AA*AAA*A***AA*A*AAAAAA*A*AA*AA**A**A,.x..x..........x.x.x.x...........x.x..x.x....x......x....x.x...x......x...x..x...,141,Beginner,True
puzzle_924,9,A***AA*AAAA*A******AA***AAAAAAA*A***A*AAAA*AAAAA*A*A***AA*AA**AA*AA*AAAA*A*AA*AA*,.....x.x..x.x...........x.x.x.x..........x.x.x.x..........x...xx.x..........x.x..,141,Beginner,True
puzzle_925,9,*AAA***A****A*AAAA*A*AAAA****A**AA*AAAAAAA*A*A**A**AA***A*AA***A***A*AAAAAAAAA*A*,.x.x...........x.x.x..x..........x.x..x.x....x......x...x..x...x......x....x.x...,141,Beginner,True
puzzle_926,9,AA*AAAAAA*AAAAAAA*AAAAAA*AAAAA*AA*AAA*A*AAAAA****AA*AA*AAAAAA*AAAAAA**AA***AA*AA*,.x.x..........x.x..x.x..........x.x.x.x..........x...x..x...x..x.......x....x.x..,141,Beginner,True
puzzle_927,9,AAAAA*A*A***AAAAA*AA*AAAA**AAA***A*AA**AAAAAAAA*A**A*AA*AAAAAAAAAA*A*AAA*AAAAAAAA,.x.x..........x.x..x.x...........x.xx...x..........x.x..x.x....x......x...x..x...,141,Beginner,True
puzzle_928,9,AAAAAAAA*AAAAA*AAAAAAAAAA*AA*A**A*AAAAAAAA**AA*A***AAA**AAAA*AA*AAAAA***A*A*AAAAA,...x..x...x......x....x.x..x.x..........x...xx.x...........x.x..x.x..........x.x.,141,Beginner,True
puzzle_929,9,A*AAAAAA*A*AA*A*AAA**A**AAAAAA*AAAAAAAA*A*AAA*AA*A*AAAAAAAAAAAA*A**A*AAAA**AAAAAA,....x..x.x.x............x.xx.x..........x.x...x......x...x.x....x.....x....x.x...,141,Beginner,True
puzzle_930,9,A*AA*AAA**A*AA**AA***AAAAA*AA*AAAA*AAAA*A*AAAAAAA**AAA**AAAAA*AA*AAA*AA*A***AA***,.....x.x..x.x..........x.x..x.x...........x.xx.x..........x...x..x...x..x...x....,142,Beginner,True
puzzle_931,9,*A*AAAAAAAAAAAAAAAAA*A*AAAAAAAAAA*AAAA**AAA*AA*AAAAA*AA**A**A*A**AAAAAA***A*AAA*A,.x.....x....x.x....x.....x....x.x...x.......x..x.x....x.....x....x.x..........x.x,142,Beginner,True
puzzle_932,9,AA*AAA*A***A*AAAAAAAAAA*AA***AAA*A***AAA*AAAAA*A**AAA*AAAAAA*A**A**AA**AA*AA**AAA,.x..x..........x.xx.x..........x.x....x.....xx....x......x...x..x...x......x...x.,142,Beginner,True
puzzle_933,9,A**AAAAA*AA*A*AAAAAA*AAAA*AA*A****AAA*AAA****A*A*AAAAA*AAAAAAA*A*AAA*AAA*A*AAAAAA,...x.x....x.....x....x.x...x......x...x.x....x.......x..x...x......x...x.x....x..,142,Beginner,True
puzzle_934,9,*A**AAAA**AA**AA*AA*A*AAA*A**AA**AAA*A*AAA*A**AAA*AAAAAAAA****AA*A**A*A**AAA*A*A*,....x.x....x.....xx...x..........x.x.x.x..........x.x.x.x...........x.x..x.x.....,142,Beginner,True
puzzle_935,9,AAAA*A*A*A****A*AAAAAA*A**AA****AAAA**A*AAAAAAAAA*AAA***AAAA*A*A*AA**AAA**AAAAA*A,.x.x..........x.x..x.x...........x.x..x.x....x......x...x..x...x.......x....x.x..,142,Beginner,True
puzzle_936,9,*A**A*AAAAAAA**AA*AAA*AAAAA*AAA*A***AAAAAAAAAAAAAA**AAAAAA*A*AAAA*A*AAAA*AAA**A*A,....x.x..x.x...........x.x..x.x...........x.x..x.x....x......x....x.x....x......x,142,Beginner,True
puzzle_937,9,*AA*AAAA*AAAAAAAAA*AAAAAA*A*A*AAAAAAA*A*AA*****AAAAAA*AAA*A**AAAAA*AAAA*A*A*AAAAA,.x....x.....x....x.x...x......x...x.x....x.....x....x.x...x......x...x......x...x,142,Beginner,True
puzzle_938,9,AA****AAA*A*AAA*A****AAA*AA*A*A***A*A*A*AA*AAAAAAAAAA***AAAAA*A**A*A*AA*A*AAA***A,......x.x.x.x..........x.x..x.x..........x.x.x.x..........x...x..x...x..x...x....,142,Beginner,True
puzzle_939,9,AAAAAAAAAAAA*AAA**A*AAAAA*AAAAA*AAAAA**AA*A***AA****AAAA***A*A***AA**AAA*AAA*AAAA,...x....x.x....x......x...x..x...x..x...x......x....x.x....x......x...x..x...x...,143,Beginner,True
puzzle_940,9,*A*AA*A**A*A*AAA*AA*AA**AAAA**AAAAAA***A*A*AAAA*AAAAAA*A*A*A*AAAAAAAA*A***AAA*A*A,.x....x......x...x..x...x..x.......x...x.x....x.....x....x.x...x......x...x.x....,143,Beginner,True
puzzle_941,9,*AAAAA*AAA*A*AA**A*AAA**AAA****AAAA**AAAAA*AA*AAAA*A**AAAA*AAAAAAA**A*AAAAAA**AAA,...x...x.x....x.....x.....x....x.x...x......x....x.x..x.x...........x.x..x.x.....,143,Beginner,True
puzzle_942,9,AAAAAA*AAA*A*AA**A*AAA**AAA****AAAA**AAAAA*AA*AAAA*A**AAAA*AAAAAAA**A*AAAAAA**AAA,...x...x.x....x.....x.....x....x.x...x......x....x.x..x.x...........x.x..x.x.....,143,Beginner,True
puzzle_943,9,AAAA*AA**AA**A**AA*AAAAA***AA***AA*A**AAAAAAAA*AA****AAAAAA**AAA*AA*AAAAA*AAA*AAA,...x.x....x.....x....x.x....x......x....x.x..x.x..........x..x.x.x............x.x,143,Beginner,True
puzzle_944,9,**AA**AA*AAAA*A*AAAAAAA*AAAAAAAAAA*A***A*AAA*AA*A*AA**AAA**AA*AAAAAAAAAA*AAAAAAAA,...x..x...x......x....x.x..x.x...........x.x..x.x..........x..xx.x..........x..x.,143,Beginner,True
puzzle_945,9,*AAA*AAA**AAA*AAAAAAAA**AAAAAAAAA*AA**AA***AA*A*AAAAAAA*AAAAAAAAAA*A**AA*AAA*AAAA,...x...x..x...x......x...x.x....x.....x.....x....x.x..x.x..........x...x.x....x..,143,Beginner,True
puzzle_946,9,*A***AAA*AAAA**AA*AAA*AAAAAAAAAAAA*AAAA****A**A*A*AAA*AA*A**AAAAA**AAAAAA*A*AAAAA,.....x.x..x.x...........x.x..x.x....x......x....x.x....x......x....x.x..x.x......,143,Beginner,True
puzzle_947,9,*A**A*AAAAAAAAAAAAAAAAAAAAAA***AAAAA*AAAAA*AAA*AAAAAAAAAA*A*A*AAAA*AAAA*AAA*A*A*A,.x..x..........x.xx..x..........x.x..x.x..........x.x.x.x..........x.x....x.....x,144,Beginner,True
puzzle_948,9,AA*AAAAA*AA****AAAA*AA*AAA*AAAAA**A***A*AA**A**A*AAA*A*AAA***AA*A*AAAAAA*A**A*A**,...x.x...x......x...x..x...x......x...x.x..........x.x.x.x...........x.x.x..x....,144,Beginner,True
puzzle_949,9,AAAA*****AA*A**AAA**AAAAA**A*AA**AA*A**AAA*AAA*A*AA*A*AAAA*A*AAAAAA**AA*AA*AAAAA*,.x.x...........x.x..x.x....x.....x......x...xx.x...........x.x..x.x..........x.x.,144,Beginner,True
puzzle_950,9,A*A*A*AA*A*A****A******AAAAAA*A***AAAAA***A*AA*AAA**A*A*A**A*AA*A*AAA*AA*AAA**A*A,....x.x..x.x...........x.x..x.x...........x.x..x.x....x......x....x.x....x......x,144,Beginner,True
puzzle_951,9,AAA*AAA***AAA*AAAAA***A*A*A*AA***A***A*A****AAA*A*A***AAAAA**AAAA**AA*****AAAA*AA,x...x......x...x......x...x.x....x.....x....x.x...x......x...x.x....x.....x....x.,144,Beginner,True
puzzle_952,9,AA*A**AA*AA*AAAAAAAA*AAAAAAA**AAA*AAAA**AAAAAA*AAAAAA**A**AAAAAAA*A*AAAAA*AAAAAA*,.x.....x....x.x....x.....x....x.x...x.......x..x...x......x...xx.....x....x.x....,144,Beginner,True
puzzle_953,9,A*AAAA*A*AAAA**A*A*AA*A*AAAAAAAAA*AAA**A*AA**AAA**AAAA*AAA*A*A*A*A****AAA*AA**A*A,....x..x.x.x..........x.x...x......x...x.x....x.....x....x.x...x.......x..x...x..,144,Beginner,True
puzzle_954,9,A*AAAA*A*AAAA**A*A*AA*A*AAAAAAAAA*AAA**A*AA**AAA**AAAA*AAA*A*A*A*A****AAAAAA**A*A,....x..x.x.x..........x.x...x......x...x.x....x.....x....x.x...x.......x..x...x..,144,Beginner,True
puzzle_955,9,AA*AAAAA*A**AA*A*AAAA**AAA**AAAA****AA*AAAAA***A*A*AA*AAAA*AAAAAA*A**AAAAAA**AAAA,.x...x......x....xx.....x....x.x....x......x...x.x..........x.x.x.x..........x.x.,145,Beginner,True
puzzle_956,9,AA**AAA*A*AAAAA*A**A**AAAA*AAAA*AA*AA**AAAAAAA***A*AA*A*A**AAAAA*AAAA*****AAAAA*A,.....x..x.x.x..........x.x..x.x...........x.xx...x......x....x.x...x......x...x..,145,Beginner,True
puzzle_957,9,*AAA*AA*AAA**AA*AAAAAAAA***A*AAAA*AAAAA*A*AAAAAA**AAAAA*AAAAA***AA*AAA*A***AA***A,.x.x..........x.x..x.x..........x.x.x.x............x.xx...x......x...x......x...x,145,Beginner,True
puzzle_958,9,AA*A*A*AAAAA***AAA*A*AAAAAAAAA**AAAA**AAAAAAA*AA*AA**AA**AAAAA*AAAA***AA***A*A***,.....x.x.x.x..........x..x.x.x..........x.x...x......x...x..x...x......x...x.x...,145,Beginner,True
puzzle_959,9,AA**AAAA*AAAA**AA*AAA**A*AAA*A*AA*A*A**AAA*AAA*AA**AA***AAAAA**AA*A**AAAAAAA*****,.....x.x..x.x..........x.x.x.x..........x...xx.....x....x.x..........x.x.x.x.....,145,Beginner,True
puzzle_960,9,AAAA*****AA*A**AAA**AAAAA*AA*AA**AA*A**AAA*AAA*A*AA*A*AAAA*A*AAAAAA**AA*AA*AAAAA*,.x.x...........x.x..x.x....x.....x......x...xx.x...........x.x..x.x..........x.x.,145,Beginner,True
puzzle_961,9,AAAA*A*A*AA*A**AA*A***A*AAAA*AA**A**AAA*A*A*AAA*A*AA*AAAAA*AAA*A***A**AAAAAAAA***,.....x.x..x.x...........x.xx.x..........x.x...x......x...x.x...x......x...x.x....,145,Beginner,True
puzzle_962,9,AAAAA*A*A*A****A*AAAAA*****AA***A*AAA*A***AAA*A**AAA*AAA*A**A*AAA*AAAAA*A*AA*AAA*,..x.x..........x.x.x.x..........x.x.x.x..........x.x...x......x...x.x...x......x.,145,Beginner,True
puzzle_963,9,*A*AAA*A*AA*AAA****A*AAAAAA*AAAAAAA*A**AA*A*A**AAA***AAA****AA*A*AAAAAA*A*AAA**A*,.....x.x..x.x..........x..x.x.x...........x.x..x.x....x.....x....x.x....x......x.,145,Beginner,True
puzzle_964,9,*A*AAA*A**A*AAAAAAA*AAA*AAAA*A*AAA*AAAA**A*AA*AAA*A*A**AAA**AAA*A**A*AA*AAA****A*,.....x.x..x.x...........x.x..x.x....x......x....x.x....x......x....x.x..x.x......,146,Beginner,True
puzzle_965,9,*AA**AAAAA*AA***AAA*A*AA*A*A****AA***A*AAAAAA*AAA**AA**A*AAA*AA*AA*AAA**AAAAA*AAA,..x..x...x......x...x.x....x.....x......x...x.x....x.....x....x.x...x......x...x.,146,Beginner,True
puzzle_966,9,*A*AAA***A**AA***AA*A**AA*A**A*AA*A*A**A*AAAAAAAAA*A***A*A*A*AAA*AAAA**A**AAAAAAA,.x...x......x....xx.....x....x.x..........x.x.x.x..........x.x.x.x..........x..x.,146,Beginner,True
puzzle_967,9,*A*A*AAAAA*AAAAAAAA*AA***A*AAA*A****A*A**AAAA*A*AAAA*A*A***AAA*A*A*A*AAA*AA*A*A*A,.x......x...x.x...x......x...x.x..........x.x.x.x..........x.x.x.x..........x.x..,146,Beginner,True
puzzle_968,9,*A*A*AAAAA*AAAAAAAAAAA***A*AAA*A****A*A**AAAA*A*AAAA*A*A***AAA*A*A*A*AAA*AA*A*A*A,.x......x...x.x...x......x...x.x..........x.x.x.x..........x.x.x.x..........x.x..,146,Beginner,True
puzzle_969,9,AA*AAAAA*AAAA**AA*AAAA*A*AAA*A*AA*A*A**AAA*AAA*AA*AAA***AAAAA*AAA*A**AAAAAAA*****,.....x.x..x.x..........x.x.x.x..........x...xx.....x....x.x..........x.x.x.x.....,146,Beginner,True
puzzle_970,9,AAAA*****AA*A**AAA**AAAAAAAA*AA*AAA*A**AAA*AAA*A*AA*A*AAAA*A*AAAAAA**AA*AA*AAAAA*,.x.x...........x.x..x.x....x.....x......x...xx.x...........x.x..x.x..........x.x.,146,Beginner,True
puzzle_971,9,**AAAAAA*AA*AA***AA*A**AAAA*AAA**AA**A*A*AAAAAAAA*A*AAAA*A*A**AAAAA*A**AAAA*AAA**,..x....x.x...x..........x.x.x.x..........x.x..x.x..........x..xx.x..........x.x..,146,Beginner,True
puzzle_972,9,**AAAAAAAA*AAAA**A*A*A*A*AAAAAAA*A**A**A*AAAA**A*AA*A*A*A**AA*AA**AA***AAA*AAA***,....x..x.x.x...........x.x..x.x...........x.x..x.x....x.....x.....x....x.x...x...,147,Beginner,True
puzzle_973,9,*A*A*A*AAAA*AA*AAAAA***AAA*AAA******A*A*A*AAA*AA*AAAA*AAA*A**AAAAAAAAA*AAA*AAA*AA,.....x.x..x.x..........x.x.x.x..........x...x..x...x..x...x..........x.x.x.x.....,147,Beginner,True
puzzle_974,9,*A*A*A*AAAA*AA*AAAAAA**AAA*AAA******A*A*A*AAA*AA*AAAA*AAA*A**AAAAAAAAAAAAA*AAA*AA,.....x.x..x.x..........x.x.x.x..........x...x..x...x..x...x..........x.x.x.x.....,147,Beginner,True
puzzle_975,9,A*AAAA*A*AA*A*AAA*A*AAA****AAAAA*AAA*A*AAAAAAAAA*****A**AAAAA**AAAAAAAAA*A**AAAA*,..x..x...x......x...x.x....x......x....x.x....x......x...x..x...x......x....x.x..,147,Beginner,True
puzzle_976,9,A*AAAA*A*AAAAAA*AAAA**AA*AA*AAAAA*AA*AAAAAA*AAA**AAAA*AAAAA**AAAA*AAAA*A*AA****AA,x......x....x.x....x.....x....x.x....x......x....x.x..x.x..........x.x....x.....x,147,Beginner,True
puzzle_977,9,AAA****AA*A*AAA*A*AA*AAA*A**A***A*A*AAAAA*A*A*AAAAAAAAA*AAAAAA**AA*A*A**A*A*AAA*A,x.x...........x.x..x.x..........x.x..x.x...........x.xx...x......x...x......x...x,147,Beginner,True
puzzle_978,9,AA****AAA*A*AAA*A**A*AAA*AA*A*A***A*A*A*AAAAAAAAAAAAA**AAAAAA*A**AAA*AA*A*AAA*A*A,......x.x.x.x..........x.x..x.x..........x.x.x.x..........x...x..x...x..x...x....,147,Beginner,True
puzzle_979,9,A**AA***A**AA*AAAAAAAAA****AAAA*AAA*AAAAA*AA***AAA*AA*AAAAAA**A*A*AAAAAAA*A*A*A*A,x..x..........x.x..x.x..........x.x.x.x..........x.x...x......x....x.x....x.....x,147,Beginner,True
puzzle_980,9,*AA*A**A****AAA**AA*AAA**AA*AA*A*AA*A**AA*AA***AAAAA**A*A*A*A*AAAAA**A*AAAAAAAA*A,.x.....x....x.x...x......x...x.x....x.....x....x.x..........x.x.x.x..........x..x,148,Beginner,True
puzzle_981,9,A***AA*A*A*AAAA**A**AA*A*A*AAAAA*AAAAA*AA*AA*AAAAA***A**AAA*AA**AA*AA*AA**AAAAAA*,....x..x.x.x...........x.x.x.x..........x.x...x......x...x..x...x......x...x.x...,148,Beginner,True
puzzle_982,9,*AAA*AAA*A*AA*AA***AA**AA*A*AAAAAAA*A***A**AAAAA*AAA*AAA**AAAAAAAA***AA**AA*AAAAA,.x.....x....x.x....x......x...x.x...x......x...x.x..........x.xx.x..........x.x..,148,Beginner,True
puzzle_983,9,*AAA*A**AAA*A*AA**A*AAA**AAA*AAAAA**A*A*A*AAAA*A*A********A*AAA*A*A*A**A**AAAAAAA,.x......x...x.x...x......x...x.x....x.....x....x.x..........x.x.x.x..........x.x.,148,Beginner,True
puzzle_984,9,AAAAA*****AA***AAAAAAAA**AAA*AAA*AAAAA**A***A*AAAAAAA*A*AA**AA***AA*AA*A*AA**AAA*,..x.x..........x.xx.x..........x.x...x......x...x.x...x......x....x.x....x.....x.,148,Beginner,True
puzzle_985,9,A**AA****AA**AAAAAA*A*AAAA*AA*A*A*A*AAAAAA***A*A*AA*AA*A*A**AAAAA**A*AAAAAA*AAAAA,x...x..........x.xx.x...........x.x..x.x..........x.x..x.x...........x.x..x.x....,148,Beginner,True
puzzle_986,9,AA****AA****AAA*AAAA*A***AA*AA*AAAAAAAA***AA*A*AAAAA**A*AAAA*AAA*AAAAAAA*A*A***A*,.x.....x....x.x....x......x....x.x..x.x..........x.x....x.....xx....x......x...x.,148,Beginner,True
puzzle_987,9,**A*A**A*AAAAAAAA****AAAAAAAAAAAA*AA*AA**AAA**A*A***AAAAA*A*A*A**AAA*A*AA**AA*A**,....x..x.x.x...........x..x.x.x..........x.x..x.x...........x.x..x.x....x.....x..,148,Beginner,True
puzzle_988,9,*A*A**A*A*A*AAAA**AA*AA*AA**AAA*A*AAAAAA**AAA*AAAA*****AA*A*AAAAAAAAA**A**AA*AAA*,.x......x...x.x....x.....x....x.x...x......x...x.x..........x.xx...x......x...x..,148,Beginner,True
puzzle_989,9,*AA**AAAA**AAA**AAAAAAAAA**A*AAA*A**AA*AA*A*AAAA*AA**AAAA*AAAAAA**A*AA*AAA*AAAAA*,.x...x......x....xx.....x....x.x..........x.x..x.x....x......x....x.x....x.....x.,149,Beginner,True
puzzle_990,9,AAAA*AAAAA*AA**AAA*AAAA**A*A*AA**AAA*AA*AAAAA*A*AAAA**AAAA*A**A**AA*AAA*AA*A*A*AA,...x.x...x......x...x.x....x.....x....x.....x....x.x...x......x...x.x....x.....x.,149,Beginner,True
puzzle_991,9,AA*AAA*AAAAAAAAAAAAAA*AA*AA*AA*AAAA*A*A*A*AAAAAA******AAA**AAA*AA*AA*AAA*AAA*AAAA,.x.x...........x.xx...x......x...x......x...xx.x...........x.x..x.x..........x.x.,149,Beginner,True
puzzle_992,9,*A*AA*AAA**AAA**AAAA*A*AA**AAAAAA*AAAA*AAAAAAAAA*AAA*AA**AA*A**A*A*AA***AAA*A*AA*,.x....x.....x....x.x...x......x...x.x....x.....x.....x....x.x..x.x..........x..x.,149,Beginner,True
puzzle_993,9,AAAA***AAAA*AAAA****AAAA*A*AAA**A*AAAA*AAA**AAA*AAAAAA**AAA*AAAA*AA***AA**AAA*A**,..x....x.x....x......x...x..x...x......x....x.x....x......x...xx.x..........x.x..,149,Beginner,True
puzzle_994,9,AAAA***AAAA*AAAA****AAAA*A*AAA**A*AAAA*AAAA*AAA*AAAAAA**AAA*AAAA*AA***AA**AAA*A**,..x....x.x....x......x...x..x...x......x....x.x....x......x...xx.x..........x.x..,149,Beginner,True
puzzle_995,9,*A***A*AAAA*A**AA*AA*AAA*AAA*AA*****A*A*AAA*A*AA*****AAAA*AAA*A*AAAA*AAAAA*A****A,.....x.x..x.x..........x.x.x.x..........x.x....x.....xx...x..........x.x.x.x.....,149,Beginner,True
puzzle_996,9,AAAAA*A*A*A****AAA*AA*A**A***A*A*A*A*AA*A*A**AA***AAA**AAAAA***AAAA**AAAAAA*AAAA*,.x.x...........x.x.x..x..........x.x..x.x....x......x....x.x...x......x...x..x...,149,Beginner,True
puzzle_997,9,*AA*A*****A*AAAA*AAAA*A*A****AAAAAA*A*AA*A*AA*AAAA**A*AA***AAA*A*AAA*AAA*AAA**A**,..x.x..........x.xx...x......x....x.x....x......x...x..x...x......x....x.x....x..,150,Beginner,True
puzzle_998,9,AA*A***A**AAA*A*AAAA*AAA*AA***A*AA*AA*AAA*A*AA*****AA*A*AAA*AAAAAA*AAAAAA****A*AA,.x.x..........x.x..x.x...........x.x..x.x....x.....x......x...xx.x...........x.x.,150,Beginner,True
puzzle_999,9,*A***A*AAAAAA*AAA*AA*AAA*AAA*AA*A***A*A*AAA*A*AA*****AAAA*AAA*AAAAAA*AAAAA*A****A,.....x.x..x.x..........x.x.x.x..........x.x....x.....xx...x..........x.x.x.x.....,150,Beginner,True
puzzle_1000,9,*A***A*AAAAAA*AAA*AA*AAA*AAA*AA*A***A*A*AAA*A*AA*****AAAA*AAA*AAAAAA*AAAAAAA****A,.....x.x..x.x..........x.x.x.x..........x.x....x.....xx...x..........x.x.x.x.....,150,Beginner,True
